Gripsack M-V3 final local Compose gates
Date: 2026-09-27
Source scope: final scanner implementation; exact-source focused proof/runtime receipt is separate.
Initial Rust gate rejected a manual Option map; the idiomatic map correction was re-proved and all affected gates rerun, without a lint suppression.
Fresh Rust/Loom, CLI and Verus; unchanged TS/TLC/TLAPS build RUNs cached.
Combined text transcript; no protected CI, native Mac or release claim.
FUZZ=not_run_owner_instruction

RUNNER_COMMAND=docker compose run --build --rm test
 Image gripsack-test Building 
#1 [internal] load local bake definitions
#1 reading from stdin 530B done
#1 DONE 0.0s

#2 [internal] load build definition from Dockerfile
#2 transferring dockerfile: 11.00kB done
#2 DONE 0.0s

#3 resolve image config for docker-image://docker.io/docker/dockerfile:1
#3 DONE 0.6s

#4 docker-image://docker.io/docker/dockerfile:1@sha256:ecfaec9ed6d810b56388c508f4121597bfbba70d41a6dfeee4d8cad5f295fc32
#4 resolve docker.io/docker/dockerfile:1@sha256:ecfaec9ed6d810b56388c508f4121597bfbba70d41a6dfeee4d8cad5f295fc32 0.1s done
#4 CACHED

#5 [internal] load metadata for docker.io/library/rust:alpine@sha256:a10e64dd139b7387337c7fbe8aca31b959b57b2fd4c8ae20a02cf1d6ea424dce
#5 DONE 0.1s

#6 [internal] load .dockerignore
#6 transferring context: 139B done
#6 DONE 0.0s

#7 [builder  1/10] FROM docker.io/library/rust:alpine@sha256:a10e64dd139b7387337c7fbe8aca31b959b57b2fd4c8ae20a02cf1d6ea424dce
#7 resolve docker.io/library/rust:alpine@sha256:a10e64dd139b7387337c7fbe8aca31b959b57b2fd4c8ae20a02cf1d6ea424dce
#7 resolve docker.io/library/rust:alpine@sha256:a10e64dd139b7387337c7fbe8aca31b959b57b2fd4c8ae20a02cf1d6ea424dce 0.1s done
#7 DONE 0.1s

#8 [internal] load build context
#8 transferring context: 88.03kB 0.1s done
#8 DONE 0.1s

#9 [builder  2/10] RUN apk add --no-cache musl-dev git curl xz     && rustup component add clippy rustfmt
#9 CACHED

#10 [builder  3/10] RUN set -e;     arch="$(uname -m)";     case "$arch" in       x86_64)  sha=3374daaf153e6f82028add5e4bf7cc2deab46537dee24f20be80df831193aeb4 ;;       aarch64) sha=35d90cee9648037eaa4c1a2649fdca9d1b9a9997b972d37be7f8629139ba1294 ;;       *) echo "unsupported arch: $arch" >&2; exit 1 ;;     esac;     curl -fsSL -o /tmp/ca.tar.xz "https://github.com/rust-secure-code/cargo-auditable/releases/download/v0.7.5/cargo-auditable-${arch}-unknown-linux-musl.tar.xz";     echo "$sha  /tmp/ca.tar.xz" | sha256sum -c -;     mkdir -p /tmp/ca && tar -xJf /tmp/ca.tar.xz -C /tmp/ca;     mv /tmp/ca/*/cargo-auditable /usr/local/bin/cargo-auditable;     rm -rf /tmp/ca /tmp/ca.tar.xz
#10 CACHED

#11 [builder  4/10] WORKDIR /app
#11 CACHED

#12 [builder  5/10] COPY Cargo.toml Cargo.lock ./
#12 CACHED

#13 [builder  6/10] COPY crates ./crates
#13 DONE 0.4s

#14 [builder  7/10] COPY fuzz ./fuzz
#14 DONE 0.1s

#15 [builder  8/10] COPY schema ./schema
#15 DONE 0.1s

#16 [builder  9/10] COPY typescript ./typescript
#16 DONE 0.1s

#17 [builder 10/10] COPY scripts ./scripts
#17 DONE 0.1s

#18 [builder  8/10] COPY schema ./schema
#18 CACHED

#19 [builder  9/10] COPY typescript ./typescript
#19 CACHED

#20 [builder 10/10] COPY scripts ./scripts
#20 CACHED

#21 [builder  7/10] COPY fuzz ./fuzz
#21 CACHED

#22 [test 1/2] RUN cargo fmt --check     && cargo clippy --locked --workspace --all-targets -- -D warnings     && cargo test --locked
#22 1.229     Updating crates.io index
#22 2.707  Downloading crates ...
#22 2.773   Downloaded adler2 v2.0.1
#22 2.778   Downloaded autocfg v1.5.1
#22 2.783   Downloaded ahash v0.8.12
#22 2.789   Downloaded bytecount v0.6.9
#22 2.794   Downloaded clap_lex v1.1.0
#22 2.797   Downloaded fluent-uri v0.4.1
#22 2.803   Downloaded block-buffer v0.12.1
#22 2.808   Downloaded equivalent v1.0.2
#22 2.811   Downloaded borrow-or-share v0.2.4
#22 2.814   Downloaded cfg-if v1.0.4
#22 2.817   Downloaded errno v0.3.14
#22 2.820   Downloaded zerofrom-derive v0.1.7
#22 2.823   Downloaded colorchoice v1.0.5
#22 2.825   Downloaded convert_case v0.4.0
#22 2.828   Downloaded form_urlencoded v1.2.2
#22 2.830   Downloaded crypto-common v0.2.2
#22 2.832   Downloaded num-iter v0.1.46
#22 2.835   Downloaded ambient-authority v0.0.2
#22 2.837   Downloaded num v0.4.3
#22 2.839   Downloaded anstyle-query v1.1.5
#22 2.842   Downloaded cpufeatures v0.3.0
#22 2.846   Downloaded httpdate v1.0.3
#22 2.850   Downloaded fs-set-times v0.20.3
#22 2.853   Downloaded heck v0.5.0
#22 2.858   Downloaded matchers v0.2.0
#22 2.869   Downloaded openssl-probe v0.2.1
#22 2.872   Downloaded bit-set v0.8.0
#22 2.879   Downloaded outref v0.5.2
#22 2.885   Downloaded lazy_static v1.5.0
#22 2.889   Downloaded idna_adapter v1.2.2
#22 2.895   Downloaded zerofrom v0.1.8
#22 2.909   Downloaded num-cmp v0.1.0
#22 2.953   Downloaded is_terminal_polyfill v1.70.2
#22 2.962   Downloaded itoa v1.0.18
#22 2.971   Downloaded maybe-owned v0.3.4
#22 2.974   Downloaded percent-encoding v2.3.2
#22 2.997   Downloaded webpki-roots v0.26.11
#22 3.015   Downloaded xattr v1.6.1
#22 3.023   Downloaded anstyle-parse v1.0.0
#22 3.028   Downloaded digest v0.11.3
#22 3.034   Downloaded data-encoding v2.11.1
#22 3.036   Downloaded displaydoc v0.2.7
#22 3.045   Downloaded filetime v0.2.29
#22 3.049   Downloaded bit-vec v0.8.0
#22 3.053   Downloaded find-msvc-tools v0.1.11
#22 3.066   Downloaded dialoguer v0.12.0
#22 3.082   Downloaded strsim v0.11.1
#22 3.085   Downloaded foldhash v0.2.0
#22 3.099   Downloaded anstream v1.0.0
#22 3.113   Downloaded ref-cast v1.0.27
#22 3.119   Downloaded lock_api v0.4.14
#22 3.131   Downloaded io-lifetimes v3.0.1
#22 3.138   Downloaded shell-words v1.1.1
#22 3.140   Downloaded bzip2 v0.6.1
#22 3.145   Downloaded generator v0.8.10
#22 3.153   Downloaded yoke-derive v0.8.2
#22 3.156   Downloaded email_address v0.2.9
#22 3.160   Downloaded ipnet v2.12.1
#22 3.163   Downloaded io-lifetimes v2.0.4
#22 3.166   Downloaded num-integer v0.1.47
#22 3.180   Downloaded xz2 v0.1.7
#22 3.185   Downloaded anstyle v1.0.14
#22 3.188   Downloaded vsimd v0.8.0
#22 3.192   Downloaded zstd-safe v7.2.4
#22 3.194   Downloaded getrandom v0.2.17
#22 3.200   Downloaded litemap v0.8.3
#22 3.206   Downloaded hybrid-array v0.4.14
#22 3.210   Downloaded console v0.16.4
#22 3.214   Downloaded nu-ansi-term v0.50.3
#22 3.219   Downloaded unit-prefix v0.5.2
#22 3.222   Downloaded clap_derive v4.6.4
#22 3.227   Downloaded cap-std v4.0.3
#22 3.235   Downloaded fastrand v2.5.0
#22 3.239   Downloaded tracing-serde v0.2.0
#22 3.248   Downloaded const-oid v0.10.2
#22 3.262   Downloaded num-complex v0.4.6
#22 3.265   Downloaded io-extras v0.19.0
#22 3.270   Downloaded jsonschema-regex v0.55.0
#22 3.283   Downloaded jobserver v0.1.35
#22 3.288   Downloaded thread_local v1.1.10
#22 3.301   Downloaded getrandom v0.4.3
#22 3.309   Downloaded bitflags v2.13.1
#22 3.318   Downloaded clap v4.6.6
#22 3.333   Downloaded icu_provider v2.3.1
#22 3.339   Downloaded jsonschema-value v0.55.0
#22 3.342   Downloaded log v0.4.34
#22 3.347   Downloaded getrandom v0.3.4
#22 3.353   Downloaded base64 v0.22.1
#22 3.363   Downloaded yoke v0.8.3
#22 3.367   Downloaded scopeguard v1.2.0
#22 3.371   Downloaded micromap v0.3.0
#22 3.381   Downloaded utf8parse v0.2.2
#22 3.393   Downloaded crc32fast v1.5.1
#22 3.416   Downloaded libbz2-rs-sys v0.2.5
#22 3.420   Downloaded untrusted v0.9.0
#22 3.424   Downloaded icu_locale_core v2.3.0
#22 3.443   Downloaded miniz_oxide v0.8.9
#22 3.448   Downloaded bumpalo v3.20.3
#22 3.452   Downloaded subtle v2.6.1
#22 3.455   Downloaded icu_normalizer_data v2.3.0
#22 3.464   Downloaded allocator-api2 v0.2.21
#22 3.470   Downloaded flate2 v1.1.9
#22 3.479   Downloaded loom v0.7.2
#22 3.491   Downloaded cc v1.4.4
#22 3.495   Downloaded uuid-simd v0.8.0
#22 3.498   Downloaded indicatif v0.18.6
#22 3.508   Downloaded verus_prettyplease v0.0.0-2026-09-06-0133
#22 3.515   Downloaded verus_state_machines_macros v0.0.0-2026-09-06-0133
#22 3.525   Downloaded cap-primitives v4.0.3
#22 3.547   Downloaded indexmap v2.14.0
#22 3.557   Downloaded memchr v2.8.3
#22 3.571   Downloaded version_check v0.9.5
#22 3.574   Downloaded scoped-tls v1.0.1
#22 3.578   Downloaded strum v0.28.0
#22 3.580   Downloaded utf8_iter v1.0.4
#22 3.582   Downloaded num-bigint v0.4.8
#22 3.593   Downloaded fraction v0.17.0
#22 3.606   Downloaded icu_collections v2.3.0
#22 3.617   Downloaded verus_builtin v0.0.0-2026-09-06-0133
#22 3.619   Downloaded icu_properties v2.3.0
#22 3.625   Downloaded stable_deref_trait v1.2.1
#22 3.627   Downloaded verus_builtin_macros v0.0.0-2026-09-06-0133
#22 3.645   Downloaded idna v1.1.0
#22 3.654   Downloaded hashbrown v0.17.1
#22 3.664   Downloaded clap_builder v4.6.6
#22 3.678   Downloaded ref-cast-impl v1.0.27
#22 3.690   Downloaded icu_properties_data v2.3.0
#22 3.710   Downloaded owo-colors v4.3.0
#22 3.743   Downloaded zstd v0.13.3
#22 3.755   Downloaded zeroize v1.9.0
#22 3.758   Downloaded aho-corasick v1.1.5
#22 3.768   Downloaded winnow v0.7.15
#22 3.788   Downloaded winnow v1.0.4
#22 3.808   Downloaded zmij v1.0.23
#22 3.813   Downloaded num-rational v0.4.2
#22 3.815   Downloaded potential_utf v0.1.6
#22 3.817   Downloaded pin-project-lite v0.2.17
#22 3.830   Downloaded fancy-regex v0.19.1
#22 3.843   Downloaded zerovec-derive v0.11.6
#22 3.847   Downloaded webpki-roots v1.0.9
#22 3.853   Downloaded zerocopy v0.8.56
#22 3.889   Downloaded once_cell v1.21.4
#22 3.896   Downloaded simd-adler32 v0.3.10
#22 3.901   Downloaded shlex v2.0.1
#22 3.905   Downloaded vstd v0.0.0-2026-09-06-0133
#22 3.924   Downloaded rustls-native-certs v0.8.4
#22 3.927   Downloaded pkg-config v0.3.34
#22 3.932   Downloaded rustix-linux-procfs v0.1.1
#22 3.934   Downloaded verus_syn v0.0.0-2026-09-06-0133
#22 3.951   Downloaded toml_datetime v0.7.5+spec-1.1.0
#22 3.954   Downloaded toml_datetime v1.1.1+spec-1.1.0
#22 3.956   Downloaded tracing-log v0.2.0
#22 3.960   Downloaded quote v1.0.47
#22 3.967   Downloaded thiserror v2.0.20
#22 3.978   Downloaded icu_normalizer v2.3.0
#22 3.991   Downloaded tinystr v0.8.4
#22 3.995   Downloaded jsonschema v0.55.0
#22 4.029   Downloaded serde_spanned v1.1.1
#22 4.031   Downloaded toml_writer v1.1.2+spec-1.1.0
#22 4.034   Downloaded lzma-sys v0.1.20
#22 4.088   Downloaded libc v0.2.189
#22 4.227   Downloaded rustversion v1.0.23
#22 4.235   Downloaded parking_lot_core v0.9.12
#22 4.240   Downloaded sha2 v0.11.0
#22 4.250   Downloaded unicode-general-category v1.1.0
#22 4.253   Downloaded synstructure v0.13.2
#22 4.256   Downloaded num-traits v0.2.19
#22 4.261   Downloaded toml_parser v1.1.3+spec-1.1.0
#22 4.266   Downloaded rustls-pki-types v1.15.1
#22 4.271   Downloaded smallvec v1.15.2
#22 4.275   Downloaded strum_macros v0.28.0
#22 4.280   Downloaded tracing-attributes v0.1.31
#22 4.287   Downloaded linux-raw-sys v0.12.1
#22 4.375   Downloaded thiserror-impl v2.0.20
#22 4.379   Downloaded writeable v0.6.4
#22 4.385   Downloaded zopfli v0.8.3
#22 4.390   Downloaded tracing-core v0.1.36
#22 4.396   Downloaded unicode-ident v1.0.24
#22 4.405   Downloaded toml v1.1.4+spec-1.1.0
#22 4.415   Downloaded serde_core v1.0.229
#22 4.420   Downloaded unsafe-libyaml v0.2.11
#22 4.427   Downloaded referencing v0.55.0
#22 4.437   Downloaded ryu v1.0.23
#22 4.445   Downloaded toml v0.9.12+spec-1.1.0
#22 4.454   Downloaded tar v0.4.46
#22 4.462   Downloaded toml_edit v0.25.13+spec-1.1.0
#22 4.470   Downloaded parking_lot v0.12.5
#22 4.475   Downloaded zerotrie v0.2.5
#22 4.485   Downloaded sharded-slab v0.1.7
#22 4.492   Downloaded tempfile v3.27.0
#22 4.497   Downloaded serde_derive v1.0.229
#22 4.503   Downloaded serde_yaml v0.9.34+deprecated
#22 4.511   Downloaded proc-macro2 v1.0.107
#22 4.518   Downloaded serde v1.0.229
#22 4.527   Downloaded rustls-webpki v0.103.15
#22 4.533   Downloaded url v2.5.8
#22 4.537   Downloaded typed-path v0.12.3
#22 4.557   Downloaded zerovec v0.11.8
#22 4.570   Downloaded typenum v1.20.1
#22 4.576   Downloaded ureq v2.12.1
#22 4.587   Downloaded zip v8.6.0
#22 4.595   Downloaded serde_json v1.0.151
#22 4.611   Downloaded regex v1.13.1
#22 4.672   Downloaded zlib-rs v0.6.7
#22 4.686   Downloaded portable-atomic v1.15.0
#22 4.700   Downloaded tracing-subscriber v0.3.23
#22 4.755   Downloaded unicode-width v0.2.2
#22 4.785   Downloaded syn v3.0.4
#22 4.804   Downloaded syn v2.0.119
#22 4.830   Downloaded regex-syntax v0.8.11
#22 4.842   Downloaded rustls v0.23.45
#22 4.864   Downloaded rustix v1.1.4
#22 4.933   Downloaded tracing v0.1.44
#22 4.955   Downloaded regex-automata v0.4.18
#22 4.989   Downloaded zstd-sys v2.0.16+zstd.1.5.7
#22 5.024   Downloaded ring v0.17.14
#22 5.650    Compiling proc-macro2 v1.0.107
#22 5.660    Compiling quote v1.0.47
#22 5.660    Compiling unicode-ident v1.0.24
#22 5.661    Compiling libc v0.2.189
#22 5.661     Checking cfg-if v1.0.4
#22 5.661    Compiling serde_core v1.0.229
#22 5.661    Compiling serde v1.0.229
#22 5.697     Checking memchr v2.8.3
#22 5.697     Checking equivalent v1.0.2
#22 5.697     Checking foldhash v0.2.0
#22 5.697     Checking once_cell v1.21.4
#22 5.698     Checking allocator-api2 v0.2.21
#22 5.705    Compiling zmij v1.0.23
#22 5.725    Compiling serde_json v1.0.151
#22 5.726     Checking itoa v1.0.18
#22 5.726    Compiling find-msvc-tools v0.1.11
#22 5.726    Compiling shlex v2.0.1
#22 5.726    Compiling verus_prettyplease v0.0.0-2026-09-06-0133
#22 5.727    Compiling hashbrown v0.17.1
#22 5.763    Compiling convert_case v0.4.0
#22 5.764    Compiling vstd v0.0.0-2026-09-06-0133
#22 5.764     Checking verus_builtin v0.0.0-2026-09-06-0133
#22 5.776    Compiling thiserror v2.0.20
#22 5.777     Checking smallvec v1.15.2
#22 5.777    Compiling rustix v1.1.4
#22 5.784     Checking bitflags v2.13.1
#22 5.784     Checking linux-raw-sys v0.12.1
#22 5.785     Checking stable_deref_trait v1.2.1
#22 5.785     Checking winnow v1.0.4
#22 5.785     Checking toml_writer v1.1.2+spec-1.1.0
#22 5.785    Compiling io-lifetimes v3.0.1
#22 5.786     Checking typenum v1.20.1
#22 5.881    Compiling pkg-config v0.3.34
#22 5.950    Compiling io-lifetimes v2.0.4
#22 5.950     Checking percent-encoding v2.3.2
#22 6.081    Compiling io-extras v0.19.0
#22 6.097     Checking log v0.4.34
#22 6.211    Compiling getrandom v0.4.3
#22 6.247    Compiling cap-primitives v4.0.3
#22 6.268     Checking const-oid v0.10.2
#22 6.381     Checking ipnet v2.12.1
#22 6.406     Checking ambient-authority v0.0.2
#22 6.430     Checking writeable v0.6.4
#22 6.497     Checking zeroize v1.9.0
#22 6.498     Checking maybe-owned v0.3.4
#22 6.561    Compiling cap-std v4.0.3
#22 6.564     Checking litemap v0.8.3
#22 6.566     Checking tracing-core v0.1.36
#22 6.713    Compiling icu_normalizer_data v2.3.0
#22 6.713     Checking winnow v0.7.15
#22 6.845     Checking cpufeatures v0.3.0
#22 6.849     Checking utf8_iter v1.0.4
#22 6.880     Checking fastrand v2.5.0
#22 6.884    Compiling icu_properties_data v2.3.0
#22 6.931     Checking regex-syntax v0.8.11
#22 7.010    Compiling crc32fast v1.5.1
#22 7.010     Checking aho-corasick v1.1.5
#22 7.011     Checking pin-project-lite v0.2.17
#22 7.072    Compiling autocfg v1.5.1
#22 7.124     Checking untrusted v0.9.0
#22 7.183    Compiling zstd-safe v7.2.4
#22 7.220     Checking simd-adler32 v0.3.10
#22 7.221     Checking rustls-pki-types v1.15.1
#22 7.243    Compiling rustls v0.23.45
#22 7.289     Checking adler2 v2.0.1
#22 7.289     Checking base64 v0.22.1
#22 7.348     Checking form_urlencoded v1.2.2
#22 7.362     Checking bumpalo v3.20.3
#22 7.459     Checking libbz2-rs-sys v0.2.5
#22 7.506     Checking subtle v2.6.1
#22 7.573     Checking zlib-rs v0.6.7
#22 7.592     Checking openssl-probe v0.2.1
#22 7.626     Checking typed-path v0.12.3
#22 7.704     Checking httpdate v1.0.3
#22 7.721    Compiling heck v0.5.0
#22 7.802    Compiling zerocopy v0.8.56
#22 7.841    Compiling version_check v0.9.5
#22 7.856    Compiling getrandom v0.3.4
#22 7.861    Compiling parking_lot_core v0.9.12
#22 7.966     Checking miniz_oxide v0.8.9
#22 8.022    Compiling ref-cast v1.0.27
#22 8.081     Checking scopeguard v1.2.0
#22 8.121     Checking lazy_static v1.5.0
#22 8.184     Checking tracing-log v0.2.0
#22 8.292     Checking sharded-slab v0.1.7
#22 8.294     Checking thread_local v1.1.10
#22 8.318     Checking borrow-or-share v0.2.4
#22 8.318     Checking lock_api v0.4.14
#22 8.345     Checking bit-vec v0.8.0
#22 8.398    Compiling num-traits v0.2.19
#22 8.433     Checking nu-ansi-term v0.50.3
#22 8.433    Compiling rustversion v1.0.23
#22 8.614    Compiling unicode-general-category v1.1.0
#22 8.618     Checking vsimd v0.8.0
#22 8.793     Checking webpki-roots v1.0.9
#22 8.793     Checking rustls-native-certs v0.8.4
#22 8.809     Checking bit-set v0.8.0
#22 8.819     Checking bytecount v0.6.9
#22 8.830    Compiling ahash v0.8.12
#22 8.884     Checking bzip2 v0.6.1
#22 8.884     Checking zopfli v0.8.3
#22 8.961    Compiling indexmap v2.14.0
#22 8.976     Checking webpki-roots v0.26.11
#22 9.035     Checking micromap v0.3.0
#22 9.044     Checking ryu v1.0.23
#22 9.064     Checking unsafe-libyaml v0.2.11
#22 9.097     Checking num-cmp v0.1.0
#22 9.097     Checking outref v0.5.2
#22 9.335     Checking data-encoding v2.11.1
#22 9.407     Checking toml_parser v1.1.3+spec-1.1.0
#22 9.407     Checking hybrid-array v0.4.14
#22 9.459     Checking utf8parse v0.2.2
#22 9.507     Checking anstyle v1.0.14
#22 9.547     Checking unicode-width v0.2.2
#22 9.624    Compiling syn v3.0.4
#22 9.649    Compiling syn v2.0.119
#22 9.655    Compiling verus_syn v0.0.0-2026-09-06-0133
#22 9.733     Checking anstyle-parse v1.0.0
#22 9.786     Checking colorchoice v1.0.5
#22 9.816    Compiling portable-atomic v1.15.0
#22 9.878     Checking is_terminal_polyfill v1.70.2
#22 9.908     Checking anstyle-query v1.1.5
#22 9.958    Compiling owo-colors v4.3.0
#22 9.980     Checking strsim v0.11.1
#22 10.04     Checking clap_lex v1.1.0
#22 10.05     Checking scoped-tls v1.0.1
#22 10.08     Checking unit-prefix v0.5.2
#22 10.10     Checking shell-words v1.1.1
#22 10.27     Checking anstream v1.0.0
#22 10.41     Checking getrandom v0.2.17
#22 10.41     Checking gripsack-process v0.42.0 (/app/crates/gripsack-process)
#22 10.41     Checking filetime v0.2.29
#22 10.50     Checking console v0.16.4
#22 10.65     Checking flate2 v1.1.9
#22 10.69     Checking crypto-common v0.2.2
#22 10.69     Checking block-buffer v0.12.1
#22 10.69     Checking clap_builder v4.6.6
#22 10.74     Checking uuid-simd v0.8.0
#22 10.86     Checking parking_lot v0.12.5
#22 10.89    Compiling jobserver v0.1.35
#22 11.28    Compiling cc v1.4.4
#22 11.54     Checking num-integer v0.1.47
#22 11.54     Checking num-complex v0.4.6
#22 11.72     Checking regex-automata v0.4.18
#22 11.72     Checking jsonschema-regex v0.55.0
#22 11.88     Checking digest v0.11.3
#22 11.94     Checking indicatif v0.18.6
#22 12.12     Checking sha2 v0.11.0
#22 12.13     Checking num-bigint v0.4.8
#22 12.13     Checking num-iter v0.1.46
#22 12.64     Checking serde_spanned v1.1.1
#22 12.64     Checking toml_datetime v0.7.5+spec-1.1.0
#22 12.64     Checking toml_datetime v1.1.1+spec-1.1.0
#22 12.95     Checking toml v1.1.4+spec-1.1.0
#22 12.95     Checking toml_edit v0.25.13+spec-1.1.0
#22 13.00     Checking toml v0.9.12+spec-1.1.0
#22 13.90    Compiling ring v0.17.14
#22 13.90    Compiling zstd-sys v2.0.16+zstd.1.5.7
#22 13.91    Compiling lzma-sys v0.1.20
#22 13.91    Compiling generator v0.8.10
#22 14.19     Checking num-rational v0.4.2
#22 14.79     Checking num v0.4.3
#22 14.85     Checking rustix-linux-procfs v0.1.1
#22 14.85     Checking fs-set-times v0.20.3
#22 14.85     Checking tempfile v3.27.0
#22 14.85     Checking xattr v1.6.1
#22 14.91     Checking fraction v0.17.0
#22 15.30     Checking tar v0.4.46
#22 15.68     Checking dialoguer v0.12.0
#22 16.70     Checking xz2 v0.1.7
#22 17.11     Checking gripsack-fs v0.42.0 (/app/crates/gripsack-fs)
#22 17.28     Checking matchers v0.2.0
#22 17.28     Checking fancy-regex v0.19.1
#22 17.28     Checking regex v1.13.1
#22 18.53    Compiling synstructure v0.13.2
#22 18.81    Compiling serde_derive v1.0.229
#22 18.81    Compiling thiserror-impl v2.0.20
#22 18.81    Compiling zerovec-derive v0.11.6
#22 18.81    Compiling displaydoc v0.2.7
#22 18.81    Compiling ref-cast-impl v1.0.27
#22 18.81    Compiling clap_derive v4.6.4
#22 18.97     Checking zstd v0.13.3
#22 19.27     Checking zip v8.6.0
#22 19.39     Checking rustls-webpki v0.103.15
#22 20.66    Compiling zerofrom-derive v0.1.7
#22 20.66    Compiling yoke-derive v0.8.2
#22 20.66    Compiling tracing-attributes v0.1.31
#22 20.66    Compiling strum_macros v0.28.0
#22 21.90     Checking clap v4.6.6
#22 22.60     Checking zerofrom v0.1.8
#22 22.72     Checking tracing v0.1.44
#22 22.76     Checking yoke v0.8.3
#22 22.95     Checking zerovec v0.11.8
#22 22.95     Checking zerotrie v0.2.5
#22 22.96    Compiling verus_builtin_macros v0.0.0-2026-09-06-0133
#22 22.96    Compiling verus_state_machines_macros v0.0.0-2026-09-06-0133
#22 23.49     Checking strum v0.28.0
#22 23.54     Checking tinystr v0.8.4
#22 23.54     Checking potential_utf v0.1.6
#22 23.62     Checking icu_collections v2.3.0
#22 23.68     Checking icu_locale_core v2.3.0
#22 23.75     Checking tracing-serde v0.2.0
#22 23.75     Checking fluent-uri v0.4.1
#22 23.75     Checking email_address v0.2.9
#22 23.75     Checking serde_yaml v0.9.34+deprecated
#22 23.76     Checking gripsack-buildkit v0.42.0 (/app/crates/gripsack-buildkit)
#22 23.88     Checking tracing-subscriber v0.3.23
#22 23.95     Checking jsonschema-value v0.55.0
#22 24.37     Checking referencing v0.55.0
#22 24.47     Checking icu_provider v2.3.1
#22 24.67     Checking icu_properties v2.3.0
#22 24.67     Checking icu_normalizer v2.3.0
#22 24.85     Checking jsonschema v0.55.0
#22 25.12     Checking loom v0.7.2
#22 25.91     Checking idna_adapter v1.2.2
#22 25.99     Checking idna v1.1.0
#22 26.27     Checking url v2.5.8
#22 26.93     Checking ureq v2.12.1
#22 33.08     Checking gripsack-policy v0.42.0 (/app/crates/gripsack-policy)
#22 33.33     Checking gripsack-ir v0.42.0 (/app/crates/gripsack-ir)
#22 36.50     Checking gripsack-store v0.42.0 (/app/crates/gripsack-store)
#22 36.50     Checking gripsack-config v0.42.0 (/app/crates/gripsack-config)
#22 36.50     Checking griplint v0.42.0 (/app/crates/griplint)
#22 37.79     Checking gripsack-fetch v0.42.0 (/app/crates/gripsack-fetch)
#22 37.79     Checking gripsack-trace v0.42.0 (/app/crates/gripsack-trace)
#22 39.13     Checking gripsack-exec v0.42.0 (/app/crates/gripsack-exec)
#22 39.13     Checking gripsack-lint v0.42.0 (/app/crates/gripsack-lint)
#22 40.80     Checking gripsack-fuzz v0.0.0 (/app/fuzz)
#22 40.80     Checking gripsack v0.42.0 (/app/crates/gripsack)
#22 41.98     Finished `dev` profile [unoptimized + debuginfo] target(s) in 40.83s
#22 42.77    Compiling cfg-if v1.0.4
#22 42.77    Compiling equivalent v1.0.2
#22 42.77    Compiling memchr v2.8.3
#22 42.77    Compiling allocator-api2 v0.2.21
#22 42.77    Compiling foldhash v0.2.0
#22 42.77    Compiling once_cell v1.21.4
#22 42.78    Compiling itoa v1.0.18
#22 42.78    Compiling verus_builtin v0.0.0-2026-09-06-0133
#22 42.79    Compiling smallvec v1.15.2
#22 42.79    Compiling linux-raw-sys v0.12.1
#22 42.79    Compiling bitflags v2.13.1
#22 42.79    Compiling winnow v1.0.4
#22 42.79    Compiling toml_writer v1.1.2+spec-1.1.0
#22 42.80    Compiling typenum v1.20.1
#22 42.81    Compiling stable_deref_trait v1.2.1
#22 42.81    Compiling log v0.4.34
#22 42.81    Compiling libc v0.2.189
#22 42.81    Compiling serde_core v1.0.229
#22 42.81    Compiling zmij v1.0.23
#22 42.81    Compiling indexmap v2.14.0
#22 42.81    Compiling io-lifetimes v2.0.4
#22 42.81    Compiling io-lifetimes v3.0.1
#22 42.82    Compiling maybe-owned v0.3.4
#22 42.83    Compiling const-oid v0.10.2
#22 42.83    Compiling ambient-authority v0.0.2
#22 42.83    Compiling percent-encoding v2.3.2
#22 42.83    Compiling ipnet v2.12.1
#22 42.83    Compiling fastrand v2.5.0
#22 42.83    Compiling winnow v0.7.15
#22 42.83    Compiling cpufeatures v0.3.0
#22 42.83    Compiling thiserror v2.0.20
#22 42.84    Compiling zerofrom v0.1.8
#22 42.84    Compiling writeable v0.6.4
#22 42.84    Compiling zeroize v1.9.0
#22 42.86    Compiling litemap v0.8.3
#22 42.97    Compiling io-extras v0.19.0
#22 42.98    Compiling utf8_iter v1.0.4
#22 43.00    Compiling regex-syntax v0.8.11
#22 43.00    Compiling pin-project-lite v0.2.17
#22 43.01    Compiling tracing-core v0.1.36
#22 43.03    Compiling icu_normalizer_data v2.3.0
#22 43.05    Compiling icu_properties_data v2.3.0
#22 43.06    Compiling untrusted v0.9.0
#22 43.08    Compiling yoke v0.8.3
#22 43.10    Compiling base64 v0.22.1
#22 43.11    Compiling simd-adler32 v0.3.10
#22 43.13    Compiling rustls-pki-types v1.15.1
#22 43.15    Compiling crc32fast v1.5.1
#22 43.16    Compiling adler2 v2.0.1
#22 43.18    Compiling form_urlencoded v1.2.2
#22 43.18    Compiling zlib-rs v0.6.7
#22 43.20    Compiling subtle v2.6.1
#22 43.21    Compiling bumpalo v3.20.3
#22 43.22    Compiling libbz2-rs-sys v0.2.5
#22 43.23    Compiling typed-path v0.12.3
#22 43.23    Compiling openssl-probe v0.2.1
#22 43.23    Compiling num-traits v0.2.19
#22 43.24    Compiling httpdate v1.0.3
#22 43.24    Compiling scopeguard v1.2.0
#22 43.33    Compiling rustix v1.1.4
#22 43.34    Compiling lock_api v0.4.14
#22 43.34    Compiling zerocopy v0.8.56
#22 43.36    Compiling hashbrown v0.17.1
#22 43.37    Compiling zerovec v0.11.8
#22 43.37    Compiling zerotrie v0.2.5
#22 43.38    Compiling lazy_static v1.5.0
#22 43.43    Compiling miniz_oxide v0.8.9
#22 43.43    Compiling ref-cast v1.0.27
#22 43.44    Compiling thread_local v1.1.10
#22 43.51    Compiling nu-ansi-term v0.50.3
#22 43.53    Compiling sharded-slab v0.1.7
#22 43.58    Compiling zopfli v0.8.3
#22 43.62    Compiling aho-corasick v1.1.5
#22 43.64    Compiling borrow-or-share v0.2.4
#22 43.65    Compiling bit-vec v0.8.0
#22 43.71    Compiling ryu v1.0.23
#22 43.76    Compiling outref v0.5.2
#22 43.81    Compiling tracing v0.1.44
#22 43.85    Compiling tracing-log v0.2.0
#22 43.90    Compiling bytecount v0.6.9
#22 43.91    Compiling webpki-roots v1.0.9
#22 43.91    Compiling rustls-native-certs v0.8.4
#22 43.94    Compiling num-cmp v0.1.0
#22 43.96    Compiling unsafe-libyaml v0.2.11
#22 44.06    Compiling bit-set v0.8.0
#22 44.08    Compiling webpki-roots v0.26.11
#22 44.11    Compiling micromap v0.3.0
#22 44.15    Compiling vsimd v0.8.0
#22 44.17    Compiling bzip2 v0.6.1
#22 44.25    Compiling strum v0.28.0
#22 44.26    Compiling unicode-general-category v1.1.0
#22 44.26    Compiling verus_state_machines_macros v0.0.0-2026-09-06-0133
#22 44.30    Compiling data-encoding v2.11.1
#22 44.31    Compiling utf8parse v0.2.2
#22 44.32    Compiling anstyle-query v1.1.5
#22 44.34    Compiling is_terminal_polyfill v1.70.2
#22 44.41    Compiling anstyle-parse v1.0.0
#22 44.45    Compiling colorchoice v1.0.5
#22 44.47    Compiling scoped-tls v1.0.1
#22 44.49    Compiling anstyle v1.0.14
#22 44.51    Compiling unicode-width v0.2.2
#22 44.59    Compiling clap_lex v1.1.0
#22 44.60    Compiling jobserver v0.1.35
#22 44.62    Compiling getrandom v0.4.3
#22 44.63    Compiling getrandom v0.2.17
#22 44.65    Compiling tinystr v0.8.4
#22 44.70    Compiling potential_utf v0.1.6
#22 44.78    Compiling hybrid-array v0.4.14
#22 44.80    Compiling gripsack-process v0.42.0 (/app/crates/gripsack-process)
#22 44.80    Compiling filetime v0.2.29
#22 44.80    Compiling parking_lot_core v0.9.12
#22 44.91    Compiling icu_collections v2.3.0
#22 44.91    Compiling getrandom v0.3.4
#22 44.95    Compiling console v0.16.4
#22 45.01    Compiling anstream v1.0.0
#22 45.01    Compiling strsim v0.11.1
#22 45.07    Compiling num-integer v0.1.47
#22 45.16    Compiling toml_parser v1.1.3+spec-1.1.0
#22 45.16    Compiling parking_lot v0.12.5
#22 45.16    Compiling num-complex v0.4.6
#22 45.16    Compiling cc v1.4.4
#22 45.18    Compiling icu_locale_core v2.3.0
#22 45.21    Compiling uuid-simd v0.8.0
#22 45.25    Compiling portable-atomic v1.15.0
#22 45.26    Compiling unit-prefix v0.5.2
#22 45.28    Compiling shell-words v1.1.1
#22 45.33    Compiling owo-colors v4.3.0
#22 45.49    Compiling clap_builder v4.6.6
#22 45.61    Compiling num-bigint v0.4.8
#22 45.65    Compiling num-iter v0.1.46
#22 45.81    Compiling crypto-common v0.2.2
#22 45.83    Compiling block-buffer v0.12.1
#22 46.25    Compiling indicatif v0.18.6
#22 46.30    Compiling regex-automata v0.4.18
#22 46.31    Compiling jsonschema-regex v0.55.0
#22 46.65    Compiling icu_provider v2.3.1
#22 47.00    Compiling icu_normalizer v2.3.0
#22 47.00    Compiling icu_properties v2.3.0
#22 47.14    Compiling digest v0.11.3
#22 47.33    Compiling sha2 v0.11.0
#22 47.53    Compiling flate2 v1.1.9
#22 47.54    Compiling ring v0.17.14
#22 47.54    Compiling zstd-sys v2.0.16+zstd.1.5.7
#22 47.54    Compiling lzma-sys v0.1.20
#22 47.54    Compiling generator v0.8.10
#22 47.74    Compiling serde v1.0.229
#22 47.74    Compiling serde_json v1.0.151
#22 47.74    Compiling serde_spanned v1.1.1
#22 47.74    Compiling toml_datetime v0.7.5+spec-1.1.0
#22 47.75    Compiling toml_datetime v1.1.1+spec-1.1.0
#22 47.83    Compiling num-rational v0.4.2
#22 48.05    Compiling toml v1.1.4+spec-1.1.0
#22 48.05    Compiling toml_edit v0.25.13+spec-1.1.0
#22 48.06    Compiling toml v0.9.12+spec-1.1.0
#22 48.46    Compiling num v0.4.3
#22 48.51    Compiling fraction v0.17.0
#22 48.77    Compiling tracing-serde v0.2.0
#22 48.77    Compiling fluent-uri v0.4.1
#22 48.77    Compiling email_address v0.2.9
#22 48.77    Compiling serde_yaml v0.9.34+deprecated
#22 49.14    Compiling fs-set-times v0.20.3
#22 49.14    Compiling rustix-linux-procfs v0.1.1
#22 49.14    Compiling tempfile v3.27.0
#22 49.14    Compiling idna_adapter v1.2.2
#22 49.14    Compiling xattr v1.6.1
#22 49.14    Compiling clap v4.6.6
#22 49.30    Compiling idna v1.1.0
#22 49.35    Compiling cap-primitives v4.0.3
#22 49.39    Compiling tar v0.4.46
#22 49.67    Compiling gripsack-buildkit v0.42.0 (/app/crates/gripsack-buildkit)
#22 49.68    Compiling dialoguer v0.12.0
#22 49.82    Compiling url v2.5.8
#22 49.93    Compiling xz2 v0.1.7
#22 50.11    Compiling cap-std v4.0.3
#22 50.55    Compiling gripsack-fs v0.42.0 (/app/crates/gripsack-fs)
#22 51.03    Compiling ahash v0.8.12
#22 51.35    Compiling referencing v0.55.0
#22 51.35    Compiling jsonschema-value v0.55.0
#22 51.50    Compiling matchers v0.2.0
#22 51.50    Compiling fancy-regex v0.19.1
#22 51.50    Compiling regex v1.13.1
#22 51.56    Compiling rustls v0.23.45
#22 51.61    Compiling tracing-subscriber v0.3.23
#22 51.91    Compiling vstd v0.0.0-2026-09-06-0133
#22 52.21    Compiling zstd-safe v7.2.4
#22 52.49    Compiling zstd v0.13.3
#22 52.77    Compiling zip v8.6.0
#22 52.91    Compiling jsonschema v0.55.0
#22 53.77    Compiling loom v0.7.2
#22 53.86    Compiling rustls-webpki v0.103.15
#22 55.20    Compiling gripsack-policy v0.42.0 (/app/crates/gripsack-policy)
#22 55.47    Compiling gripsack-ir v0.42.0 (/app/crates/gripsack-ir)
#22 58.30    Compiling ureq v2.12.1
#22 59.22    Compiling gripsack-store v0.42.0 (/app/crates/gripsack-store)
#22 59.22    Compiling gripsack-config v0.42.0 (/app/crates/gripsack-config)
#22 59.22    Compiling griplint v0.42.0 (/app/crates/griplint)
#22 61.06    Compiling gripsack-fetch v0.42.0 (/app/crates/gripsack-fetch)
#22 61.06    Compiling gripsack-trace v0.42.0 (/app/crates/gripsack-trace)
#22 63.36    Compiling gripsack-exec v0.42.0 (/app/crates/gripsack-exec)
#22 63.36    Compiling gripsack-lint v0.42.0 (/app/crates/gripsack-lint)
#22 66.19    Compiling gripsack-fuzz v0.0.0 (/app/fuzz)
#22 69.98    Compiling gripsack v0.42.0 (/app/crates/gripsack)
#22 79.42     Finished `test` profile [unoptimized + debuginfo] target(s) in 37.34s
#22 79.46      Running unittests src/lib.rs (target/debug/deps/griplint-649ce6e1a3a65ac3)
#22 79.47 
#22 79.47 running 19 tests
#22 79.47 test admission::tests::explicit_no_table_preserves_coverage_without_parsing ... ok
#22 79.47 test admission::tests::file_loader_has_the_same_admission_boundary ... ok
#22 79.47 test document::tests::error_spans_map_bytes_to_code_point_columns ... ok
#22 79.47 test document::tests::indented_multichar_keys_get_real_columns ... ok
#22 79.47 test golden::severity_serializes_lowercase ... ok
#22 79.47 test checks::tests::version_coverage_is_numeric_not_textual ... ok
#22 79.47 test value::tests::numbers_compare_across_int_and_float ... ok
#22 79.47 test value::tests::typed_matching_keeps_null_and_boolean_distinct ... ok
#22 79.47 test difflib::tests::the_fixture_suggestions_hold ... ok
#22 79.47 test document::tests::json_and_yaml_null_stay_null ... ok
#22 79.48 test admission::tests::formats_dispatch_without_extension_assumptions ... ok
#22 79.48 test admission::tests::whole_rules_check_sections_without_checking_their_members ... ok
#22 79.48 test admission::tests::key_diagnostics_and_leniency_survive_admission ... ok
#22 79.48 test admission::tests::free_keys_and_sections_preserve_arbitrary_descendants ... ok
#22 79.48 test admission::tests::markers_are_typed_and_exclusive ... ok
#22 79.48 test admission::tests::malformed_key_rules_never_turn_sections_free ... ok
#22 79.48 test admission::tests::metadata_and_dispatch_must_be_actionable ... ok
#22 79.52 test admission::tests::every_embedded_pack_is_admitted ... ok
#22 79.79 test golden::golden_corpus_replays ... ok
#22 79.79 
#22 79.79 test result: ok. 19 passed; 0 failed; 0 ignored; 0 measured; 0 filtered out; finished in 0.32s
#22 79.79 
#22 79.79      Running unittests src/main.rs (target/debug/deps/grip-85d61296dd07cae5)
#22 79.79 
#22 79.79 running 22 tests
#22 79.79 test commands::adopt::generate::tests::ident_is_always_a_valid_ts_identifier ... ok
#22 79.79 test commands::adopt::generate::tests::module_source_escapes_hostile_strings ... ok
#22 79.79 test commands::adopt::generate::tests::module_source_shapes ... ok
#22 79.79 test commands::adopt::generate::tests::names_and_idents ... ok
#22 79.79 test commands::adopt::generate::tests::update_host_ignores_the_template_header_comment ... ok
#22 79.79 test commands::adopt::generate::tests::update_host_bails_on_unexpected_shape ... ok
#22 79.79 test commands::adopt::generate::tests::update_host_single_line_arrays ... ok
#22 79.79 test commands::adopt::generate::tests::update_host_multiline_array ... ok
#22 79.79 test render::tests::missing_file_degrades_gracefully ... ok
#22 79.79 test render::tests::renders_header_and_help_without_color ... ok
#22 79.79 test commands::self_update::installation::tests::replacement_invalidates_installed_version_evidence ... ok
#22 79.79 test commands::self_update::installation::tests::deleted_suffix_is_only_stripped_for_a_missing_original ... ok
#22 79.79 test commands::self_update::installation::tests::parent_drift_does_not_redirect_publication ... ok
#22 79.79 test commands::self_update::payload::tests::root_and_nested_candidates_are_ambiguous ... ok
#22 79.79 test render::tests::invalid_diagnostic_coordinates_never_read_a_source_snippet ... ok
#22 79.79 test commands::self_update::payload::tests::probe_requires_success_and_a_single_grip_version ... ok
#22 79.79 test commands::frontend::tests::every_builtin_read_grant_rejects_a_comma_before_deno_spawn ... ok
#22 79.79 test commands::self_update::payload::tests::symlink_files_and_symlink_directories_are_not_candidates ... ok
#22 79.79 test render::tests::renders_snippet_when_file_exists ... ok
#22 79.79 test render::tests::source_snippets_cannot_escape_the_repo_capability ... ok
#22 79.80 test commands::self_update::installation::tests::symlink_install_keeps_target_semantics ... ok
#22 79.80 test commands::self_update::payload::tests::flooding_version_peer_is_rejected ... ok
#22 79.80 
#22 79.80 test result: ok. 22 passed; 0 failed; 0 ignored; 0 measured; 0 filtered out; finished in 0.02s
#22 79.80 
#22 79.80      Running unittests src/lib.rs (target/debug/deps/gripsack_buildkit-17ce832e6f9981aa)
#22 79.81 
#22 79.81 running 23 tests
#22 79.81 test protocol::tests::digests_and_sessions_validate_their_shape ... ok
#22 79.81 test protocol::tests::hostile_headers_reject_before_any_body_is_read ... ok
#22 79.81 test protocol::tests::negotiation_is_one_exact_version_pair ... ok
#22 79.81 test protocol::tests::the_gate_fences_stale_duplicate_and_flooding_events ... ok
#22 79.81 test transport::tests::the_real_go_bridge_negotiates_fails_closed_and_cancels_idempotently ... ignored, requires tools/buildkit-bridge/bridge-bin (built by the pinned golang gate)
#22 79.81 test protocol::tests::trailing_bytes_and_unknown_fields_reject ... ok
#22 79.81 test protocol::tests::every_message_round_trips_byte_exactly ... ok
#22 79.81 test worker::linux::tests::failed_launch_with_no_container_id_never_deletes_by_name ... ok
#22 79.81 test worker::linux::tests::failed_removal_does_not_claim_stopped_and_can_retry ... ok
#22 79.81 test worker::linux::tests::failed_version_probe_cannot_authorize_a_lease ... ok
#22 79.81 test worker::linux::tests::foreign_cache_volume_blocks_provision_without_launch_or_deletion ... ok
#22 79.81 test worker::linux::tests::the_real_docker_worker_provisions_leases_and_stops ... ignored, requires a real docker engine with the pinned buildkitd image
#22 79.81 test worker::linux::tests::the_real_docker_worker_refuses_a_foreign_cache_volume ... ignored, requires a real docker engine with the pinned buildkitd image
#22 79.81 test worker::linux::tests::foreign_container_identity_blocks_deletion_and_stop ... ok
#22 79.81 test worker::linux::tests::live_lease_blocks_worker_deletion_until_drained ... ok
#22 79.81 test protocol::tests::log_chunks_are_bounded_after_decode ... ok
#22 79.81 test worker::linux::tests::worker_identity_rejects_unsafe_or_unbounded_docker_names ... ok
#22 79.81 test worker::tests::a_crashed_worker_keeps_its_leases_until_explicit_drain ... ok
#22 79.81 test worker::tests::a_worker_with_a_live_lease_cannot_stop_or_be_deleted ... ok
#22 79.81 test worker::tests::cleanup_only_deletes_owned_resources_and_never_retained_ones ... ok
#22 79.81 test worker::tests::illegal_transitions_reject_instead_of_guessing ... ok
#22 79.81 test worker::tests::two_clients_lease_one_ready_worker_concurrently ... ok
#22 79.81 test worker::tests::unknown_leases_reject_and_ids_never_repeat ... ok
#22 79.81 
#22 79.81 test result: ok. 20 passed; 0 failed; 3 ignored; 0 measured; 0 filtered out; finished in 0.00s
#22 79.81 
#22 79.81      Running unittests src/lib.rs (target/debug/deps/gripsack_config-98cadf244e260699)
#22 79.81 
#22 79.81 running 12 tests
#22 79.81 test tests::defaults_are_sane ... ok
#22 79.81 test tests::eval_deps_is_gone ... ok
#22 79.81 test tests::parses_throttle_table ... ok
#22 79.81 test tests::parses_env_toml ... ok
#22 79.81 test tests::python_frontend_is_a_migration_error ... ok
#22 79.81 test tests::typescript_frontend_declaration_is_tolerated ... ok
#22 79.81 test tests::repo_wins_user_fills_gaps ... ok
#22 79.81 test tests::typo_key_is_a_span_labeled_diagnostic ... ok
#22 79.81 test tests::unknown_frontend_value_errors_the_same_way ... ok
#22 79.81 test tests::unknown_top_level_key_is_an_error ... ok
#22 79.81 test tests::user_value_used_when_repo_silent ... ok
#22 79.81 test tests::repo_build_env_cannot_claim_operator_credential_routing ... ok
#22 79.81 
#22 79.81 test result: ok. 12 passed; 0 failed; 0 ignored; 0 measured; 0 filtered out; finished in 0.00s
#22 79.81 
#22 79.81      Running unittests src/lib.rs (target/debug/deps/gripsack_exec-002bae5063eca4d0)
#22 79.82 
#22 79.82 running 52 tests
#22 79.82 test facts::tests::glibc_version_parses_both_ldd_wordings ... ok
#22 79.82 test facts::tests::facts_match_the_running_host ... ok
#22 79.82 test frontend::tests::path_deno_version_gate_matches_major ... ok
#22 79.82 test lineage_model::a_mid_apply_external_write_is_aborted_never_clobbered ... ok
#22 79.82 test lineage_model::chmod_only_drift_is_preserved_never_silently_reverted ... ok
#22 79.82 test lineage_model::preserved_drift_never_authorizes_an_update ... ok
#22 79.82 test managed_blocks::tests::broken_scanner_utf8_boundary_returns_error_instead_of_panicking ... ok
#22 79.82 test managed_blocks::tests::later_hand_edits_are_classified_and_other_modules_stay_untouched ... ok
#22 79.82 test managed_blocks::tests::malformed_markers_never_grant_splice_ranges ... ok
#22 79.82 test managed_blocks::tests::foreign_bytes_survive_reconcile_and_removal ... ok
#22 79.82 test managed_blocks::tests::only_the_first_body_line_can_be_a_legacy_header ... ok
#22 79.82 test managed_blocks::tests::markers_roundtrip_across_comment_styles_and_legacy_metadata ... ok
#22 79.82 test template::tests::template_substitutes_and_escapes ... ok
#22 79.82 test report::update_model::every_survey_order_preserves_error_over_change_precedence ... ok
#22 79.82 test resolve::identity_tests::provenance_differences_hash_identically ... ok
#22 79.82 test deploy::tests::symlinked_ancestor_into_repo_is_detected ... ok
#22 79.82 test deploy::tests::restore_never_writes_a_dangling_owned_link ... ok
#22 79.82 test template::tests::template_unbalanced_braces_error ... ok
#22 79.82 test template::tests::template_undefined_variable_is_a_loud_error ... ok
#22 79.82 test tests::build_edges_constrain_order_too ... ok
#22 79.82 test tests::cycles_are_named ... ok
#22 79.82 test tests::dependencies_come_first ... ok
#22 79.82 test tests::diamond_is_deterministic ... ok
#22 79.82 test tests::waves_levelize_the_dag ... ok
#22 79.82 test managed_blocks::tests::every_mode_record_participates_independently_of_order ... ok
#22 79.83 test source::overlay::tests::leaf_link_is_replaced_without_writing_its_target ... ok
#22 79.83 test source::overlay::tests::fetched_link_ancestor_cannot_redirect_an_overlay ... ok
#22 79.83 test source::overlay::tests::overlay_pin_and_bytes_belong_to_the_same_snapshot ... ok
#22 79.83 test ops::model::tests::a_build_only_dep_plans_zero_destination_ops ... ok
#22 79.84 test lineage_model::ownership_lineage_holds_over_every_sequence ... ok
#22 79.84 test source::overlay::tests::top_level_links_have_the_same_preview_and_staged_identity ... ok
#22 79.85 test env::tests::empty_contributions_remove_the_file ... ok
#22 79.86 test env::tests::renders_set_prepend_append_with_store_resolution ... ok
#22 79.86 test lockfile::tests::roundtrip ... ok
#22 79.86 test env::tests::duplicate_contributions_render_once ... ok
#22 79.88 test deploy::tests::journaled_mutation_must_reach_its_intended_state ... ok
#22 79.89 test ops::model::tests::a_spelling_change_plans_no_op ... ok
#22 79.89 test update::tests::check_and_publish_agree_on_metadata_only_pin_changes ... ok
#22 79.89 test gc::tests::keep_generations_prunes_oldest_and_their_paths ... ok
#22 79.89 test gc::tests::never_prunes_the_current_generation ... ok
#22 79.89 test gc::tests::collects_only_unreferenced_store_paths ... ok
#22 79.90 test gc::tests::why_owns_finds_the_owner ... ok
#22 79.91 test mode_model::links_carry_the_payload_mode_without_normalizing_it ... ok
#22 79.95 test gc::tests::a_session_for_another_home_authorizes_nothing_here ... ok
#22 79.95 test gc::tests::unfinished_recovery_blocks_collection ... ok
#22 79.97 test gc::tests::reconciled_journal_unblocks_collection ... ok
#22 79.98 test gc::tests::quarantined_entries_block_collection ... ok
#22 80.14 test frontend::tests::embed_materializes_tree_and_marker ... ok
#22 80.17 test mode_model::merge_host_modes_are_planned_and_drift_never_authorizes_prune ... ok
#22 80.48 test frontend::tests::materialize_flips_the_stable_current_link ... ok
#22 82.07 test ops::model::tests::the_planned_op_matches_the_algebra_and_executes_to_its_intent ... ok
#22 82.58 test mode_model::whole_file_modes_survive_update_restore_drift_and_prune ... ok
#22 82.58 
#22 82.58 test result: ok. 52 passed; 0 failed; 0 ignored; 0 measured; 0 filtered out; finished in 2.77s
#22 82.58 
#22 82.58      Running tests/workspace_execution_gate.rs (target/debug/deps/workspace_execution_gate-e97233b432130964)
#22 82.59 
#22 82.59 running 1 test
#22 82.59 test every_direct_executor_entry_rejects_before_home_mutation ... ok
#22 82.59 
#22 82.59 test result: ok. 1 passed; 0 failed; 0 ignored; 0 measured; 0 filtered out; finished in 0.00s
#22 82.59 
#22 82.59      Running unittests src/lib.rs (target/debug/deps/gripsack_fetch-a70d1a7feed20a6a)
#22 82.59 
#22 82.59 running 70 tests
#22 82.59 test bottle::tests::all_is_a_last_resort_under_a_validated_policy ... ok
#22 82.59 test bottle::tests::apple_silicon_orders_by_chronology_not_spelling ... ok
#22 82.59 test bottle::tests::future_macos_major_admits_its_own_codename ... ok
#22 82.60 test bottle::tests::intel_mac_never_takes_the_linux_bottle ... ok
#22 82.60 test bottle::tests::arm64_linux_is_not_a_mac_bottle ... ok
#22 82.60 test bottle::tests::intel_mac_takes_the_newest_bottle_the_host_can_run ... ok
#22 82.60 test bottle::tests::linux_matches_exact_architecture ... ok
#22 82.60 test bottle::tests::missing_macos_version_fact_refuses_rather_than_guessing ... ok
#22 82.60 test bottle::tests::older_macos_refuses_newer_bottle_with_the_requirement ... ok
#22 82.60 test bottle::tests::unknown_tags_are_reported_not_matched ... ok
#22 82.60 test bottle::tests::unsupported_architecture_fails_clearly ... ok
#22 82.60 test bottle::tests::version_parsing_is_componentwise ... ok
#22 82.60 test host::tests::bundled_releases_have_full_platform_tables ... ok
#22 82.60 test host::tests::deno_urls_use_the_glibc_linux_assets ... ok
#22 82.60 test host::tests::placeholder_table_covers_every_convention ... ok
#22 82.60 test host::tests::resolves_the_host_asset ... ok
#22 82.60 test http::body::tests::a_new_attempt_cannot_reset_consumed_transfer_bytes ... ok
#22 82.60 test http::failure::tests::certificate_failures_are_not_transient_connections ... ok
#22 82.60 test http::retry::tests::real_retry_policy_has_fixed_deadline_and_bounded_attempts ... ok
#22 82.60 test http::failure::tests::rate_limit_advice_is_evidence_based_and_locations_are_redacted ... ok
#22 82.60 test http::retry::tests::terminal_classes_and_upstream_cooldowns_never_get_fast_replays ... ok
#22 82.60 test http::tests::bound_credentials_require_tls_and_registry_artifact_refuses_cleartext ... ok
#22 82.60 test http::tests::proxy_bypass_preserves_domain_and_port_boundaries ... ok
#22 82.60 test http::tests::host_binding_survives_url_normalization ... ok
#22 82.60 test placeholders::tests::explicit_bare_version_is_shared_without_changing_legacy_asset_precedence ... ok
#22 82.60 test placeholders::tests::missing_empty_or_escaping_expansions_never_become_paths ... ok
#22 82.60 test plugins::segment_tests::traversal_tags_are_refused ... ok
#22 82.60 test http::tests::credential_routing_model_uses_actual_host_selector ... ok
#22 82.60 test fetch::archive::tests::link_cycles_and_dangling_targets_reject_before_archive_materialization ... ok
#22 82.60 test plugins::tests::parse_ref_shapes ... ok
#22 82.60 test resolve::atom_tests::no_core_tag_is_none_and_malformed_versions_skip ... ok
#22 82.60 test resolve::base_url_tests::bare_ghe_host_gets_api_v3 ... ok
#22 82.60 test fetch::archive::tests::traversal_is_rejected_before_tar_materialization ... ok
#22 82.60 test resolve::tests::missing_asset_lists_available ... ok
#22 82.60 test resolve::atom_tests::picks_the_newest_core_tag_among_mixed_namespaces ... ok
#22 82.60 test resolve::tests::picks_expanded_asset ... ok
#22 82.60 test resolve::tests::v_prefix_variants_match ... ok
#22 82.60 test fetch::plugin::tests::bounded_tree_is_checked_before_hash ... ok
#22 82.60 test tests::exe_naming ... ok
#22 82.60 test fetch::archive::tests::filesystem_tree_validation_and_copy_share_link_graph ... ok
#22 82.60 test throttle::tests::parses_budget_syntax ... ok
#22 82.60 test throttle::tests::plugin_declaration_replaces_builtin_default ... ok
#22 82.60 test throttle::tests::rate_admission_rejects_nonfinite_and_unfillable_buckets ... ok
#22 82.60 test throttle::tests::token_wait_cannot_outlive_or_reset_an_operation_deadline ... ok
#22 82.60 test throttle::tests::url_host_extraction ... ok
#22 82.60 test throttle::tests::user_override_beats_plugin_declaration ... ok
#22 82.60 test fetch::archive::tests::decompressed_limit_is_checked_on_actual_bytes ... ok
#22 82.61 test plugins::tests::receipt_roundtrips_and_current_resolves ... ok
#22 82.61 test fetch::archive::tests::forward_and_composed_internal_links_remain_usable_in_tar_and_zip ... ok
#22 82.61 test fetch::archive::tests::zip_crc_cannot_be_bypassed_by_raw_stream_decoding ... ok
#22 82.61 test fetch::archive::tests::zip_entry_budget_precedes_directory_allocation ... ok
#22 82.61 test fetch::file::tests::file_fetch_extracts_tarball ... ok
#22 82.61 test fetch::plugin::tests::no_response_or_nonzero_exit_is_not_a_fetch ... ok
#22 82.61 test fetch::archive::tests::a_symlink_destination_cannot_redirect_acquisition ... ok
#22 82.61 test fetch::archive::tests::aggregate_tar_path_metadata_is_bounded_before_extraction ... ok
#22 82.61 test fetch::archive::tests::tar_hardlink_before_its_file_uses_the_pinned_payload_root ... ok
#22 82.61 test fetch::archive::tests::xz_tar_extracts_without_a_payload_buffer ... ok
#22 82.61 test fetch::archive::tests::zip_composed_links_cannot_escape_the_payload_root_in_either_order ... ok
#22 82.61 test fetch::archive::tests::tar_composed_links_cannot_escape_the_payload_root_in_either_order ... ok
#22 82.61 test fetch::plugin::tests::round_trip_and_reported_hash_verification ... ok
#22 82.61 test fetch::tarball::tests::transport_mismatch_never_extracts_payload ... ok
#22 82.61 test tests::discovers_executable_on_path ... ok
#22 82.61 test fetch::archive::tests::bare_and_compressed_binaries_preserve_executability ... ok
#22 82.61 test throttle::tests::persisted_token_and_time_bounds_cannot_panic_or_mint_extra_tokens ... ok
#22 82.62 test fetch::plugin::tests::simultaneous_pipe_pressure_and_early_response ... ok
#22 82.63 test fetch::plugin::tests::response_does_not_hide_output_failure ... ok
#22 82.69 test fetch::git::tests::git_fetch_clones_at_rev ... ok
#22 82.85 test throttle::tests::bucket_enforces_the_budget ... ok
#22 87.13 test fetch::plugin::tests::silent_and_response_then_linger_both_fail ... ok
#22 87.13 test fetch::plugin::tests::capability_results_require_a_clean_exit ... ok
#22 87.13 
#22 87.13 test result: ok. 70 passed; 0 failed; 0 ignored; 0 measured; 0 filtered out; finished in 4.54s
#22 87.13 
#22 87.13      Running unittests src/lib.rs (target/debug/deps/gripsack_fs-269bf90eee70c137)
#22 87.14 
#22 87.14 running 14 tests
#22 87.14 test streamed::tests::failed_stream_keeps_old_destination_and_cleans_private_temp ... ok
#22 87.15 test tests::copy_dir_preserves_symlinks_and_merges ... ok
#22 87.15 test streamed::tests::publishes_complete_bytes_and_exact_mode_in_real_operation_order ... ok
#22 87.16 test tests::symlink_replace_flips_atomically ... ok
#22 87.16 test tests::atomic_write_creates_parent_dirs ... ok
#22 87.16 test tests::publish_lands_files_read_only ... ok
#22 87.16 test persistence_model::streamed_executable_publication_is_ordered_at_every_cut ... ok
#22 87.16 test tests::publish_refuses_an_existing_dest ... ok
#22 87.16 test tests::atomic_write_lands_content_without_leftovers ... ok
#22 87.16 test tests::atomic_write_preserves_the_destinations_mode ... ok
#22 87.16 test tests::atomic_write_with_mode_lands_exact_permissions ... ok
#22 87.17 test tests::publish_cross_filesystem_preserves_modes ... ok
#22 87.23 test persistence_model::atomic_file_link_and_tree_publication_are_ordered_at_every_cut ... ok
#22 88.82 test tests::writes_stay_on_the_pinned_inode_under_parent_swap ... ok
#22 88.82 
#22 88.82 test result: ok. 14 passed; 0 failed; 0 ignored; 0 measured; 0 filtered out; finished in 1.68s
#22 88.82 
#22 88.82      Running unittests src/lib.rs (target/debug/deps/gripsack_fuzz-a5cf999b54f2f21b)
#22 88.82 
#22 88.82 running 0 tests
#22 88.82 
#22 88.82 test result: ok. 0 passed; 0 failed; 0 ignored; 0 measured; 0 filtered out; finished in 0.00s
#22 88.82 
#22 88.82      Running unittests src/bin/replay.rs (target/debug/deps/replay-7db08cd6dddfb04c)
#22 88.82 
#22 88.82 running 0 tests
#22 88.82 
#22 88.82 test result: ok. 0 passed; 0 failed; 0 ignored; 0 measured; 0 filtered out; finished in 0.00s
#22 88.82 
#22 88.82      Running unittests src/lib.rs (target/debug/deps/gripsack_ir-3b19633ffcb5d796)
#22 88.82 
#22 88.82 running 68 tests
#22 88.83 test host_name::tests::rejects_path_shaped_hosts_before_they_can_name_files ... ok
#22 88.83 test sema::contract_tests::unknown_fields_are_parse_errors_now ... ok
#22 88.83 test sema::destinations::tests::step_entries_obey_destination_rules ... ok
#22 88.83 test sema::steps::tests::single_fetch_step_pins_multiple_refused ... ok
#22 88.83 test sema::destinations::case_tests::case_variant_destinations_fold_on_every_host ... ok
#22 88.83 test sema::placeholders::tests::the_known_set_passes_clean ... ok
#22 88.83 test sema::placeholders::tests::a_typo_is_an_error_with_a_span_and_a_suggestion ... ok
#22 88.83 test sema::tests::destination_shaped_verify_path_is_e109 ... ok
#22 88.83 test sema::tests::dotfiles_only_module_needs_no_source ... ok
#22 88.83 test sema::tests::malformed_json_is_e000 ... ok
#22 88.83 test sema::resources::tests::resources_require_an_action_that_actually_acquires_them ... ok
#22 88.83 test sema::tests::legacy_ir_is_rejected_before_decoding_renamed_fields ... ok
#22 88.83 test sema::tests::spanless_nodes_still_render ... ok
#22 88.83 test sema::tests::declared_and_builtin_resources_pass ... ok
#22 88.83 test sema::tests::rejects_wrong_version ... ok
#22 88.84 test sema::tests::merge_and_template_modes_pass_sema_with_vars_and_marker ... ok
#22 88.84 test sema::tests::explicit_steps_validate ... ok
#22 88.84 test sema::tests::unknown_edge_kind_is_span_labeled_e122 ... ok
#22 88.84 test sema::tests::collects_multiple_diagnostics ... ok
#22 88.84 test sema::tests::run_action_parses_with_outputs ... ok
#22 88.84 test sema::tests::steps_plus_declarative_fields_is_e103 ... ok
#22 88.84 test sema::tests::undeclared_resource_is_e107 ... ok
#22 88.84 test sema::tests::cross_module_ref_into_declarative_module ... ok
#22 88.84 test sema::tests::duplicate_and_reserved_step_ids_are_e106 ... ok
#22 88.84 test sema::tests::external_done_barrier_is_valid_but_self_barrier_is_rejected ... ok
#22 88.84 test sema::tests::unknown_dependency_carries_span_and_code ... ok
#22 88.84 test sema::workspace::destinations::tests::duplicate_profile_destinations_label_every_declaration ... ok
#22 88.84 test sema::workspace::names::tests::duplicate_output_names_label_both_spans ... ok
#22 88.84 test sema::workspace::cycles::tests::validation_edges_never_close_a_cycle ... ok
#22 88.84 test sema::workspace::cycles::tests::production_cycles_label_every_member ... ok
#22 88.84 test sema::workspace::destinations::tests::mixed_policies_over_one_path_still_collide ... ok
#22 88.84 test sema::workspace::cycles::tests::task_dependency_cycles_are_rejected ... ok
#22 88.84 test sema::tests::parses_and_validates_example ... ok
#22 88.84 test sema::workspace::destinations::tests::distinct_markers_over_one_host_file_coexist_but_one_marker_is_one_owner ... ok
#22 88.84 test sema::workspace::policy::tests::omitted_build_input_and_runtime_edges_fail_admission ... ok
#22 88.84 test sema::workspace::destinations::tests::same_destination_across_profiles_rejects_and_equal_names_coexist ... ok
#22 88.84 test sema::workspace::policy::tests::omitted_required_validation_and_producer_fail_closed_with_both_sites ... ok
#22 88.84 test sema::workspace::policy::tests::catalog_index_corruption_rejects_before_closure ... ok
#22 88.84 test sema::workspace::refs::tests::selection_target_mismatch_labels_both_sites ... ok
#22 88.84 test sema::workspace::refs::tests::check_subject_must_resolve_to_an_output ... ok
#22 88.84 test sema::workspace::tests::envelope_shape_is_version_dispatched ... ok
#22 88.84 test sema::workspace::policy::tests::production_closure_excludes_runtime_and_preserves_validation ... ok
#22 88.85 test sema::workspace::policy::tests::adjacent_local_steps_lower_to_ordering_not_build_edges ... ok
#22 88.85 test sema::workspace::policy::tests::projected_kind_or_binding_reclassification_fails_closed ... ok
#22 88.85 test workspace::platform::tests::target_floor_and_abi_admit_only_compatible_consumers ... ok
#22 88.85 test sema::paths::tests::path_shape_rules ... ok
#22 88.85 test sema::workspace::tests::provider_backed_package_needs_no_recipe_output ... ok
#22 88.85 test sema::workspace::span_value::tests::decoded_bash_interpolation_rejects_at_original_script_line ... ok
#22 88.85 test sema::workspace::refs::tests::artifact_references_reject_non_artifact_kinds ... ok
#22 88.85 test sema::workspace::tests::unknown_workspace_fields_label_the_declaring_span ... ok
#22 88.85 test sema::workspace::span_value::tests::invalid_nested_command_coordinates_remain_source_labeled ... ok
#22 88.85 test sema::workspace::tests::profile_with_literal_file_needs_no_synthetic_package ... ok
#22 88.85 test sema::workspace::tests::package_and_recipe_workspace_admits ... ok
#22 88.85 test sema::workspace::refs::tests::producer_target_mismatch_labels_both_sites ... ok
#22 88.85 test sema::workspace::span_value::tests::file_content_requires_source_unless_literal ... ok
#22 88.85 test sema::workspace::span_value::tests::incompatible_abi_and_unsafe_prefix_label_the_declaration ... ok
#22 88.85 test sema::workspace::tests::provider_fetch_fields_never_drop_silently ... ok
#22 88.85 test sema::workspace::refs::tests::invalid_references_are_rejected ... ok
#22 88.85 test sema::workspace::policy::tests::projected_reference_site_substitution_fails_closed ... ok
#22 88.85 test sema::workspace::span_value::tests::degenerate_spans_and_values_are_rejected ... ok
#22 88.85 test sema::workspace::tests::unknown_workspace_fields_never_drop_silently ... ok
#22 88.85 test sema::workspace::policy::tests::substituted_graph_references_fail_closed_at_declaration ... ok
#22 88.85 test sema::workspace::context::tests::command_references_and_contexts_are_admitted ... ok
#22 88.85 test sema::workspace::refs::tests::fixed_prefix_packages_cannot_be_selected_without_prefix ... ok
#22 88.85 test sema::workspace::refs::tests::task_schedule_profile_image_refs_are_typed ... ok
#22 88.85 test sema::workspace::span_value::tests::decoded_repo_file_origin_rejects_paths_outside_the_captured_repository ... ok
#22 88.85 test sema::workspace::span_value::tests::escaping_profile_file_destinations_reject_at_the_declaration ... ok
#22 88.85 test sema::workspace::refs::tests::artifact_selectors_must_be_normalized_relative_paths ... ok
#22 88.85 
#22 88.85 test result: ok. 68 passed; 0 failed; 0 ignored; 0 measured; 0 filtered out; finished in 0.03s
#22 88.85 
#22 88.85      Running tests/schema_acceptance.rs (target/debug/deps/schema_acceptance-1a169573e71c6ca0)
#22 88.86 
#22 88.86 running 3 tests
#22 88.90 test schema_pattern_assertions_execute ... ok
#22 88.90 test valid_documents_are_admitted_by_both_sides ... ok
#22 88.91 test rejected_documents_fail_both_sides ... ok
#22 88.91 
#22 88.91 test result: ok. 3 passed; 0 failed; 0 ignored; 0 measured; 0 filtered out; finished in 0.05s
#22 88.91 
#22 88.91      Running tests/workspace_admission.rs (target/debug/deps/workspace_admission-69161928380216ad)
#22 88.91 
#22 88.91 running 3 tests
#22 88.92 test provider_backed_package_lists_as_single_output ... ok
#22 88.92 test admitted_workspace_exposes_named_outputs ... ok
#22 88.92 test serialization_preserves_each_version_envelope ... ok
#22 88.92 
#22 88.92 test result: ok. 3 passed; 0 failed; 0 ignored; 0 measured; 0 filtered out; finished in 0.00s
#22 88.92 
#22 88.92      Running tests/workspace_v4_compat.rs (target/debug/deps/workspace_v4_compat-b35fac2a52f57c5d)
#22 88.92 
#22 88.92 running 3 tests
#22 88.93 test versions_reject_each_others_fields_and_bad_refs ... ok
#22 88.96 test historical_schema_and_reader_preserve_opaque_platform_strings ... ok
#22 88.96 test historical_recipe_execution_and_fixed_layout_never_gain_new_policy ... ok
#22 88.96 
#22 88.96 test result: ok. 3 passed; 0 failed; 0 ignored; 0 measured; 0 filtered out; finished in 0.04s
#22 88.96 
#22 88.96      Running tests/workspace_v5_acceptance.rs (target/debug/deps/workspace_v5_acceptance-33fcbef4cdc72330)
#22 88.97 
#22 88.97 running 5 tests
#22 89.07 test version_dispatch_asymmetry ... ok
#22 89.08 test schema_authored_constraints_execute ... ok
#22 89.08 test valid_documents_are_admitted_by_both_sides ... ok
#22 89.08 test rejected_documents_fail_both_sides ... ok
#22 89.09 test each_output_kind_rejects_undeclared_authority_with_its_own_span ... ok
#22 89.09 
#22 89.09 test result: ok. 5 passed; 0 failed; 0 ignored; 0 measured; 0 filtered out; finished in 0.12s
#22 89.09 
#22 89.09      Running unittests src/lib.rs (target/debug/deps/gripsack_lint-548fb042b5698953)
#22 89.09 
#22 89.09 running 8 tests
#22 89.09 test exchange::tests::severity_coercion_and_crash_codes ... ok
#22 89.10 test exchange::tests::spawn_failure_is_e01 ... ok
#22 89.10 test exchange::tests::valid_diagnostics_survive_nonzero_exit ... ok
#22 89.10 test exchange::tests::missing_response_retains_only_last_three_stderr_lines ... ok
#22 89.11 test exchange::tests::output_failure_after_response_keeps_diagnostics_and_adds_e02 ... ok
#22 89.11 test exchange::tests::pressure_before_input_and_response_before_input_completion ... ok
#22 89.16 test exchange::tests::input_limit_is_not_a_success ... ok
#22 93.62 test exchange::tests::silence_and_response_then_linger_are_deadline_failures ... ok
#22 93.62 
#22 93.62 test result: ok. 8 passed; 0 failed; 0 ignored; 0 measured; 0 filtered out; finished in 4.52s
#22 93.62 
#22 93.62      Running unittests src/lib.rs (target/debug/deps/gripsack_policy-6fb76687af620f0e)
#22 93.62 
#22 93.62 running 0 tests
#22 93.62 
#22 93.62 test result: ok. 0 passed; 0 failed; 0 ignored; 0 measured; 0 filtered out; finished in 0.00s
#22 93.62 
#22 93.62      Running tests/name_index.rs (target/debug/deps/name_index-b8d7482da2a86275)
#22 93.62 
#22 93.62 running 1 test
#22 93.62 test catalog_indices_cannot_bind_another_name_or_escape_the_catalog ... ok
#22 93.62 
#22 93.62 test result: ok. 1 passed; 0 failed; 0 ignored; 0 measured; 0 filtered out; finished in 0.00s
#22 93.62 
#22 93.62      Running tests/schedule_smoke.rs (target/debug/deps/schedule_smoke-94fdc3e3d650f21b)
#22 93.63 
#22 93.63 running 2 tests
#22 93.63 test pure_scheduler_latches_on_failure ... ok
#22 93.63 test pure_scheduler_runs_a_diamond ... ok
#22 93.63 
#22 93.63 test result: ok. 2 passed; 0 failed; 0 ignored; 0 measured; 0 filtered out; finished in 0.00s
#22 93.63 
#22 93.63      Running unittests src/lib.rs (target/debug/deps/gripsack_process-1808502d2508137d)
#22 93.63 
#22 93.63 running 20 tests
#22 93.63 test tests::expired_operation_rejects_spawn_without_overriding_input_failure ... ok
#22 93.63 test tests::input_rejected_before_spawn ... ok
#22 93.63 test tests::lifecycle::no_response_is_a_normal_exit ... ok
#22 93.63 test tests::empty_input_is_closed_immediately ... ok
#22 93.63 test tests::exact_line_limit_and_empty_lines ... ok
#22 93.63 test tests::framing_and_input_eof ... ok
#22 93.63 test tests::lifecycle::exit_and_signal_status_are_not_routing_policy ... ok
#22 93.63 test tests::tail_is_exact_and_can_be_disabled ... ok
#22 93.64 test tests::lifecycle::callback_panic_kills_and_reaps_the_leader ... ok
#22 93.64 test tests::pressure::huge_unterminated_line_is_stopped_incrementally ... ok
#22 93.66 test tests::spawn_error_and_zero_budget ... ok
#22 93.66 test tests::pressure::response_still_sends_input_and_preserves_exit_failure ... ok
#22 93.66 test tests::lifecycle::inherited_pipes_are_killed_on_leader_exit_not_after_a_linger ... ok
#22 93.67 test tests::pressure::response_does_not_disable_any_output_bound ... ok
#22 93.67 test tests::pressure::simultaneous_input_and_output_pressure ... ok
#22 93.68 test tests::pressure::stdout_and_stderr_floods_are_cumulative ... ok
#22 93.76 test tests::pressure::early_stdin_close_is_not_an_io_error ... ok
#22 95.15 test tests::operation_and_exchange_deadlines_each_bound_cleanup ... ok
#22 96.64 test tests::lifecycle::silent_process_with_closed_pipes_still_has_a_deadline ... ok
#22 96.64 test tests::pressure::blocked_input_does_not_block_response_or_deadline ... ok
#22 96.64 
#22 96.64 test result: ok. 20 passed; 0 failed; 0 ignored; 0 measured; 0 filtered out; finished in 3.01s
#22 96.64 
#22 96.64      Running unittests src/lib.rs (target/debug/deps/gripsack_store-565ba7d1566be399)
#22 96.65 
#22 96.65 running 66 tests
#22 96.65 test hash::tests::the_two_identity_domains_never_collide ... ok
#22 96.65 test journal::marker::repeated_model::ambiguous_current_retains_partial_journal_without_touching_destinations ... ok
#22 96.65 test journal::marker::repeated_model::partial_restore_then_second_crash_keeps_new_edit_and_restores_other_dest ... ok
#22 96.65 test journal::tests::cross_variant_identities_never_compare_equal ... ok
#22 96.65 test journal::tests::marker_missing_previous_generation_is_rejected ... ok
#22 96.65 test journal::tests::marker_null_previous_generation_is_a_fresh_machine ... ok
#22 96.65 test journal::tests::marker_rejects_duplicates_wrong_types_and_overflow ... ok
#22 96.65 test journal::tests::marker_round_trips_through_the_wire ... ok
#22 96.65 test journal::model::tests::every_schedule_satisfies_the_oracle ... ok
#22 96.65 test journal::tests::non_utf8_link_targets_are_refused_not_lossy_compared ... ok
#22 96.66 test hash::tests::canonical_hash_covers_symlink_target ... ok
#22 96.66 test hash::reference_vector::pinned_tree_vector ... ok
#22 96.66 test hash::tests::canonical_hash_ignores_mtime_but_not_exec_bit ... ok
#22 96.66 test activation::tests::a_corrupt_record_fails_closed ... ok
#22 96.66 test journal::tests::wire_admission_rejects_legacy_versions_and_malformed ... ok
#22 96.66 test ownership::tests::workspace_markers_cannot_be_reinterpreted_as_legacy_module_names ... ok
#22 96.66 test journal::marker::repeated_model::numeric_commit_mutant_fails_the_identical_oracle ... ok
#22 96.66 test paths::tests::canonical_dest_refuses_parent_traversal ... ok
#22 96.66 test hash::tests::tree_hash_is_deterministic_and_content_sensitive ... ok
#22 96.66 test paths::tests::generation_layout ... ok
#22 96.66 test hash::tests::overlay_hash_matches_materialized_staging ... ok
#22 96.66 test paths::tests::hash_is_stable_and_input_sensitive ... ok
#22 96.66 test paths::tests::home_resolution ... ok
#22 96.66 test paths::tests::store_path_format ... ok
#22 96.66 test prior::tests::historical_prior_wire_admits_only_hashes_and_permission_bits ... ok
#22 96.66 test trust::tests::canonical_key_falls_back_to_absolute ... ok
#22 96.66 test journal::tests::non_utf8_destinations_are_refused_at_record ... ok
#22 96.67 test activation::tests::pending_record_round_trips_and_clears ... ok
#22 96.67 test trust::tests::only_an_explicit_y_trusts ... ok
#22 96.67 test trust::tests::prompt_values_with_control_chars_are_escaped ... ok
#22 96.70 test paths::tests::canonical_dest_collapses_spelling_aliases ... ok
#22 96.70 test paths::tests::canonical_dest_resolves_a_symlinked_ancestor ... ok
#22 96.70 test trust::tests::rfc3339_known_instants ... ok
#22 96.70 test trust::tests::sandbox_summary_survives_wrapping_intact ... ok
#22 96.70 test hash::tests::overlay_hash_of_dir_source_matches_staged_tree ... ok
#22 96.71 test trust::tests::gate_blocks_untrusted_repos_without_a_tty ... ok
#22 96.71 test journal::tests::unsafe_metadata_symlinks_never_read_or_chmod_their_referents ... ok
#22 96.71 test generations::tests::manifests_are_strictly_validated ... ok
#22 96.72 test trust::tests::trust_is_keyed_on_canonical_path ... ok
#22 96.73 test journal::tests::legacy_untagged_entries_fail_closed_with_evidence_kept ... ok
#22 96.73 test journal::tests::malformed_entries_fail_closed_into_quarantine ... ok
#22 96.73 test trust::tests::concurrent_adds_keep_both_entries ... ok
#22 96.73 test generations::tests::manifest_roundtrip_and_listing ... ok
#22 96.73 test trust::tests::trust_toml_round_trip ... ok
#22 96.73 test prior::tests::captured_blob_is_private_and_corrupt_bytes_cannot_restore ... ok
#22 96.73 test generations::tests::flip_and_current ... ok
#22 96.73 test trust::tests::remove_forgets_the_repo ... ok
#22 96.73 test journal::tests::user_edit_after_crash_wins ... ok
#22 96.74 test journal::tests::absent_prior_and_symlink_prior_recover ... ok
#22 96.74 test journal::tests::tagged_entries_round_trip_through_the_wire ... ok
#22 96.74 test journal::tests::recovery_cleanup_keeps_the_pinned_journal_after_a_directory_replacement ... ok
#22 96.74 test journal::tests::commit_run_clears_the_window ... ok
#22 96.75 test journal::tests::post_crash_edit_beats_the_landed_mutation ... ok
#22 96.75 test journal::tests::post_crash_sentinel_symlink_is_kept ... ok
#22 96.75 test journal::tests::crash_between_record_and_write_restores_prior ... ok
#22 96.75 test journal::tests::crash_after_write_restores_prior_bytes ... ok
#22 96.76 test journal::tests::crash_after_flip_but_before_cleanup_reads_committed ... ok
#22 96.76 test journal::tests::a_retained_v1_entry_recovers_without_inventing_an_intermediate_state ... ok
#22 96.76 test journal::tests::an_intervening_foreign_edit_cannot_extend_a_journaled_chain ... ok
#22 96.76 test journal::tests::crash_before_flip_restores ... ok
#22 96.76 test journal::tests::recovery_restores_the_exact_mode ... ok
#22 96.78 test journal::marker::repeated_model::exhaustive_independent_destinations_and_two_crashes ... ok
#22 96.79 test journal::tests::crashed_rollback_restores_priors ... ok
#22 96.80 test journal::tests::completed_rollback_reads_committed ... ok
#22 96.81 test generations::tests::publish_is_atomic_and_allocation_monotonic ... ok
#22 96.88 test journal::tests::repeated_destination_mutations_restore_the_run_original_at_both_crash_windows ... ok
#22 96.88 
#22 96.88 test result: ok. 66 passed; 0 failed; 0 ignored; 0 measured; 0 filtered out; finished in 0.23s
#22 96.88 
#22 96.88      Running unittests src/lib.rs (target/debug/deps/gripsack_trace-5f9edfcb191b89c2)
#22 96.88 
#22 96.88 running 0 tests
#22 96.88 
#22 96.88 test result: ok. 0 passed; 0 failed; 0 ignored; 0 measured; 0 filtered out; finished in 0.00s
#22 96.88 
#22 96.88    Doc-tests griplint
#22 96.97 
#22 96.97 running 0 tests
#22 96.97 
#22 96.97 test result: ok. 0 passed; 0 failed; 0 ignored; 0 measured; 0 filtered out; finished in 0.00s
#22 96.97 
#22 96.97    Doc-tests gripsack_buildkit
#22 97.07 
#22 97.07 running 0 tests
#22 97.07 
#22 97.07 test result: ok. 0 passed; 0 failed; 0 ignored; 0 measured; 0 filtered out; finished in 0.00s
#22 97.07 
#22 97.08    Doc-tests gripsack_config
#22 97.13 
#22 97.13 running 0 tests
#22 97.13 
#22 97.13 test result: ok. 0 passed; 0 failed; 0 ignored; 0 measured; 0 filtered out; finished in 0.00s
#22 97.13 
#22 97.14    Doc-tests gripsack_exec
#22 97.29 
#22 97.29 running 0 tests
#22 97.29 
#22 97.29 test result: ok. 0 passed; 0 failed; 0 ignored; 0 measured; 0 filtered out; finished in 0.00s
#22 97.29 
#22 97.30    Doc-tests gripsack_fetch
#22 97.46 
#22 97.46 running 0 tests
#22 97.46 
#22 97.46 test result: ok. 0 passed; 0 failed; 0 ignored; 0 measured; 0 filtered out; finished in 0.00s
#22 97.46 
#22 97.46    Doc-tests gripsack_fs
#22 97.51 
#22 97.51 running 0 tests
#22 97.51 
#22 97.51 test result: ok. 0 passed; 0 failed; 0 ignored; 0 measured; 0 filtered out; finished in 0.00s
#22 97.51 
#22 97.51    Doc-tests gripsack_fuzz
#22 97.56 
#22 97.56 running 0 tests
#22 97.56 
#22 97.56 test result: ok. 0 passed; 0 failed; 0 ignored; 0 measured; 0 filtered out; finished in 0.00s
#22 97.56 
#22 97.57    Doc-tests gripsack_ir
#22 97.99 
#22 97.99 running 0 tests
#22 97.99 
#22 97.99 test result: ok. 0 passed; 0 failed; 0 ignored; 0 measured; 0 filtered out; finished in 0.00s
#22 97.99 
#22 97.99    Doc-tests gripsack_lint
#22 98.04 
#22 98.04 running 0 tests
#22 98.04 
#22 98.04 test result: ok. 0 passed; 0 failed; 0 ignored; 0 measured; 0 filtered out; finished in 0.00s
#22 98.04 
#22 98.05    Doc-tests gripsack_policy
#22 98.20 
#22 98.20 running 0 tests
#22 98.20 
#22 98.20 test result: ok. 0 passed; 0 failed; 0 ignored; 0 measured; 0 filtered out; finished in 0.00s
#22 98.20 
#22 98.21    Doc-tests gripsack_process
#22 98.25 
#22 98.25 running 0 tests
#22 98.25 
#22 98.25 test result: ok. 0 passed; 0 failed; 0 ignored; 0 measured; 0 filtered out; finished in 0.00s
#22 98.25 
#22 98.25    Doc-tests gripsack_store
#22 98.38 
#22 98.38 running 0 tests
#22 98.38 
#22 98.38 test result: ok. 0 passed; 0 failed; 0 ignored; 0 measured; 0 filtered out; finished in 0.00s
#22 98.38 
#22 98.39    Doc-tests gripsack_trace
#22 98.42 
#22 98.42 running 0 tests
#22 98.42 
#22 98.42 test result: ok. 0 passed; 0 failed; 0 ignored; 0 measured; 0 filtered out; finished in 0.00s
#22 98.42 
#22 DONE 98.5s

#23 [test 2/2] RUN apk add --no-cache python3     && cargo package --list -p gripsack-exec | grep -q "embedded_frontend.rs"     && python3 scripts/gen_diagnostic_registry.py --check     && python3 scripts/gen_diagnostic_registry.py --self-check     && python3 scripts/gen_frontend_embed.py --check     && python3 scripts/check_scheduler_loom.py
#23 1.211 ( 1/13) Installing libbz2 (1.0.8-r6)
#23 1.232 ( 2/13) Installing libffi (3.5.2-r1)
#23 1.250 ( 3/13) Installing gdbm (1.26-r0)
#23 1.268 ( 4/13) Installing mpdecimal (4.0.1-r0)
#23 1.287 ( 5/13) Installing ncurses-terminfo-base (6.6_p20260516-r0)
#23 1.313 ( 6/13) Installing libncursesw (6.6_p20260516-r0)
#23 1.340 ( 7/13) Installing libpanelw (6.6_p20260516-r0)
#23 1.356 ( 8/13) Installing readline (8.3.3-r1)
#23 1.379 ( 9/13) Installing sqlite-libs (3.53.4-r0)
#23 1.447 (10/13) Installing python3 (3.14.7-r1)
#23 1.915 (11/13) Installing python3-pycache-pyc0 (3.14.7-r1)
#23 2.214 (12/13) Installing pyc (3.14.7-r1)
#23 2.214 (13/13) Installing python3-pyc (3.14.7-r1)
#23 2.214 Executing busybox-1.37.0-r31.trigger
#23 2.222 OK: 246.6 MiB in 58 packages
#23 2.436 diagnostic registry: 39 unique core codes, 5 frontend allocations; generated files fresh
#23 2.459 calibration: invalid registry version rejected on its named property
#23 2.459 calibration: duplicate diagnostic code rejected on its named property
#23 2.459 calibration: duplicate frontend diagnostic name rejected on its named property
#23 2.459 diagnostic registry calibration: 3 named mutants rejected
#23 2.497 embedded_frontend.rs: fresh (31 files)
#23 2.824 RUNNER_COMMAND=cargo test --locked -p gripsack-exec --features loom-tests --lib schedule::coordination::model::
#23 39.80    Compiling proc-macro2 v1.0.107
#23 39.80    Compiling unicode-ident v1.0.24
#23 39.80    Compiling quote v1.0.47
#23 39.80    Compiling libc v0.2.189
#23 39.80    Compiling find-msvc-tools v0.1.11
#23 39.80    Compiling shlex v2.0.1
#23 39.80    Compiling cfg-if v1.0.4
#23 39.80    Compiling stable_deref_trait v1.2.1
#23 39.80    Compiling once_cell v1.21.4
#23 39.80    Compiling serde_core v1.0.229
#23 39.80    Compiling pkg-config v0.3.34
#23 39.80    Compiling rustix v1.1.4
#23 39.80    Compiling bitflags v2.13.1
#23 39.80    Compiling linux-raw-sys v0.12.1
#23 39.80    Compiling writeable v0.6.4
#23 39.80    Compiling hashbrown v0.17.1
#23 39.80    Compiling log v0.4.34
#23 39.80    Compiling equivalent v1.0.2
#23 39.80    Compiling litemap v0.8.3
#23 39.80    Compiling verus_prettyplease v0.0.0-2026-09-06-0133
#23 39.80    Compiling icu_properties_data v2.3.0
#23 39.80    Compiling smallvec v1.15.2
#23 39.80    Compiling icu_normalizer_data v2.3.0
#23 39.80    Compiling io-lifetimes v2.0.4
#23 39.80    Compiling zeroize v1.9.0
#23 39.80    Compiling zmij v1.0.23
#23 39.80    Compiling utf8_iter v1.0.4
#23 39.80    Compiling io-lifetimes v3.0.1
#23 39.80    Compiling serde v1.0.229
#23 39.80    Compiling memchr v2.8.3
#23 39.80    Compiling io-extras v0.19.0
#23 39.80    Compiling typenum v1.20.1
#23 39.80    Compiling serde_json v1.0.151
#23 39.80    Compiling convert_case v0.4.0
#23 39.80    Compiling vstd v0.0.0-2026-09-06-0133
#23 39.80    Compiling cap-primitives v4.0.3
#23 39.80    Compiling itoa v1.0.18
#23 39.80    Compiling winnow v1.0.4
#23 39.80    Compiling rustls-pki-types v1.15.1
#23 39.80    Compiling verus_builtin v0.0.0-2026-09-06-0133
#23 39.80    Compiling crc32fast v1.5.1
#23 39.80    Compiling thiserror v2.0.20
#23 39.80    Compiling rustversion v1.0.23
#23 39.80    Compiling tracing-core v0.1.36
#23 39.80    Compiling getrandom v0.4.3
#23 39.80    Compiling untrusted v0.9.0
#23 39.80    Compiling cap-std v4.0.3
#23 39.80    Compiling simd-adler32 v0.3.10
#23 39.80    Compiling zstd-safe v7.2.4
#23 39.80    Compiling ambient-authority v0.0.2
#23 39.80    Compiling maybe-owned v0.3.4
#23 39.80    Compiling toml_writer v1.1.2+spec-1.1.0
#23 39.80    Compiling ipnet v2.12.1
#23 39.80    Compiling adler2 v2.0.1
#23 39.80    Compiling rustls v0.23.45
#23 39.80    Compiling regex-syntax v0.8.11
#23 39.80    Compiling const-oid v0.10.2
#23 39.80    Compiling percent-encoding v2.3.2
#23 39.80    Compiling pin-project-lite v0.2.17
#23 39.80    Compiling miniz_oxide v0.8.9
#23 39.80    Compiling libbz2-rs-sys v0.2.5
#23 39.80    Compiling subtle v2.6.1
#23 39.80    Compiling fastrand v2.5.0
#23 39.80    Compiling bumpalo v3.20.3
#23 39.80    Compiling lazy_static v1.5.0
#23 39.80    Compiling form_urlencoded v1.2.2
#23 39.80    Compiling cpufeatures v0.3.0
#23 39.80    Compiling zlib-rs v0.6.7
#23 39.80    Compiling winnow v0.7.15
#23 39.80    Compiling sharded-slab v0.1.7
#23 39.80    Compiling webpki-roots v1.0.9
#23 39.80    Compiling toml_parser v1.1.3+spec-1.1.0
#23 39.80    Compiling thread_local v1.1.10
#23 39.80    Compiling openssl-probe v0.2.1
#23 39.80    Compiling webpki-roots v0.26.11
#23 39.80    Compiling base64 v0.22.1
#23 39.80    Compiling nu-ansi-term v0.50.3
#23 39.80    Compiling typed-path v0.12.3
#23 39.80    Compiling httpdate v1.0.3
#23 39.80    Compiling scoped-tls v1.0.1
#23 39.80    Compiling indexmap v2.14.0
#23 39.80    Compiling zopfli v0.8.3
#23 39.80    Compiling tracing-log v0.2.0
#23 39.80    Compiling rustls-native-certs v0.8.4
#23 39.80    Compiling bzip2 v0.6.1
#23 39.80    Compiling hybrid-array v0.4.14
#23 39.80    Compiling syn v2.0.119
#23 39.80    Compiling syn v3.0.4
#23 39.80    Compiling verus_syn v0.0.0-2026-09-06-0133
#23 39.80    Compiling jobserver v0.1.35
#23 39.80    Compiling getrandom v0.2.17
#23 39.80    Compiling filetime v0.2.29
#23 39.80    Compiling gripsack-process v0.42.0 (/tmp/gripsack-loom-0he_vwin/source/crates/gripsack-process)
#23 39.80    Compiling cc v1.4.4
#23 39.80    Compiling regex-automata v0.4.18
#23 39.80    Compiling crypto-common v0.2.2
#23 39.80    Compiling block-buffer v0.12.1
#23 39.80    Compiling digest v0.11.3
#23 39.80    Compiling sha2 v0.11.0
#23 39.80    Compiling ring v0.17.14
#23 39.80    Compiling zstd-sys v2.0.16+zstd.1.5.7
#23 39.80    Compiling serde_spanned v1.1.1
#23 39.80    Compiling lzma-sys v0.1.20
#23 39.80    Compiling toml_datetime v0.7.5+spec-1.1.0
#23 39.80    Compiling generator v0.8.10
#23 39.80    Compiling toml_datetime v1.1.1+spec-1.1.0
#23 39.80    Compiling toml v0.9.12+spec-1.1.0
#23 39.80    Compiling toml v1.1.4+spec-1.1.0
#23 39.80    Compiling flate2 v1.1.9
#23 39.80    Compiling fs-set-times v0.20.3
#23 39.80    Compiling rustix-linux-procfs v0.1.1
#23 39.80    Compiling xattr v1.6.1
#23 39.80    Compiling tempfile v3.27.0
#23 39.80    Compiling matchers v0.2.0
#23 39.80    Compiling xz2 v0.1.7
#23 39.80    Compiling tar v0.4.46
#23 39.80    Compiling zerovec-derive v0.11.6
#23 39.80    Compiling displaydoc v0.2.7
#23 39.80    Compiling serde_derive v1.0.229
#23 39.80    Compiling thiserror-impl v2.0.20
#23 39.80    Compiling gripsack-fs v0.42.0 (/tmp/gripsack-loom-0he_vwin/source/crates/gripsack-fs)
#23 39.80    Compiling synstructure v0.13.2
#23 39.80    Compiling rustls-webpki v0.103.15
#23 39.80    Compiling zstd v0.13.3
#23 39.80    Compiling zip v8.6.0
#23 39.80    Compiling zerofrom-derive v0.1.7
#23 39.80    Compiling yoke-derive v0.8.2
#23 39.80    Compiling tracing-attributes v0.1.31
#23 39.80    Compiling zerofrom v0.1.8
#23 39.80    Compiling tracing v0.1.44
#23 39.80    Compiling yoke v0.8.3
#23 39.80    Compiling tracing-subscriber v0.3.23
#23 39.80    Compiling zerovec v0.11.8
#23 39.80    Compiling zerotrie v0.2.5
#23 39.80    Compiling verus_state_machines_macros v0.0.0-2026-09-06-0133
#23 39.80    Compiling verus_builtin_macros v0.0.0-2026-09-06-0133
#23 39.80    Compiling tinystr v0.8.4
#23 39.80    Compiling potential_utf v0.1.6
#23 39.80    Compiling icu_collections v2.3.0
#23 39.80    Compiling icu_locale_core v2.3.0
#23 39.80    Compiling loom v0.7.2
#23 39.80    Compiling icu_provider v2.3.1
#23 39.80    Compiling icu_normalizer v2.3.0
#23 39.80    Compiling icu_properties v2.3.0
#23 39.80    Compiling idna_adapter v1.2.2
#23 39.80    Compiling idna v1.1.0
#23 39.80    Compiling url v2.5.8
#23 39.80    Compiling ureq v2.12.1
#23 39.80    Compiling gripsack-policy v0.42.0 (/tmp/gripsack-loom-0he_vwin/source/crates/gripsack-policy)
#23 39.80    Compiling gripsack-ir v0.42.0 (/tmp/gripsack-loom-0he_vwin/source/crates/gripsack-ir)
#23 39.80    Compiling gripsack-store v0.42.0 (/tmp/gripsack-loom-0he_vwin/source/crates/gripsack-store)
#23 39.80    Compiling gripsack-config v0.42.0 (/tmp/gripsack-loom-0he_vwin/source/crates/gripsack-config)
#23 39.80    Compiling gripsack-fetch v0.42.0 (/tmp/gripsack-loom-0he_vwin/source/crates/gripsack-fetch)
#23 39.80    Compiling gripsack-exec v0.42.0 (/tmp/gripsack-loom-0he_vwin/source/crates/gripsack-exec)
#23 39.80     Finished `test` profile [unoptimized + debuginfo] target(s) in 36.93s
#23 39.80      Running unittests src/lib.rs (/tmp/gripsack-loom-0he_vwin/target/debug/deps/gripsack_exec-cdf4089161a5c5c5)
#23 39.80 
#23 39.80 running 3 tests
#23 39.80 test schedule::coordination::model::panic_completes_once_and_wakes_waiters ... ok
#23 39.80 test schedule::coordination::model::failure_latches_and_drains_without_lost_notification ... ok
#23 39.80 test schedule::coordination::model::diamond_completion_wakes_waiters_and_publishes_dependencies ... ok
#23 39.80 
#23 39.80 test result: ok. 3 passed; 0 failed; 0 ignored; 0 measured; 52 filtered out; finished in 0.06s
#23 39.80 
#23 39.80 
#23 39.80 LOOM_SCHEDULER=3
#23 39.81 RUNNER_COMMAND=cargo test --locked -p gripsack-exec --features loom-tests --lib schedule::coordination::model::diamond_completion_wakes_waiters_and_publishes_dependencies
#23 44.28    Compiling gripsack-exec v0.42.0 (/tmp/gripsack-loom-0he_vwin/source/crates/gripsack-exec)
#23 44.28     Finished `test` profile [unoptimized + debuginfo] target(s) in 4.22s
#23 44.28      Running unittests src/lib.rs (/tmp/gripsack-loom-0he_vwin/target/debug/deps/gripsack_exec-cdf4089161a5c5c5)
#23 44.28 
#23 44.28 running 1 test
#23 44.28 
#23 44.28 thread 'schedule::coordination::model::diamond_completion_wakes_waiters_and_publishes_dependencies' (4054) panicked at /usr/local/cargo/registry/src/index.crates.io-1949cf8c6b5b557f/loom-0.7.2/src/rt/execution.rs:216:13:
#23 44.28 deadlock; threads = [(Id(0), Blocked(Location(None))), (Id(1), Terminated), (Id(2), Blocked(Location(None)))]
#23 44.28 note: run with `RUST_BACKTRACE=1` environment variable to display a backtrace
#23 44.28 
#23 44.28 thread 'schedule::coordination::model::diamond_completion_wakes_waiters_and_publishes_dependencies' (4054) panicked at /usr/local/cargo/registry/src/index.crates.io-1949cf8c6b5b557f/loom-0.7.2/src/rt/thread.rs:276:39:
#23 44.28 called `Option::unwrap()` on a `None` value
#23 44.28 stack backtrace:
#23 44.28    0:     0x71cef55a36a1 - std[f4f322d5fb81df6e]::backtrace_rs::backtrace::libunwind::trace
#23 44.28                                at /rustc/88d9e12ae178fab0fb5cc050a94da85685d449ea/library/std/src/../../backtrace/src/backtrace/libunwind.rs:117:9
#23 44.28    1:     0x71cef55a36a1 - std[f4f322d5fb81df6e]::backtrace_rs::backtrace::trace_unsynchronized::<std[f4f322d5fb81df6e]::sys::backtrace::_print_fmt::{closure#1}>
#23 44.28                                at /rustc/88d9e12ae178fab0fb5cc050a94da85685d449ea/library/std/src/../../backtrace/src/backtrace/mod.rs:66:14
#23 44.28    2:     0x71cef55a36a1 - std[f4f322d5fb81df6e]::sys::backtrace::_print_fmt
#23 44.28                                at /rustc/88d9e12ae178fab0fb5cc050a94da85685d449ea/library/std/src/sys/backtrace.rs:74:9
#23 44.28    3:     0x71cef55a36a1 - <<std[f4f322d5fb81df6e]::sys::backtrace::BacktraceLock>::print::DisplayBacktrace as core[5d33459993e3d723]::fmt::Display>::fmt
#23 44.28                                at /rustc/88d9e12ae178fab0fb5cc050a94da85685d449ea/library/std/src/sys/backtrace.rs:44:26
#23 44.28    4:     0x71cef55d8aaa - <core[5d33459993e3d723]::fmt::rt::Argument>::fmt
#23 44.28                                at /rustc/88d9e12ae178fab0fb5cc050a94da85685d449ea/library/core/src/fmt/rt.rs:152:76
#23 44.28    5:     0x71cef55d8aaa - core[5d33459993e3d723]::fmt::write
#23 44.28    6:     0x71cef55a90ec - std[f4f322d5fb81df6e]::io::default_write_fmt::<alloc[f3282932177de6b4]::vec::Vec<u8>>
#23 44.28                                at /rustc/88d9e12ae178fab0fb5cc050a94da85685d449ea/library/std/src/io/mod.rs:626:11
#23 44.28    7:     0x71cef55a90ec - <alloc[f3282932177de6b4]::vec::Vec<u8> as std[f4f322d5fb81df6e]::io::Write>::write_fmt
#23 44.28                                at /rustc/88d9e12ae178fab0fb5cc050a94da85685d449ea/library/std/src/io/mod.rs:1730:13
#23 44.28    8:     0x71cef557de82 - <std[f4f322d5fb81df6e]::sys::backtrace::BacktraceLock>::print
#23 44.28                                at /rustc/88d9e12ae178fab0fb5cc050a94da85685d449ea/library/std/src/sys/backtrace.rs:47:9
#23 44.28    9:     0x71cef557de82 - std[f4f322d5fb81df6e]::panicking::default_hook::{closure#0}
#23 44.28                                at /rustc/88d9e12ae178fab0fb5cc050a94da85685d449ea/library/std/src/panicking.rs:292:27
#23 44.28   10:     0x71cef5599b34 - std[f4f322d5fb81df6e]::panicking::default_hook
#23 44.28                                at /rustc/88d9e12ae178fab0fb5cc050a94da85685d449ea/library/std/src/panicking.rs:316:9
#23 44.28   11:     0x71cef4c48db0 - <alloc[f3282932177de6b4]::boxed::Box<dyn for<'a, 'b> core[5d33459993e3d723]::ops::function::Fn<(&'a std[f4f322d5fb81df6e]::panic::PanicHookInfo<'b>,), Output = ()> + core[5d33459993e3d723]::marker::Send + core[5d33459993e3d723]::marker::Sync> as core[5d33459993e3d723]::ops::function::Fn<(&std[f4f322d5fb81df6e]::panic::PanicHookInfo,)>>::call
#23 44.28                                at /rustc/88d9e12ae178fab0fb5cc050a94da85685d449ea/library/alloc/src/boxed.rs:2333:9
#23 44.28   12:     0x71cef4c48db0 - test[4256d8fa28ac835e]::test_main_inner::<test[4256d8fa28ac835e]::test_main_static::{closure#0}>::{closure#0}
#23 44.28                                at /rustc/88d9e12ae178fab0fb5cc050a94da85685d449ea/library/test/src/lib.rs:155:21
#23 44.28   13:     0x71cef4ccd543 - <alloc[f3282932177de6b4]::boxed::Box<dyn for<'a, 'b> core[5d33459993e3d723]::ops::function::Fn<(&'a std[f4f322d5fb81df6e]::panic::PanicHookInfo<'b>,), Output = ()> + core[5d33459993e3d723]::marker::Send + core[5d33459993e3d723]::marker::Sync> as core[5d33459993e3d723]::ops::function::Fn<(&std[f4f322d5fb81df6e]::panic::PanicHookInfo,)>>::call
#23 44.28                                at /rustc/88d9e12ae178fab0fb5cc050a94da85685d449ea/library/alloc/src/boxed.rs:2333:9
#23 44.28   14:     0x71cef4cc8b14 - generator[87b94d97073f9995]::detail::gen::catch_unwind_filter::<generator[87b94d97073f9995]::detail::gen::gen_init_impl::{closure#0}, ()>::{closure#0}::{closure#0}
#23 44.28                                at /usr/local/cargo/registry/src/index.crates.io-1949cf8c6b5b557f/generator-0.8.10/src/detail/gen.rs:19:13
#23 44.28   15:     0x71cef5599e62 - <alloc[f3282932177de6b4]::boxed::Box<dyn for<'a, 'b> core[5d33459993e3d723]::ops::function::Fn<(&'a std[f4f322d5fb81df6e]::panic::PanicHookInfo<'b>,), Output = ()> + core[5d33459993e3d723]::marker::Send + core[5d33459993e3d723]::marker::Sync> as core[5d33459993e3d723]::ops::function::Fn<(&std[f4f322d5fb81df6e]::panic::PanicHookInfo,)>>::call
#23 44.28                                at /rustc/88d9e12ae178fab0fb5cc050a94da85685d449ea/library/alloc/src/boxed.rs:2333:9
#23 44.28   16:     0x71cef5599e62 - std[f4f322d5fb81df6e]::panicking::panic_with_hook
#23 44.28                                at /rustc/88d9e12ae178fab0fb5cc050a94da85685d449ea/library/std/src/panicking.rs:823:13
#23 44.28   17:     0x71cef557df64 - std[f4f322d5fb81df6e]::panicking::panic_handler::{closure#0}
#23 44.28                                at /rustc/88d9e12ae178fab0fb5cc050a94da85685d449ea/library/std/src/panicking.rs:681:13
#23 44.28   18:     0x71cef5575369 - std[f4f322d5fb81df6e]::sys::backtrace::__rust_end_short_backtrace::<std[f4f322d5fb81df6e]::panicking::panic_handler::{closure#0}, !>
#23 44.28                                at /rustc/88d9e12ae178fab0fb5cc050a94da85685d449ea/library/std/src/sys/backtrace.rs:182:18
#23 44.28   19:     0x71cef557f03d - __rustc[4b1ee1ef74718a7b]::rust_begin_unwind
#23 44.28                                at /rustc/88d9e12ae178fab0fb5cc050a94da85685d449ea/library/std/src/panicking.rs:679:5
#23 44.28   20:     0x71cef4aaebac - core[5d33459993e3d723]::panicking::panic_fmt
#23 44.28                                at /rustc/88d9e12ae178fab0fb5cc050a94da85685d449ea/library/core/src/panicking.rs:80:14
#23 44.28   21:     0x71cef4aaeb72 - core[5d33459993e3d723]::panicking::panic
#23 44.28                                at /rustc/88d9e12ae178fab0fb5cc050a94da85685d449ea/library/core/src/panicking.rs:150:5
#23 44.28   22:     0x71cef4aae899 - core[5d33459993e3d723]::option::unwrap_failed
#23 44.28                                at /rustc/88d9e12ae178fab0fb5cc050a94da85685d449ea/library/core/src/option.rs:2251:5
#23 44.28   23:     0x71cef4ca000d - <core[5d33459993e3d723]::option::Option<usize>>::unwrap
#23 44.28                                at /rustc/88d9e12ae178fab0fb5cc050a94da85685d449ea/library/core/src/option.rs:1014:21
#23 44.28   24:     0x71cef4ca000d - <loom[c97bddb326b4e68f]::rt::thread::Set>::active_mut
#23 44.28                                at /usr/local/cargo/registry/src/index.crates.io-1949cf8c6b5b557f/loom-0.7.2/src/rt/thread.rs:276:39
#23 44.28   25:     0x71cef4cac095 - <loom[c97bddb326b4e68f]::rt::object::Ref<loom[c97bddb326b4e68f]::rt::arc::State>>::set_action
#23 44.28                                at /usr/local/cargo/registry/src/index.crates.io-1949cf8c6b5b557f/loom-0.7.2/src/rt/object.rs:387:27
#23 44.28   26:     0x71cef4ca9b88 - <loom[c97bddb326b4e68f]::rt::object::Ref<loom[c97bddb326b4e68f]::rt::arc::State>>::branch_action::<loom[c97bddb326b4e68f]::rt::arc::Action>::{closure#0}
#23 44.28                                at /usr/local/cargo/registry/src/index.crates.io-1949cf8c6b5b557f/loom-0.7.2/src/rt/object.rs:354:18
#23 44.28   27:     0x71cef4c846bc - loom[c97bddb326b4e68f]::rt::branch::<<loom[c97bddb326b4e68f]::rt::object::Ref<loom[c97bddb326b4e68f]::rt::arc::State>>::branch_action<loom[c97bddb326b4e68f]::rt::arc::Action>::{closure#0}, ()>::{closure#0}
#23 44.28                                at /usr/local/cargo/registry/src/index.crates.io-1949cf8c6b5b557f/loom-0.7.2/src/rt/mod.rs:122:19
#23 44.28   28:     0x71cef4c80131 - <loom[c97bddb326b4e68f]::rt::scheduler::Scheduler>::with_execution::<loom[c97bddb326b4e68f]::rt::branch<<loom[c97bddb326b4e68f]::rt::object::Ref<loom[c97bddb326b4e68f]::rt::arc::State>>::branch_action<loom[c97bddb326b4e68f]::rt::arc::Action>::{closure#0}, ()>::{closure#0}, ((), bool)>::{closure#0}
#23 44.28                                at /usr/local/cargo/registry/src/index.crates.io-1949cf8c6b5b557f/loom-0.7.2/src/rt/scheduler.rs:43:34
#23 44.28   29:     0x71cef4c7e1ce - <loom[c97bddb326b4e68f]::rt::scheduler::Scheduler>::with_state::<<loom[c97bddb326b4e68f]::rt::scheduler::Scheduler>::with_execution<loom[c97bddb326b4e68f]::rt::branch<<loom[c97bddb326b4e68f]::rt::object::Ref<loom[c97bddb326b4e68f]::rt::arc::State>>::branch_action<loom[c97bddb326b4e68f]::rt::arc::Action>::{closure#0}, ()>::{closure#0}, ((), bool)>::{closure#0}, ((), bool)>::{closure#0}
#23 44.28                                at /usr/local/cargo/registry/src/index.crates.io-1949cf8c6b5b557f/loom-0.7.2/src/rt/scheduler.rs:131:28
#23 44.28   30:     0x71cef4c81021 - <scoped_tls[87e03fecbc1fc0b7]::ScopedKey<core[5d33459993e3d723]::cell::RefCell<loom[c97bddb326b4e68f]::rt::scheduler::State>>>::with::<<loom[c97bddb326b4e68f]::rt::scheduler::Scheduler>::with_state<<loom[c97bddb326b4e68f]::rt::scheduler::Scheduler>::with_execution<loom[c97bddb326b4e68f]::rt::branch<<loom[c97bddb326b4e68f]::rt::object::Ref<loom[c97bddb326b4e68f]::rt::arc::State>>::branch_action<loom[c97bddb326b4e68f]::rt::arc::Action>::{closure#0}, ()>::{closure#0}, ((), bool)>::{closure#0}, ((), bool)>::{closure#0}, ((), bool)>
#23 44.28                                at /usr/local/cargo/registry/src/index.crates.io-1949cf8c6b5b557f/scoped-tls-1.0.1/src/lib.rs:171:13
#23 44.28   31:     0x71cef4c7c67e - <loom[c97bddb326b4e68f]::rt::scheduler::Scheduler>::with_state::<<loom[c97bddb326b4e68f]::rt::scheduler::Scheduler>::with_execution<loom[c97bddb326b4e68f]::rt::branch<<loom[c97bddb326b4e68f]::rt::object::Ref<loom[c97bddb326b4e68f]::rt::arc::State>>::branch_action<loom[c97bddb326b4e68f]::rt::arc::Action>::{closure#0}, ()>::{closure#0}, ((), bool)>::{closure#0}, ((), bool)>
#23 44.28                                at /usr/local/cargo/registry/src/index.crates.io-1949cf8c6b5b557f/loom-0.7.2/src/rt/scheduler.rs:131:15
#23 44.28   32:     0x71cef4c7dbb6 - <loom[c97bddb326b4e68f]::rt::scheduler::Scheduler>::with_execution::<loom[c97bddb326b4e68f]::rt::branch<<loom[c97bddb326b4e68f]::rt::object::Ref<loom[c97bddb326b4e68f]::rt::arc::State>>::branch_action<loom[c97bddb326b4e68f]::rt::arc::Action>::{closure#0}, ()>::{closure#0}, ((), bool)>
#23 44.28                                at /usr/local/cargo/registry/src/index.crates.io-1949cf8c6b5b557f/loom-0.7.2/src/rt/scheduler.rs:43:9
#23 44.28   33:     0x71cef4c83a56 - loom[c97bddb326b4e68f]::rt::execution::<loom[c97bddb326b4e68f]::rt::branch<<loom[c97bddb326b4e68f]::rt::object::Ref<loom[c97bddb326b4e68f]::rt::arc::State>>::branch_action<loom[c97bddb326b4e68f]::rt::arc::Action>::{closure#0}, ()>::{closure#0}, ((), bool)>
#23 44.28                                at /usr/local/cargo/registry/src/index.crates.io-1949cf8c6b5b557f/loom-0.7.2/src/rt/mod.rs:174:5
#23 44.28   34:     0x71cef4c83759 - loom[c97bddb326b4e68f]::rt::branch::<<loom[c97bddb326b4e68f]::rt::object::Ref<loom[c97bddb326b4e68f]::rt::arc::State>>::branch_action<loom[c97bddb326b4e68f]::rt::arc::Action>::{closure#0}, ()>
#23 44.28                                at /usr/local/cargo/registry/src/index.crates.io-1949cf8c6b5b557f/loom-0.7.2/src/rt/mod.rs:121:25
#23 44.28   35:     0x71cef4ca9468 - <loom[c97bddb326b4e68f]::rt::object::Ref<loom[c97bddb326b4e68f]::rt::arc::State>>::branch_action::<loom[c97bddb326b4e68f]::rt::arc::Action>
#23 44.28                                at /usr/local/cargo/registry/src/index.crates.io-1949cf8c6b5b557f/loom-0.7.2/src/rt/object.rs:351:9
#23 44.28   36:     0x71cef4ca7380 - <loom[c97bddb326b4e68f]::rt::arc::Arc>::branch
#23 44.28                                at /usr/local/cargo/registry/src/index.crates.io-1949cf8c6b5b557f/loom-0.7.2/src/rt/arc.rs:160:11
#23 44.28   37:     0x71cef4ca7422 - <loom[c97bddb326b4e68f]::rt::arc::Arc>::ref_dec
#23 44.28                                at /usr/local/cargo/registry/src/index.crates.io-1949cf8c6b5b557f/loom-0.7.2/src/rt/arc.rs:113:14
#23 44.28   38:     0x71cef4b1a7f8 - <loom[c97bddb326b4e68f]::sync::arc::Arc<alloc[f3282932177de6b4]::vec::Vec<loom[c97bddb326b4e68f]::sync::atomic::int::AtomicUsize>> as core[5d33459993e3d723]::ops::drop::Drop>::drop
#23 44.28                                at /usr/local/cargo/registry/src/index.crates.io-1949cf8c6b5b557f/loom-0.7.2/src/sync/arc.rs:247:21
#23 44.28   39:     0x71cef4b135ba - core[5d33459993e3d723]::ptr::drop_glue::<loom[c97bddb326b4e68f]::sync::arc::Arc<alloc[f3282932177de6b4]::vec::Vec<loom[c97bddb326b4e68f]::sync::atomic::int::AtomicUsize>>>
#23 44.28                                at /rustc/88d9e12ae178fab0fb5cc050a94da85685d449ea/library/core/src/ptr/mod.rs:823:1
#23 44.28   40:     0x71cef4b23e1b - gripsack_exec[5c66142f6d82a231]::schedule::coordination::model::explore::{closure#0}
#23 44.28                                at /tmp/gripsack-loom-0he_vwin/source/crates/gripsack-exec/src/schedule/coordination_model.rs:87:5
#23 44.28   41:     0x71cef4c30901 - <loom[c97bddb326b4e68f]::model::Builder>::check::<gripsack_exec[5c66142f6d82a231]::schedule::coordination::model::explore::{closure#0}>::{closure#0}
#23 44.28                                at /usr/local/cargo/registry/src/index.crates.io-1949cf8c6b5b557f/loom-0.7.2/src/model.rs:194:17
#23 44.28   42:     0x71cef4b16e91 - <<loom[c97bddb326b4e68f]::model::Builder>::check<gripsack_exec[5c66142f6d82a231]::schedule::coordination::model::explore::{closure#0}>::{closure#0} as core[5d33459993e3d723]::ops::function::FnOnce<()>>::call_once::{shim:vtable#0}
#23 44.28                                at /rustc/88d9e12ae178fab0fb5cc050a94da85685d449ea/library/core/src/ops/function.rs:250:5
#23 44.28   43:     0x71cef4c92eb8 - <alloc[f3282932177de6b4]::boxed::Box<dyn core[5d33459993e3d723]::ops::function::FnOnce<(), Output = ()>> as core[5d33459993e3d723]::ops::function::FnOnce<()>>::call_once
#23 44.28                                at /rustc/88d9e12ae178fab0fb5cc050a94da85685d449ea/library/alloc/src/boxed.rs:2319:9
#23 44.28   44:     0x71cef4c807bb - loom[c97bddb326b4e68f]::rt::scheduler::spawn_thread::{closure#0}
#23 44.28                                at /usr/local/cargo/registry/src/index.crates.io-1949cf8c6b5b557f/loom-0.7.2/src/rt/scheduler.rs:142:17
#23 44.28   45:     0x71cef4c98f4e - <loom[c97bddb326b4e68f]::rt::scheduler::spawn_thread::{closure#0} as core[5d33459993e3d723]::ops::function::FnOnce<()>>::call_once
#23 44.28                                at /rustc/88d9e12ae178fab0fb5cc050a94da85685d449ea/library/core/src/ops/function.rs:250:5
#23 44.28   46:     0x71cef4c956f2 - <generator[87b94d97073f9995]::gen_impl::GeneratorImpl<core[5d33459993e3d723]::option::Option<alloc[f3282932177de6b4]::boxed::Box<dyn core[5d33459993e3d723]::ops::function::FnOnce<(), Output = ()>>>, ()>>::init_code::<loom[c97bddb326b4e68f]::rt::scheduler::spawn_thread::{closure#0}>::{closure#0}
#23 44.28                                at /usr/local/cargo/registry/src/index.crates.io-1949cf8c6b5b557f/generator-0.8.10/src/gen_impl.rs:357:21
#23 44.28   47:     0x71cef4c89f11 - <generator[87b94d97073f9995]::stack::StackBox<<generator[87b94d97073f9995]::gen_impl::GeneratorImpl<core[5d33459993e3d723]::option::Option<alloc[f3282932177de6b4]::boxed::Box<dyn core[5d33459993e3d723]::ops::function::FnOnce<(), Output = ()>>>, ()>>::init_code<loom[c97bddb326b4e68f]::rt::scheduler::spawn_thread::{closure#0}>::{closure#0}>>::call_once
#23 44.28                                at /usr/local/cargo/registry/src/index.crates.io-1949cf8c6b5b557f/generator-0.8.10/src/stack/mod.rs:137:13
#23 44.28   48:     0x71cef4cca67d - <generator[87b94d97073f9995]::stack::Func>::call_once
#23 44.28                                at /usr/local/cargo/registry/src/index.crates.io-1949cf8c6b5b557f/generator-0.8.10/src/stack/mod.rs:119:9
#23 44.28   49:     0x71cef4cc8c6e - generator[87b94d97073f9995]::detail::gen::gen_init_impl::{closure#0}
#23 44.28                                at /usr/local/cargo/registry/src/index.crates.io-1949cf8c6b5b557f/generator-0.8.10/src/detail/gen.rs:35:14
#23 44.28   50:     0x71cef4ccd6b3 - <generator[87b94d97073f9995]::detail::gen::gen_init_impl::{closure#0} as core[5d33459993e3d723]::ops::function::FnOnce<()>>::call_once
#23 44.28                                at /rustc/88d9e12ae178fab0fb5cc050a94da85685d449ea/library/core/src/ops/function.rs:250:5
#23 44.28   51:     0x71cef4cc8795 - std[f4f322d5fb81df6e]::panicking::catch_unwind::do_call::<generator[87b94d97073f9995]::detail::gen::gen_init_impl::{closure#0}, ()>
#23 44.28                                at /rustc/88d9e12ae178fab0fb5cc050a94da85685d449ea/library/std/src/panicking.rs:576:43
#23 44.28   52:     0x71cef4ccd87b - __rust_try
#23 44.28   53:     0x71cef4cc7c76 - std[f4f322d5fb81df6e]::panicking::catch_unwind::<(), generator[87b94d97073f9995]::detail::gen::gen_init_impl::{closure#0}>
#23 44.28                                at /rustc/88d9e12ae178fab0fb5cc050a94da85685d449ea/library/std/src/panicking.rs:544:19
#23 44.28   54:     0x71cef4cc7c76 - std[f4f322d5fb81df6e]::panic::catch_unwind::<generator[87b94d97073f9995]::detail::gen::gen_init_impl::{closure#0}, ()>
#23 44.28                                at /rustc/88d9e12ae178fab0fb5cc050a94da85685d449ea/library/std/src/panic.rs:359:14
#23 44.28   55:     0x71cef4cc849d - generator[87b94d97073f9995]::detail::gen::catch_unwind_filter::<generator[87b94d97073f9995]::detail::gen::gen_init_impl::{closure#0}, ()>
#23 44.28                                at /usr/local/cargo/registry/src/index.crates.io-1949cf8c6b5b557f/generator-0.8.10/src/detail/gen.rs:23:5
#23 44.28   56:     0x71cef4ccb577 - generator[87b94d97073f9995]::detail::gen::gen_init_impl
#23 44.28                                at /usr/local/cargo/registry/src/index.crates.io-1949cf8c6b5b557f/generator-0.8.10/src/detail/gen.rs:50:25
#23 44.28   57:     0x71cef4ccb543 - generator[87b94d97073f9995]::detail::asm::gen_init
#23 44.28                                at /usr/local/cargo/registry/src/index.crates.io-1949cf8c6b5b557f/generator-0.8.10/src/detail/x86_64_unix.rs:8:5
#23 44.28 
#23 44.28 thread 'schedule::coordination::model::diamond_completion_wakes_waiters_and_publishes_dependencies' (4054) panicked at /rustc/88d9e12ae178fab0fb5cc050a94da85685d449ea/library/core/src/panicking.rs:233:5:
#23 44.28 panic in a destructor during cleanup
#23 44.28 thread caused non-unwinding panic. aborting.
#23 44.28 error: test failed, to rerun pass `-p gripsack-exec --lib`
#23 44.28 
#23 44.28 Caused by:
#23 44.28   process didn't exit successfully: `/tmp/gripsack-loom-0he_vwin/target/debug/deps/gripsack_exec-cdf4089161a5c5c5 'schedule::coordination::model::diamond_completion_wakes_waiters_and_publishes_dependencies'` (signal: 6, SIGABRT: process abort signal)
#23 44.28 
#23 44.28 calibration: missing-notification rejected by Loom waiter deadlock
#23 44.28 RUNNER_COMMAND=cargo test --locked -p gripsack-exec --features loom-tests --lib schedule::coordination::model::diamond_completion_wakes_waiters_and_publishes_dependencies
#23 47.74    Compiling gripsack-exec v0.42.0 (/tmp/gripsack-loom-0he_vwin/source/crates/gripsack-exec)
#23 47.74     Finished `test` profile [unoptimized + debuginfo] target(s) in 3.22s
#23 47.74      Running unittests src/lib.rs (/tmp/gripsack-loom-0he_vwin/target/debug/deps/gripsack_exec-cdf4089161a5c5c5)
#23 47.74 
#23 47.74 running 1 test
#23 47.74 
#23 47.74 thread 'schedule::coordination::model::diamond_completion_wakes_waiters_and_publishes_dependencies' (4333) panicked at /usr/local/cargo/registry/src/index.crates.io-1949cf8c6b5b557f/loom-0.7.2/src/rt/execution.rs:216:13:
#23 47.74 deadlock; threads = [(Id(0), Blocked(Location(None))), (Id(1), Blocked(Location(None))), (Id(2), Blocked(Location(None)))]
#23 47.74 note: run with `RUST_BACKTRACE=1` environment variable to display a backtrace
#23 47.74 
#23 47.74 thread 'schedule::coordination::model::diamond_completion_wakes_waiters_and_publishes_dependencies' (4333) panicked at /usr/local/cargo/registry/src/index.crates.io-1949cf8c6b5b557f/loom-0.7.2/src/rt/thread.rs:276:39:
#23 47.74 called `Option::unwrap()` on a `None` value
#23 47.74 stack backtrace:
#23 47.74    0:     0x7e752ced7d61 - std[f4f322d5fb81df6e]::backtrace_rs::backtrace::libunwind::trace
#23 47.74                                at /rustc/88d9e12ae178fab0fb5cc050a94da85685d449ea/library/std/src/../../backtrace/src/backtrace/libunwind.rs:117:9
#23 47.74    1:     0x7e752ced7d61 - std[f4f322d5fb81df6e]::backtrace_rs::backtrace::trace_unsynchronized::<std[f4f322d5fb81df6e]::sys::backtrace::_print_fmt::{closure#1}>
#23 47.74                                at /rustc/88d9e12ae178fab0fb5cc050a94da85685d449ea/library/std/src/../../backtrace/src/backtrace/mod.rs:66:14
#23 47.74    2:     0x7e752ced7d61 - std[f4f322d5fb81df6e]::sys::backtrace::_print_fmt
#23 47.74                                at /rustc/88d9e12ae178fab0fb5cc050a94da85685d449ea/library/std/src/sys/backtrace.rs:74:9
#23 47.74    3:     0x7e752ced7d61 - <<std[f4f322d5fb81df6e]::sys::backtrace::BacktraceLock>::print::DisplayBacktrace as core[5d33459993e3d723]::fmt::Display>::fmt
#23 47.74                                at /rustc/88d9e12ae178fab0fb5cc050a94da85685d449ea/library/std/src/sys/backtrace.rs:44:26
#23 47.74    4:     0x7e752cf0d16a - <core[5d33459993e3d723]::fmt::rt::Argument>::fmt
#23 47.74                                at /rustc/88d9e12ae178fab0fb5cc050a94da85685d449ea/library/core/src/fmt/rt.rs:152:76
#23 47.74    5:     0x7e752cf0d16a - core[5d33459993e3d723]::fmt::write
#23 47.74    6:     0x7e752cedd7ac - std[f4f322d5fb81df6e]::io::default_write_fmt::<alloc[f3282932177de6b4]::vec::Vec<u8>>
#23 47.74                                at /rustc/88d9e12ae178fab0fb5cc050a94da85685d449ea/library/std/src/io/mod.rs:626:11
#23 47.74    7:     0x7e752cedd7ac - <alloc[f3282932177de6b4]::vec::Vec<u8> as std[f4f322d5fb81df6e]::io::Write>::write_fmt
#23 47.74                                at /rustc/88d9e12ae178fab0fb5cc050a94da85685d449ea/library/std/src/io/mod.rs:1730:13
#23 47.74    8:     0x7e752ceb2542 - <std[f4f322d5fb81df6e]::sys::backtrace::BacktraceLock>::print
#23 47.74                                at /rustc/88d9e12ae178fab0fb5cc050a94da85685d449ea/library/std/src/sys/backtrace.rs:47:9
#23 47.74    9:     0x7e752ceb2542 - std[f4f322d5fb81df6e]::panicking::default_hook::{closure#0}
#23 47.74                                at /rustc/88d9e12ae178fab0fb5cc050a94da85685d449ea/library/std/src/panicking.rs:292:27
#23 47.74   10:     0x7e752cece1f4 - std[f4f322d5fb81df6e]::panicking::default_hook
#23 47.74                                at /rustc/88d9e12ae178fab0fb5cc050a94da85685d449ea/library/std/src/panicking.rs:316:9
#23 47.74   11:     0x7e752c57ad70 - <alloc[f3282932177de6b4]::boxed::Box<dyn for<'a, 'b> core[5d33459993e3d723]::ops::function::Fn<(&'a std[f4f322d5fb81df6e]::panic::PanicHookInfo<'b>,), Output = ()> + core[5d33459993e3d723]::marker::Send + core[5d33459993e3d723]::marker::Sync> as core[5d33459993e3d723]::ops::function::Fn<(&std[f4f322d5fb81df6e]::panic::PanicHookInfo,)>>::call
#23 47.74                                at /rustc/88d9e12ae178fab0fb5cc050a94da85685d449ea/library/alloc/src/boxed.rs:2333:9
#23 47.74   12:     0x7e752c57ad70 - test[4256d8fa28ac835e]::test_main_inner::<test[4256d8fa28ac835e]::test_main_static::{closure#0}>::{closure#0}
#23 47.74                                at /rustc/88d9e12ae178fab0fb5cc050a94da85685d449ea/library/test/src/lib.rs:155:21
#23 47.74   13:     0x7e752c601c23 - <alloc[f3282932177de6b4]::boxed::Box<dyn for<'a, 'b> core[5d33459993e3d723]::ops::function::Fn<(&'a std[f4f322d5fb81df6e]::panic::PanicHookInfo<'b>,), Output = ()> + core[5d33459993e3d723]::marker::Send + core[5d33459993e3d723]::marker::Sync> as core[5d33459993e3d723]::ops::function::Fn<(&std[f4f322d5fb81df6e]::panic::PanicHookInfo,)>>::call
#23 47.74                                at /rustc/88d9e12ae178fab0fb5cc050a94da85685d449ea/library/alloc/src/boxed.rs:2333:9
#23 47.74   14:     0x7e752c5fd1f4 - generator[87b94d97073f9995]::detail::gen::catch_unwind_filter::<generator[87b94d97073f9995]::detail::gen::gen_init_impl::{closure#0}, ()>::{closure#0}::{closure#0}
#23 47.74                                at /usr/local/cargo/registry/src/index.crates.io-1949cf8c6b5b557f/generator-0.8.10/src/detail/gen.rs:19:13
#23 47.74   15:     0x7e752cece522 - <alloc[f3282932177de6b4]::boxed::Box<dyn for<'a, 'b> core[5d33459993e3d723]::ops::function::Fn<(&'a std[f4f322d5fb81df6e]::panic::PanicHookInfo<'b>,), Output = ()> + core[5d33459993e3d723]::marker::Send + core[5d33459993e3d723]::marker::Sync> as core[5d33459993e3d723]::ops::function::Fn<(&std[f4f322d5fb81df6e]::panic::PanicHookInfo,)>>::call
#23 47.74                                at /rustc/88d9e12ae178fab0fb5cc050a94da85685d449ea/library/alloc/src/boxed.rs:2333:9
#23 47.74   16:     0x7e752cece522 - std[f4f322d5fb81df6e]::panicking::panic_with_hook
#23 47.74                                at /rustc/88d9e12ae178fab0fb5cc050a94da85685d449ea/library/std/src/panicking.rs:823:13
#23 47.74   17:     0x7e752ceb2624 - std[f4f322d5fb81df6e]::panicking::panic_handler::{closure#0}
#23 47.74                                at /rustc/88d9e12ae178fab0fb5cc050a94da85685d449ea/library/std/src/panicking.rs:681:13
#23 47.74   18:     0x7e752cea9a29 - std[f4f322d5fb81df6e]::sys::backtrace::__rust_end_short_backtrace::<std[f4f322d5fb81df6e]::panicking::panic_handler::{closure#0}, !>
#23 47.74                                at /rustc/88d9e12ae178fab0fb5cc050a94da85685d449ea/library/std/src/sys/backtrace.rs:182:18
#23 47.74   19:     0x7e752ceb36fd - __rustc[4b1ee1ef74718a7b]::rust_begin_unwind
#23 47.74                                at /rustc/88d9e12ae178fab0fb5cc050a94da85685d449ea/library/std/src/panicking.rs:679:5
#23 47.74   20:     0x7e752c3e0bac - core[5d33459993e3d723]::panicking::panic_fmt
#23 47.74                                at /rustc/88d9e12ae178fab0fb5cc050a94da85685d449ea/library/core/src/panicking.rs:80:14
#23 47.74   21:     0x7e752c3e0b72 - core[5d33459993e3d723]::panicking::panic
#23 47.74                                at /rustc/88d9e12ae178fab0fb5cc050a94da85685d449ea/library/core/src/panicking.rs:150:5
#23 47.74   22:     0x7e752c3e0899 - core[5d33459993e3d723]::option::unwrap_failed
#23 47.74                                at /rustc/88d9e12ae178fab0fb5cc050a94da85685d449ea/library/core/src/option.rs:2251:5
#23 47.74   23:     0x7e752c5d434d - <core[5d33459993e3d723]::option::Option<usize>>::unwrap
#23 47.74                                at /rustc/88d9e12ae178fab0fb5cc050a94da85685d449ea/library/core/src/option.rs:1014:21
#23 47.74   24:     0x7e752c5d434d - <loom[c97bddb326b4e68f]::rt::thread::Set>::active_mut
#23 47.74                                at /usr/local/cargo/registry/src/index.crates.io-1949cf8c6b5b557f/loom-0.7.2/src/rt/thread.rs:276:39
#23 47.74   25:     0x7e752c5e0515 - <loom[c97bddb326b4e68f]::rt::object::Ref<loom[c97bddb326b4e68f]::rt::arc::State>>::set_action
#23 47.74                                at /usr/local/cargo/registry/src/index.crates.io-1949cf8c6b5b557f/loom-0.7.2/src/rt/object.rs:387:27
#23 47.74   26:     0x7e752c5de008 - <loom[c97bddb326b4e68f]::rt::object::Ref<loom[c97bddb326b4e68f]::rt::arc::State>>::branch_action::<loom[c97bddb326b4e68f]::rt::arc::Action>::{closure#0}
#23 47.74                                at /usr/local/cargo/registry/src/index.crates.io-1949cf8c6b5b557f/loom-0.7.2/src/rt/object.rs:354:18
#23 47.74   27:     0x7e752c5b6c8c - loom[c97bddb326b4e68f]::rt::branch::<<loom[c97bddb326b4e68f]::rt::object::Ref<loom[c97bddb326b4e68f]::rt::arc::State>>::branch_action<loom[c97bddb326b4e68f]::rt::arc::Action>::{closure#0}, ()>::{closure#0}
#23 47.74                                at /usr/local/cargo/registry/src/index.crates.io-1949cf8c6b5b557f/loom-0.7.2/src/rt/mod.rs:122:19
#23 47.74   28:     0x7e752c5b2441 - <loom[c97bddb326b4e68f]::rt::scheduler::Scheduler>::with_execution::<loom[c97bddb326b4e68f]::rt::branch<<loom[c97bddb326b4e68f]::rt::object::Ref<loom[c97bddb326b4e68f]::rt::arc::State>>::branch_action<loom[c97bddb326b4e68f]::rt::arc::Action>::{closure#0}, ()>::{closure#0}, ((), bool)>::{closure#0}
#23 47.74                                at /usr/local/cargo/registry/src/index.crates.io-1949cf8c6b5b557f/loom-0.7.2/src/rt/scheduler.rs:43:34
#23 47.74   29:     0x7e752c5b02ee - <loom[c97bddb326b4e68f]::rt::scheduler::Scheduler>::with_state::<<loom[c97bddb326b4e68f]::rt::scheduler::Scheduler>::with_execution<loom[c97bddb326b4e68f]::rt::branch<<loom[c97bddb326b4e68f]::rt::object::Ref<loom[c97bddb326b4e68f]::rt::arc::State>>::branch_action<loom[c97bddb326b4e68f]::rt::arc::Action>::{closure#0}, ()>::{closure#0}, ((), bool)>::{closure#0}, ((), bool)>::{closure#0}
#23 47.74                                at /usr/local/cargo/registry/src/index.crates.io-1949cf8c6b5b557f/loom-0.7.2/src/rt/scheduler.rs:131:28
#23 47.74   30:     0x7e752c5b3371 - <scoped_tls[87e03fecbc1fc0b7]::ScopedKey<core[5d33459993e3d723]::cell::RefCell<loom[c97bddb326b4e68f]::rt::scheduler::State>>>::with::<<loom[c97bddb326b4e68f]::rt::scheduler::Scheduler>::with_state<<loom[c97bddb326b4e68f]::rt::scheduler::Scheduler>::with_execution<loom[c97bddb326b4e68f]::rt::branch<<loom[c97bddb326b4e68f]::rt::object::Ref<loom[c97bddb326b4e68f]::rt::arc::State>>::branch_action<loom[c97bddb326b4e68f]::rt::arc::Action>::{closure#0}, ()>::{closure#0}, ((), bool)>::{closure#0}, ((), bool)>::{closure#0}, ((), bool)>
#23 47.74                                at /usr/local/cargo/registry/src/index.crates.io-1949cf8c6b5b557f/scoped-tls-1.0.1/src/lib.rs:171:13
#23 47.74   31:     0x7e752c5ae63e - <loom[c97bddb326b4e68f]::rt::scheduler::Scheduler>::with_state::<<loom[c97bddb326b4e68f]::rt::scheduler::Scheduler>::with_execution<loom[c97bddb326b4e68f]::rt::branch<<loom[c97bddb326b4e68f]::rt::object::Ref<loom[c97bddb326b4e68f]::rt::arc::State>>::branch_action<loom[c97bddb326b4e68f]::rt::arc::Action>::{closure#0}, ()>::{closure#0}, ((), bool)>::{closure#0}, ((), bool)>
#23 47.74                                at /usr/local/cargo/registry/src/index.crates.io-1949cf8c6b5b557f/loom-0.7.2/src/rt/scheduler.rs:131:15
#23 47.74   32:     0x7e752c5afcb6 - <loom[c97bddb326b4e68f]::rt::scheduler::Scheduler>::with_execution::<loom[c97bddb326b4e68f]::rt::branch<<loom[c97bddb326b4e68f]::rt::object::Ref<loom[c97bddb326b4e68f]::rt::arc::State>>::branch_action<loom[c97bddb326b4e68f]::rt::arc::Action>::{closure#0}, ()>::{closure#0}, ((), bool)>
#23 47.74                                at /usr/local/cargo/registry/src/index.crates.io-1949cf8c6b5b557f/loom-0.7.2/src/rt/scheduler.rs:43:9
#23 47.74   33:     0x7e752c5b6006 - loom[c97bddb326b4e68f]::rt::execution::<loom[c97bddb326b4e68f]::rt::branch<<loom[c97bddb326b4e68f]::rt::object::Ref<loom[c97bddb326b4e68f]::rt::arc::State>>::branch_action<loom[c97bddb326b4e68f]::rt::arc::Action>::{closure#0}, ()>::{closure#0}, ((), bool)>
#23 47.74                                at /usr/local/cargo/registry/src/index.crates.io-1949cf8c6b5b557f/loom-0.7.2/src/rt/mod.rs:174:5
#23 47.74   34:     0x7e752c5b5d09 - loom[c97bddb326b4e68f]::rt::branch::<<loom[c97bddb326b4e68f]::rt::object::Ref<loom[c97bddb326b4e68f]::rt::arc::State>>::branch_action<loom[c97bddb326b4e68f]::rt::arc::Action>::{closure#0}, ()>
#23 47.74                                at /usr/local/cargo/registry/src/index.crates.io-1949cf8c6b5b557f/loom-0.7.2/src/rt/mod.rs:121:25
#23 47.74   35:     0x7e752c5dd8e8 - <loom[c97bddb326b4e68f]::rt::object::Ref<loom[c97bddb326b4e68f]::rt::arc::State>>::branch_action::<loom[c97bddb326b4e68f]::rt::arc::Action>
#23 47.74                                at /usr/local/cargo/registry/src/index.crates.io-1949cf8c6b5b557f/loom-0.7.2/src/rt/object.rs:351:9
#23 47.74   36:     0x7e752c5db800 - <loom[c97bddb326b4e68f]::rt::arc::Arc>::branch
#23 47.74                                at /usr/local/cargo/registry/src/index.crates.io-1949cf8c6b5b557f/loom-0.7.2/src/rt/arc.rs:160:11
#23 47.74   37:     0x7e752c5db8a2 - <loom[c97bddb326b4e68f]::rt::arc::Arc>::ref_dec
#23 47.74                                at /usr/local/cargo/registry/src/index.crates.io-1949cf8c6b5b557f/loom-0.7.2/src/rt/arc.rs:113:14
#23 47.74   38:     0x7e752c44c8e8 - <loom[c97bddb326b4e68f]::sync::arc::Arc<gripsack_exec[5c66142f6d82a231]::schedule::coordination::Coordinator<alloc[f3282932177de6b4]::vec::Vec<core[5d33459993e3d723]::option::Option<gripsack_exec[5c66142f6d82a231]::schedule::coordination::model::ResultKind>>>> as core[5d33459993e3d723]::ops::drop::Drop>::drop
#23 47.74                                at /usr/local/cargo/registry/src/index.crates.io-1949cf8c6b5b557f/loom-0.7.2/src/sync/arc.rs:247:21
#23 47.74   39:     0x7e752c44564a - core[5d33459993e3d723]::ptr::drop_glue::<loom[c97bddb326b4e68f]::sync::arc::Arc<gripsack_exec[5c66142f6d82a231]::schedule::coordination::Coordinator<alloc[f3282932177de6b4]::vec::Vec<core[5d33459993e3d723]::option::Option<gripsack_exec[5c66142f6d82a231]::schedule::coordination::model::ResultKind>>>>>
#23 47.74                                at /rustc/88d9e12ae178fab0fb5cc050a94da85685d449ea/library/core/src/ptr/mod.rs:823:1
#23 47.74   40:     0x7e752c446667 - core[5d33459993e3d723]::ptr::drop_glue::<gripsack_exec[5c66142f6d82a231]::schedule::coordination::model::explore::{closure#0}::{closure#1}>
#23 47.74                                at /rustc/88d9e12ae178fab0fb5cc050a94da85685d449ea/library/core/src/ptr/mod.rs:823:1
#23 47.74   41:     0x7e752c455b58 - gripsack_exec[5c66142f6d82a231]::schedule::coordination::model::explore::{closure#0}::{closure#1}
#23 47.74                                at /tmp/gripsack-loom-0he_vwin/source/crates/gripsack-exec/src/schedule/coordination_model.rs:64:13
#23 47.74   42:     0x7e752c47071e - loom[c97bddb326b4e68f]::thread::spawn_internal::<gripsack_exec[5c66142f6d82a231]::schedule::coordination::model::explore::{closure#0}::{closure#1}, ()>::{closure#0}
#23 47.74                                at /usr/local/cargo/registry/src/index.crates.io-1949cf8c6b5b557f/loom-0.7.2/src/thread.rs:168:47
#23 47.74   43:     0x7e752c4e0450 - loom[c97bddb326b4e68f]::rt::spawn::<loom[c97bddb326b4e68f]::thread::spawn_internal<gripsack_exec[5c66142f6d82a231]::schedule::coordination::model::explore::{closure#0}::{closure#1}, ()>::{closure#0}>::{closure#1}
#23 47.74                                at /usr/local/cargo/registry/src/index.crates.io-1949cf8c6b5b557f/loom-0.7.2/src/rt/mod.rs:78:13
#23 47.74   44:     0x7e752c448fde - <loom[c97bddb326b4e68f]::rt::spawn<loom[c97bddb326b4e68f]::thread::spawn_internal<gripsack_exec[5c66142f6d82a231]::schedule::coordination::model::explore::{closure#0}::{closure#1}, ()>::{closure#0}>::{closure#1} as core[5d33459993e3d723]::ops::function::FnOnce<()>>::call_once::{shim:vtable#0}
#23 47.74                                at /rustc/88d9e12ae178fab0fb5cc050a94da85685d449ea/library/core/src/ops/function.rs:250:5
#23 47.74   45:     0x7e752c5c6848 - <alloc[f3282932177de6b4]::boxed::Box<dyn core[5d33459993e3d723]::ops::function::FnOnce<(), Output = ()>> as core[5d33459993e3d723]::ops::function::FnOnce<()>>::call_once
#23 47.74                                at /rustc/88d9e12ae178fab0fb5cc050a94da85685d449ea/library/alloc/src/boxed.rs:2319:9
#23 47.74   46:     0x7e752c5b2b0b - loom[c97bddb326b4e68f]::rt::scheduler::spawn_thread::{closure#0}
#23 47.74                                at /usr/local/cargo/registry/src/index.crates.io-1949cf8c6b5b557f/loom-0.7.2/src/rt/scheduler.rs:142:17
#23 47.74   47:     0x7e752c5cc8fe - <loom[c97bddb326b4e68f]::rt::scheduler::spawn_thread::{closure#0} as core[5d33459993e3d723]::ops::function::FnOnce<()>>::call_once
#23 47.74                                at /rustc/88d9e12ae178fab0fb5cc050a94da85685d449ea/library/core/src/ops/function.rs:250:5
#23 47.74   48:     0x7e752c5c90a2 - <generator[87b94d97073f9995]::gen_impl::GeneratorImpl<core[5d33459993e3d723]::option::Option<alloc[f3282932177de6b4]::boxed::Box<dyn core[5d33459993e3d723]::ops::function::FnOnce<(), Output = ()>>>, ()>>::init_code::<loom[c97bddb326b4e68f]::rt::scheduler::spawn_thread::{closure#0}>::{closure#0}
#23 47.74                                at /usr/local/cargo/registry/src/index.crates.io-1949cf8c6b5b557f/generator-0.8.10/src/gen_impl.rs:357:21
#23 47.74   49:     0x7e752c5bc4e1 - <generator[87b94d97073f9995]::stack::StackBox<<generator[87b94d97073f9995]::gen_impl::GeneratorImpl<core[5d33459993e3d723]::option::Option<alloc[f3282932177de6b4]::boxed::Box<dyn core[5d33459993e3d723]::ops::function::FnOnce<(), Output = ()>>>, ()>>::init_code<loom[c97bddb326b4e68f]::rt::scheduler::spawn_thread::{closure#0}>::{closure#0}>>::call_once
#23 47.74                                at /usr/local/cargo/registry/src/index.crates.io-1949cf8c6b5b557f/generator-0.8.10/src/stack/mod.rs:137:13
#23 47.74   50:     0x7e752c5fed5d - <generator[87b94d97073f9995]::stack::Func>::call_once
#23 47.74                                at /usr/local/cargo/registry/src/index.crates.io-1949cf8c6b5b557f/generator-0.8.10/src/stack/mod.rs:119:9
#23 47.74   51:     0x7e752c5fd34e - generator[87b94d97073f9995]::detail::gen::gen_init_impl::{closure#0}
#23 47.74                                at /usr/local/cargo/registry/src/index.crates.io-1949cf8c6b5b557f/generator-0.8.10/src/detail/gen.rs:35:14
#23 47.74   52:     0x7e752c601d93 - <generator[87b94d97073f9995]::detail::gen::gen_init_impl::{closure#0} as core[5d33459993e3d723]::ops::function::FnOnce<()>>::call_once
#23 47.74                                at /rustc/88d9e12ae178fab0fb5cc050a94da85685d449ea/library/core/src/ops/function.rs:250:5
#23 47.74   53:     0x7e752c5fce75 - std[f4f322d5fb81df6e]::panicking::catch_unwind::do_call::<generator[87b94d97073f9995]::detail::gen::gen_init_impl::{closure#0}, ()>
#23 47.74                                at /rustc/88d9e12ae178fab0fb5cc050a94da85685d449ea/library/std/src/panicking.rs:576:43
#23 47.74   54:     0x7e752c601f5b - __rust_try
#23 47.74   55:     0x7e752c5fc356 - std[f4f322d5fb81df6e]::panicking::catch_unwind::<(), generator[87b94d97073f9995]::detail::gen::gen_init_impl::{closure#0}>
#23 47.74                                at /rustc/88d9e12ae178fab0fb5cc050a94da85685d449ea/library/std/src/panicking.rs:544:19
#23 47.74   56:     0x7e752c5fc356 - std[f4f322d5fb81df6e]::panic::catch_unwind::<generator[87b94d97073f9995]::detail::gen::gen_init_impl::{closure#0}, ()>
#23 47.74                                at /rustc/88d9e12ae178fab0fb5cc050a94da85685d449ea/library/std/src/panic.rs:359:14
#23 47.74   57:     0x7e752c5fcb7d - generator[87b94d97073f9995]::detail::gen::catch_unwind_filter::<generator[87b94d97073f9995]::detail::gen::gen_init_impl::{closure#0}, ()>
#23 47.74                                at /usr/local/cargo/registry/src/index.crates.io-1949cf8c6b5b557f/generator-0.8.10/src/detail/gen.rs:23:5
#23 47.74   58:     0x7e752c5ffc57 - generator[87b94d97073f9995]::detail::gen::gen_init_impl
#23 47.74                                at /usr/local/cargo/registry/src/index.crates.io-1949cf8c6b5b557f/generator-0.8.10/src/detail/gen.rs:50:25
#23 47.74   59:     0x7e752c5ffc23 - generator[87b94d97073f9995]::detail::asm::gen_init
#23 47.74                                at /usr/local/cargo/registry/src/index.crates.io-1949cf8c6b5b557f/generator-0.8.10/src/detail/x86_64_unix.rs:8:5
#23 47.74 
#23 47.74 thread 'schedule::coordination::model::diamond_completion_wakes_waiters_and_publishes_dependencies' (4333) panicked at /usr/local/cargo/registry/src/index.crates.io-1949cf8c6b5b557f/loom-0.7.2/src/rt/thread.rs:276:39:
#23 47.74 called `Option::unwrap()` on a `None` value
#23 47.74 stack backtrace:
#23 47.74    0:     0x7e752ced7d61 - std[f4f322d5fb81df6e]::backtrace_rs::backtrace::libunwind::trace
#23 47.74                                at /rustc/88d9e12ae178fab0fb5cc050a94da85685d449ea/library/std/src/../../backtrace/src/backtrace/libunwind.rs:117:9
#23 47.74    1:     0x7e752ced7d61 - std[f4f322d5fb81df6e]::backtrace_rs::backtrace::trace_unsynchronized::<std[f4f322d5fb81df6e]::sys::backtrace::_print_fmt::{closure#1}>
#23 47.74                                at /rustc/88d9e12ae178fab0fb5cc050a94da85685d449ea/library/std/src/../../backtrace/src/backtrace/mod.rs:66:14
#23 47.74    2:     0x7e752ced7d61 - std[f4f322d5fb81df6e]::sys::backtrace::_print_fmt
#23 47.74                                at /rustc/88d9e12ae178fab0fb5cc050a94da85685d449ea/library/std/src/sys/backtrace.rs:74:9
#23 47.74    3:     0x7e752ced7d61 - <<std[f4f322d5fb81df6e]::sys::backtrace::BacktraceLock>::print::DisplayBacktrace as core[5d33459993e3d723]::fmt::Display>::fmt
#23 47.74                                at /rustc/88d9e12ae178fab0fb5cc050a94da85685d449ea/library/std/src/sys/backtrace.rs:44:26
#23 47.74    4:     0x7e752cf0d16a - <core[5d33459993e3d723]::fmt::rt::Argument>::fmt
#23 47.74                                at /rustc/88d9e12ae178fab0fb5cc050a94da85685d449ea/library/core/src/fmt/rt.rs:152:76
#23 47.74    5:     0x7e752cf0d16a - core[5d33459993e3d723]::fmt::write
#23 47.74    6:     0x7e752cedd7ac - std[f4f322d5fb81df6e]::io::default_write_fmt::<alloc[f3282932177de6b4]::vec::Vec<u8>>
#23 47.74                                at /rustc/88d9e12ae178fab0fb5cc050a94da85685d449ea/library/std/src/io/mod.rs:626:11
#23 47.74    7:     0x7e752cedd7ac - <alloc[f3282932177de6b4]::vec::Vec<u8> as std[f4f322d5fb81df6e]::io::Write>::write_fmt
#23 47.74                                at /rustc/88d9e12ae178fab0fb5cc050a94da85685d449ea/library/std/src/io/mod.rs:1730:13
#23 47.74    8:     0x7e752ceb2542 - <std[f4f322d5fb81df6e]::sys::backtrace::BacktraceLock>::print
#23 47.74                                at /rustc/88d9e12ae178fab0fb5cc050a94da85685d449ea/library/std/src/sys/backtrace.rs:47:9
#23 47.74    9:     0x7e752ceb2542 - std[f4f322d5fb81df6e]::panicking::default_hook::{closure#0}
#23 47.74                                at /rustc/88d9e12ae178fab0fb5cc050a94da85685d449ea/library/std/src/panicking.rs:292:27
#23 47.74   10:     0x7e752cece1f4 - std[f4f322d5fb81df6e]::panicking::default_hook
#23 47.74                                at /rustc/88d9e12ae178fab0fb5cc050a94da85685d449ea/library/std/src/panicking.rs:316:9
#23 47.74   11:     0x7e752c57ad70 - <alloc[f3282932177de6b4]::boxed::Box<dyn for<'a, 'b> core[5d33459993e3d723]::ops::function::Fn<(&'a std[f4f322d5fb81df6e]::panic::PanicHookInfo<'b>,), Output = ()> + core[5d33459993e3d723]::marker::Send + core[5d33459993e3d723]::marker::Sync> as core[5d33459993e3d723]::ops::function::Fn<(&std[f4f322d5fb81df6e]::panic::PanicHookInfo,)>>::call
#23 47.74                                at /rustc/88d9e12ae178fab0fb5cc050a94da85685d449ea/library/alloc/src/boxed.rs:2333:9
#23 47.74   12:     0x7e752c57ad70 - test[4256d8fa28ac835e]::test_main_inner::<test[4256d8fa28ac835e]::test_main_static::{closure#0}>::{closure#0}
#23 47.74                                at /rustc/88d9e12ae178fab0fb5cc050a94da85685d449ea/library/test/src/lib.rs:155:21
#23 47.74   13:     0x7e752c601c23 - <alloc[f3282932177de6b4]::boxed::Box<dyn for<'a, 'b> core[5d33459993e3d723]::ops::function::Fn<(&'a std[f4f322d5fb81df6e]::panic::PanicHookInfo<'b>,), Output = ()> + core[5d33459993e3d723]::marker::Send + core[5d33459993e3d723]::marker::Sync> as core[5d33459993e3d723]::ops::function::Fn<(&std[f4f322d5fb81df6e]::panic::PanicHookInfo,)>>::call
#23 47.74                                at /rustc/88d9e12ae178fab0fb5cc050a94da85685d449ea/library/alloc/src/boxed.rs:2333:9
#23 47.74   14:     0x7e752c5fd1f4 - generator[87b94d97073f9995]::detail::gen::catch_unwind_filter::<generator[87b94d97073f9995]::detail::gen::gen_init_impl::{closure#0}, ()>::{closure#0}::{closure#0}
#23 47.74                                at /usr/local/cargo/registry/src/index.crates.io-1949cf8c6b5b557f/generator-0.8.10/src/detail/gen.rs:19:13
#23 47.74   15:     0x7e752cece522 - <alloc[f3282932177de6b4]::boxed::Box<dyn for<'a, 'b> core[5d33459993e3d723]::ops::function::Fn<(&'a std[f4f322d5fb81df6e]::panic::PanicHookInfo<'b>,), Output = ()> + core[5d33459993e3d723]::marker::Send + core[5d33459993e3d723]::marker::Sync> as core[5d33459993e3d723]::ops::function::Fn<(&std[f4f322d5fb81df6e]::panic::PanicHookInfo,)>>::call
#23 47.74                                at /rustc/88d9e12ae178fab0fb5cc050a94da85685d449ea/library/alloc/src/boxed.rs:2333:9
#23 47.74   16:     0x7e752cece522 - std[f4f322d5fb81df6e]::panicking::panic_with_hook
#23 47.74                                at /rustc/88d9e12ae178fab0fb5cc050a94da85685d449ea/library/std/src/panicking.rs:823:13
#23 47.74   17:     0x7e752ceb2624 - std[f4f322d5fb81df6e]::panicking::panic_handler::{closure#0}
#23 47.74                                at /rustc/88d9e12ae178fab0fb5cc050a94da85685d449ea/library/std/src/panicking.rs:681:13
#23 47.74   18:     0x7e752cea9a29 - std[f4f322d5fb81df6e]::sys::backtrace::__rust_end_short_backtrace::<std[f4f322d5fb81df6e]::panicking::panic_handler::{closure#0}, !>
#23 47.74                                at /rustc/88d9e12ae178fab0fb5cc050a94da85685d449ea/library/std/src/sys/backtrace.rs:182:18
#23 47.74   19:     0x7e752ceb36fd - __rustc[4b1ee1ef74718a7b]::rust_begin_unwind
#23 47.74                                at /rustc/88d9e12ae178fab0fb5cc050a94da85685d449ea/library/std/src/panicking.rs:679:5
#23 47.74   20:     0x7e752c3e0bac - core[5d33459993e3d723]::panicking::panic_fmt
#23 47.74                                at /rustc/88d9e12ae178fab0fb5cc050a94da85685d449ea/library/core/src/panicking.rs:80:14
#23 47.74   21:     0x7e752c3e0b72 - core[5d33459993e3d723]::panicking::panic
#23 47.74                                at /rustc/88d9e12ae178fab0fb5cc050a94da85685d449ea/library/core/src/panicking.rs:150:5
#23 47.74   22:     0x7e752c3e0899 - core[5d33459993e3d723]::option::unwrap_failed
#23 47.74                                at /rustc/88d9e12ae178fab0fb5cc050a94da85685d449ea/library/core/src/option.rs:2251:5
#23 47.74   23:     0x7e752c5d434d - <core[5d33459993e3d723]::option::Option<usize>>::unwrap
#23 47.74                                at /rustc/88d9e12ae178fab0fb5cc050a94da85685d449ea/library/core/src/option.rs:1014:21
#23 47.74   24:     0x7e752c5d434d - <loom[c97bddb326b4e68f]::rt::thread::Set>::active_mut
#23 47.74                                at /usr/local/cargo/registry/src/index.crates.io-1949cf8c6b5b557f/loom-0.7.2/src/rt/thread.rs:276:39
#23 47.74   25:     0x7e752c5e0515 - <loom[c97bddb326b4e68f]::rt::object::Ref<loom[c97bddb326b4e68f]::rt::arc::State>>::set_action
#23 47.74                                at /usr/local/cargo/registry/src/index.crates.io-1949cf8c6b5b557f/loom-0.7.2/src/rt/object.rs:387:27
#23 47.74   26:     0x7e752c5de008 - <loom[c97bddb326b4e68f]::rt::object::Ref<loom[c97bddb326b4e68f]::rt::arc::State>>::branch_action::<loom[c97bddb326b4e68f]::rt::arc::Action>::{closure#0}
#23 47.74                                at /usr/local/cargo/registry/src/index.crates.io-1949cf8c6b5b557f/loom-0.7.2/src/rt/object.rs:354:18
#23 47.74   27:     0x7e752c5b6c8c - loom[c97bddb326b4e68f]::rt::branch::<<loom[c97bddb326b4e68f]::rt::object::Ref<loom[c97bddb326b4e68f]::rt::arc::State>>::branch_action<loom[c97bddb326b4e68f]::rt::arc::Action>::{closure#0}, ()>::{closure#0}
#23 47.74                                at /usr/local/cargo/registry/src/index.crates.io-1949cf8c6b5b557f/loom-0.7.2/src/rt/mod.rs:122:19
#23 47.74   28:     0x7e752c5b2441 - <loom[c97bddb326b4e68f]::rt::scheduler::Scheduler>::with_execution::<loom[c97bddb326b4e68f]::rt::branch<<loom[c97bddb326b4e68f]::rt::object::Ref<loom[c97bddb326b4e68f]::rt::arc::State>>::branch_action<loom[c97bddb326b4e68f]::rt::arc::Action>::{closure#0}, ()>::{closure#0}, ((), bool)>::{closure#0}
#23 47.74                                at /usr/local/cargo/registry/src/index.crates.io-1949cf8c6b5b557f/loom-0.7.2/src/rt/scheduler.rs:43:34
#23 47.74   29:     0x7e752c5b02ee - <loom[c97bddb326b4e68f]::rt::scheduler::Scheduler>::with_state::<<loom[c97bddb326b4e68f]::rt::scheduler::Scheduler>::with_execution<loom[c97bddb326b4e68f]::rt::branch<<loom[c97bddb326b4e68f]::rt::object::Ref<loom[c97bddb326b4e68f]::rt::arc::State>>::branch_action<loom[c97bddb326b4e68f]::rt::arc::Action>::{closure#0}, ()>::{closure#0}, ((), bool)>::{closure#0}, ((), bool)>::{closure#0}
#23 47.74                                at /usr/local/cargo/registry/src/index.crates.io-1949cf8c6b5b557f/loom-0.7.2/src/rt/scheduler.rs:131:28
#23 47.74   30:     0x7e752c5b3371 - <scoped_tls[87e03fecbc1fc0b7]::ScopedKey<core[5d33459993e3d723]::cell::RefCell<loom[c97bddb326b4e68f]::rt::scheduler::State>>>::with::<<loom[c97bddb326b4e68f]::rt::scheduler::Scheduler>::with_state<<loom[c97bddb326b4e68f]::rt::scheduler::Scheduler>::with_execution<loom[c97bddb326b4e68f]::rt::branch<<loom[c97bddb326b4e68f]::rt::object::Ref<loom[c97bddb326b4e68f]::rt::arc::State>>::branch_action<loom[c97bddb326b4e68f]::rt::arc::Action>::{closure#0}, ()>::{closure#0}, ((), bool)>::{closure#0}, ((), bool)>::{closure#0}, ((), bool)>
#23 47.74                                at /usr/local/cargo/registry/src/index.crates.io-1949cf8c6b5b557f/scoped-tls-1.0.1/src/lib.rs:171:13
#23 47.74   31:     0x7e752c5ae63e - <loom[c97bddb326b4e68f]::rt::scheduler::Scheduler>::with_state::<<loom[c97bddb326b4e68f]::rt::scheduler::Scheduler>::with_execution<loom[c97bddb326b4e68f]::rt::branch<<loom[c97bddb326b4e68f]::rt::object::Ref<loom[c97bddb326b4e68f]::rt::arc::State>>::branch_action<loom[c97bddb326b4e68f]::rt::arc::Action>::{closure#0}, ()>::{closure#0}, ((), bool)>::{closure#0}, ((), bool)>
#23 47.74                                at /usr/local/cargo/registry/src/index.crates.io-1949cf8c6b5b557f/loom-0.7.2/src/rt/scheduler.rs:131:15
#23 47.74   32:     0x7e752c5afcb6 - <loom[c97bddb326b4e68f]::rt::scheduler::Scheduler>::with_execution::<loom[c97bddb326b4e68f]::rt::branch<<loom[c97bddb326b4e68f]::rt::object::Ref<loom[c97bddb326b4e68f]::rt::arc::State>>::branch_action<loom[c97bddb326b4e68f]::rt::arc::Action>::{closure#0}, ()>::{closure#0}, ((), bool)>
#23 47.74                                at /usr/local/cargo/registry/src/index.crates.io-1949cf8c6b5b557f/loom-0.7.2/src/rt/scheduler.rs:43:9
#23 47.74   33:     0x7e752c5b6006 - loom[c97bddb326b4e68f]::rt::execution::<loom[c97bddb326b4e68f]::rt::branch<<loom[c97bddb326b4e68f]::rt::object::Ref<loom[c97bddb326b4e68f]::rt::arc::State>>::branch_action<loom[c97bddb326b4e68f]::rt::arc::Action>::{closure#0}, ()>::{closure#0}, ((), bool)>
#23 47.74                                at /usr/local/cargo/registry/src/index.crates.io-1949cf8c6b5b557f/loom-0.7.2/src/rt/mod.rs:174:5
#23 47.74   34:     0x7e752c5b5d09 - loom[c97bddb326b4e68f]::rt::branch::<<loom[c97bddb326b4e68f]::rt::object::Ref<loom[c97bddb326b4e68f]::rt::arc::State>>::branch_action<loom[c97bddb326b4e68f]::rt::arc::Action>::{closure#0}, ()>
#23 47.74                                at /usr/local/cargo/registry/src/index.crates.io-1949cf8c6b5b557f/loom-0.7.2/src/rt/mod.rs:121:25
#23 47.74   35:     0x7e752c5dd8e8 - <loom[c97bddb326b4e68f]::rt::object::Ref<loom[c97bddb326b4e68f]::rt::arc::State>>::branch_action::<loom[c97bddb326b4e68f]::rt::arc::Action>
#23 47.74                                at /usr/local/cargo/registry/src/index.crates.io-1949cf8c6b5b557f/loom-0.7.2/src/rt/object.rs:351:9
#23 47.74   36:     0x7e752c5db800 - <loom[c97bddb326b4e68f]::rt::arc::Arc>::branch
#23 47.74                                at /usr/local/cargo/registry/src/index.crates.io-1949cf8c6b5b557f/loom-0.7.2/src/rt/arc.rs:160:11
#23 47.74   37:     0x7e752c5db8a2 - <loom[c97bddb326b4e68f]::rt::arc::Arc>::ref_dec
#23 47.74                                at /usr/local/cargo/registry/src/index.crates.io-1949cf8c6b5b557f/loom-0.7.2/src/rt/arc.rs:113:14
#23 47.74   38:     0x7e752c44c7f8 - <loom[c97bddb326b4e68f]::sync::arc::Arc<alloc[f3282932177de6b4]::vec::Vec<loom[c97bddb326b4e68f]::sync::atomic::int::AtomicUsize>> as core[5d33459993e3d723]::ops::drop::Drop>::drop
#23 47.74                                at /usr/local/cargo/registry/src/index.crates.io-1949cf8c6b5b557f/loom-0.7.2/src/sync/arc.rs:247:21
#23 47.74   39:     0x7e752c4455ba - core[5d33459993e3d723]::ptr::drop_glue::<loom[c97bddb326b4e68f]::sync::arc::Arc<alloc[f3282932177de6b4]::vec::Vec<loom[c97bddb326b4e68f]::sync::atomic::int::AtomicUsize>>>
#23 47.74                                at /rustc/88d9e12ae178fab0fb5cc050a94da85685d449ea/library/core/src/ptr/mod.rs:823:1
#23 47.74   40:     0x7e752c4466a7 - core[5d33459993e3d723]::ptr::drop_glue::<gripsack_exec[5c66142f6d82a231]::schedule::coordination::model::explore::{closure#0}::{closure#1}>
#23 47.74                                at /rustc/88d9e12ae178fab0fb5cc050a94da85685d449ea/library/core/src/ptr/mod.rs:823:1
#23 47.74   41:     0x7e752c455b58 - gripsack_exec[5c66142f6d82a231]::schedule::coordination::model::explore::{closure#0}::{closure#1}
#23 47.74                                at /tmp/gripsack-loom-0he_vwin/source/crates/gripsack-exec/src/schedule/coordination_model.rs:64:13
#23 47.74   42:     0x7e752c47071e - loom[c97bddb326b4e68f]::thread::spawn_internal::<gripsack_exec[5c66142f6d82a231]::schedule::coordination::model::explore::{closure#0}::{closure#1}, ()>::{closure#0}
#23 47.74                                at /usr/local/cargo/registry/src/index.crates.io-1949cf8c6b5b557f/loom-0.7.2/src/thread.rs:168:47
#23 47.74   43:     0x7e752c4e0450 - loom[c97bddb326b4e68f]::rt::spawn::<loom[c97bddb326b4e68f]::thread::spawn_internal<gripsack_exec[5c66142f6d82a231]::schedule::coordination::model::explore::{closure#0}::{closure#1}, ()>::{closure#0}>::{closure#1}
#23 47.74                                at /usr/local/cargo/registry/src/index.crates.io-1949cf8c6b5b557f/loom-0.7.2/src/rt/mod.rs:78:13
#23 47.74   44:     0x7e752c448fde - <loom[c97bddb326b4e68f]::rt::spawn<loom[c97bddb326b4e68f]::thread::spawn_internal<gripsack_exec[5c66142f6d82a231]::schedule::coordination::model::explore::{closure#0}::{closure#1}, ()>::{closure#0}>::{closure#1} as core[5d33459993e3d723]::ops::function::FnOnce<()>>::call_once::{shim:vtable#0}
#23 47.74                                at /rustc/88d9e12ae178fab0fb5cc050a94da85685d449ea/library/core/src/ops/function.rs:250:5
#23 47.74   45:     0x7e752c5c6848 - <alloc[f3282932177de6b4]::boxed::Box<dyn core[5d33459993e3d723]::ops::function::FnOnce<(), Output = ()>> as core[5d33459993e3d723]::ops::function::FnOnce<()>>::call_once
#23 47.74                                at /rustc/88d9e12ae178fab0fb5cc050a94da85685d449ea/library/alloc/src/boxed.rs:2319:9
#23 47.74   46:     0x7e752c5b2b0b - loom[c97bddb326b4e68f]::rt::scheduler::spawn_thread::{closure#0}
#23 47.74                                at /usr/local/cargo/registry/src/index.crates.io-1949cf8c6b5b557f/loom-0.7.2/src/rt/scheduler.rs:142:17
#23 47.74   47:     0x7e752c5cc8fe - <loom[c97bddb326b4e68f]::rt::scheduler::spawn_thread::{closure#0} as core[5d33459993e3d723]::ops::function::FnOnce<()>>::call_once
#23 47.74                                at /rustc/88d9e12ae178fab0fb5cc050a94da85685d449ea/library/core/src/ops/function.rs:250:5
#23 47.74   48:     0x7e752c5c90a2 - <generator[87b94d97073f9995]::gen_impl::GeneratorImpl<core[5d33459993e3d723]::option::Option<alloc[f3282932177de6b4]::boxed::Box<dyn core[5d33459993e3d723]::ops::function::FnOnce<(), Output = ()>>>, ()>>::init_code::<loom[c97bddb326b4e68f]::rt::scheduler::spawn_thread::{closure#0}>::{closure#0}
#23 47.74                                at /usr/local/cargo/registry/src/index.crates.io-1949cf8c6b5b557f/generator-0.8.10/src/gen_impl.rs:357:21
#23 47.74   49:     0x7e752c5bc4e1 - <generator[87b94d97073f9995]::stack::StackBox<<generator[87b94d97073f9995]::gen_impl::GeneratorImpl<core[5d33459993e3d723]::option::Option<alloc[f3282932177de6b4]::boxed::Box<dyn core[5d33459993e3d723]::ops::function::FnOnce<(), Output = ()>>>, ()>>::init_code<loom[c97bddb326b4e68f]::rt::scheduler::spawn_thread::{closure#0}>::{closure#0}>>::call_once
#23 47.74                                at /usr/local/cargo/registry/src/index.crates.io-1949cf8c6b5b557f/generator-0.8.10/src/stack/mod.rs:137:13
#23 47.74   50:     0x7e752c5fed5d - <generator[87b94d97073f9995]::stack::Func>::call_once
#23 47.74                                at /usr/local/cargo/registry/src/index.crates.io-1949cf8c6b5b557f/generator-0.8.10/src/stack/mod.rs:119:9
#23 47.74   51:     0x7e752c5fd34e - generator[87b94d97073f9995]::detail::gen::gen_init_impl::{closure#0}
#23 47.74                                at /usr/local/cargo/registry/src/index.crates.io-1949cf8c6b5b557f/generator-0.8.10/src/detail/gen.rs:35:14
#23 47.74   52:     0x7e752c601d93 - <generator[87b94d97073f9995]::detail::gen::gen_init_impl::{closure#0} as core[5d33459993e3d723]::ops::function::FnOnce<()>>::call_once
#23 47.74                                at /rustc/88d9e12ae178fab0fb5cc050a94da85685d449ea/library/core/src/ops/function.rs:250:5
#23 47.74   53:     0x7e752c5fce75 - std[f4f322d5fb81df6e]::panicking::catch_unwind::do_call::<generator[87b94d97073f9995]::detail::gen::gen_init_impl::{closure#0}, ()>
#23 47.74                                at /rustc/88d9e12ae178fab0fb5cc050a94da85685d449ea/library/std/src/panicking.rs:576:43
#23 47.74   54:     0x7e752c601f5b - __rust_try
#23 47.74   55:     0x7e752c5fc356 - std[f4f322d5fb81df6e]::panicking::catch_unwind::<(), generator[87b94d97073f9995]::detail::gen::gen_init_impl::{closure#0}>
#23 47.74                                at /rustc/88d9e12ae178fab0fb5cc050a94da85685d449ea/library/std/src/panicking.rs:544:19
#23 47.74   56:     0x7e752c5fc356 - std[f4f322d5fb81df6e]::panic::catch_unwind::<generator[87b94d97073f9995]::detail::gen::gen_init_impl::{closure#0}, ()>
#23 47.74                                at /rustc/88d9e12ae178fab0fb5cc050a94da85685d449ea/library/std/src/panic.rs:359:14
#23 47.74   57:     0x7e752c5fcb7d - generator[87b94d97073f9995]::detail::gen::catch_unwind_filter::<generator[87b94d97073f9995]::detail::gen::gen_init_impl::{closure#0}, ()>
#23 47.74                                at /usr/local/cargo/registry/src/index.crates.io-1949cf8c6b5b557f/generator-0.8.10/src/detail/gen.rs:23:5
#23 47.74   58:     0x7e752c5ffc57 - generator[87b94d97073f9995]::detail::gen::gen_init_impl
#23 47.74                                at /usr/local/cargo/registry/src/index.crates.io-1949cf8c6b5b557f/generator-0.8.10/src/detail/gen.rs:50:25
#23 47.74   59:     0x7e752c5ffc23 - generator[87b94d97073f9995]::detail::asm::gen_init
#23 47.74                                at /usr/local/cargo/registry/src/index.crates.io-1949cf8c6b5b557f/generator-0.8.10/src/detail/x86_64_unix.rs:8:5
#23 47.74 
#23 47.74 thread 'schedule::coordination::model::diamond_completion_wakes_waiters_and_publishes_dependencies' (4333) panicked at /rustc/88d9e12ae178fab0fb5cc050a94da85685d449ea/library/core/src/panicking.rs:233:5:
#23 47.74 panic in a destructor during cleanup
#23 47.74 thread caused non-unwinding panic. aborting.
#23 47.74 error: test failed, to rerun pass `-p gripsack-exec --lib`
#23 47.74 
#23 47.74 Caused by:
#23 47.74   process didn't exit successfully: `/tmp/gripsack-loom-0he_vwin/target/debug/deps/gripsack_exec-cdf4089161a5c5c5 'schedule::coordination::model::diamond_completion_wakes_waiters_and_publishes_dependencies'` (signal: 6, SIGABRT: process abort signal)
#23 47.74 
#23 47.74 calibration: missing-completion rejected by Loom waiter deadlock
#23 47.74 LOOM_SCHEDULER_MUTANTS=2
#23 DONE 48.1s

#24 exporting to image
#24 exporting layers
#24 exporting layers 64.0s done
#24 exporting manifest sha256:4d3255f66b0c3626e51916ab2651d2e5f20ef2e13131b0a940aec5e584478b12 0.0s done
#24 exporting config sha256:856f02ff6e50000252c34ea202335e78a4865cfd6f0e28cdbea85573d36bcd93 0.0s done
#24 exporting attestation manifest sha256:86142e12158cec826afea268d14b974b210f0874a39d059845506cb9024a9101 0.0s done
#24 exporting manifest list sha256:5eadf6a27115a46b5b9fd7c19d006aea1d54b02b65cd074b16a934c956be8fdf 0.0s done
#24 naming to docker.io/library/gripsack-test:latest
#24 naming to docker.io/library/gripsack-test:latest done
#24 unpacking to docker.io/library/gripsack-test:latest
#24 unpacking to docker.io/library/gripsack-test:latest 15.4s done
#24 DONE 79.6s

#25 resolving provenance for metadata file
#25 DONE 0.2s
 Image gripsack-test Built 
 Container gripsack-test-run-cfc2a6c07eee Creating 
 Container gripsack-test-run-cfc2a6c07eee Created 
gate passed: fmt + clippy -D warnings + cargo test

RUNNER_COMMAND=docker compose run --build --rm ts-test
 Image gripsack-ts-test Building 
#1 [internal] load local bake definitions
#1 reading from stdin 545B done
#1 DONE 0.0s

#2 [internal] load build definition from Dockerfile
#2 transferring dockerfile: 11.00kB done
#2 DONE 0.0s

#3 resolve image config for docker-image://docker.io/docker/dockerfile:1
#3 DONE 0.6s

#4 docker-image://docker.io/docker/dockerfile:1@sha256:ecfaec9ed6d810b56388c508f4121597bfbba70d41a6dfeee4d8cad5f295fc32
#4 resolve docker.io/docker/dockerfile:1@sha256:ecfaec9ed6d810b56388c508f4121597bfbba70d41a6dfeee4d8cad5f295fc32 0.0s done
#4 CACHED

#5 [internal] load metadata for docker.io/denoland/deno:2.9.6@sha256:2014dc167ece617ef7e7ba40631ac2234c59e75ce693e7cc2dc2602b3c87859d
#5 DONE 0.7s

#6 [internal] load .dockerignore
#6 transferring context: 139B done
#6 DONE 0.0s

#7 [internal] load build context
#7 DONE 0.0s

#8 [ts-test 1/5] FROM docker.io/denoland/deno:2.9.6@sha256:2014dc167ece617ef7e7ba40631ac2234c59e75ce693e7cc2dc2602b3c87859d
#8 resolve docker.io/denoland/deno:2.9.6@sha256:2014dc167ece617ef7e7ba40631ac2234c59e75ce693e7cc2dc2602b3c87859d
#8 resolve docker.io/denoland/deno:2.9.6@sha256:2014dc167ece617ef7e7ba40631ac2234c59e75ce693e7cc2dc2602b3c87859d 0.0s done
#8 DONE 0.0s

#7 [internal] load build context
#7 transferring context: 8.20kB 0.1s done
#7 DONE 0.1s

#9 [ts-test 2/5] WORKDIR /app
#9 CACHED

#10 [ts-test 3/5] COPY typescript ./typescript
#10 CACHED

#11 [ts-test 4/5] COPY examples ./examples
#11 CACHED

#12 [ts-test 5/5] RUN cd typescript && deno install && deno task test     && deno run --cached-only --no-remote --allow-all node_modules/typescript/bin/tsc        --project tsconfig.examples.json --noEmit
#12 CACHED

#13 exporting to image
#13 exporting layers done
#13 exporting manifest sha256:38c55e1c3d18b2b9bf129243d3c0cb46fcf4d25ee7db9d5bcdbb13ad9ce7c107 0.0s done
#13 exporting config sha256:c5cb653fb1213dd516404407c798a7451ba977f03f9970f933c47e5b512204b3 0.0s done
#13 exporting attestation manifest sha256:9463a3a50da39399f9910f13659bda7f0bc905fd7faf83c3cd168be2de689e93
#13 exporting attestation manifest sha256:9463a3a50da39399f9910f13659bda7f0bc905fd7faf83c3cd168be2de689e93 0.1s done
#13 exporting manifest list sha256:5db3217df4baf6e88fd5bb37293c65109e8eea04634a0c94fda12ccb67423d9d 0.0s done
#13 naming to docker.io/library/gripsack-ts-test:latest
#13 naming to docker.io/library/gripsack-ts-test:latest done
#13 unpacking to docker.io/library/gripsack-ts-test:latest 0.0s done
#13 DONE 0.3s

#14 resolving provenance for metadata file
#14 DONE 0.1s
 Image gripsack-ts-test Built 
 Container gripsack-ts-test-run-be57863ee814 Creating 
 Container gripsack-ts-test-run-be57863ee814 Created 
gate passed: typescript frontend tests (deno test)

RUNNER_COMMAND=docker compose run --build --rm e2e
 Image gripsack-e2e Building 
#1 [internal] load local bake definitions
#1 reading from stdin 525B done
#1 DONE 0.0s

#2 [internal] load build definition from Dockerfile
#2 transferring dockerfile:
#2 transferring dockerfile: 11.00kB done
#2 DONE 0.0s

#3 resolve image config for docker-image://docker.io/docker/dockerfile:1
#3 DONE 0.7s

#4 docker-image://docker.io/docker/dockerfile:1@sha256:ecfaec9ed6d810b56388c508f4121597bfbba70d41a6dfeee4d8cad5f295fc32
#4 resolve docker.io/docker/dockerfile:1@sha256:ecfaec9ed6d810b56388c508f4121597bfbba70d41a6dfeee4d8cad5f295fc32 0.1s done
#4 CACHED

#5 [internal] load metadata for docker.io/library/python:3.13-slim@sha256:9d2e5553305c7c7b0097999bb17187c69b921ccd6bc9d40e4bb5ebe652c00285
#5 DONE 0.0s

#6 [internal] load metadata for docker.io/library/rust:alpine@sha256:a10e64dd139b7387337c7fbe8aca31b959b57b2fd4c8ae20a02cf1d6ea424dce
#6 DONE 0.1s

#7 [internal] load .dockerignore
#7 transferring context: 139B done
#7 DONE 0.0s

#8 [e2e  4/12] ADD --checksum=sha256:394f07f4da2bebe6ce6f1e7ce0fa16429b29b08c35e3fac3fe25972676dff4b2 https://github.com/denoland/deno/releases/download/v2.9.6/deno-x86_64-unknown-linux-gnu.zip /tmp/deno.zip
#8 DONE 0.0s

#9 [builder  1/10] FROM docker.io/library/rust:alpine@sha256:a10e64dd139b7387337c7fbe8aca31b959b57b2fd4c8ae20a02cf1d6ea424dce
#9 resolve docker.io/library/rust:alpine@sha256:a10e64dd139b7387337c7fbe8aca31b959b57b2fd4c8ae20a02cf1d6ea424dce 0.1s done
#9 DONE 0.1s

#10 [e2e  1/12] FROM docker.io/library/python:3.13-slim@sha256:9d2e5553305c7c7b0097999bb17187c69b921ccd6bc9d40e4bb5ebe652c00285
#10 resolve docker.io/library/python:3.13-slim@sha256:9d2e5553305c7c7b0097999bb17187c69b921ccd6bc9d40e4bb5ebe652c00285 0.1s done
#10 DONE 0.1s

#11 [internal] load build context
#11 transferring context: 93.82kB 0.1s done
#11 DONE 0.1s

#12 [builder  2/10] RUN apk add --no-cache musl-dev git curl xz     && rustup component add clippy rustfmt
#12 CACHED

#13 [builder  3/10] RUN set -e;     arch="$(uname -m)";     case "$arch" in       x86_64)  sha=3374daaf153e6f82028add5e4bf7cc2deab46537dee24f20be80df831193aeb4 ;;       aarch64) sha=35d90cee9648037eaa4c1a2649fdca9d1b9a9997b972d37be7f8629139ba1294 ;;       *) echo "unsupported arch: $arch" >&2; exit 1 ;;     esac;     curl -fsSL -o /tmp/ca.tar.xz "https://github.com/rust-secure-code/cargo-auditable/releases/download/v0.7.5/cargo-auditable-${arch}-unknown-linux-musl.tar.xz";     echo "$sha  /tmp/ca.tar.xz" | sha256sum -c -;     mkdir -p /tmp/ca && tar -xJf /tmp/ca.tar.xz -C /tmp/ca;     mv /tmp/ca/*/cargo-auditable /usr/local/bin/cargo-auditable;     rm -rf /tmp/ca /tmp/ca.tar.xz
#13 CACHED

#14 [builder  4/10] WORKDIR /app
#14 CACHED

#15 [builder  5/10] COPY Cargo.toml Cargo.lock ./
#15 CACHED

#16 [builder  6/10] COPY crates ./crates
#16 DONE 0.4s

#17 [builder  5/10] COPY Cargo.toml Cargo.lock ./
#17 CACHED

#18 [builder  6/10] COPY crates ./crates
#18 CACHED

#19 [builder  7/10] COPY fuzz ./fuzz
#19 DONE 0.1s

#20 [builder  8/10] COPY schema ./schema
#20 DONE 0.1s

#21 [builder  9/10] COPY typescript ./typescript
#21 DONE 0.1s

#22 [builder 10/10] COPY scripts ./scripts
#22 DONE 0.1s

#23 [bin 1/1] RUN cargo build --locked -p gripsack
#23 0.423     Updating crates.io index
#23 2.688  Downloading crates ...
#23 2.765   Downloaded clap_derive v4.6.4
#23 2.783   Downloaded adler2 v2.0.1
#23 2.787   Downloaded ambient-authority v0.0.2
#23 2.790   Downloaded subtle v2.6.1
#23 2.795   Downloaded colorchoice v1.0.5
#23 2.798   Downloaded anstyle-query v1.1.5
#23 2.803   Downloaded thread_local v1.1.10
#23 2.807   Downloaded anstyle v1.0.14
#23 2.811   Downloaded cfg-if v1.0.4
#23 2.815   Downloaded anstream v1.0.0
#23 2.819   Downloaded anstyle-parse v1.0.0
#23 2.822   Downloaded crypto-common v0.2.2
#23 2.825   Downloaded displaydoc v0.2.7
#23 2.829   Downloaded bitflags v2.13.1
#23 2.837   Downloaded getrandom v0.4.3
#23 2.845   Downloaded const-oid v0.10.2
#23 2.850   Downloaded base64 v0.22.1
#23 2.860   Downloaded strsim v0.11.1
#23 2.863   Downloaded form_urlencoded v1.2.2
#23 2.869   Downloaded potential_utf v0.1.6
#23 2.873   Downloaded percent-encoding v2.3.2
#23 2.880   Downloaded heck v0.5.0
#23 2.882   Downloaded matchers v0.2.0
#23 2.886   Downloaded openssl-probe v0.2.1
#23 2.893   Downloaded maybe-owned v0.3.4
#23 2.895   Downloaded itoa v1.0.18
#23 2.908   Downloaded icu_collections v2.3.0
#23 2.919   Downloaded clap_lex v1.1.0
#23 2.925   Downloaded idna_adapter v1.2.2
#23 2.927   Downloaded equivalent v1.0.2
#23 2.938   Downloaded stable_deref_trait v1.2.1
#23 2.940   Downloaded convert_case v0.4.0
#23 2.948   Downloaded block-buffer v0.12.1
#23 2.957   Downloaded cpufeatures v0.3.0
#23 2.983   Downloaded clap v4.6.6
#23 2.999   Downloaded fs-set-times v0.20.3
#23 3.002   Downloaded errno v0.3.14
#23 3.006   Downloaded filetime v0.2.29
#23 3.010   Downloaded digest v0.11.3
#23 3.016   Downloaded httpdate v1.0.3
#23 3.019   Downloaded unit-prefix v0.5.2
#23 3.022   Downloaded quote v1.0.47
#23 3.028   Downloaded webpki-roots v0.26.11
#23 3.031   Downloaded lazy_static v1.5.0
#23 3.035   Downloaded io-lifetimes v2.0.4
#23 3.038   Downloaded find-msvc-tools v0.1.11
#23 3.041   Downloaded rustls-native-certs v0.8.4
#23 3.043   Downloaded io-lifetimes v3.0.1
#23 3.046   Downloaded tracing-serde v0.2.0
#23 3.048   Downloaded fastrand v2.5.0
#23 3.072   Downloaded serde_spanned v1.1.1
#23 3.075   Downloaded jobserver v0.1.35
#23 3.079   Downloaded owo-colors v4.3.0
#23 3.083   Downloaded shell-words v1.1.1
#23 3.086   Downloaded nu-ansi-term v0.50.3
#23 3.094   Downloaded dialoguer v0.12.0
#23 3.102   Downloaded is_terminal_polyfill v1.70.2
#23 3.105   Downloaded rustix-linux-procfs v0.1.1
#23 3.107   Downloaded ipnet v2.12.1
#23 3.115   Downloaded console v0.16.4
#23 3.128   Downloaded litemap v0.8.3
#23 3.133   Downloaded rustls-pki-types v1.15.1
#23 3.138   Downloaded io-extras v0.19.0
#23 3.143   Downloaded once_cell v1.21.4
#23 3.149   Downloaded untrusted v0.9.0
#23 3.154   Downloaded getrandom v0.2.17
#23 3.160   Downloaded cap-std v4.0.3
#23 3.167   Downloaded pin-project-lite v0.2.17
#23 3.181   Downloaded zerofrom-derive v0.1.7
#23 3.184   Downloaded hybrid-array v0.4.14
#23 3.189   Downloaded libbz2-rs-sys v0.2.5
#23 3.191   Downloaded ryu v1.0.23
#23 3.199   Downloaded pkg-config v0.3.34
#23 3.203   Downloaded crc32fast v1.5.1
#23 3.208   Downloaded bzip2 v0.6.1
#23 3.212   Downloaded xattr v1.6.1
#23 3.217   Downloaded proc-macro2 v1.0.107
#23 3.222   Downloaded icu_provider v2.3.1
#23 3.229   Downloaded serde_derive v1.0.229
#23 3.235   Downloaded serde_core v1.0.229
#23 3.241   Downloaded serde_yaml v0.9.34+deprecated
#23 3.248   Downloaded log v0.4.34
#23 3.255   Downloaded sharded-slab v0.1.7
#23 3.262   Downloaded zerofrom v0.1.8
#23 3.265   Downloaded icu_locale_core v2.3.0
#23 3.282   Downloaded icu_normalizer_data v2.3.0
#23 3.287   Downloaded verus_builtin v0.0.0-2026-09-06-0133
#23 3.289   Downloaded utf8_iter v1.0.4
#23 3.291   Downloaded indicatif v0.18.6
#23 3.298   Downloaded miniz_oxide v0.8.9
#23 3.303   Downloaded utf8parse v0.2.2
#23 3.306   Downloaded serde v1.0.229
#23 3.313   Downloaded cap-primitives v4.0.3
#23 3.332   Downloaded flate2 v1.1.9
#23 3.341   Downloaded sha2 v0.11.0
#23 3.351   Downloaded memchr v2.8.3
#23 3.366   Downloaded icu_properties v2.3.0
#23 3.373   Downloaded bumpalo v3.20.3
#23 3.378   Downloaded cc v1.4.4
#23 3.382   Downloaded rustls-webpki v0.103.15
#23 3.388   Downloaded toml_writer v1.1.2+spec-1.1.0
#23 3.391   Downloaded indexmap v2.14.0
#23 3.400   Downloaded toml_datetime v1.1.1+spec-1.1.0
#23 3.402   Downloaded toml_datetime v0.7.5+spec-1.1.0
#23 3.405   Downloaded thiserror-impl v2.0.20
#23 3.407   Downloaded synstructure v0.13.2
#23 3.409   Downloaded thiserror v2.0.20
#23 3.420   Downloaded aho-corasick v1.1.5
#23 3.431   Downloaded idna v1.1.0
#23 3.437   Downloaded hashbrown v0.17.1
#23 3.455   Downloaded clap_builder v4.6.6
#23 3.466   Downloaded serde_json v1.0.151
#23 3.481   Downloaded xz2 v0.1.7
#23 3.485   Downloaded icu_properties_data v2.3.0
#23 3.499   Downloaded zerovec-derive v0.11.6
#23 3.503   Downloaded regex-syntax v0.8.11
#23 3.514   Downloaded zeroize v1.9.0
#23 3.525   Downloaded portable-atomic v1.15.0
#23 3.542   Downloaded simd-adler32 v0.3.10
#23 3.559   Downloaded yoke-derive v0.8.2
#23 3.578   Downloaded zmij v1.0.23
#23 3.585   Downloaded zstd v0.13.3
#23 3.596   Downloaded smallvec v1.15.2
#23 3.599   Downloaded writeable v0.6.4
#23 3.627   Downloaded tracing-log v0.2.0
#23 3.652   Downloaded tracing-attributes v0.1.31
#23 3.678   Downloaded rustls v0.23.45
#23 3.702   Downloaded tinystr v0.8.4
#23 3.750   Downloaded rustix v1.1.4
#23 3.811   Downloaded zstd-safe v7.2.4
#23 3.815   Downloaded icu_normalizer v2.3.0
#23 3.833   Downloaded shlex v2.0.1
#23 3.870   Downloaded yoke v0.8.3
#23 3.877   Downloaded regex-automata v0.4.18
#23 3.903   Downloaded toml v0.9.12+spec-1.1.0
#23 3.914   Downloaded tempfile v3.27.0
#23 3.920   Downloaded tracing-core v0.1.36
#23 3.927   Downloaded lzma-sys v0.1.20
#23 3.981   Downloaded toml_parser v1.1.3+spec-1.1.0
#23 3.986   Downloaded unsafe-libyaml v0.2.11
#23 3.994   Downloaded libc v0.2.189
#23 4.127   Downloaded zopfli v0.8.3
#23 4.132   Downloaded unicode-ident v1.0.24
#23 4.140   Downloaded tar v0.4.46
#23 4.147   Downloaded toml v1.1.4+spec-1.1.0
#23 4.157   Downloaded toml_edit v0.25.13+spec-1.1.0
#23 4.164   Downloaded ring v0.17.14
#23 4.247   Downloaded verus_prettyplease v0.0.0-2026-09-06-0133
#23 4.255   Downloaded linux-raw-sys v0.12.1
#23 4.341   Downloaded verus_state_machines_macros v0.0.0-2026-09-06-0133
#23 4.346   Downloaded zerotrie v0.2.5
#23 4.356   Downloaded url v2.5.8
#23 4.361   Downloaded typenum v1.20.1
#23 4.367   Downloaded typed-path v0.12.3
#23 4.387   Downloaded ureq v2.12.1
#23 4.401   Downloaded zip v8.6.0
#23 4.410   Downloaded verus_builtin_macros v0.0.0-2026-09-06-0133
#23 4.415   Downloaded zerovec v0.11.8
#23 4.467   Downloaded winnow v1.0.4
#23 4.487   Downloaded winnow v0.7.15
#23 4.508   Downloaded webpki-roots v1.0.9
#23 4.515   Downloaded zlib-rs v0.6.7
#23 4.547   Downloaded tracing-subscriber v0.3.23
#23 4.572   Downloaded unicode-width v0.2.2
#23 4.580   Downloaded syn v2.0.119
#23 4.600   Downloaded vstd v0.0.0-2026-09-06-0133
#23 4.618   Downloaded syn v3.0.4
#23 4.636   Downloaded verus_syn v0.0.0-2026-09-06-0133
#23 4.654   Downloaded tracing v0.1.44
#23 4.699   Downloaded zstd-sys v2.0.16+zstd.1.5.7
#23 4.943    Compiling proc-macro2 v1.0.107
#23 4.943    Compiling unicode-ident v1.0.24
#23 4.943    Compiling quote v1.0.47
#23 4.943    Compiling libc v0.2.189
#23 4.943    Compiling shlex v2.0.1
#23 4.943    Compiling find-msvc-tools v0.1.11
#23 4.947    Compiling serde_core v1.0.229
#23 4.947    Compiling cfg-if v1.0.4
#23 4.947    Compiling equivalent v1.0.2
#23 4.953    Compiling hashbrown v0.17.1
#23 4.953    Compiling once_cell v1.21.4
#23 4.953    Compiling stable_deref_trait v1.2.1
#23 4.958    Compiling rustix v1.1.4
#23 4.969    Compiling bitflags v2.13.1
#23 4.969    Compiling linux-raw-sys v0.12.1
#23 4.969    Compiling pkg-config v0.3.34
#23 4.972    Compiling serde v1.0.229
#23 4.973    Compiling verus_prettyplease v0.0.0-2026-09-06-0133
#23 4.977    Compiling zmij v1.0.23
#23 4.987    Compiling itoa v1.0.18
#23 4.990    Compiling serde_json v1.0.151
#23 4.998    Compiling memchr v2.8.3
#23 5.003    Compiling winnow v1.0.4
#23 5.007    Compiling io-lifetimes v2.0.4
#23 5.007    Compiling convert_case v0.4.0
#23 5.022    Compiling vstd v0.0.0-2026-09-06-0133
#23 5.022    Compiling io-lifetimes v3.0.1
#23 5.022    Compiling writeable v0.6.4
#23 5.022    Compiling litemap v0.8.3
#23 5.023    Compiling zeroize v1.9.0
#23 5.023    Compiling thiserror v2.0.20
#23 5.023    Compiling icu_normalizer_data v2.3.0
#23 5.027    Compiling utf8_iter v1.0.4
#23 5.034    Compiling icu_properties_data v2.3.0
#23 5.049    Compiling smallvec v1.15.2
#23 5.123    Compiling verus_builtin v0.0.0-2026-09-06-0133
#23 5.192    Compiling log v0.4.34
#23 5.324    Compiling typenum v1.20.1
#23 5.351    Compiling io-extras v0.19.0
#23 5.365    Compiling toml_writer v1.1.2+spec-1.1.0
#23 5.373    Compiling cap-primitives v4.0.3
#23 5.390    Compiling getrandom v0.4.3
#23 5.405    Compiling tracing-core v0.1.36
#23 5.464    Compiling rustls-pki-types v1.15.1
#23 5.471    Compiling crc32fast v1.5.1
#23 5.510    Compiling ambient-authority v0.0.2
#23 5.525    Compiling ipnet v2.12.1
#23 5.527    Compiling cap-std v4.0.3
#23 5.534    Compiling maybe-owned v0.3.4
#23 5.563    Compiling zstd-safe v7.2.4
#23 5.578    Compiling winnow v0.7.15
#23 5.594    Compiling simd-adler32 v0.3.10
#23 5.606    Compiling untrusted v0.9.0
#23 5.710    Compiling const-oid v0.10.2
#23 5.742    Compiling fastrand v2.5.0
#23 5.767    Compiling cpufeatures v0.3.0
#23 5.811    Compiling pin-project-lite v0.2.17
#23 5.829    Compiling rustls v0.23.45
#23 5.920    Compiling percent-encoding v2.3.2
#23 5.937    Compiling adler2 v2.0.1
#23 5.939    Compiling zlib-rs v0.6.7
#23 5.964    Compiling subtle v2.6.1
#23 5.964    Compiling libbz2-rs-sys v0.2.5
#23 6.005    Compiling bumpalo v3.20.3
#23 6.089    Compiling utf8parse v0.2.2
#23 6.117    Compiling regex-syntax v0.8.11
#23 6.152    Compiling base64 v0.22.1
#23 6.324    Compiling webpki-roots v1.0.9
#23 6.350    Compiling miniz_oxide v0.8.9
#23 6.373    Compiling form_urlencoded v1.2.2
#23 6.395    Compiling typed-path v0.12.3
#23 6.417    Compiling openssl-probe v0.2.1
#23 6.430    Compiling anstyle-parse v1.0.0
#23 6.490    Compiling webpki-roots v0.26.11
#23 6.499    Compiling ryu v1.0.23
#23 6.531    Compiling colorchoice v1.0.5
#23 6.543    Compiling unicode-width v0.2.2
#23 6.625    Compiling indexmap v2.14.0
#23 6.737    Compiling rustls-native-certs v0.8.4
#23 6.833    Compiling anstyle-query v1.1.5
#23 6.834    Compiling portable-atomic v1.15.0
#23 6.865    Compiling httpdate v1.0.3
#23 6.907    Compiling unsafe-libyaml v0.2.11
#23 6.924    Compiling is_terminal_polyfill v1.70.2
#23 6.928    Compiling lazy_static v1.5.0
#23 6.962    Compiling anstyle v1.0.14
#23 6.983    Compiling zopfli v0.8.3
#23 7.008    Compiling tracing-log v0.2.0
#23 7.073    Compiling sharded-slab v0.1.7
#23 7.114    Compiling thread_local v1.1.10
#23 7.143    Compiling clap_lex v1.1.0
#23 7.164    Compiling nu-ansi-term v0.50.3
#23 7.165    Compiling strsim v0.11.1
#23 7.310    Compiling owo-colors v4.3.0
#23 7.338    Compiling heck v0.5.0
#23 7.409    Compiling unit-prefix v0.5.2
#23 7.429    Compiling anstream v1.0.0
#23 7.496    Compiling shell-words v1.1.1
#23 7.613    Compiling bzip2 v0.6.1
#23 8.139    Compiling clap_builder v4.6.6
#23 8.513    Compiling hybrid-array v0.4.14
#23 8.558    Compiling jobserver v0.1.35
#23 8.558    Compiling getrandom v0.2.17
#23 8.558    Compiling filetime v0.2.29
#23 8.558    Compiling gripsack-process v0.42.0 (/app/crates/gripsack-process)
#23 8.559    Compiling console v0.16.4
#23 8.740    Compiling syn v3.0.4
#23 8.742    Compiling syn v2.0.119
#23 8.742    Compiling verus_syn v0.0.0-2026-09-06-0133
#23 9.246    Compiling cc v1.4.4
#23 9.544    Compiling toml_parser v1.1.3+spec-1.1.0
#23 9.579    Compiling regex-automata v0.4.18
#23 10.62    Compiling indicatif v0.18.6
#23 11.01    Compiling crypto-common v0.2.2
#23 11.01    Compiling block-buffer v0.12.1
#23 11.82    Compiling flate2 v1.1.9
#23 12.48    Compiling digest v0.11.3
#23 12.56    Compiling ring v0.17.14
#23 12.56    Compiling zstd-sys v2.0.16+zstd.1.5.7
#23 12.56    Compiling lzma-sys v0.1.20
#23 12.66    Compiling sha2 v0.11.0
#23 12.69    Compiling serde_spanned v1.1.1
#23 12.69    Compiling toml_datetime v0.7.5+spec-1.1.0
#23 12.70    Compiling toml_datetime v1.1.1+spec-1.1.0
#23 13.01    Compiling toml v1.1.4+spec-1.1.0
#23 13.01    Compiling toml_edit v0.25.13+spec-1.1.0
#23 13.16    Compiling toml v0.9.12+spec-1.1.0
#23 13.93    Compiling matchers v0.2.0
#23 14.75    Compiling rustix-linux-procfs v0.1.1
#23 14.77    Compiling fs-set-times v0.20.3
#23 14.77    Compiling tempfile v3.27.0
#23 14.88    Compiling xattr v1.6.1
#23 15.03    Compiling xz2 v0.1.7
#23 15.26    Compiling tar v0.4.46
#23 15.59    Compiling dialoguer v0.12.0
#23 17.04    Compiling gripsack-fs v0.42.0 (/app/crates/gripsack-fs)
#23 18.03    Compiling zstd v0.13.3
#23 18.27    Compiling synstructure v0.13.2
#23 18.37    Compiling zip v8.6.0
#23 18.82    Compiling zerovec-derive v0.11.6
#23 18.82    Compiling displaydoc v0.2.7
#23 18.82    Compiling serde_derive v1.0.229
#23 18.82    Compiling thiserror-impl v2.0.20
#23 18.82    Compiling clap_derive v4.6.4
#23 19.21    Compiling rustls-webpki v0.103.15
#23 20.20    Compiling zerofrom-derive v0.1.7
#23 20.20    Compiling yoke-derive v0.8.2
#23 20.20    Compiling tracing-attributes v0.1.31
#23 21.87    Compiling clap v4.6.6
#23 22.19    Compiling zerofrom v0.1.8
#23 22.24    Compiling tracing v0.1.44
#23 22.32    Compiling yoke v0.8.3
#23 22.56    Compiling zerovec v0.11.8
#23 22.56    Compiling zerotrie v0.2.5
#23 22.70    Compiling verus_builtin_macros v0.0.0-2026-09-06-0133
#23 22.70    Compiling verus_state_machines_macros v0.0.0-2026-09-06-0133
#23 23.37    Compiling tinystr v0.8.4
#23 23.37    Compiling potential_utf v0.1.6
#23 23.46    Compiling icu_collections v2.3.0
#23 23.52    Compiling icu_locale_core v2.3.0
#23 23.81    Compiling serde_yaml v0.9.34+deprecated
#23 23.81    Compiling tracing-serde v0.2.0
#23 23.91    Compiling tracing-subscriber v0.3.23
#23 24.60    Compiling icu_provider v2.3.1
#23 24.89    Compiling icu_properties v2.3.0
#23 24.89    Compiling icu_normalizer v2.3.0
#23 26.36    Compiling idna_adapter v1.2.2
#23 26.45    Compiling idna v1.1.0
#23 26.94    Compiling url v2.5.8
#23 27.62    Compiling ureq v2.12.1
#23 32.97    Compiling gripsack-policy v0.42.0 (/app/crates/gripsack-policy)
#23 33.24    Compiling gripsack-ir v0.42.0 (/app/crates/gripsack-ir)
#23 37.69    Compiling gripsack-store v0.42.0 (/app/crates/gripsack-store)
#23 37.69    Compiling gripsack-config v0.42.0 (/app/crates/gripsack-config)
#23 37.69    Compiling griplint v0.42.0 (/app/crates/griplint)
#23 39.19    Compiling gripsack-fetch v0.42.0 (/app/crates/gripsack-fetch)
#23 39.19    Compiling gripsack-trace v0.42.0 (/app/crates/gripsack-trace)
#23 41.22    Compiling gripsack-exec v0.42.0 (/app/crates/gripsack-exec)
#23 41.22    Compiling gripsack-lint v0.42.0 (/app/crates/gripsack-lint)
#23 48.84    Compiling gripsack v0.42.0 (/app/crates/gripsack)
#23 57.68     Finished `dev` profile [unoptimized + debuginfo] target(s) in 57.35s
#23 DONE 58.1s

#24 [e2e  2/12] WORKDIR /app
#24 CACHED

#25 [e2e  3/12] RUN apt-get update -qq && apt-get install -y -qq --no-install-recommends git     && rm -rf /var/lib/apt/lists/*
#25 CACHED

#26 [e2e  4/12] ADD --checksum=sha256:394f07f4da2bebe6ce6f1e7ce0fa16429b29b08c35e3fac3fe25972676dff4b2 https://github.com/denoland/deno/releases/download/v2.9.6/deno-x86_64-unknown-linux-gnu.zip /tmp/deno.zip
#26 CACHED

#27 [e2e  5/12] RUN python3 -m zipfile -e /tmp/deno.zip /tmp/deno     && mkdir -p /root/.local/share/gripsack/tools/deno-2.9.6     && mv /tmp/deno/deno /root/.local/share/gripsack/tools/deno-2.9.6/deno     && chmod 755 /root/.local/share/gripsack/tools/deno-2.9.6/deno     && rm -rf /tmp/deno.zip /tmp/deno
#27 CACHED

#28 [e2e  6/12] RUN printf 'uv==%s --hash=sha256:f7d6248ad9f2d282fea795f248da8fa666ab382df50d8385bd98e01049440a0c --hash=sha256:bd0afae6918795c6a61a649e64d735e339f3d62f8310235da6f19eb3f66f323b\n' "0.12.10" > /tmp/uv.req     && pip install --no-cache-dir --no-deps --require-hashes -r /tmp/uv.req     && uv --version     && rm -f /tmp/uv.req
#28 CACHED

#29 [e2e  7/12] COPY --from=bin /app/target/debug/grip /usr/local/bin/grip
#29 DONE 0.2s

#30 [e2e  8/12] COPY e2e/pyproject.toml e2e/uv.lock ./e2e/
#30 DONE 0.1s

#31 [e2e  9/12] RUN cd e2e && uv sync --locked
#31 0.355 Using CPython 3.13.15 interpreter at: /usr/local/bin/python3
#31 0.355 Creating virtual environment at: .venv
#31 0.363 Resolved 10 packages in 4ms
#31 0.444 Downloading pygments (1.2MiB)
#31 0.539  Downloaded pygments
#31 0.539 Prepared 5 packages in 175ms
#31 0.559 Installed 5 packages in 19ms
#31 0.559  + iniconfig==2.3.0
#31 0.559  + packaging==26.3
#31 0.559  + pluggy==1.6.0
#31 0.559  + pygments==2.21.0
#31 0.559  + pytest==9.1.1
#31 DONE 0.6s

#32 [e2e 10/12] COPY e2e ./e2e
#32 DONE 0.1s

#33 [e2e 11/12] COPY examples ./examples
#33 DONE 0.1s

#34 [e2e 12/12] WORKDIR /app/e2e
#34 DONE 0.1s

#35 exporting to image
#35 exporting layers
#35 exporting layers 3.5s done
#35 exporting manifest sha256:946c8d380db8b16f5f5a36637c7a9b8f59c1214270596ec4c87e9d0e1716819a 0.0s done
#35 exporting config sha256:f573d882667c2919256c7fa96a615b4204beaf6a45e53118bfddf12cb5309895 0.0s done
#35 exporting attestation manifest sha256:41af24ba1358affed280b4c0931ed4ef2ad19054c6cf6f291e740328fc4794e9 0.0s done
#35 exporting manifest list sha256:54e651fde91e2457770f962740e18e250eb47b8dc974ba29a85a402449ba9374 0.0s done
#35 naming to docker.io/library/gripsack-e2e:latest
#35 naming to docker.io/library/gripsack-e2e:latest done
#35 unpacking to docker.io/library/gripsack-e2e:latest
#35 unpacking to docker.io/library/gripsack-e2e:latest 0.9s done
#35 DONE 4.6s

#36 resolving provenance for metadata file
#36 DONE 0.0s
 Image gripsack-e2e Built 
 Container gripsack-e2e-run-b8b282556cc9 Creating 
 Container gripsack-e2e-run-b8b282556cc9 Created 
============================= test session starts ==============================
platform linux -- Python 3.13.15, pytest-9.1.1, pluggy-1.6.0
rootdir: /app/e2e
configfile: pyproject.toml
collected 349 items

test_activation_lifecycle.py ...........                                 [  3%]
test_adopt.py .............                                              [  6%]
test_apply_lifecycle.py ........                                         [  9%]
test_build_closures.py .......                                           [ 11%]
test_complete_pins.py ...........                                        [ 14%]
test_contract_fidelity.py ..........................                     [ 21%]
test_destination_ownership.py .............                              [ 25%]
test_eval_gate.py ................................                       [ 34%]
test_execution_contracts.py ..........                                   [ 37%]
test_fetchers.py ..................                                      [ 42%]
test_gc_admission.py .................                                   [ 47%]
test_generation_history.py ..........                                    [ 50%]
test_golden.py .....                                                     [ 51%]
test_http_policy.py ............                                         [ 55%]
test_journey.py .....                                                    [ 56%]
test_journey_contracts.py ...                                            [ 57%]
test_linters.py ............                                             [ 61%]
test_merge_boundaries.py ........                                        [ 63%]
test_migration_feedback.py .........                                     [ 65%]
test_ownership_modes.py ................                                 [ 70%]
test_persistence_matrix.py ......                                        [ 72%]
test_plan_operations.py ...                                              [ 73%]
test_self_update.py .....                                                [ 74%]
test_store_hygiene.py ........                                           [ 76%]
test_trace_context.py ..                                                 [ 77%]
test_transaction_recovery.py ..........                                  [ 80%]
test_update_surveys.py ........                                          [ 82%]
test_workspace_contract.py .......................                       [ 89%]
test_workspace_diagnostics.py ..............................             [ 97%]
test_workspace_files.py ........                                         [100%]

======================= 349 passed in 1005.09s (0:16:45) =======================

RUNNER_COMMAND=docker compose run --build --rm model
 Image gripsack-model Building 
#1 [internal] load local bake definitions
#1 reading from stdin 535B done
#1 DONE 0.0s

#2 [internal] load build definition from Dockerfile
#2 transferring dockerfile:
#2 transferring dockerfile: 11.00kB done
#2 DONE 0.0s

#3 resolve image config for docker-image://docker.io/docker/dockerfile:1
#3 DONE 0.7s

#4 docker-image://docker.io/docker/dockerfile:1@sha256:ecfaec9ed6d810b56388c508f4121597bfbba70d41a6dfeee4d8cad5f295fc32
#4 resolve docker.io/docker/dockerfile:1@sha256:ecfaec9ed6d810b56388c508f4121597bfbba70d41a6dfeee4d8cad5f295fc32 0.0s done
#4 CACHED

#5 [internal] load metadata for docker.io/library/eclipse-temurin:21-jre@sha256:7a65df4b22d2de92d4e04056e884f3b9122d70b21e2847fd66084278bd0ce037
#5 DONE 0.7s

#6 [internal] load .dockerignore
#6 transferring context: 139B done
#6 DONE 0.0s

#7 [internal] load build context
#7 DONE 0.0s

#8 [model 2/6] ADD --checksum=sha256:936a262061c914694dfd669a543be24573c45d5aa0ff20a8b96b23d01e050e88 https://github.com/tlaplus/tlaplus/releases/download/v1.7.4/tla2tools.jar /tla/tla2tools.jar
#8 DONE 0.0s

#9 [model 1/6] FROM docker.io/library/eclipse-temurin:21-jre@sha256:7a65df4b22d2de92d4e04056e884f3b9122d70b21e2847fd66084278bd0ce037
#9 resolve docker.io/library/eclipse-temurin:21-jre@sha256:7a65df4b22d2de92d4e04056e884f3b9122d70b21e2847fd66084278bd0ce037 0.1s done
#9 DONE 0.1s

#7 [internal] load build context
#7 transferring context: 122.65kB 0.0s done
#7 DONE 0.0s

#10 [model 4/6] COPY specs ./specs
#10 CACHED

#11 [model 5/6] COPY scripts/check_models.sh ./scripts/check_models.sh
#11 CACHED

#12 [model 2/6] ADD --checksum=sha256:936a262061c914694dfd669a543be24573c45d5aa0ff20a8b96b23d01e050e88 https://github.com/tlaplus/tlaplus/releases/download/v1.7.4/tla2tools.jar /tla/tla2tools.jar
#12 CACHED

#13 [model 3/6] WORKDIR /work
#13 CACHED

#14 [model 6/6] RUN sh scripts/check_models.sh /tla/tla2tools.jar
#14 CACHED

#15 exporting to image
#15 exporting layers done
#15 exporting manifest sha256:8decfbbf59c6f193d5c5b9e3989490a09ed8ff7b76fade146d6fe835d78b1735 done
#15 exporting config sha256:285b3c127009c922a5315c2aedc193665fa7d89ef3ee0e78a3a42c3ed6cc4491 done
#15 exporting attestation manifest sha256:99b124d9a6cf2cd8934cfb4fd7644a6561a5e27e3a7a305523f0906594af9a26 0.0s done
#15 exporting manifest list sha256:572daee00b4d86654e941338b970bfeb77d712e3e47141e4fde776f07b44d58c
#15 exporting manifest list sha256:572daee00b4d86654e941338b970bfeb77d712e3e47141e4fde776f07b44d58c 0.0s done
#15 naming to docker.io/library/gripsack-model:latest done
#15 unpacking to docker.io/library/gripsack-model:latest 0.0s done
#15 DONE 0.1s

#16 resolving provenance for metadata file
#16 DONE 0.2s
 Image gripsack-model Built 
 Container gripsack-model-run-350b6e03fb16 Creating 
 Container gripsack-model-run-350b6e03fb16 Created 
gate passed: model checks via scripts/check_models.sh (TLC, positive + calibrated negative configs)

RUNNER_COMMAND=docker compose run --build --rm tlaps
 Image gripsack-tlaps Building 
#1 [internal] load local bake definitions
#1 reading from stdin 587B done
#1 DONE 0.0s

#2 [internal] load build definition from Dockerfile
#2 transferring dockerfile:
#2 transferring dockerfile: 11.00kB done
#2 DONE 0.0s

#3 resolve image config for docker-image://docker.io/docker/dockerfile:1
#3 DONE 0.6s

#4 docker-image://docker.io/docker/dockerfile:1@sha256:ecfaec9ed6d810b56388c508f4121597bfbba70d41a6dfeee4d8cad5f295fc32
#4 resolve docker.io/docker/dockerfile:1@sha256:ecfaec9ed6d810b56388c508f4121597bfbba70d41a6dfeee4d8cad5f295fc32 0.0s done
#4 CACHED

#5 [internal] load metadata for docker.io/library/eclipse-temurin:21-jre@sha256:7a65df4b22d2de92d4e04056e884f3b9122d70b21e2847fd66084278bd0ce037
#5 DONE 0.7s

#6 [internal] load .dockerignore
#6 transferring context: 139B done
#6 DONE 0.0s

#7 [tlaps 2/5] ADD --checksum=sha256:a2860384bc89c4c5b2c73ec367e29f44d829e4d4a2698ab295139f829219331c https://github.com/tlaplus/tlapm/releases/download/1.6.0-pre/tlapm-1.6.0-pre-x86_64-linux-gnu.tar.gz /tmp/tlapm.tar.gz
#7 DONE 0.0s

#8 [internal] load build context
#8 DONE 0.0s

#9 [model 1/6] FROM docker.io/library/eclipse-temurin:21-jre@sha256:7a65df4b22d2de92d4e04056e884f3b9122d70b21e2847fd66084278bd0ce037
#9 resolve docker.io/library/eclipse-temurin:21-jre@sha256:7a65df4b22d2de92d4e04056e884f3b9122d70b21e2847fd66084278bd0ce037 0.1s done
#9 DONE 0.1s

#10 [model 2/6] ADD --checksum=sha256:936a262061c914694dfd669a543be24573c45d5aa0ff20a8b96b23d01e050e88 https://github.com/tlaplus/tlaplus/releases/download/v1.7.4/tla2tools.jar /tla/tla2tools.jar
#10 DONE 0.0s

#8 [internal] load build context
#8 transferring context: 116.11kB 0.1s done
#8 DONE 0.1s

#11 [model 6/6] RUN sh scripts/check_models.sh /tla/tla2tools.jar
#11 CACHED

#12 [model 5/6] COPY scripts/check_models.sh ./scripts/check_models.sh
#12 CACHED

#13 [tlaps 3/5] RUN mkdir -p /opt/tlapm && tar -xzf /tmp/tlapm.tar.gz -C /opt/tlapm --strip-components=1     && rm /tmp/tlapm.tar.gz
#13 CACHED

#14 [model 4/6] COPY specs ./specs
#14 CACHED

#15 [model 6/6] RUN sh scripts/check_models.sh /tla/tla2tools.jar
#15 CACHED

#16 [tlaps 1/5] RUN apt-get update -qq && apt-get install -y -qq --no-install-recommends     python3 libgmp10     && rm -rf /var/lib/apt/lists/*
#16 CACHED

#17 [tlaps 2/5] ADD --checksum=sha256:a2860384bc89c4c5b2c73ec367e29f44d829e4d4a2698ab295139f829219331c https://github.com/tlaplus/tlapm/releases/download/1.6.0-pre/tlapm-1.6.0-pre-x86_64-linux-gnu.tar.gz /tmp/tlapm.tar.gz
#17 CACHED

#18 [tlaps 4/5] COPY scripts/check_tlaps.py scripts/tlaps_evidence.py ./scripts/
#18 CACHED

#19 [model 2/6] ADD --checksum=sha256:936a262061c914694dfd669a543be24573c45d5aa0ff20a8b96b23d01e050e88 https://github.com/tlaplus/tlaplus/releases/download/v1.7.4/tla2tools.jar /tla/tla2tools.jar
#19 CACHED

#20 [model 3/6] WORKDIR /work
#20 CACHED

#21 [tlaps 5/5] RUN python3 scripts/check_tlaps.py
#21 CACHED

#22 exporting to image
#22 exporting layers done
#22 exporting manifest sha256:751b48ab8bd371d69569653e3ed4bc0320a985d142164ae67bb719aa56e4e752 done
#22 exporting config sha256:38279ba7055c1791a64483247fc0e88f5a1605a9e68162b820d9bb2f5b49edc4 done
#22 exporting attestation manifest sha256:57f84938aaf3e6fd0ca212b1e78abd1b99cfb02bc6fb38a6f5d6ec3394e7bfb5
#22 exporting attestation manifest sha256:57f84938aaf3e6fd0ca212b1e78abd1b99cfb02bc6fb38a6f5d6ec3394e7bfb5 0.1s done
#22 exporting manifest list sha256:201768c75f5faea202e764af05c74228a04f64a396c7a4c9d065e60ec2245bb0 0.1s done
#22 naming to docker.io/library/gripsack-tlaps:latest
#22 naming to docker.io/library/gripsack-tlaps:latest 0.0s done
#22 unpacking to docker.io/library/gripsack-tlaps:latest 0.0s done
#22 DONE 0.3s

#23 resolving provenance for metadata file
#23 DONE 0.0s
 Image gripsack-tlaps Built 
 Container gripsack-tlaps-run-989d16ad8b3c Creating 
 Container gripsack-tlaps-run-989d16ad8b3c Created 
gate passed: transaction induction and calibrated TLAPS/TLC failures

RUNNER_COMMAND=docker compose run --build --rm verify
 Image gripsack-verify Building 
#1 [internal] load local bake definitions
#1 reading from stdin 540B done
#1 DONE 0.0s

#2 [internal] load build definition from Dockerfile
#2 transferring dockerfile: 11.00kB done
#2 DONE 0.0s

#3 resolve image config for docker-image://docker.io/docker/dockerfile:1
#3 DONE 0.6s

#4 docker-image://docker.io/docker/dockerfile:1@sha256:ecfaec9ed6d810b56388c508f4121597bfbba70d41a6dfeee4d8cad5f295fc32
#4 resolve docker.io/docker/dockerfile:1@sha256:ecfaec9ed6d810b56388c508f4121597bfbba70d41a6dfeee4d8cad5f295fc32 0.1s done
#4 CACHED

#5 [internal] load metadata for docker.io/library/ubuntu:24.04@sha256:224a1869083a311ef3f13648a154ba79832fbef6364d31493642ca03082da254
#5 DONE 0.1s

#6 [internal] load .dockerignore
#6 transferring context: 139B done
#6 DONE 0.0s

#7 [verify  4/11] ADD --checksum=sha256:7288c49a5bd6dbafd7b0b0d1f65956b91672da24b08f09242919af159be3418e https://github.com/Z3Prover/z3/releases/download/z3-4.16.0/z3-4.16.0-x64-glibc-2.39.zip /tmp/z3.zip
#7 DONE 0.0s

#8 [verify  3/11] ADD --checksum=sha256:13d01e134c0620c3b29770874707d16c33b3d227c843a489c8ceb744d43c0a16 https://github.com/verus-lang/verus/releases/download/release/0.2026.09.06.8dea4a2/verus-0.2026.09.06.8dea4a2-x86-linux.zip /tmp/verus.zip
#8 DONE 0.0s

#9 [verify  1/11] FROM docker.io/library/ubuntu:24.04@sha256:224a1869083a311ef3f13648a154ba79832fbef6364d31493642ca03082da254
#9 resolve docker.io/library/ubuntu:24.04@sha256:224a1869083a311ef3f13648a154ba79832fbef6364d31493642ca03082da254 0.0s done
#9 DONE 0.0s

#10 [internal] load build context
#10 transferring context: 2.45MB 0.2s done
#10 DONE 0.2s

#11 [verify  2/11] RUN apt-get update -qq && apt-get install -y -qq --no-install-recommends     curl ca-certificates unzip build-essential python3     && rm -rf /var/lib/apt/lists/*
#11 CACHED

#12 [verify  3/11] ADD --checksum=sha256:13d01e134c0620c3b29770874707d16c33b3d227c843a489c8ceb744d43c0a16 https://github.com/verus-lang/verus/releases/download/release/0.2026.09.06.8dea4a2/verus-0.2026.09.06.8dea4a2-x86-linux.zip /tmp/verus.zip
#12 CACHED

#13 [verify  4/11] ADD --checksum=sha256:7288c49a5bd6dbafd7b0b0d1f65956b91672da24b08f09242919af159be3418e https://github.com/Z3Prover/z3/releases/download/z3-4.16.0/z3-4.16.0-x64-glibc-2.39.zip /tmp/z3.zip
#13 CACHED

#14 [verify  5/11] RUN unzip -q /tmp/verus.zip -d /opt && unzip -q /tmp/z3.zip -d /opt     && rm /tmp/verus.zip /tmp/z3.zip     && curl -fsSL https://sh.rustup.rs | sh -s -- -y --default-toolchain 1.98.0        --component rustc-dev --component llvm-tools --component rustfmt
#14 CACHED

#15 [verify  6/11] WORKDIR /app
#15 CACHED

#16 [verify  7/11] COPY Cargo.toml Cargo.lock ./
#16 CACHED

#17 [verify  8/11] COPY crates ./crates
#17 DONE 0.2s

#18 [verify  9/11] COPY fuzz ./fuzz
#18 DONE 0.1s

#19 [verify 10/11] COPY scripts/check_verus.sh scripts/check_verus.py scripts/verus_evidence.py ./scripts/
#19 DONE 0.1s

#20 [verify 11/11] RUN sh scripts/check_verus.sh
#20 0.389 VERUS_GATE_NEGATIVES=10
#20 0.391 RUNNER_COMMAND=cargo verus verify --manifest-path /app/crates/gripsack-policy/Cargo.toml -p gripsack-policy --locked --message-format=json -- --output-json --time-expanded
#20 51.11 VERUS_RESULT={"encountered-error": false, "encountered-vir-error": false, "errors": 0, "is-verifying-entire-crate": true, "success": true, "verified": 80}
#20 51.11 positive: verification results:: 80 verified, 0 errors
#20 51.11 VERUS_FAMILY=recovery checked=1 functions=classify
#20 51.11 VERUS_FAMILY=ownership checked=2 functions=ownership::plan_copy,ownership::plan_link
#20 51.11 VERUS_FAMILY=retention checked=7 functions=retention::admit_gc,retention::contains_generation,retention::contains_identity,retention::plan_prune,retention::plan_delete,retention::lemma_delete_monotone,retention::lemma_delete_monotone_prefix
#20 51.11 VERUS_FAMILY=merge checked=6 functions=merge::splice_bytes,merge::lemma_rest_is_gaps,merge::lemma_splice_canonical,merge::lemma_splice_identity,merge::lemma_gaps_end_with_tail,merge::lemma_splice_preserves_edges
#20 51.11 VERUS_FAMILY=merge-scanner checked=5 functions=merge::scanner::span_text,merge::scanner::lemma_ascii_successor,merge::scanner::next_line_end,merge::scanner::scan_admits_splice,merge::scanner::scan
#20 51.11 VERUS_FAMILY=graph checked=3 functions=graph::build_closure,graph::build_only_members,graph::lemma_reachable_visited
#20 51.11 VERUS_FAMILY=graph-roles checked=2 functions=graph::roles::project_graph_roles,graph::roles::GraphRole::is_dependency
#20 51.11 VERUS_FAMILY=graph-name-index checked=3 functions=graph::name_index::bind_output_index,graph::name_index::BoundOutputIndex::position,graph::name_index::distinct_names_have_distinct_indices
#20 51.11 VERUS_FAMILY=target checked=2 functions=target::release_at_most,target::supports_target
#20 51.11 VERUS_FAMILY=scheduler checked=11 functions=schedule::PureScheduler::new,schedule::PureScheduler::start_next,schedule::PureScheduler::finish_ok,schedule::PureScheduler::finish_fail,schedule::PureScheduler::failed,schedule::lemma_unfinished_count_zero,schedule::lemma_unfinished_count_zero_reverse,schedule::lemma_unfinished_count_decrement,schedule::lemma_unfinished_count_none_finished,schedule::lemma_fresh_entry,schedule::lemma_cast_collapse
#20 51.75 RUNNER_COMMAND=cargo verus verify --manifest-path /tmp/gripsack-verus-fdv493oj/classifier/crates/gripsack-policy/Cargo.toml -p gripsack-policy --locked --message-format=json -- --output-json --time-expanded
#20 86.94 VERUS_RESULT={"encountered-error": true, "encountered-vir-error": false, "errors": 1, "is-verifying-entire-crate": true, "success": false, "verified": 79}
#20 86.94 VERUS_DIAGNOSTIC={"$message_type": "diagnostic", "children": [], "code": null, "level": "error", "message": "postcondition not satisfied", "rendered": "error: postcondition not satisfied\n  --> crates/gripsack-policy/src/lib.rs:66:9\n   |\n66 |           (result == Classification::Committed) <==> facts.current == Some(facts.target),\n   |           ^^^^^^^^^^^^^^^^^^^^^^^^^^^^^^^^^^^^^^^^^^^^^^^^^^^^^^^^^^^^^^^^^^^^^^^^^^^^^^ failed this postcondition\n...\n82 | /     match (facts.previous, facts.current) {\n83 | |         (Some(_), Some(c)) if c == facts.target => Classification::Committed,\n84 | |         (Some(prev), Some(c)) if c == prev => Classification::Uncommitted,\n85 | |         (Some(_), _) => Classification::Committed,\n...  |\n90 | |         (None, Some(_)) => Classification::Ambiguous,\n91 | |     }\n   | |_____- at the end of the function body\n\n", "spans": [{"byte_end": 4105, "byte_start": 3552, "column_end": 6, "column_start": 5, "expansion": null, "file_name": "crates/gripsack-policy/src/lib.rs", "is_primary": false, "label": "at the end of the function body", "line_end": 91, "line_start": 82, "suggested_replacement": null, "suggestion_applicability": null, "text": [{"highlight_end": 44, "highlight_start": 5, "text": "    match (facts.previous, facts.current) {"}, {"highlight_end": 78, "highlight_start": 1, "text": "        (Some(_), Some(c)) if c == facts.target => Classification::Committed,"}, {"highlight_end": 75, "highlight_start": 1, "text": "        (Some(prev), Some(c)) if c == prev => Classification::Uncommitted,"}, {"highlight_end": 51, "highlight_start": 1, "text": "        (Some(_), _) => Classification::Committed,"}, {"highlight_end": 72, "highlight_start": 1, "text": "        // a fresh machine's first run: current at the target means the"}, {"highlight_end": 50, "highlight_start": 1, "text": "        // flip landed; absent means it never did"}, {"highlight_end": 75, "highlight_start": 1, "text": "        (None, Some(c)) if c == facts.target => Classification::Committed,"}, {"highlight_end": 53, "highlight_start": 1, "text": "        (None, None) => Classification::Uncommitted,"}, {"highlight_end": 54, "highlight_start": 1, "text": "        (None, Some(_)) => Classification::Ambiguous,"}, {"highlight_end": 6, "highlight_start": 1, "text": "    }"}]}, {"byte_end": 2800, "byte_start": 2722, "column_end": 87, "column_start": 9, "expansion": null, "file_name": "crates/gripsack-policy/src/lib.rs", "is_primary": true, "label": "failed this postcondition", "line_end": 66, "line_start": 66, "suggested_replacement": null, "suggestion_applicability": null, "text": [{"highlight_end": 87, "highlight_start": 9, "text": "        (result == Classification::Committed) <==> facts.current == Some(facts.target),"}]}]}
#20 86.94 VERUS_DIAGNOSTIC={"$message_type": "diagnostic", "children": [], "code": null, "level": "error", "message": "postcondition not satisfied", "rendered": "error: postcondition not satisfied\n  --> crates/gripsack-policy/src/lib.rs:76:9\n   |\n76 | /         (result == Classification::Ambiguous) <==> (\n77 | |             facts.current != Some(facts.target)\n78 | |             && !(facts.current.is_none() && facts.previous.is_none())\n79 | |             && !(facts.previous.is_some() && facts.current == facts.previous)\n80 | |         ),\n   | |_________^ failed this postcondition\n81 |   {\n82 | /     match (facts.previous, facts.current) {\n83 | |         (Some(_), Some(c)) if c == facts.target => Classification::Committed,\n84 | |         (Some(prev), Some(c)) if c == prev => Classification::Uncommitted,\n85 | |         (Some(_), _) => Classification::Committed,\n...  |\n90 | |         (None, Some(_)) => Classification::Ambiguous,\n91 | |     }\n   | |_____- at the end of the function body\n\n", "spans": [{"byte_end": 4105, "byte_start": 3552, "column_end": 6, "column_start": 5, "expansion": null, "file_name": "crates/gripsack-policy/src/lib.rs", "is_primary": false, "label": "at the end of the function body", "line_end": 91, "line_start": 82, "suggested_replacement": null, "suggestion_applicability": null, "text": [{"highlight_end": 44, "highlight_start": 5, "text": "    match (facts.previous, facts.current) {"}, {"highlight_end": 78, "highlight_start": 1, "text": "        (Some(_), Some(c)) if c == facts.target => Classification::Committed,"}, {"highlight_end": 75, "highlight_start": 1, "text": "        (Some(prev), Some(c)) if c == prev => Classification::Uncommitted,"}, {"highlight_end": 51, "highlight_start": 1, "text": "        (Some(_), _) => Classification::Committed,"}, {"highlight_end": 72, "highlight_start": 1, "text": "        // a fresh machine's first run: current at the target means the"}, {"highlight_end": 50, "highlight_start": 1, "text": "        // flip landed; absent means it never did"}, {"highlight_end": 75, "highlight_start": 1, "text": "        (None, Some(c)) if c == facts.target => Classification::Committed,"}, {"highlight_end": 53, "highlight_start": 1, "text": "        (None, None) => Classification::Uncommitted,"}, {"highlight_end": 54, "highlight_start": 1, "text": "        (None, Some(_)) => Classification::Ambiguous,"}, {"highlight_end": 6, "highlight_start": 1, "text": "    }"}]}, {"byte_end": 3544, "byte_start": 3294, "column_end": 10, "column_start": 9, "expansion": null, "file_name": "crates/gripsack-policy/src/lib.rs", "is_primary": true, "label": "failed this postcondition", "line_end": 80, "line_start": 76, "suggested_replacement": null, "suggestion_applicability": null, "text": [{"highlight_end": 53, "highlight_start": 9, "text": "        (result == Classification::Ambiguous) <==> ("}, {"highlight_end": 48, "highlight_start": 1, "text": "            facts.current != Some(facts.target)"}, {"highlight_end": 70, "highlight_start": 1, "text": "            && !(facts.current.is_none() && facts.previous.is_none())"}, {"highlight_end": 78, "highlight_start": 1, "text": "            && !(facts.previous.is_some() && facts.current == facts.previous)"}, {"highlight_end": 10, "highlight_start": 1, "text": "        ),"}]}]}
#20 86.94 calibration: classifier rejected in classify
#20 87.46 RUNNER_COMMAND=cargo verus verify --manifest-path /tmp/gripsack-verus-fdv493oj/ownership-drift/crates/gripsack-policy/Cargo.toml -p gripsack-policy --locked --message-format=json -- --output-json --time-expanded
#20 122.0 VERUS_RESULT={"encountered-error": true, "encountered-vir-error": false, "errors": 1, "is-verifying-entire-crate": true, "success": false, "verified": 79}
#20 122.0 VERUS_DIAGNOSTIC={"$message_type": "diagnostic", "children": [], "code": null, "level": "error", "message": "postcondition not satisfied", "rendered": "error: postcondition not satisfied\n  --> crates/gripsack-policy/src/ownership.rs:55:9\n   |\n55 | /         (result == CopyPlan::Update) <==>\n56 | |             (!take_over && live.is_some() && live.unwrap()@ != desired@\n57 | |             && prev.is_some() && !prev.unwrap().1\n58 | |             && live.unwrap()@ == prev.unwrap().0@),\n   | |__________________________________________________^ failed this postcondition\n...\n78 |           Some((written, true)) if live == written => CopyPlan::Update,\n   |           --------------------- at the end of the function body\n\n", "spans": [{"byte_end": 3224, "byte_start": 3203, "column_end": 30, "column_start": 9, "expansion": null, "file_name": "crates/gripsack-policy/src/ownership.rs", "is_primary": false, "label": "at the end of the function body", "line_end": 78, "line_start": 78, "suggested_replacement": null, "suggestion_applicability": null, "text": [{"highlight_end": 30, "highlight_start": 9, "text": "        Some((written, true)) if live == written => CopyPlan::Update,"}]}, {"byte_end": 2499, "byte_start": 2293, "column_end": 51, "column_start": 9, "expansion": null, "file_name": "crates/gripsack-policy/src/ownership.rs", "is_primary": true, "label": "failed this postcondition", "line_end": 58, "line_start": 55, "suggested_replacement": null, "suggestion_applicability": null, "text": [{"highlight_end": 42, "highlight_start": 9, "text": "        (result == CopyPlan::Update) <==>"}, {"highlight_end": 72, "highlight_start": 1, "text": "            (!take_over && live.is_some() && live.unwrap()@ != desired@"}, {"highlight_end": 50, "highlight_start": 1, "text": "            && prev.is_some() && !prev.unwrap().1"}, {"highlight_end": 51, "highlight_start": 1, "text": "            && live.unwrap()@ == prev.unwrap().0@),"}]}]}
#20 122.0 VERUS_DIAGNOSTIC={"$message_type": "diagnostic", "children": [], "code": null, "level": "error", "message": "postcondition not satisfied", "rendered": "error: postcondition not satisfied\n  --> crates/gripsack-policy/src/ownership.rs:61:9\n   |\n61 | /         (result == CopyPlan::Preserve) <==>\n62 | |             (!take_over && live.is_some() && live.unwrap()@ != desired@\n63 | |             && !(prev.is_some() && !prev.unwrap().1\n64 | |                 && live.unwrap()@ == prev.unwrap().0@)),\n   | |_______________________________________________________^ failed this postcondition\n...\n78 |           Some((written, true)) if live == written => CopyPlan::Update,\n   |           --------------------- at the end of the function body\n\n", "spans": [{"byte_end": 3224, "byte_start": 3203, "column_end": 30, "column_start": 9, "expansion": null, "file_name": "crates/gripsack-policy/src/ownership.rs", "is_primary": false, "label": "at the end of the function body", "line_end": 78, "line_start": 78, "suggested_replacement": null, "suggestion_applicability": null, "text": [{"highlight_end": 30, "highlight_start": 9, "text": "        Some((written, true)) if live == written => CopyPlan::Update,"}]}, {"byte_end": 2839, "byte_start": 2624, "column_end": 56, "column_start": 9, "expansion": null, "file_name": "crates/gripsack-policy/src/ownership.rs", "is_primary": true, "label": "failed this postcondition", "line_end": 64, "line_start": 61, "suggested_replacement": null, "suggestion_applicability": null, "text": [{"highlight_end": 44, "highlight_start": 9, "text": "        (result == CopyPlan::Preserve) <==>"}, {"highlight_end": 72, "highlight_start": 1, "text": "            (!take_over && live.is_some() && live.unwrap()@ != desired@"}, {"highlight_end": 52, "highlight_start": 1, "text": "            && !(prev.is_some() && !prev.unwrap().1"}, {"highlight_end": 56, "highlight_start": 1, "text": "                && live.unwrap()@ == prev.unwrap().0@)),"}]}]}
#20 122.0 calibration: ownership-drift rejected in ownership::plan_copy
#20 122.2 RUNNER_COMMAND=cargo verus verify --manifest-path /tmp/gripsack-verus-fdv493oj/gc-roots-in-deletion/crates/gripsack-policy/Cargo.toml -p gripsack-policy --locked --message-format=json -- --output-json --time-expanded
#20 150.6 VERUS_RESULT={"encountered-error": true, "encountered-vir-error": false, "errors": 1, "is-verifying-entire-crate": true, "success": false, "verified": 79}
#20 150.6 VERUS_DIAGNOSTIC={"$message_type": "diagnostic", "children": [], "code": null, "level": "error", "message": "invariant not satisfied at end of loop body", "rendered": "error: invariant not satisfied at end of loop body\n   --> crates/gripsack-policy/src/retention.rs:167:13\n    |\n167 | /             out@.map(|_i, s: &str| s@) == spec_delete_prefix(\n168 | |                 referenced@.map(|_i, s: &str| s@),\n169 | |                 candidates@.map(|_i, s: &str| s@),\n170 | |                 i as int,\n171 | |             ),\n    | |_____________^\n\n", "spans": [{"byte_end": 6459, "byte_start": 6268, "column_end": 14, "column_start": 13, "expansion": null, "file_name": "crates/gripsack-policy/src/retention.rs", "is_primary": true, "label": null, "line_end": 171, "line_start": 167, "suggested_replacement": null, "suggestion_applicability": null, "text": [{"highlight_end": 62, "highlight_start": 13, "text": "            out@.map(|_i, s: &str| s@) == spec_delete_prefix("}, {"highlight_end": 51, "highlight_start": 1, "text": "                referenced@.map(|_i, s: &str| s@),"}, {"highlight_end": 51, "highlight_start": 1, "text": "                candidates@.map(|_i, s: &str| s@),"}, {"highlight_end": 26, "highlight_start": 1, "text": "                i as int,"}, {"highlight_end": 14, "highlight_start": 1, "text": "            ),"}]}]}
#20 150.6 calibration: gc-roots-in-deletion rejected in retention::plan_delete
#20 150.8 RUNNER_COMMAND=cargo verus verify --manifest-path /tmp/gripsack-verus-fdv493oj/merge-splice/crates/gripsack-policy/Cargo.toml -p gripsack-policy --locked --message-format=json -- --output-json --time-expanded
#20 178.0 VERUS_RESULT={"encountered-error": true, "encountered-vir-error": false, "errors": 1, "is-verifying-entire-crate": true, "success": false, "verified": 79}
#20 178.0 VERUS_DIAGNOSTIC={"$message_type": "diagnostic", "children": [], "code": null, "level": "error", "message": "postcondition not satisfied", "rendered": "error: postcondition not satisfied\n  --> crates/gripsack-policy/src/merge.rs:58:9\n   |\n58 |         result@ == spec_splice(text@, spans@, replacement@),\n   |         ^^^^^^^^^^^^^^^^^^^^^^^^^^^^^^^^^^^^^^^^^^^^^^^^^^^ failed this postcondition\n...\n82 |     out\n   |     --- at the end of the function body\n\n", "spans": [{"byte_end": 2858, "byte_start": 2855, "column_end": 8, "column_start": 5, "expansion": null, "file_name": "crates/gripsack-policy/src/merge.rs", "is_primary": false, "label": "at the end of the function body", "line_end": 82, "line_start": 82, "suggested_replacement": null, "suggestion_applicability": null, "text": [{"highlight_end": 8, "highlight_start": 5, "text": "    out"}]}, {"byte_end": 2129, "byte_start": 2078, "column_end": 60, "column_start": 9, "expansion": null, "file_name": "crates/gripsack-policy/src/merge.rs", "is_primary": true, "label": "failed this postcondition", "line_end": 58, "line_start": 58, "suggested_replacement": null, "suggestion_applicability": null, "text": [{"highlight_end": 60, "highlight_start": 9, "text": "        result@ == spec_splice(text@, spans@, replacement@),"}]}]}
#20 178.0 calibration: merge-splice rejected in merge::splice_bytes
#20 178.2 RUNNER_COMMAND=cargo verus verify --manifest-path /tmp/gripsack-verus-fdv493oj/merge-scanner-utf8/crates/gripsack-policy/Cargo.toml -p gripsack-policy --locked --message-format=json -- --output-json --time-expanded
#20 205.1 VERUS_RESULT={"encountered-error": true, "encountered-vir-error": false, "errors": 1, "is-verifying-entire-crate": true, "success": false, "verified": 79}
#20 205.1 VERUS_DIAGNOSTIC={"$message_type": "diagnostic", "children": [], "code": null, "level": "error", "message": "invariant not satisfied at end of loop body", "rendered": "error: invariant not satisfied at end of loop body\n   --> crates/gripsack-policy/src/merge/scanner.rs:184:13\n    |\n184 |             valid_block_spans(text.spec_bytes(), blocks@),\n    |             ^^^^^^^^^^^^^^^^^^^^^^^^^^^^^^^^^^^^^^^^^^^^^\n\n", "spans": [{"byte_end": 6426, "byte_start": 6381, "column_end": 58, "column_start": 13, "expansion": null, "file_name": "crates/gripsack-policy/src/merge/scanner.rs", "is_primary": true, "label": null, "line_end": 184, "line_start": 184, "suggested_replacement": null, "suggestion_applicability": null, "text": [{"highlight_end": 58, "highlight_start": 13, "text": "            valid_block_spans(text.spec_bytes(), blocks@),"}]}]}
#20 205.1 calibration: merge-scanner-utf8 rejected in merge::scanner::scan
#20 205.3 RUNNER_COMMAND=cargo verus verify --manifest-path /tmp/gripsack-verus-fdv493oj/graph-closure/crates/gripsack-policy/Cargo.toml -p gripsack-policy --locked --message-format=json -- --output-json --time-expanded
#20 232.9 VERUS_RESULT={"encountered-error": true, "encountered-vir-error": false, "errors": 1, "is-verifying-entire-crate": true, "success": false, "verified": 79}
#20 232.9 VERUS_DIAGNOSTIC={"$message_type": "diagnostic", "children": [], "code": null, "level": "error", "message": "invariant not satisfied at end of loop body", "rendered": "error: invariant not satisfied at end of loop body\n   --> crates/gripsack-policy/src/graph.rs:199:17\n    |\n199 | /                 forall|j: usize| result@.contains(j) <==>\n200 | |                     (j as int) < n_nodes && visited@[j as int] && j != root,\n    | |___________________________________________________________________________^\n\n", "spans": [{"byte_end": 9557, "byte_start": 9440, "column_end": 76, "column_start": 17, "expansion": null, "file_name": "crates/gripsack-policy/src/graph.rs", "is_primary": true, "label": null, "line_end": 200, "line_start": 199, "suggested_replacement": null, "suggestion_applicability": null, "text": [{"highlight_end": 58, "highlight_start": 17, "text": "                forall|j: usize| result@.contains(j) <==>"}, {"highlight_end": 76, "highlight_start": 1, "text": "                    (j as int) < n_nodes && visited@[j as int] && j != root,"}]}]}
#20 232.9 calibration: graph-closure rejected in graph::build_closure
#20 233.1 RUNNER_COMMAND=cargo verus verify --manifest-path /tmp/gripsack-verus-fdv493oj/graph-validation/crates/gripsack-policy/Cargo.toml -p gripsack-policy --locked --message-format=json -- --output-json --time-expanded
#20 259.4 VERUS_RESULT={"encountered-error": true, "encountered-vir-error": false, "errors": 1, "is-verifying-entire-crate": true, "success": false, "verified": 79}
#20 259.4 VERUS_DIAGNOSTIC={"$message_type": "diagnostic", "children": [], "code": null, "level": "error", "message": "assertion failed", "rendered": "error: assertion failed\n  --> crates/gripsack-policy/src/graph/roles.rs:80:20\n   |\n80 |             assert(decision.required_validation == (role == GraphRole::Validation));\n   |                    ^^^^^^^^^^^^^^^^^^^^^^^^^^^^^^^^^^^^^^^^^^^^^^^^^^^^^^^^^^^^^^^ assertion failed\n\n", "spans": [{"byte_end": 3092, "byte_start": 3029, "column_end": 83, "column_start": 20, "expansion": null, "file_name": "crates/gripsack-policy/src/graph/roles.rs", "is_primary": true, "label": "assertion failed", "line_end": 80, "line_start": 80, "suggested_replacement": null, "suggestion_applicability": null, "text": [{"highlight_end": 83, "highlight_start": 20, "text": "            assert(decision.required_validation == (role == GraphRole::Validation));"}]}]}
#20 259.4 calibration: graph-validation rejected in graph::roles::project_graph_roles
#20 259.6 RUNNER_COMMAND=cargo verus verify --manifest-path /tmp/gripsack-verus-fdv493oj/graph-name-index/crates/gripsack-policy/Cargo.toml -p gripsack-policy --locked --message-format=json -- --output-json --time-expanded
#20 286.1 VERUS_RESULT={"encountered-error": true, "encountered-vir-error": false, "errors": 1, "is-verifying-entire-crate": true, "success": false, "verified": 79}
#20 286.1 VERUS_DIAGNOSTIC={"$message_type": "diagnostic", "children": [], "code": null, "level": "error", "message": "assertion failed", "rendered": "error: assertion failed\n  --> crates/gripsack-policy/src/graph/name_index.rs:70:16\n   |\n70 |         assert(same_name == (names@[position as int]@ == declared@));\n   |                ^^^^^^^^^^^^^^^^^^^^^^^^^^^^^^^^^^^^^^^^^^^^^^^^^^^^ assertion failed\n\n", "spans": [{"byte_end": 2325, "byte_start": 2273, "column_end": 68, "column_start": 16, "expansion": null, "file_name": "crates/gripsack-policy/src/graph/name_index.rs", "is_primary": true, "label": "assertion failed", "line_end": 70, "line_start": 70, "suggested_replacement": null, "suggestion_applicability": null, "text": [{"highlight_end": 68, "highlight_start": 16, "text": "        assert(same_name == (names@[position as int]@ == declared@));"}]}]}
#20 286.1 calibration: graph-name-index rejected in graph::name_index::bind_output_index
#20 286.3 RUNNER_COMMAND=cargo verus verify --manifest-path /tmp/gripsack-verus-fdv493oj/target-abi/crates/gripsack-policy/Cargo.toml -p gripsack-policy --locked --message-format=json -- --output-json --time-expanded
#20 312.7 VERUS_RESULT={"encountered-error": true, "encountered-vir-error": false, "errors": 1, "is-verifying-entire-crate": true, "success": false, "verified": 79}
#20 312.7 VERUS_DIAGNOSTIC={"$message_type": "diagnostic", "children": [], "code": null, "level": "error", "message": "assertion failed", "rendered": "error: assertion failed\n   --> crates/gripsack-policy/src/target.rs:106:16\n    |\n106 |         assert(abi_matches == (provider.abi == consumer.abi));\n    |                ^^^^^^^^^^^^^^^^^^^^^^^^^^^^^^^^^^^^^^^^^^^^^ assertion failed\n\n", "spans": [{"byte_end": 3644, "byte_start": 3599, "column_end": 61, "column_start": 16, "expansion": null, "file_name": "crates/gripsack-policy/src/target.rs", "is_primary": true, "label": "assertion failed", "line_end": 106, "line_start": 106, "suggested_replacement": null, "suggestion_applicability": null, "text": [{"highlight_end": 61, "highlight_start": 16, "text": "        assert(abi_matches == (provider.abi == consumer.abi));"}]}]}
#20 312.7 calibration: target-abi rejected in target::supports_target
#20 312.9 RUNNER_COMMAND=cargo verus verify --manifest-path /tmp/gripsack-verus-fdv493oj/scheduler-latch/crates/gripsack-policy/Cargo.toml -p gripsack-policy --locked --message-format=json -- --output-json --time-expanded
#20 339.6 VERUS_RESULT={"encountered-error": true, "encountered-vir-error": false, "errors": 1, "is-verifying-entire-crate": true, "success": false, "verified": 79}
#20 339.6 VERUS_DIAGNOSTIC={"$message_type": "diagnostic", "children": [], "code": null, "level": "error", "message": "postcondition not satisfied", "rendered": "error: postcondition not satisfied\n   --> crates/gripsack-policy/src/schedule.rs:562:13\n    |\n562 |               old(self).failed ==> result.is_none(),\n    |               ^^^^^^^^^^^^^^^^^^^^^^^^^^^^^^^^^^^^^ failed this postcondition\n563 |               old(self).failed ==> final(self).failed,\n564 | /     {\n565 | |         if self.head >= self.ready.len() {\n566 | |             return None;\n...   |\n637 | |         Some(module)\n638 | |     }\n    | |_____- at the end of the function body\n\n", "spans": [{"byte_end": 26982, "byte_start": 23366, "column_end": 6, "column_start": 5, "expansion": null, "file_name": "crates/gripsack-policy/src/schedule.rs", "is_primary": false, "label": "at the end of the function body", "line_end": 638, "line_start": 564, "suggested_replacement": null, "suggestion_applicability": null, "text": [{"highlight_end": 6, "highlight_start": 5, "text": "    {"}, {"highlight_end": 43, "highlight_start": 1, "text": "        if self.head >= self.ready.len() {"}, {"highlight_end": 25, "highlight_start": 1, "text": "            return None;"}, {"highlight_end": 10, "highlight_start": 1, "text": "        }"}, {"highlight_end": 66, "highlight_start": 1, "text": "        // entry snapshots: post-mutation reasoning never touches"}, {"highlight_end": 56, "highlight_start": 1, "text": "        // old(self) \u2014 local ghosts cannot be re-seated"}, {"highlight_end": 47, "highlight_start": 1, "text": "        let ghost pre_started = self.started@;"}, {"highlight_end": 51, "highlight_start": 1, "text": "        let ghost pre_remaining = self.remaining@;"}, {"highlight_end": 45, "highlight_start": 1, "text": "        let ghost pre_queued = self.queued@;"}, {"highlight_end": 43, "highlight_start": 1, "text": "        let ghost pre_ready = self.ready@;"}, {"highlight_end": 47, "highlight_start": 1, "text": "        let ghost pre_head = self.head as int;"}, {"highlight_end": 44, "highlight_start": 1, "text": "        let module = self.ready[self.head];"}, {"highlight_end": 16, "highlight_start": 1, "text": "        proof {"}, {"highlight_end": 70, "highlight_start": 1, "text": "            // queue-readiness: the popped module is fully unblocked,"}, {"highlight_end": 67, "highlight_start": 1, "text": "            // so every dependency finished (the exact-count link)"}, {"highlight_end": 51, "highlight_start": 1, "text": "            assert(!self.started@[module as int]);"}, {"highlight_end": 57, "highlight_start": 1, "text": "            assert(self.remaining@[module as int] == 0);"}, {"highlight_end": 85, "highlight_start": 1, "text": "            lemma_unfinished_count_zero(self.deps@[module as int]@, self.finished@);"}, {"highlight_end": 10, "highlight_start": 1, "text": "        }"}, {"highlight_end": 24, "highlight_start": 1, "text": "        self.head += 1;"}, {"highlight_end": 37, "highlight_start": 1, "text": "        self.started[module] = true;"}, {"highlight_end": 16, "highlight_start": 1, "text": "        proof {"}, {"highlight_end": 71, "highlight_start": 1, "text": "            // the entry readiness clause, restated over the snapshots"}, {"highlight_end": 79, "highlight_start": 1, "text": "            assert(forall|i: int| #![trigger pre_started[i], pre_remaining[i]]"}, {"highlight_end": 61, "highlight_start": 1, "text": "                0 <= i < self.deps@.len() && !pre_started[i]"}, {"highlight_end": 61, "highlight_start": 1, "text": "                    && pre_remaining[i] == 0 && !self.failed"}, {"highlight_end": 54, "highlight_start": 1, "text": "                ==> pre_queued.contains(i as usize));"}, {"highlight_end": 44, "highlight_start": 1, "text": "            // the popped module was queued"}, {"highlight_end": 53, "highlight_start": 1, "text": "            assert(pre_queued.contains(module)) by {"}, {"highlight_end": 99, "highlight_start": 1, "text": "                assert(pre_ready.subrange(pre_head, pre_ready.len() as int).contains(module)) by {"}, {"highlight_end": 59, "highlight_start": 1, "text": "                    assert(pre_ready[pre_head] == module);"}, {"highlight_end": 19, "highlight_start": 1, "text": "                };"}, {"highlight_end": 15, "highlight_start": 1, "text": "            };"}, {"highlight_end": 60, "highlight_start": 1, "text": "            self.queued = Ghost(pre_queued.remove(module));"}, {"highlight_end": 62, "highlight_start": 1, "text": "            // the entry window was [module] plus the new one"}, {"highlight_end": 72, "highlight_start": 1, "text": "            assert(pre_ready.subrange(pre_head, pre_ready.len() as int)"}, {"highlight_end": 101, "highlight_start": 1, "text": "                == seq![module] + self.ready@.subrange(self.head as int, self.ready@.len() as int));"}, {"highlight_end": 34, "highlight_start": 1, "text": "            assert forall|i: int|"}, {"highlight_end": 60, "highlight_start": 1, "text": "                #![trigger pre_queued.contains(i as usize)]"}, {"highlight_end": 46, "highlight_start": 1, "text": "                0 <= i < self.deps@.len() ==>"}, {"highlight_end": 51, "highlight_start": 1, "text": "                (self.queued@.contains(i as usize)"}, {"highlight_end": 84, "highlight_start": 1, "text": "                    <==> (pre_queued.contains(i as usize) && i as usize != module))"}, {"highlight_end": 17, "highlight_start": 1, "text": "            by {"}, {"highlight_end": 15, "highlight_start": 1, "text": "            };"}, {"highlight_end": 93, "highlight_start": 1, "text": "            assert(self.ready@.subrange(self.head as int, self.ready@.len() as int).to_set()"}, {"highlight_end": 35, "highlight_start": 1, "text": "                =~= self.queued@);"}, {"highlight_end": 61, "highlight_start": 1, "text": "            assert forall|k: int| #![trigger self.ready@[k]]"}, {"highlight_end": 59, "highlight_start": 1, "text": "                self.head <= k < self.ready@.len() implies"}, {"highlight_end": 54, "highlight_start": 1, "text": "                !self.started@[self.ready@[k] as int]"}, {"highlight_end": 63, "highlight_start": 1, "text": "                && self.remaining@[self.ready@[k] as int] == 0"}, {"highlight_end": 17, "highlight_start": 1, "text": "            by {"}, {"highlight_end": 61, "highlight_start": 1, "text": "                assert(pre_queued.contains(self.ready@[k]));"}, {"highlight_end": 50, "highlight_start": 1, "text": "                assert(self.ready@[k] != module);"}, {"highlight_end": 15, "highlight_start": 1, "text": "            };"}, {"highlight_end": 83, "highlight_start": 1, "text": "            assert forall|i: int| #![trigger self.started@[i], self.remaining@[i]]"}, {"highlight_end": 63, "highlight_start": 1, "text": "                0 <= i < self.deps@.len() && !self.started@[i]"}, {"highlight_end": 63, "highlight_start": 1, "text": "                    && self.remaining@[i] == 0 && !self.failed"}, {"highlight_end": 58, "highlight_start": 1, "text": "                implies self.queued@.contains(i as usize)"}, {"highlight_end": 17, "highlight_start": 1, "text": "            by {"}, {"highlight_end": 41, "highlight_start": 1, "text": "                assert(!pre_started[i]);"}, {"highlight_end": 47, "highlight_start": 1, "text": "                assert(pre_remaining[i] == 0);"}, {"highlight_end": 57, "highlight_start": 1, "text": "                assert(pre_queued.contains(i as usize));"}, {"highlight_end": 67, "highlight_start": 1, "text": "                assert(self.deps@.len() <= usize::MAX as int) by {"}, {"highlight_end": 103, "highlight_start": 1, "text": "                    assert(self.deps@.len() == vstd::std_specs::vec::spec_vec_len(&self.deps) as int);"}, {"highlight_end": 19, "highlight_start": 1, "text": "                };"}, {"highlight_end": 48, "highlight_start": 1, "text": "                lemma_cast_collapse(i, module);"}, {"highlight_end": 42, "highlight_start": 1, "text": "                if i as usize == module {"}, {"highlight_end": 71, "highlight_start": 1, "text": "                    assert(self.started@[module as int]); // the write"}, {"highlight_end": 70, "highlight_start": 1, "text": "                    assert(false); // i == module, but module started"}, {"highlight_end": 18, "highlight_start": 1, "text": "                }"}, {"highlight_end": 59, "highlight_start": 1, "text": "                assert(self.queued@.contains(i as usize));"}, {"highlight_end": 15, "highlight_start": 1, "text": "            };"}, {"highlight_end": 10, "highlight_start": 1, "text": "        }"}, {"highlight_end": 21, "highlight_start": 1, "text": "        Some(module)"}, {"highlight_end": 6, "highlight_start": 1, "text": "    }"}]}, {"byte_end": 23307, "byte_start": 23270, "column_end": 50, "column_start": 13, "expansion": null, "file_name": "crates/gripsack-policy/src/schedule.rs", "is_primary": true, "label": "failed this postcondition", "line_end": 562, "line_start": 562, "suggested_replacement": null, "suggestion_applicability": null, "text": [{"highlight_end": 50, "highlight_start": 13, "text": "            old(self).failed ==> result.is_none(),"}]}]}
#20 339.7 calibration: scheduler-latch rejected in schedule::PureScheduler::start_next
#20 339.9 RUNNER_COMMAND=cargo verus verify --manifest-path /tmp/gripsack-verus-fdv493oj/unrelated-lemma/crates/gripsack-policy/Cargo.toml -p gripsack-policy --locked --message-format=json -- --output-json --time-expanded
#20 366.4 VERUS_RESULT={"encountered-error": true, "encountered-vir-error": false, "errors": 1, "is-verifying-entire-crate": true, "success": false, "verified": 80}
#20 366.4 VERUS_DIAGNOSTIC={"$message_type": "diagnostic", "children": [], "code": null, "level": "error", "message": "postcondition not satisfied", "rendered": "error: postcondition not satisfied\n  --> crates/gripsack-policy/src/lib.rs:94:54\n   |\n94 | pub proof fn unrelated_calibration_failure() ensures false {}\n   | --------------------------------------------         ^^^^^ failed this postcondition\n   | |\n   | at the end of the function body\n\n", "spans": [{"byte_end": 4153, "byte_start": 4109, "column_end": 45, "column_start": 1, "expansion": null, "file_name": "crates/gripsack-policy/src/lib.rs", "is_primary": false, "label": "at the end of the function body", "line_end": 94, "line_start": 94, "suggested_replacement": null, "suggestion_applicability": null, "text": [{"highlight_end": 45, "highlight_start": 1, "text": "pub proof fn unrelated_calibration_failure() ensures false {}"}]}, {"byte_end": 4167, "byte_start": 4162, "column_end": 59, "column_start": 54, "expansion": null, "file_name": "crates/gripsack-policy/src/lib.rs", "is_primary": true, "label": "failed this postcondition", "line_end": 94, "line_start": 94, "suggested_replacement": null, "suggestion_applicability": null, "text": [{"highlight_end": 59, "highlight_start": 54, "text": "pub proof fn unrelated_calibration_failure() ensures false {}"}]}]}
#20 366.4 calibration: unrelated lemma refused as classifier evidence
#20 366.4 VERUS_CALIBRATIONS=11
#20 366.4 verify gate: OK
#20 DONE 367.0s

#21 exporting to image
#21 exporting layers
#21 exporting layers 7.2s done
#21 exporting manifest sha256:d72bf9cf096d5ea320cf9ac9e4ff05a842b9339c582504269211b6780025e216 0.0s done
#21 exporting config sha256:42ed26bc7ad241eaec7fc60ec8a0ee72d34e13c24479a743fc9ea40b4c71b326 0.0s done
#21 exporting attestation manifest sha256:4c94b4cc7ae3d06ae888e4e622d1be41163a58ced92cef0d1c2624a76ab542f8 0.0s done
#21 exporting manifest list sha256:1a008b93261064d6c7b65a35becc14292ee40b9b270f571dc8e5fb8cc9daaea6 0.0s done
#21 naming to docker.io/library/gripsack-verify:latest
#21 naming to docker.io/library/gripsack-verify:latest done
#21 unpacking to docker.io/library/gripsack-verify:latest
#21 unpacking to docker.io/library/gripsack-verify:latest 4.0s done
#21 DONE 11.4s

#22 resolving provenance for metadata file
#22 DONE 0.0s
 Image gripsack-verify Built 
 Container gripsack-verify-run-4cce1623e21e Creating 
 Container gripsack-verify-run-4cce1623e21e Created 
gate passed: cargo verus verify -p gripsack-policy + seeded-mutant calibration (scripts/check_verus.sh)
