Gripsack M0 section 2.2: final local non-fuzz Compose gates
Date: 2026-09-27
Scope: gate commands began on the pre-commit tree; exact-source focused evidence is separate.
Fresh Rust/Loom, full CLI, Verus/calibration; unchanged TS/TLC/TLAPS RUN layers are cached.
Combined text transcript; no protected CI, native Mac, M-V7 theorem or release claim.
FUZZ=not_run_owner_instruction

RUNNER_COMMAND=docker compose run --build --rm test
 Image gripsack-test Building 
#1 [internal] load local bake definitions
#1 reading from stdin 530B done
#1 DONE 0.0s

#2 [internal] load build definition from Dockerfile
#2 transferring dockerfile: 11.00kB done
#2 DONE 0.0s

#3 resolve image config for docker-image://docker.io/docker/dockerfile:1
#3 DONE 0.6s

#4 docker-image://docker.io/docker/dockerfile:1@sha256:ecfaec9ed6d810b56388c508f4121597bfbba70d41a6dfeee4d8cad5f295fc32
#4 resolve docker.io/docker/dockerfile:1@sha256:ecfaec9ed6d810b56388c508f4121597bfbba70d41a6dfeee4d8cad5f295fc32 0.0s done
#4 CACHED

#5 [internal] load metadata for docker.io/library/rust:alpine@sha256:a10e64dd139b7387337c7fbe8aca31b959b57b2fd4c8ae20a02cf1d6ea424dce
#5 DONE 0.6s

#6 [internal] load .dockerignore
#6 transferring context: 139B done
#6 DONE 0.1s

#7 [builder  1/10] FROM docker.io/library/rust:alpine@sha256:a10e64dd139b7387337c7fbe8aca31b959b57b2fd4c8ae20a02cf1d6ea424dce
#7 resolve docker.io/library/rust:alpine@sha256:a10e64dd139b7387337c7fbe8aca31b959b57b2fd4c8ae20a02cf1d6ea424dce 0.1s done
#7 DONE 0.1s

#8 [internal] load build context
#8 transferring context: 3.02MB 0.2s done
#8 DONE 0.3s

#9 [builder  4/10] WORKDIR /app
#9 CACHED

#10 [builder  2/10] RUN apk add --no-cache musl-dev git curl xz     && rustup component add clippy rustfmt
#10 CACHED

#11 [builder  3/10] RUN set -e;     arch="$(uname -m)";     case "$arch" in       x86_64)  sha=3374daaf153e6f82028add5e4bf7cc2deab46537dee24f20be80df831193aeb4 ;;       aarch64) sha=35d90cee9648037eaa4c1a2649fdca9d1b9a9997b972d37be7f8629139ba1294 ;;       *) echo "unsupported arch: $arch" >&2; exit 1 ;;     esac;     curl -fsSL -o /tmp/ca.tar.xz "https://github.com/rust-secure-code/cargo-auditable/releases/download/v0.7.5/cargo-auditable-${arch}-unknown-linux-musl.tar.xz";     echo "$sha  /tmp/ca.tar.xz" | sha256sum -c -;     mkdir -p /tmp/ca && tar -xJf /tmp/ca.tar.xz -C /tmp/ca;     mv /tmp/ca/*/cargo-auditable /usr/local/bin/cargo-auditable;     rm -rf /tmp/ca /tmp/ca.tar.xz
#11 CACHED

#12 [builder  5/10] COPY Cargo.toml Cargo.lock ./
#12 CACHED

#13 [builder  6/10] COPY crates ./crates
#13 DONE 0.6s

#14 [builder  7/10] COPY fuzz ./fuzz
#14 DONE 0.2s

#15 [builder  8/10] COPY schema ./schema
#15 DONE 0.1s

#16 [builder  9/10] COPY typescript ./typescript
#16 DONE 0.1s

#17 [builder 10/10] COPY scripts ./scripts
#17 DONE 0.1s

#18 [builder  8/10] COPY schema ./schema
#18 CACHED

#19 [builder  9/10] COPY typescript ./typescript
#19 CACHED

#20 [builder 10/10] COPY scripts ./scripts
#20 CACHED

#21 [builder  5/10] COPY Cargo.toml Cargo.lock ./
#21 CACHED

#22 [builder  6/10] COPY crates ./crates
#22 CACHED

#23 [builder  7/10] COPY fuzz ./fuzz
#23 CACHED

#24 [test 1/2] RUN cargo fmt --check     && cargo clippy --locked --workspace --all-targets -- -D warnings     && cargo test --locked
#24 1.461     Updating crates.io index
#24 4.514  Downloading crates ...
#24 4.608   Downloaded adler2 v2.0.1
#24 4.626   Downloaded ambient-authority v0.0.2
#24 4.645   Downloaded allocator-api2 v0.2.21
#24 4.651   Downloaded block-buffer v0.12.1
#24 4.654   Downloaded borrow-or-share v0.2.4
#24 4.667   Downloaded cpufeatures v0.3.0
#24 4.671   Downloaded num-rational v0.4.2
#24 4.673   Downloaded ref-cast-impl v1.0.27
#24 4.682   Downloaded colorchoice v1.0.5
#24 4.685   Downloaded once_cell v1.21.4
#24 4.690   Downloaded num-iter v0.1.46
#24 4.702   Downloaded cfg-if v1.0.4
#24 4.705   Downloaded convert_case v0.4.0
#24 4.707   Downloaded anstyle-query v1.1.5
#24 4.718   Downloaded bit-set v0.8.0
#24 4.733   Downloaded ref-cast v1.0.27
#24 4.739   Downloaded form_urlencoded v1.2.2
#24 4.741   Downloaded httpdate v1.0.3
#24 4.744   Downloaded scoped-tls v1.0.1
#24 4.746   Downloaded clap_lex v1.1.0
#24 4.761   Downloaded itoa v1.0.18
#24 4.766   Downloaded outref v0.5.2
#24 4.769   Downloaded potential_utf v0.1.6
#24 4.771   Downloaded percent-encoding v2.3.2
#24 4.773   Downloaded equivalent v1.0.2
#24 4.776   Downloaded serde_spanned v1.1.1
#24 4.785   Downloaded heck v0.5.0
#24 4.788   Downloaded scopeguard v1.2.0
#24 4.791   Downloaded zstd-safe v7.2.4
#24 4.795   Downloaded openssl-probe v0.2.1
#24 4.805   Downloaded tracing-serde v0.2.0
#24 4.808   Downloaded version_check v0.9.5
#24 4.815   Downloaded unit-prefix v0.5.2
#24 4.825   Downloaded errno v0.3.14
#24 4.829   Downloaded is_terminal_polyfill v1.70.2
#24 4.831   Downloaded jsonschema-regex v0.55.0
#24 4.840   Downloaded untrusted v0.9.0
#24 4.845   Downloaded webpki-roots v0.26.11
#24 4.848   Downloaded thread_local v1.1.10
#24 4.854   Downloaded stable_deref_trait v1.2.1
#24 4.857   Downloaded verus_builtin v0.0.0-2026-09-06-0133
#24 4.859   Downloaded maybe-owned v0.3.4
#24 4.863   Downloaded idna_adapter v1.2.2
#24 4.872   Downloaded xattr v1.6.1
#24 4.877   Downloaded num v0.4.3
#24 4.880   Downloaded subtle v2.6.1
#24 4.884   Downloaded matchers v0.2.0
#24 4.889   Downloaded strum v0.28.0
#24 4.892   Downloaded uuid-simd v0.8.0
#24 4.897   Downloaded shell-words v1.1.1
#24 4.901   Downloaded zerofrom v0.1.8
#24 4.915   Downloaded utf8parse v0.2.2
#24 4.920   Downloaded utf8_iter v1.0.4
#24 4.923   Downloaded strsim v0.11.1
#24 4.928   Downloaded fs-set-times v0.20.3
#24 4.932   Downloaded zmij v1.0.23
#24 4.939   Downloaded rustversion v1.0.23
#24 4.949   Downloaded zerofrom-derive v0.1.7
#24 4.955   Downloaded owo-colors v4.3.0
#24 4.961   Downloaded zstd v0.13.3
#24 4.973   Downloaded rustix-linux-procfs v0.1.1
#24 4.976   Downloaded anstream v1.0.0
#24 4.986   Downloaded autocfg v1.5.1
#24 5.001   Downloaded bit-vec v0.8.0
#24 5.009   Downloaded anstyle v1.0.14
#24 5.014   Downloaded pkg-config v0.3.34
#24 5.019   Downloaded quote v1.0.47
#24 5.031   Downloaded foldhash v0.2.0
#24 5.035   Downloaded fastrand v2.5.0
#24 5.040   Downloaded ahash v0.8.12
#24 5.058   Downloaded toml_writer v1.1.2+spec-1.1.0
#24 5.069   Downloaded toml_datetime v0.7.5+spec-1.1.0
#24 5.075   Downloaded toml_datetime v1.1.1+spec-1.1.0
#24 5.079   Downloaded displaydoc v0.2.7
#24 5.090   Downloaded filetime v0.2.29
#24 5.098   Downloaded nu-ansi-term v0.50.3
#24 5.108   Downloaded simd-adler32 v0.3.10
#24 5.114   Downloaded strum_macros v0.28.0
#24 5.122   Downloaded synstructure v0.13.2
#24 5.127   Downloaded io-lifetimes v3.0.1
#24 5.135   Downloaded thiserror v2.0.20
#24 5.155   Downloaded lock_api v0.4.14
#24 5.160   Downloaded ipnet v2.12.1
#24 5.165   Downloaded num-cmp v0.1.0
#24 5.168   Downloaded thiserror-impl v2.0.20
#24 5.175   Downloaded num-complex v0.4.6
#24 5.182   Downloaded zeroize v1.9.0
#24 5.188   Downloaded lazy_static v1.5.0
#24 5.195   Downloaded num-integer v0.1.47
#24 5.199   Downloaded io-lifetimes v2.0.4
#24 5.204   Downloaded shlex v2.0.1
#24 5.214   Downloaded rustls-native-certs v0.8.4
#24 5.218   Downloaded pin-project-lite v0.2.17
#24 5.242   Downloaded jobserver v0.1.35
#24 5.253   Downloaded sha2 v0.11.0
#24 5.270   Downloaded dialoguer v0.12.0
#24 5.284   Downloaded crypto-common v0.2.2
#24 5.288   Downloaded tinystr v0.8.4
#24 5.295   Downloaded bytecount v0.6.9
#24 5.302   Downloaded tracing-log v0.2.0
#24 5.308   Downloaded parking_lot v0.12.5
#24 5.313   Downloaded digest v0.11.3
#24 5.323   Downloaded email_address v0.2.9
#24 5.330   Downloaded parking_lot_core v0.9.12
#24 5.337   Downloaded find-msvc-tools v0.1.11
#24 5.343   Downloaded toml_parser v1.1.3+spec-1.1.0
#24 5.352   Downloaded vsimd v0.8.0
#24 5.360   Downloaded xz2 v0.1.7
#24 5.367   Downloaded anstyle-parse v1.0.0
#24 5.375   Downloaded unicode-general-category v1.1.0
#24 5.383   Downloaded smallvec v1.15.2
#24 5.388   Downloaded data-encoding v2.11.1
#24 5.391   Downloaded bzip2 v0.6.1
#24 5.401   Downloaded crc32fast v1.5.1
#24 5.410   Downloaded generator v0.8.10
#24 5.423   Downloaded tempfile v3.27.0
#24 5.437   Downloaded getrandom v0.2.17
#24 5.448   Downloaded zerovec-derive v0.11.6
#24 5.452   Downloaded writeable v0.6.4
#24 5.461   Downloaded yoke-derive v0.8.2
#24 5.466   Downloaded serde_yaml v0.9.34+deprecated
#24 5.479   Downloaded num-traits v0.2.19
#24 5.486   Downloaded zopfli v0.8.3
#24 5.494   Downloaded rustls-pki-types v1.15.1
#24 5.502   Downloaded ryu v1.0.23
#24 5.517   Downloaded hybrid-array v0.4.14
#24 5.524   Downloaded yoke v0.8.3
#24 5.531   Downloaded cap-std v4.0.3
#24 5.546   Downloaded litemap v0.8.3
#24 5.561   Downloaded console v0.16.4
#24 5.562   Downloaded toml v1.1.4+spec-1.1.0
#24 5.586   Downloaded tracing-attributes v0.1.31
#24 5.595   Downloaded unsafe-libyaml v0.2.11
#24 5.606   Downloaded sharded-slab v0.1.7
#24 5.618   Downloaded clap v4.6.6
#24 5.645   Downloaded clap_derive v4.6.4
#24 5.652   Downloaded const-oid v0.10.2
#24 5.658   Downloaded bitflags v2.13.1
#24 5.670   Downloaded referencing v0.55.0
#24 5.691   Downloaded serde_derive v1.0.229
#24 5.699   Downloaded serde_core v1.0.229
#24 5.707   Downloaded toml_edit v0.25.13+spec-1.1.0
#24 5.719   Downloaded toml v0.9.12+spec-1.1.0
#24 5.734   Downloaded unicode-ident v1.0.24
#24 5.749   Downloaded icu_provider v2.3.1
#24 5.758   Downloaded io-extras v0.19.0
#24 5.764   Downloaded tar v0.4.46
#24 5.774   Downloaded libbz2-rs-sys v0.2.5
#24 5.779   Downloaded log v0.4.34
#24 5.787   Downloaded proc-macro2 v1.0.107
#24 5.797   Downloaded verus_prettyplease v0.0.0-2026-09-06-0133
#24 5.806   Downloaded getrandom v0.4.3
#24 5.816   Downloaded fluent-uri v0.4.1
#24 5.824   Downloaded serde v1.0.229
#24 5.834   Downloaded tracing-core v0.1.36
#24 5.841   Downloaded base64 v0.22.1
#24 5.855   Downloaded getrandom v0.3.4
#24 5.865   Downloaded url v2.5.8
#24 5.872   Downloaded icu_locale_core v2.3.0
#24 5.895   Downloaded icu_normalizer_data v2.3.0
#24 5.899   Downloaded indicatif v0.18.6
#24 5.908   Downloaded verus_state_machines_macros v0.0.0-2026-09-06-0133
#24 5.914   Downloaded jsonschema-value v0.55.0
#24 5.918   Downloaded micromap v0.3.0
#24 5.938   Downloaded loom v0.7.2
#24 5.955   Downloaded miniz_oxide v0.8.9
#24 5.963   Downloaded rustls-webpki v0.103.15
#24 5.970   Downloaded typed-path v0.12.3
#24 5.997   Downloaded cap-primitives v4.0.3
#24 6.026   Downloaded flate2 v1.1.9
#24 6.039   Downloaded typenum v1.20.1
#24 6.047   Downloaded ureq v2.12.1
#24 6.061   Downloaded bumpalo v3.20.3
#24 6.068   Downloaded icu_properties v2.3.0
#24 6.076   Downloaded zerotrie v0.2.5
#24 6.089   Downloaded verus_builtin_macros v0.0.0-2026-09-06-0133
#24 6.095   Downloaded cc v1.4.4
#24 6.105   Downloaded memchr v2.8.3
#24 6.120   Downloaded num-bigint v0.4.8
#24 6.133   Downloaded icu_collections v2.3.0
#24 6.151   Downloaded fraction v0.17.0
#24 6.168   Downloaded indexmap v2.14.0
#24 6.182   Downloaded regex v1.13.1
#24 6.197   Downloaded serde_json v1.0.151
#24 6.224   Downloaded zerovec v0.11.8
#24 6.237   Downloaded idna v1.1.0
#24 6.245   Downloaded zip v8.6.0
#24 6.256   Downloaded hashbrown v0.17.1
#24 6.271   Downloaded clap_builder v4.6.6
#24 6.287   Downloaded aho-corasick v1.1.5
#24 6.299   Downloaded icu_properties_data v2.3.0
#24 6.321   Downloaded portable-atomic v1.15.0
#24 6.340   Downloaded winnow v1.0.4
#24 6.367   Downloaded winnow v0.7.15
#24 6.395   Downloaded webpki-roots v1.0.9
#24 6.401   Downloaded tracing-subscriber v0.3.23
#24 6.429   Downloaded zlib-rs v0.6.7
#24 6.443   Downloaded fancy-regex v0.19.1
#24 6.459   Downloaded unicode-width v0.2.2
#24 6.469   Downloaded zerocopy v0.8.56
#24 6.512   Downloaded vstd v0.0.0-2026-09-06-0133
#24 6.535   Downloaded syn v2.0.119
#24 6.555   Downloaded syn v3.0.4
#24 6.576   Downloaded regex-syntax v0.8.11
#24 6.588   Downloaded icu_normalizer v2.3.0
#24 6.603   Downloaded rustls v0.23.45
#24 6.629   Downloaded verus_syn v0.0.0-2026-09-06-0133
#24 6.651   Downloaded rustix v1.1.4
#24 6.742   Downloaded tracing v0.1.44
#24 6.766   Downloaded jsonschema v0.55.0
#24 6.803   Downloaded regex-automata v0.4.18
#24 6.835   Downloaded lzma-sys v0.1.20
#24 6.907   Downloaded zstd-sys v2.0.16+zstd.1.5.7
#24 6.938   Downloaded libc v0.2.189
#24 7.107   Downloaded ring v0.17.14
#24 7.198   Downloaded linux-raw-sys v0.12.1
#24 7.718    Compiling proc-macro2 v1.0.107
#24 7.718    Compiling quote v1.0.47
#24 7.718    Compiling unicode-ident v1.0.24
#24 7.719    Compiling libc v0.2.189
#24 7.724     Checking cfg-if v1.0.4
#24 7.724    Compiling serde_core v1.0.229
#24 7.724    Compiling serde v1.0.229
#24 7.725     Checking memchr v2.8.3
#24 7.737     Checking equivalent v1.0.2
#24 7.742     Checking foldhash v0.2.0
#24 7.743     Checking once_cell v1.21.4
#24 7.753     Checking allocator-api2 v0.2.21
#24 7.770    Compiling zmij v1.0.23
#24 7.770     Checking itoa v1.0.18
#24 7.771    Compiling serde_json v1.0.151
#24 7.771    Compiling shlex v2.0.1
#24 7.771    Compiling find-msvc-tools v0.1.11
#24 7.771    Compiling verus_prettyplease v0.0.0-2026-09-06-0133
#24 7.771    Compiling hashbrown v0.17.1
#24 7.771    Compiling convert_case v0.4.0
#24 7.771    Compiling vstd v0.0.0-2026-09-06-0133
#24 7.771     Checking verus_builtin v0.0.0-2026-09-06-0133
#24 7.793     Checking smallvec v1.15.2
#24 7.793    Compiling thiserror v2.0.20
#24 7.800    Compiling rustix v1.1.4
#24 7.804     Checking linux-raw-sys v0.12.1
#24 7.804     Checking bitflags v2.13.1
#24 7.824     Checking stable_deref_trait v1.2.1
#24 7.831     Checking winnow v1.0.4
#24 7.831     Checking toml_writer v1.1.2+spec-1.1.0
#24 7.839    Compiling io-lifetimes v3.0.1
#24 7.858    Compiling pkg-config v0.3.34
#24 7.925    Compiling io-lifetimes v2.0.4
#24 7.964     Checking typenum v1.20.1
#24 7.965    Compiling io-extras v0.19.0
#24 8.020     Checking percent-encoding v2.3.2
#24 8.026     Checking log v0.4.34
#24 8.086    Compiling cap-primitives v4.0.3
#24 8.182    Compiling getrandom v0.4.3
#24 8.199     Checking writeable v0.6.4
#24 8.298     Checking zeroize v1.9.0
#24 8.343     Checking const-oid v0.10.2
#24 8.346     Checking maybe-owned v0.3.4
#24 8.380     Checking ambient-authority v0.0.2
#24 8.399    Compiling cap-std v4.0.3
#24 8.437     Checking ipnet v2.12.1
#24 8.537     Checking litemap v0.8.3
#24 8.566     Checking tracing-core v0.1.36
#24 8.588     Checking cpufeatures v0.3.0
#24 8.609    Compiling icu_properties_data v2.3.0
#24 8.610     Checking fastrand v2.5.0
#24 8.629     Checking utf8_iter v1.0.4
#24 8.656    Compiling icu_normalizer_data v2.3.0
#24 8.710     Checking winnow v0.7.15
#24 8.710     Checking regex-syntax v0.8.11
#24 8.710     Checking rustls-pki-types v1.15.1
#24 8.771    Compiling crc32fast v1.5.1
#24 8.908     Checking pin-project-lite v0.2.17
#24 8.928    Compiling autocfg v1.5.1
#24 8.987    Compiling zstd-safe v7.2.4
#24 8.988     Checking simd-adler32 v0.3.10
#24 9.021     Checking untrusted v0.9.0
#24 9.040     Checking base64 v0.22.1
#24 9.051     Checking adler2 v2.0.1
#24 9.067    Compiling rustls v0.23.45
#24 9.081     Checking form_urlencoded v1.2.2
#24 9.150     Checking subtle v2.6.1
#24 9.151     Checking zlib-rs v0.6.7
#24 9.213     Checking aho-corasick v1.1.5
#24 9.215     Checking bumpalo v3.20.3
#24 9.233     Checking libbz2-rs-sys v0.2.5
#24 9.273     Checking openssl-probe v0.2.1
#24 9.439     Checking typed-path v0.12.3
#24 9.441     Checking httpdate v1.0.3
#24 9.481    Compiling heck v0.5.0
#24 9.556    Compiling getrandom v0.3.4
#24 9.566    Compiling parking_lot_core v0.9.12
#24 9.567    Compiling version_check v0.9.5
#24 9.579     Checking miniz_oxide v0.8.9
#24 9.593    Compiling zerocopy v0.8.56
#24 9.650    Compiling indexmap v2.14.0
#24 9.684    Compiling ref-cast v1.0.27
#24 9.694     Checking scopeguard v1.2.0
#24 9.699     Checking lazy_static v1.5.0
#24 9.722     Checking thread_local v1.1.10
#24 9.751    Compiling unicode-general-category v1.1.0
#24 9.799     Checking borrow-or-share v0.2.4
#24 9.874     Checking lock_api v0.4.14
#24 9.876     Checking sharded-slab v0.1.7
#24 9.914     Checking nu-ansi-term v0.50.3
#24 9.960     Checking zopfli v0.8.3
#24 9.976     Checking bit-vec v0.8.0
#24 10.01     Checking tracing-log v0.2.0
#24 10.17    Compiling num-traits v0.2.19
#24 10.20    Compiling rustversion v1.0.23
#24 10.25     Checking bzip2 v0.6.1
#24 10.27     Checking bit-set v0.8.0
#24 10.28     Checking ryu v1.0.23
#24 10.29     Checking unsafe-libyaml v0.2.11
#24 10.30     Checking vsimd v0.8.0
#24 10.34     Checking webpki-roots v1.0.9
#24 10.37     Checking rustls-native-certs v0.8.4
#24 10.39    Compiling ahash v0.8.12
#24 10.47     Checking hybrid-array v0.4.14
#24 10.49     Checking micromap v0.3.0
#24 10.53     Checking outref v0.5.2
#24 10.56     Checking bytecount v0.6.9
#24 10.56     Checking num-cmp v0.1.0
#24 10.57     Checking webpki-roots v0.26.11
#24 10.57     Checking utf8parse v0.2.2
#24 10.62     Checking data-encoding v2.11.1
#24 10.67    Compiling portable-atomic v1.15.0
#24 10.74    Compiling syn v3.0.4
#24 10.79    Compiling syn v2.0.119
#24 10.81    Compiling verus_syn v0.0.0-2026-09-06-0133
#24 10.81     Checking anstyle-parse v1.0.0
#24 10.98     Checking anstyle v1.0.14
#24 11.07     Checking colorchoice v1.0.5
#24 11.11     Checking unicode-width v0.2.2
#24 11.14     Checking anstyle-query v1.1.5
#24 11.28     Checking is_terminal_polyfill v1.70.2
#24 11.28     Checking clap_lex v1.1.0
#24 11.30    Compiling owo-colors v4.3.0
#24 11.30     Checking strsim v0.11.1
#24 11.32     Checking scoped-tls v1.0.1
#24 11.36     Checking unit-prefix v0.5.2
#24 11.36     Checking shell-words v1.1.1
#24 11.45     Checking anstream v1.0.0
#24 11.59     Checking getrandom v0.2.17
#24 11.59     Checking gripsack-process v0.42.0 (/app/crates/gripsack-process)
#24 11.59     Checking filetime v0.2.29
#24 11.59     Checking console v0.16.4
#24 11.73     Checking flate2 v1.1.9
#24 11.94     Checking crypto-common v0.2.2
#24 11.94     Checking block-buffer v0.12.1
#24 11.97    Compiling jobserver v0.1.35
#24 12.05     Checking parking_lot v0.12.5
#24 12.20     Checking clap_builder v4.6.6
#24 12.22     Checking toml_parser v1.1.3+spec-1.1.0
#24 12.25     Checking regex-automata v0.4.18
#24 12.25     Checking jsonschema-regex v0.55.0
#24 12.55    Compiling cc v1.4.4
#24 12.72     Checking uuid-simd v0.8.0
#24 12.74     Checking num-integer v0.1.47
#24 12.74     Checking num-complex v0.4.6
#24 13.22     Checking num-bigint v0.4.8
#24 13.22     Checking num-iter v0.1.46
#24 13.43     Checking digest v0.11.3
#24 13.70     Checking sha2 v0.11.0
#24 13.87     Checking serde_spanned v1.1.1
#24 13.88     Checking toml_datetime v0.7.5+spec-1.1.0
#24 13.88     Checking toml_datetime v1.1.1+spec-1.1.0
#24 13.89     Checking indicatif v0.18.6
#24 14.19     Checking toml v0.9.12+spec-1.1.0
#24 14.32     Checking toml v1.1.4+spec-1.1.0
#24 14.32     Checking toml_edit v0.25.13+spec-1.1.0
#24 15.26    Compiling zstd-sys v2.0.16+zstd.1.5.7
#24 15.26    Compiling ring v0.17.14
#24 15.27    Compiling lzma-sys v0.1.20
#24 15.27    Compiling generator v0.8.10
#24 15.44     Checking num-rational v0.4.2
#24 15.48     Checking fs-set-times v0.20.3
#24 15.49     Checking rustix-linux-procfs v0.1.1
#24 15.49     Checking tempfile v3.27.0
#24 15.49     Checking xattr v1.6.1
#24 15.68     Checking tar v0.4.46
#24 15.86     Checking dialoguer v0.12.0
#24 16.05     Checking num v0.4.3
#24 16.12     Checking fraction v0.17.0
#24 16.87     Checking gripsack-fs v0.42.0 (/app/crates/gripsack-fs)
#24 17.30     Checking matchers v0.2.0
#24 17.30     Checking regex v1.13.1
#24 17.30     Checking fancy-regex v0.19.1
#24 17.34     Checking xz2 v0.1.7
#24 19.03    Compiling synstructure v0.13.2
#24 19.58    Compiling serde_derive v1.0.229
#24 19.58    Compiling thiserror-impl v2.0.20
#24 19.58    Compiling zerovec-derive v0.11.6
#24 19.58    Compiling displaydoc v0.2.7
#24 19.58    Compiling ref-cast-impl v1.0.27
#24 19.58    Compiling clap_derive v4.6.4
#24 20.03     Checking rustls-webpki v0.103.15
#24 20.37     Checking zstd v0.13.3
#24 20.67     Checking zip v8.6.0
#24 20.86    Compiling zerofrom-derive v0.1.7
#24 20.86    Compiling yoke-derive v0.8.2
#24 20.86    Compiling tracing-attributes v0.1.31
#24 20.86    Compiling strum_macros v0.28.0
#24 22.20     Checking clap v4.6.6
#24 22.62     Checking tracing v0.1.44
#24 22.64     Checking zerofrom v0.1.8
#24 22.78     Checking yoke v0.8.3
#24 22.96     Checking zerovec v0.11.8
#24 22.96     Checking zerotrie v0.2.5
#24 23.12    Compiling verus_state_machines_macros v0.0.0-2026-09-06-0133
#24 23.12    Compiling verus_builtin_macros v0.0.0-2026-09-06-0133
#24 23.58     Checking tinystr v0.8.4
#24 23.58     Checking potential_utf v0.1.6
#24 23.59     Checking strum v0.28.0
#24 23.66     Checking icu_collections v2.3.0
#24 23.74     Checking icu_locale_core v2.3.0
#24 24.24     Checking tracing-serde v0.2.0
#24 24.25     Checking fluent-uri v0.4.1
#24 24.25     Checking serde_yaml v0.9.34+deprecated
#24 24.25     Checking email_address v0.2.9
#24 24.25     Checking gripsack-buildkit v0.42.0 (/app/crates/gripsack-buildkit)
#24 24.41     Checking tracing-subscriber v0.3.23
#24 24.53     Checking jsonschema-value v0.55.0
#24 24.69     Checking icu_provider v2.3.1
#24 25.02     Checking referencing v0.55.0
#24 25.02     Checking icu_properties v2.3.0
#24 25.03     Checking icu_normalizer v2.3.0
#24 25.81     Checking jsonschema v0.55.0
#24 26.08     Checking loom v0.7.2
#24 26.62     Checking idna_adapter v1.2.2
#24 26.68     Checking idna v1.1.0
#24 26.95     Checking url v2.5.8
#24 27.47     Checking ureq v2.12.1
#24 32.80     Checking gripsack-policy v0.42.0 (/app/crates/gripsack-policy)
#24 33.05     Checking gripsack-ir v0.42.0 (/app/crates/gripsack-ir)
#24 36.93     Checking gripsack-store v0.42.0 (/app/crates/gripsack-store)
#24 36.93     Checking gripsack-config v0.42.0 (/app/crates/gripsack-config)
#24 36.93     Checking griplint v0.42.0 (/app/crates/griplint)
#24 38.07     Checking gripsack-fetch v0.42.0 (/app/crates/gripsack-fetch)
#24 38.07     Checking gripsack-trace v0.42.0 (/app/crates/gripsack-trace)
#24 39.31     Checking gripsack-exec v0.42.0 (/app/crates/gripsack-exec)
#24 39.31     Checking gripsack-lint v0.42.0 (/app/crates/gripsack-lint)
#24 40.68     Checking gripsack-fuzz v0.0.0 (/app/fuzz)
#24 40.68     Checking gripsack v0.42.0 (/app/crates/gripsack)
#24 41.78     Finished `dev` profile [unoptimized + debuginfo] target(s) in 40.39s
#24 42.46    Compiling cfg-if v1.0.4
#24 42.46    Compiling equivalent v1.0.2
#24 42.46    Compiling memchr v2.8.3
#24 42.46    Compiling allocator-api2 v0.2.21
#24 42.46    Compiling foldhash v0.2.0
#24 42.46    Compiling once_cell v1.21.4
#24 42.47    Compiling itoa v1.0.18
#24 42.47    Compiling verus_builtin v0.0.0-2026-09-06-0133
#24 42.48    Compiling smallvec v1.15.2
#24 42.48    Compiling linux-raw-sys v0.12.1
#24 42.48    Compiling bitflags v2.13.1
#24 42.48    Compiling winnow v1.0.4
#24 42.48    Compiling toml_writer v1.1.2+spec-1.1.0
#24 42.48    Compiling stable_deref_trait v1.2.1
#24 42.49    Compiling typenum v1.20.1
#24 42.50    Compiling maybe-owned v0.3.4
#24 42.50    Compiling libc v0.2.189
#24 42.50    Compiling serde_core v1.0.229
#24 42.50    Compiling zmij v1.0.23
#24 42.50    Compiling indexmap v2.14.0
#24 42.50    Compiling io-lifetimes v3.0.1
#24 42.50    Compiling io-lifetimes v2.0.4
#24 42.51    Compiling ipnet v2.12.1
#24 42.51    Compiling percent-encoding v2.3.2
#24 42.52    Compiling log v0.4.34
#24 42.53    Compiling const-oid v0.10.2
#24 42.54    Compiling ambient-authority v0.0.2
#24 42.54    Compiling fastrand v2.5.0
#24 42.54    Compiling cpufeatures v0.3.0
#24 42.54    Compiling winnow v0.7.15
#24 42.54    Compiling thiserror v2.0.20
#24 42.54    Compiling zerofrom v0.1.8
#24 42.54    Compiling litemap v0.8.3
#24 42.54    Compiling zeroize v1.9.0
#24 42.54    Compiling writeable v0.6.4
#24 42.63    Compiling utf8_iter v1.0.4
#24 42.65    Compiling pin-project-lite v0.2.17
#24 42.67    Compiling regex-syntax v0.8.11
#24 42.68    Compiling icu_normalizer_data v2.3.0
#24 42.69    Compiling icu_properties_data v2.3.0
#24 42.71    Compiling io-extras v0.19.0
#24 42.73    Compiling tracing-core v0.1.36
#24 42.77    Compiling simd-adler32 v0.3.10
#24 42.78    Compiling base64 v0.22.1
#24 42.79    Compiling untrusted v0.9.0
#24 42.80    Compiling crc32fast v1.5.1
#24 42.81    Compiling adler2 v2.0.1
#24 42.81    Compiling yoke v0.8.3
#24 42.83    Compiling rustls-pki-types v1.15.1
#24 42.84    Compiling form_urlencoded v1.2.2
#24 42.85    Compiling subtle v2.6.1
#24 42.86    Compiling zlib-rs v0.6.7
#24 42.87    Compiling libbz2-rs-sys v0.2.5
#24 42.90    Compiling bumpalo v3.20.3
#24 42.91    Compiling openssl-probe v0.2.1
#24 42.92    Compiling typed-path v0.12.3
#24 42.96    Compiling num-traits v0.2.19
#24 42.97    Compiling httpdate v1.0.3
#24 42.98    Compiling scopeguard v1.2.0
#24 42.99    Compiling zerocopy v0.8.56
#24 42.99    Compiling lazy_static v1.5.0
#24 43.01    Compiling ref-cast v1.0.27
#24 43.03    Compiling thread_local v1.1.10
#24 43.04    Compiling nu-ansi-term v0.50.3
#24 43.06    Compiling rustix v1.1.4
#24 43.07    Compiling miniz_oxide v0.8.9
#24 43.10    Compiling lock_api v0.4.14
#24 43.11    Compiling zerovec v0.11.8
#24 43.12    Compiling zerotrie v0.2.5
#24 43.15    Compiling hashbrown v0.17.1
#24 43.17    Compiling sharded-slab v0.1.7
#24 43.18    Compiling borrow-or-share v0.2.4
#24 43.20    Compiling bit-vec v0.8.0
#24 43.22    Compiling outref v0.5.2
#24 43.26    Compiling aho-corasick v1.1.5
#24 43.29    Compiling zopfli v0.8.3
#24 43.31    Compiling micromap v0.3.0
#24 43.37    Compiling vsimd v0.8.0
#24 43.39    Compiling num-cmp v0.1.0
#24 43.40    Compiling unsafe-libyaml v0.2.11
#24 43.45    Compiling tracing v0.1.44
#24 43.48    Compiling tracing-log v0.2.0
#24 43.55    Compiling bit-set v0.8.0
#24 43.66    Compiling webpki-roots v1.0.9
#24 43.67    Compiling rustls-native-certs v0.8.4
#24 43.78    Compiling ryu v1.0.23
#24 43.83    Compiling webpki-roots v0.26.11
#24 43.84    Compiling bzip2 v0.6.1
#24 43.85    Compiling bytecount v0.6.9
#24 43.88    Compiling strum v0.28.0
#24 43.89    Compiling unicode-general-category v1.1.0
#24 43.94    Compiling data-encoding v2.11.1
#24 43.95    Compiling utf8parse v0.2.2
#24 43.99    Compiling scoped-tls v1.0.1
#24 44.00    Compiling colorchoice v1.0.5
#24 44.04    Compiling hybrid-array v0.4.14
#24 44.05    Compiling anstyle-parse v1.0.0
#24 44.08    Compiling is_terminal_polyfill v1.70.2
#24 44.10    Compiling anstyle v1.0.14
#24 44.10    Compiling anstyle-query v1.1.5
#24 44.13    Compiling unicode-width v0.2.2
#24 44.14    Compiling clap_lex v1.1.0
#24 44.14    Compiling strsim v0.11.1
#24 44.15    Compiling verus_state_machines_macros v0.0.0-2026-09-06-0133
#24 44.18    Compiling tinystr v0.8.4
#24 44.20    Compiling potential_utf v0.1.6
#24 44.24    Compiling jobserver v0.1.35
#24 44.25    Compiling getrandom v0.4.3
#24 44.26    Compiling getrandom v0.2.17
#24 44.28    Compiling gripsack-process v0.42.0 (/app/crates/gripsack-process)
#24 44.37    Compiling icu_collections v2.3.0
#24 44.40    Compiling filetime v0.2.29
#24 44.41    Compiling num-integer v0.1.47
#24 44.42    Compiling icu_locale_core v2.3.0
#24 44.45    Compiling parking_lot_core v0.9.12
#24 44.46    Compiling getrandom v0.3.4
#24 44.50    Compiling num-complex v0.4.6
#24 44.51    Compiling uuid-simd v0.8.0
#24 44.53    Compiling console v0.16.4
#24 44.55    Compiling anstream v1.0.0
#24 44.58    Compiling toml_parser v1.1.3+spec-1.1.0
#24 44.60    Compiling portable-atomic v1.15.0
#24 44.73    Compiling cc v1.4.4
#24 44.75    Compiling parking_lot v0.12.5
#24 44.89    Compiling num-bigint v0.4.8
#24 44.90    Compiling num-iter v0.1.46
#24 44.91    Compiling clap_builder v4.6.6
#24 44.94    Compiling unit-prefix v0.5.2
#24 45.01    Compiling shell-words v1.1.1
#24 45.04    Compiling owo-colors v4.3.0
#24 45.15    Compiling block-buffer v0.12.1
#24 45.23    Compiling crypto-common v0.2.2
#24 45.62    Compiling indicatif v0.18.6
#24 45.79    Compiling regex-automata v0.4.18
#24 45.79    Compiling jsonschema-regex v0.55.0
#24 46.08    Compiling icu_provider v2.3.1
#24 46.46    Compiling icu_normalizer v2.3.0
#24 46.46    Compiling icu_properties v2.3.0
#24 46.59    Compiling digest v0.11.3
#24 46.76    Compiling sha2 v0.11.0
#24 46.78    Compiling serde v1.0.229
#24 46.78    Compiling serde_json v1.0.151
#24 46.78    Compiling serde_spanned v1.1.1
#24 46.78    Compiling toml_datetime v0.7.5+spec-1.1.0
#24 46.78    Compiling toml_datetime v1.1.1+spec-1.1.0
#24 46.87    Compiling num-rational v0.4.2
#24 46.90    Compiling flate2 v1.1.9
#24 46.91    Compiling ring v0.17.14
#24 46.92    Compiling zstd-sys v2.0.16+zstd.1.5.7
#24 46.92    Compiling lzma-sys v0.1.20
#24 46.93    Compiling generator v0.8.10
#24 47.09    Compiling toml v1.1.4+spec-1.1.0
#24 47.09    Compiling toml_edit v0.25.13+spec-1.1.0
#24 47.13    Compiling toml v0.9.12+spec-1.1.0
#24 47.49    Compiling num v0.4.3
#24 47.53    Compiling fraction v0.17.0
#24 47.64    Compiling tracing-serde v0.2.0
#24 47.68    Compiling fluent-uri v0.4.1
#24 47.68    Compiling email_address v0.2.9
#24 47.68    Compiling serde_yaml v0.9.34+deprecated
#24 48.38    Compiling clap v4.6.6
#24 48.46    Compiling idna_adapter v1.2.2
#24 48.58    Compiling idna v1.1.0
#24 48.69    Compiling gripsack-buildkit v0.42.0 (/app/crates/gripsack-buildkit)
#24 48.74    Compiling fs-set-times v0.20.3
#24 48.77    Compiling rustix-linux-procfs v0.1.1
#24 48.84    Compiling tempfile v3.27.0
#24 48.93    Compiling xattr v1.6.1
#24 48.99    Compiling cap-primitives v4.0.3
#24 49.16    Compiling url v2.5.8
#24 49.17    Compiling xz2 v0.1.7
#24 49.19    Compiling tar v0.4.46
#24 49.33    Compiling dialoguer v0.12.0
#24 49.75    Compiling cap-std v4.0.3
#24 50.19    Compiling gripsack-fs v0.42.0 (/app/crates/gripsack-fs)
#24 50.55    Compiling ahash v0.8.12
#24 50.74    Compiling rustls v0.23.45
#24 50.77    Compiling matchers v0.2.0
#24 50.77    Compiling regex v1.13.1
#24 50.77    Compiling fancy-regex v0.19.1
#24 50.81    Compiling jsonschema-value v0.55.0
#24 50.81    Compiling referencing v0.55.0
#24 50.88    Compiling zstd-safe v7.2.4
#24 50.89    Compiling tracing-subscriber v0.3.23
#24 51.15    Compiling zstd v0.13.3
#24 51.39    Compiling zip v8.6.0
#24 51.54    Compiling vstd v0.0.0-2026-09-06-0133
#24 52.08    Compiling jsonschema v0.55.0
#24 52.77    Compiling loom v0.7.2
#24 52.79    Compiling rustls-webpki v0.103.15
#24 54.49    Compiling gripsack-policy v0.42.0 (/app/crates/gripsack-policy)
#24 54.76    Compiling gripsack-ir v0.42.0 (/app/crates/gripsack-ir)
#24 57.48    Compiling ureq v2.12.1
#24 58.57    Compiling gripsack-store v0.42.0 (/app/crates/gripsack-store)
#24 58.57    Compiling gripsack-config v0.42.0 (/app/crates/gripsack-config)
#24 58.57    Compiling griplint v0.42.0 (/app/crates/griplint)
#24 60.42    Compiling gripsack-fetch v0.42.0 (/app/crates/gripsack-fetch)
#24 60.42    Compiling gripsack-trace v0.42.0 (/app/crates/gripsack-trace)
#24 62.86    Compiling gripsack-exec v0.42.0 (/app/crates/gripsack-exec)
#24 62.86    Compiling gripsack-lint v0.42.0 (/app/crates/gripsack-lint)
#24 65.28    Compiling gripsack-fuzz v0.0.0 (/app/fuzz)
#24 68.94    Compiling gripsack v0.42.0 (/app/crates/gripsack)
#24 77.68     Finished `test` profile [unoptimized + debuginfo] target(s) in 35.79s
#24 77.72      Running unittests src/lib.rs (target/debug/deps/griplint-649ce6e1a3a65ac3)
#24 77.72 
#24 77.72 running 19 tests
#24 77.73 test admission::tests::explicit_no_table_preserves_coverage_without_parsing ... ok
#24 77.73 test admission::tests::file_loader_has_the_same_admission_boundary ... ok
#24 77.73 test document::tests::error_spans_map_bytes_to_code_point_columns ... ok
#24 77.73 test document::tests::indented_multichar_keys_get_real_columns ... ok
#24 77.73 test golden::severity_serializes_lowercase ... ok
#24 77.73 test checks::tests::version_coverage_is_numeric_not_textual ... ok
#24 77.73 test difflib::tests::the_fixture_suggestions_hold ... ok
#24 77.73 test value::tests::numbers_compare_across_int_and_float ... ok
#24 77.73 test value::tests::typed_matching_keeps_null_and_boolean_distinct ... ok
#24 77.73 test document::tests::json_and_yaml_null_stay_null ... ok
#24 77.73 test admission::tests::free_keys_and_sections_preserve_arbitrary_descendants ... ok
#24 77.73 test admission::tests::formats_dispatch_without_extension_assumptions ... ok
#24 77.73 test admission::tests::key_diagnostics_and_leniency_survive_admission ... ok
#24 77.73 test admission::tests::whole_rules_check_sections_without_checking_their_members ... ok
#24 77.73 test admission::tests::markers_are_typed_and_exclusive ... ok
#24 77.73 test admission::tests::malformed_key_rules_never_turn_sections_free ... ok
#24 77.74 test admission::tests::metadata_and_dispatch_must_be_actionable ... ok
#24 77.77 test admission::tests::every_embedded_pack_is_admitted ... ok
#24 77.98 test golden::golden_corpus_replays ... ok
#24 77.98 
#24 77.98 test result: ok. 19 passed; 0 failed; 0 ignored; 0 measured; 0 filtered out; finished in 0.26s
#24 77.98 
#24 77.98      Running unittests src/main.rs (target/debug/deps/grip-85d61296dd07cae5)
#24 77.98 
#24 77.98 running 22 tests
#24 77.99 test commands::adopt::generate::tests::ident_is_always_a_valid_ts_identifier ... ok
#24 77.99 test commands::adopt::generate::tests::module_source_escapes_hostile_strings ... ok
#24 77.99 test commands::adopt::generate::tests::module_source_shapes ... ok
#24 77.99 test commands::adopt::generate::tests::names_and_idents ... ok
#24 77.99 test commands::adopt::generate::tests::update_host_bails_on_unexpected_shape ... ok
#24 77.99 test commands::adopt::generate::tests::update_host_ignores_the_template_header_comment ... ok
#24 77.99 test commands::adopt::generate::tests::update_host_multiline_array ... ok
#24 77.99 test commands::adopt::generate::tests::update_host_single_line_arrays ... ok
#24 77.99 test render::tests::missing_file_degrades_gracefully ... ok
#24 77.99 test render::tests::renders_header_and_help_without_color ... ok
#24 77.99 test commands::frontend::tests::every_builtin_read_grant_rejects_a_comma_before_deno_spawn ... ok
#24 77.99 test commands::self_update::installation::tests::deleted_suffix_is_only_stripped_for_a_missing_original ... ok
#24 77.99 test render::tests::renders_snippet_when_file_exists ... ok
#24 77.99 test render::tests::source_snippets_cannot_escape_the_repo_capability ... ok
#24 77.99 test commands::self_update::installation::tests::parent_drift_does_not_redirect_publication ... ok
#24 77.99 test commands::self_update::installation::tests::replacement_invalidates_installed_version_evidence ... ok
#24 77.99 test commands::self_update::payload::tests::root_and_nested_candidates_are_ambiguous ... ok
#24 77.99 test render::tests::invalid_diagnostic_coordinates_never_read_a_source_snippet ... ok
#24 77.99 test commands::self_update::payload::tests::symlink_files_and_symlink_directories_are_not_candidates ... ok
#24 77.99 test commands::self_update::payload::tests::probe_requires_success_and_a_single_grip_version ... ok
#24 77.99 test commands::self_update::installation::tests::symlink_install_keeps_target_semantics ... ok
#24 78.00 test commands::self_update::payload::tests::flooding_version_peer_is_rejected ... ok
#24 78.00 
#24 78.00 test result: ok. 22 passed; 0 failed; 0 ignored; 0 measured; 0 filtered out; finished in 0.02s
#24 78.00 
#24 78.00      Running unittests src/lib.rs (target/debug/deps/gripsack_buildkit-17ce832e6f9981aa)
#24 78.01 
#24 78.01 running 23 tests
#24 78.01 test protocol::tests::digests_and_sessions_validate_their_shape ... ok
#24 78.01 test protocol::tests::hostile_headers_reject_before_any_body_is_read ... ok
#24 78.01 test protocol::tests::negotiation_is_one_exact_version_pair ... ok
#24 78.01 test transport::tests::the_real_go_bridge_negotiates_fails_closed_and_cancels_idempotently ... ignored, requires tools/buildkit-bridge/bridge-bin (built by the pinned golang gate)
#24 78.01 test protocol::tests::the_gate_fences_stale_duplicate_and_flooding_events ... ok
#24 78.01 test protocol::tests::trailing_bytes_and_unknown_fields_reject ... ok
#24 78.01 test worker::linux::tests::failed_launch_with_no_container_id_never_deletes_by_name ... ok
#24 78.01 test worker::linux::tests::failed_removal_does_not_claim_stopped_and_can_retry ... ok
#24 78.01 test protocol::tests::every_message_round_trips_byte_exactly ... ok
#24 78.01 test worker::linux::tests::the_real_docker_worker_provisions_leases_and_stops ... ignored, requires a real docker engine with the pinned buildkitd image
#24 78.01 test worker::linux::tests::the_real_docker_worker_refuses_a_foreign_cache_volume ... ignored, requires a real docker engine with the pinned buildkitd image
#24 78.01 test worker::linux::tests::foreign_cache_volume_blocks_provision_without_launch_or_deletion ... ok
#24 78.01 test worker::linux::tests::failed_version_probe_cannot_authorize_a_lease ... ok
#24 78.01 test worker::linux::tests::foreign_container_identity_blocks_deletion_and_stop ... ok
#24 78.01 test worker::linux::tests::worker_identity_rejects_unsafe_or_unbounded_docker_names ... ok
#24 78.01 test worker::linux::tests::live_lease_blocks_worker_deletion_until_drained ... ok
#24 78.01 test worker::tests::a_crashed_worker_keeps_its_leases_until_explicit_drain ... ok
#24 78.01 test worker::tests::a_worker_with_a_live_lease_cannot_stop_or_be_deleted ... ok
#24 78.01 test worker::tests::cleanup_only_deletes_owned_resources_and_never_retained_ones ... ok
#24 78.01 test worker::tests::illegal_transitions_reject_instead_of_guessing ... ok
#24 78.01 test worker::tests::two_clients_lease_one_ready_worker_concurrently ... ok
#24 78.01 test protocol::tests::log_chunks_are_bounded_after_decode ... ok
#24 78.01 test worker::tests::unknown_leases_reject_and_ids_never_repeat ... ok
#24 78.01 
#24 78.01 test result: ok. 20 passed; 0 failed; 3 ignored; 0 measured; 0 filtered out; finished in 0.00s
#24 78.01 
#24 78.01      Running unittests src/lib.rs (target/debug/deps/gripsack_config-98cadf244e260699)
#24 78.01 
#24 78.01 running 12 tests
#24 78.01 test tests::defaults_are_sane ... ok
#24 78.01 test tests::eval_deps_is_gone ... ok
#24 78.01 test tests::parses_env_toml ... ok
#24 78.01 test tests::python_frontend_is_a_migration_error ... ok
#24 78.01 test tests::parses_throttle_table ... ok
#24 78.01 test tests::repo_wins_user_fills_gaps ... ok
#24 78.01 test tests::repo_build_env_cannot_claim_operator_credential_routing ... ok
#24 78.01 test tests::typescript_frontend_declaration_is_tolerated ... ok
#24 78.01 test tests::typo_key_is_a_span_labeled_diagnostic ... ok
#24 78.01 test tests::unknown_frontend_value_errors_the_same_way ... ok
#24 78.01 test tests::unknown_top_level_key_is_an_error ... ok
#24 78.01 test tests::user_value_used_when_repo_silent ... ok
#24 78.01 
#24 78.01 test result: ok. 12 passed; 0 failed; 0 ignored; 0 measured; 0 filtered out; finished in 0.00s
#24 78.01 
#24 78.01      Running unittests src/lib.rs (target/debug/deps/gripsack_exec-002bae5063eca4d0)
#24 78.01 
#24 78.01 running 51 tests
#24 78.02 test facts::tests::facts_match_the_running_host ... ok
#24 78.02 test facts::tests::glibc_version_parses_both_ldd_wordings ... ok
#24 78.02 test frontend::tests::path_deno_version_gate_matches_major ... ok
#24 78.02 test lineage_model::a_mid_apply_external_write_is_aborted_never_clobbered ... ok
#24 78.02 test lineage_model::chmod_only_drift_is_preserved_never_silently_reverted ... ok
#24 78.02 test lineage_model::preserved_drift_never_authorizes_an_update ... ok
#24 78.02 test managed_blocks::tests::broken_scanner_utf8_boundary_returns_error_instead_of_panicking ... ok
#24 78.02 test managed_blocks::tests::malformed_markers_never_grant_splice_ranges ... ok
#24 78.02 test managed_blocks::tests::later_hand_edits_are_classified_and_other_modules_stay_untouched ... ok
#24 78.02 test managed_blocks::tests::foreign_bytes_survive_reconcile_and_removal ... ok
#24 78.02 test managed_blocks::tests::markers_roundtrip_across_comment_styles_and_legacy_metadata ... ok
#24 78.02 test report::update_model::every_survey_order_preserves_error_over_change_precedence ... ok
#24 78.02 test template::tests::template_substitutes_and_escapes ... ok
#24 78.02 test resolve::identity_tests::provenance_differences_hash_identically ... ok
#24 78.02 test template::tests::template_unbalanced_braces_error ... ok
#24 78.02 test template::tests::template_undefined_variable_is_a_loud_error ... ok
#24 78.02 test tests::build_edges_constrain_order_too ... ok
#24 78.02 test managed_blocks::tests::every_mode_record_participates_independently_of_order ... ok
#24 78.02 test deploy::tests::restore_never_writes_a_dangling_owned_link ... ok
#24 78.02 test tests::cycles_are_named ... ok
#24 78.02 test tests::dependencies_come_first ... ok
#24 78.02 test tests::diamond_is_deterministic ... ok
#24 78.02 test tests::waves_levelize_the_dag ... ok
#24 78.03 test deploy::tests::symlinked_ancestor_into_repo_is_detected ... ok
#24 78.03 test ops::model::tests::a_build_only_dep_plans_zero_destination_ops ... ok
#24 78.03 test lineage_model::ownership_lineage_holds_over_every_sequence ... ok
#24 78.06 test source::overlay::tests::leaf_link_is_replaced_without_writing_its_target ... ok
#24 78.06 test source::overlay::tests::fetched_link_ancestor_cannot_redirect_an_overlay ... ok
#24 78.06 test source::overlay::tests::top_level_links_have_the_same_preview_and_staged_identity ... ok
#24 78.06 test source::overlay::tests::overlay_pin_and_bytes_belong_to_the_same_snapshot ... ok
#24 78.06 test env::tests::empty_contributions_remove_the_file ... ok
#24 78.06 test env::tests::renders_set_prepend_append_with_store_resolution ... ok
#24 78.07 test env::tests::duplicate_contributions_render_once ... ok
#24 78.07 test ops::model::tests::a_spelling_change_plans_no_op ... ok
#24 78.07 test lockfile::tests::roundtrip ... ok
#24 78.07 test deploy::tests::journaled_mutation_must_reach_its_intended_state ... ok
#24 78.10 test gc::tests::never_prunes_the_current_generation ... ok
#24 78.11 test gc::tests::collects_only_unreferenced_store_paths ... ok
#24 78.11 test gc::tests::why_owns_finds_the_owner ... ok
#24 78.11 test gc::tests::keep_generations_prunes_oldest_and_their_paths ... ok
#24 78.11 test update::tests::check_and_publish_agree_on_metadata_only_pin_changes ... ok
#24 78.13 test mode_model::links_carry_the_payload_mode_without_normalizing_it ... ok
#24 78.16 test gc::tests::a_session_for_another_home_authorizes_nothing_here ... ok
#24 78.17 test gc::tests::unfinished_recovery_blocks_collection ... ok
#24 78.18 test gc::tests::reconciled_journal_unblocks_collection ... ok
#24 78.18 test gc::tests::quarantined_entries_block_collection ... ok
#24 78.34 test frontend::tests::embed_materializes_tree_and_marker ... ok
#24 78.34 test mode_model::merge_host_modes_are_planned_and_drift_never_authorizes_prune ... ok
#24 78.59 test frontend::tests::materialize_flips_the_stable_current_link ... ok
#24 79.95 test ops::model::tests::the_planned_op_matches_the_algebra_and_executes_to_its_intent ... ok
#24 80.33 test mode_model::whole_file_modes_survive_update_restore_drift_and_prune ... ok
#24 80.33 
#24 80.33 test result: ok. 51 passed; 0 failed; 0 ignored; 0 measured; 0 filtered out; finished in 2.31s
#24 80.33 
#24 80.33      Running tests/workspace_execution_gate.rs (target/debug/deps/workspace_execution_gate-e97233b432130964)
#24 80.33 
#24 80.33 running 1 test
#24 80.33 test every_direct_executor_entry_rejects_before_home_mutation ... ok
#24 80.33 
#24 80.33 test result: ok. 1 passed; 0 failed; 0 ignored; 0 measured; 0 filtered out; finished in 0.00s
#24 80.33 
#24 80.33      Running unittests src/lib.rs (target/debug/deps/gripsack_fetch-a70d1a7feed20a6a)
#24 80.34 
#24 80.34 running 70 tests
#24 80.34 test bottle::tests::future_macos_major_admits_its_own_codename ... ok
#24 80.34 test bottle::tests::all_is_a_last_resort_under_a_validated_policy ... ok
#24 80.34 test bottle::tests::apple_silicon_orders_by_chronology_not_spelling ... ok
#24 80.34 test bottle::tests::intel_mac_never_takes_the_linux_bottle ... ok
#24 80.34 test bottle::tests::arm64_linux_is_not_a_mac_bottle ... ok
#24 80.34 test bottle::tests::intel_mac_takes_the_newest_bottle_the_host_can_run ... ok
#24 80.34 test bottle::tests::linux_matches_exact_architecture ... ok
#24 80.34 test bottle::tests::missing_macos_version_fact_refuses_rather_than_guessing ... ok
#24 80.34 test bottle::tests::older_macos_refuses_newer_bottle_with_the_requirement ... ok
#24 80.34 test bottle::tests::unknown_tags_are_reported_not_matched ... ok
#24 80.34 test bottle::tests::unsupported_architecture_fails_clearly ... ok
#24 80.34 test bottle::tests::version_parsing_is_componentwise ... ok
#24 80.34 test host::tests::bundled_releases_have_full_platform_tables ... ok
#24 80.34 test host::tests::deno_urls_use_the_glibc_linux_assets ... ok
#24 80.34 test host::tests::placeholder_table_covers_every_convention ... ok
#24 80.34 test host::tests::resolves_the_host_asset ... ok
#24 80.34 test http::body::tests::a_new_attempt_cannot_reset_consumed_transfer_bytes ... ok
#24 80.34 test http::failure::tests::certificate_failures_are_not_transient_connections ... ok
#24 80.34 test http::retry::tests::real_retry_policy_has_fixed_deadline_and_bounded_attempts ... ok
#24 80.34 test http::failure::tests::rate_limit_advice_is_evidence_based_and_locations_are_redacted ... ok
#24 80.34 test http::retry::tests::terminal_classes_and_upstream_cooldowns_never_get_fast_replays ... ok
#24 80.34 test http::tests::bound_credentials_require_tls_and_registry_artifact_refuses_cleartext ... ok
#24 80.34 test http::tests::host_binding_survives_url_normalization ... ok
#24 80.34 test http::tests::credential_routing_model_uses_actual_host_selector ... ok
#24 80.34 test http::tests::proxy_bypass_preserves_domain_and_port_boundaries ... ok
#24 80.34 test placeholders::tests::explicit_bare_version_is_shared_without_changing_legacy_asset_precedence ... ok
#24 80.34 test placeholders::tests::missing_empty_or_escaping_expansions_never_become_paths ... ok
#24 80.34 test plugins::segment_tests::traversal_tags_are_refused ... ok
#24 80.34 test plugins::tests::parse_ref_shapes ... ok
#24 80.34 test resolve::atom_tests::no_core_tag_is_none_and_malformed_versions_skip ... ok
#24 80.34 test resolve::atom_tests::picks_the_newest_core_tag_among_mixed_namespaces ... ok
#24 80.34 test resolve::base_url_tests::bare_ghe_host_gets_api_v3 ... ok
#24 80.34 test resolve::tests::missing_asset_lists_available ... ok
#24 80.34 test resolve::tests::picks_expanded_asset ... ok
#24 80.34 test resolve::tests::v_prefix_variants_match ... ok
#24 80.34 test tests::exe_naming ... ok
#24 80.34 test throttle::tests::parses_budget_syntax ... ok
#24 80.35 test throttle::tests::plugin_declaration_replaces_builtin_default ... ok
#24 80.35 test throttle::tests::rate_admission_rejects_nonfinite_and_unfillable_buckets ... ok
#24 80.35 test throttle::tests::token_wait_cannot_outlive_or_reset_an_operation_deadline ... ok
#24 80.35 test throttle::tests::url_host_extraction ... ok
#24 80.35 test throttle::tests::user_override_beats_plugin_declaration ... ok
#24 80.35 test fetch::plugin::tests::no_response_or_nonzero_exit_is_not_a_fetch ... ok
#24 80.35 test tests::discovers_executable_on_path ... ok
#24 80.35 test plugins::tests::receipt_roundtrips_and_current_resolves ... ok
#24 80.35 test fetch::archive::tests::traversal_is_rejected_before_tar_materialization ... ok
#24 80.35 test fetch::plugin::tests::round_trip_and_reported_hash_verification ... ok
#24 80.35 test fetch::archive::tests::a_symlink_destination_cannot_redirect_acquisition ... ok
#24 80.35 test fetch::archive::tests::tar_hardlink_before_its_file_uses_the_pinned_payload_root ... ok
#24 80.35 test fetch::archive::tests::filesystem_tree_validation_and_copy_share_link_graph ... ok
#24 80.35 test fetch::archive::tests::zip_entry_budget_precedes_directory_allocation ... ok
#24 80.35 test fetch::archive::tests::link_cycles_and_dangling_targets_reject_before_archive_materialization ... ok
#24 80.35 test fetch::archive::tests::zip_crc_cannot_be_bypassed_by_raw_stream_decoding ... ok
#24 80.35 test fetch::archive::tests::aggregate_tar_path_metadata_is_bounded_before_extraction ... ok
#24 80.35 test fetch::archive::tests::tar_composed_links_cannot_escape_the_payload_root_in_either_order ... ok
#24 80.35 test fetch::plugin::tests::bounded_tree_is_checked_before_hash ... ok
#24 80.35 test fetch::archive::tests::bare_and_compressed_binaries_preserve_executability ... ok
#24 80.36 test fetch::archive::tests::zip_composed_links_cannot_escape_the_payload_root_in_either_order ... ok
#24 80.36 test fetch::archive::tests::decompressed_limit_is_checked_on_actual_bytes ... ok
#24 80.36 test fetch::archive::tests::xz_tar_extracts_without_a_payload_buffer ... ok
#24 80.36 test fetch::tarball::tests::transport_mismatch_never_extracts_payload ... ok
#24 80.36 test throttle::tests::persisted_token_and_time_bounds_cannot_panic_or_mint_extra_tokens ... ok
#24 80.36 test fetch::archive::tests::forward_and_composed_internal_links_remain_usable_in_tar_and_zip ... ok
#24 80.36 test fetch::file::tests::file_fetch_extracts_tarball ... ok
#24 80.36 test fetch::plugin::tests::response_does_not_hide_output_failure ... ok
#24 80.37 test fetch::plugin::tests::simultaneous_pipe_pressure_and_early_response ... ok
#24 80.43 test fetch::git::tests::git_fetch_clones_at_rev ... ok
#24 80.59 test throttle::tests::bucket_enforces_the_budget ... ok
#24 84.86 test fetch::plugin::tests::silent_and_response_then_linger_both_fail ... ok
#24 84.88 test fetch::plugin::tests::capability_results_require_a_clean_exit ... ok
#24 84.88 
#24 84.88 test result: ok. 70 passed; 0 failed; 0 ignored; 0 measured; 0 filtered out; finished in 4.54s
#24 84.88 
#24 84.88      Running unittests src/lib.rs (target/debug/deps/gripsack_fs-269bf90eee70c137)
#24 84.88 
#24 84.88 running 14 tests
#24 84.88 test streamed::tests::failed_stream_keeps_old_destination_and_cleans_private_temp ... ok
#24 84.89 test tests::copy_dir_preserves_symlinks_and_merges ... ok
#24 84.89 test streamed::tests::publishes_complete_bytes_and_exact_mode_in_real_operation_order ... ok
#24 84.90 test persistence_model::streamed_executable_publication_is_ordered_at_every_cut ... ok
#24 84.90 test tests::symlink_replace_flips_atomically ... ok
#24 84.90 test tests::publish_lands_files_read_only ... ok
#24 84.90 test tests::atomic_write_creates_parent_dirs ... ok
#24 84.90 test tests::publish_refuses_an_existing_dest ... ok
#24 84.90 test tests::atomic_write_lands_content_without_leftovers ... ok
#24 84.90 test tests::atomic_write_preserves_the_destinations_mode ... ok
#24 84.91 test tests::atomic_write_with_mode_lands_exact_permissions ... ok
#24 84.91 test tests::publish_cross_filesystem_preserves_modes ... ok
#24 84.97 test persistence_model::atomic_file_link_and_tree_publication_are_ordered_at_every_cut ... ok
#24 86.02 test tests::writes_stay_on_the_pinned_inode_under_parent_swap ... ok
#24 86.02 
#24 86.02 test result: ok. 14 passed; 0 failed; 0 ignored; 0 measured; 0 filtered out; finished in 1.13s
#24 86.02 
#24 86.02      Running unittests src/lib.rs (target/debug/deps/gripsack_fuzz-a5cf999b54f2f21b)
#24 86.02 
#24 86.02 running 0 tests
#24 86.02 
#24 86.02 test result: ok. 0 passed; 0 failed; 0 ignored; 0 measured; 0 filtered out; finished in 0.00s
#24 86.02 
#24 86.02      Running unittests src/bin/replay.rs (target/debug/deps/replay-7db08cd6dddfb04c)
#24 86.02 
#24 86.02 running 0 tests
#24 86.02 
#24 86.02 test result: ok. 0 passed; 0 failed; 0 ignored; 0 measured; 0 filtered out; finished in 0.00s
#24 86.02 
#24 86.02      Running unittests src/lib.rs (target/debug/deps/gripsack_ir-3b19633ffcb5d796)
#24 86.02 
#24 86.02 running 68 tests
#24 86.03 test host_name::tests::rejects_path_shaped_hosts_before_they_can_name_files ... ok
#24 86.03 test sema::contract_tests::unknown_fields_are_parse_errors_now ... ok
#24 86.03 test sema::destinations::tests::step_entries_obey_destination_rules ... ok
#24 86.03 test sema::steps::tests::single_fetch_step_pins_multiple_refused ... ok
#24 86.03 test sema::destinations::case_tests::case_variant_destinations_fold_on_every_host ... ok
#24 86.03 test sema::placeholders::tests::the_known_set_passes_clean ... ok
#24 86.03 test sema::tests::malformed_json_is_e000 ... ok
#24 86.03 test sema::tests::dotfiles_only_module_needs_no_source ... ok
#24 86.03 test sema::tests::destination_shaped_verify_path_is_e109 ... ok
#24 86.03 test sema::tests::spanless_nodes_still_render ... ok
#24 86.03 test sema::placeholders::tests::a_typo_is_an_error_with_a_span_and_a_suggestion ... ok
#24 86.03 test sema::tests::legacy_ir_is_rejected_before_decoding_renamed_fields ... ok
#24 86.03 test sema::resources::tests::resources_require_an_action_that_actually_acquires_them ... ok
#24 86.03 test sema::tests::rejects_wrong_version ... ok
#24 86.03 test sema::tests::merge_and_template_modes_pass_sema_with_vars_and_marker ... ok
#24 86.03 test sema::tests::explicit_steps_validate ... ok
#24 86.03 test sema::tests::declared_and_builtin_resources_pass ... ok
#24 86.03 test sema::tests::collects_multiple_diagnostics ... ok
#24 86.03 test sema::tests::unknown_edge_kind_is_span_labeled_e122 ... ok
#24 86.03 test sema::tests::run_action_parses_with_outputs ... ok
#24 86.03 test sema::tests::cross_module_ref_into_declarative_module ... ok
#24 86.03 test sema::tests::undeclared_resource_is_e107 ... ok
#24 86.04 test sema::tests::steps_plus_declarative_fields_is_e103 ... ok
#24 86.04 test sema::tests::duplicate_and_reserved_step_ids_are_e106 ... ok
#24 86.04 test sema::tests::unknown_dependency_carries_span_and_code ... ok
#24 86.04 test sema::tests::external_done_barrier_is_valid_but_self_barrier_is_rejected ... ok
#24 86.04 test sema::workspace::destinations::tests::duplicate_profile_destinations_label_every_declaration ... ok
#24 86.04 test sema::workspace::cycles::tests::production_cycles_label_every_member ... ok
#24 86.04 test sema::workspace::destinations::tests::mixed_policies_over_one_path_still_collide ... ok
#24 86.04 test sema::workspace::names::tests::duplicate_output_names_label_both_spans ... ok
#24 86.04 test sema::workspace::cycles::tests::validation_edges_never_close_a_cycle ... ok
#24 86.04 test sema::workspace::cycles::tests::task_dependency_cycles_are_rejected ... ok
#24 86.04 test sema::tests::parses_and_validates_example ... ok
#24 86.04 test sema::workspace::destinations::tests::distinct_markers_over_one_host_file_coexist_but_one_marker_is_one_owner ... ok
#24 86.04 test sema::workspace::policy::tests::omitted_required_validation_and_producer_fail_closed_with_both_sites ... ok
#24 86.04 test sema::workspace::refs::tests::check_subject_must_resolve_to_an_output ... ok
#24 86.04 test sema::workspace::policy::tests::omitted_build_input_and_runtime_edges_fail_admission ... ok
#24 86.04 test sema::workspace::refs::tests::selection_target_mismatch_labels_both_sites ... ok
#24 86.04 test sema::workspace::policy::tests::catalog_index_corruption_rejects_before_closure ... ok
#24 86.04 test sema::workspace::policy::tests::projected_kind_or_binding_reclassification_fails_closed ... ok
#24 86.04 test sema::workspace::destinations::tests::same_destination_across_profiles_rejects_and_equal_names_coexist ... ok
#24 86.04 test workspace::platform::tests::target_floor_and_abi_admit_only_compatible_consumers ... ok
#24 86.04 test sema::workspace::policy::tests::production_closure_excludes_runtime_and_preserves_validation ... ok
#24 86.04 test sema::workspace::span_value::tests::decoded_bash_interpolation_rejects_at_original_script_line ... ok
#24 86.04 test sema::workspace::tests::envelope_shape_is_version_dispatched ... ok
#24 86.04 test sema::workspace::tests::profile_with_literal_file_needs_no_synthetic_package ... ok
#24 86.04 test sema::workspace::span_value::tests::invalid_nested_command_coordinates_remain_source_labeled ... ok
#24 86.04 test sema::paths::tests::path_shape_rules ... ok
#24 86.04 test sema::workspace::tests::provider_backed_package_needs_no_recipe_output ... ok
#24 86.04 test sema::workspace::refs::tests::artifact_references_reject_non_artifact_kinds ... ok
#24 86.04 test sema::workspace::tests::unknown_workspace_fields_label_the_declaring_span ... ok
#24 86.04 test sema::workspace::tests::package_and_recipe_workspace_admits ... ok
#24 86.04 test sema::workspace::span_value::tests::incompatible_abi_and_unsafe_prefix_label_the_declaration ... ok
#24 86.04 test sema::workspace::policy::tests::adjacent_local_steps_lower_to_ordering_not_build_edges ... ok
#24 86.04 test sema::workspace::refs::tests::producer_target_mismatch_labels_both_sites ... ok
#24 86.04 test sema::workspace::span_value::tests::file_content_requires_source_unless_literal ... ok
#24 86.04 test sema::workspace::refs::tests::invalid_references_are_rejected ... ok
#24 86.05 test sema::workspace::tests::provider_fetch_fields_never_drop_silently ... ok
#24 86.05 test sema::workspace::span_value::tests::degenerate_spans_and_values_are_rejected ... ok
#24 86.05 test sema::workspace::policy::tests::projected_reference_site_substitution_fails_closed ... ok
#24 86.05 test sema::workspace::tests::unknown_workspace_fields_never_drop_silently ... ok
#24 86.05 test sema::workspace::context::tests::command_references_and_contexts_are_admitted ... ok
#24 86.05 test sema::workspace::policy::tests::substituted_graph_references_fail_closed_at_declaration ... ok
#24 86.05 test sema::workspace::span_value::tests::decoded_repo_file_origin_rejects_paths_outside_the_captured_repository ... ok
#24 86.05 test sema::workspace::refs::tests::fixed_prefix_packages_cannot_be_selected_without_prefix ... ok
#24 86.05 test sema::workspace::refs::tests::task_schedule_profile_image_refs_are_typed ... ok
#24 86.05 test sema::workspace::span_value::tests::escaping_profile_file_destinations_reject_at_the_declaration ... ok
#24 86.05 test sema::workspace::refs::tests::artifact_selectors_must_be_normalized_relative_paths ... ok
#24 86.05 
#24 86.05 test result: ok. 68 passed; 0 failed; 0 ignored; 0 measured; 0 filtered out; finished in 0.03s
#24 86.05 
#24 86.05      Running tests/schema_acceptance.rs (target/debug/deps/schema_acceptance-1a169573e71c6ca0)
#24 86.06 
#24 86.06 running 3 tests
#24 86.09 test schema_pattern_assertions_execute ... ok
#24 86.09 test valid_documents_are_admitted_by_both_sides ... ok
#24 86.10 test rejected_documents_fail_both_sides ... ok
#24 86.10 
#24 86.10 test result: ok. 3 passed; 0 failed; 0 ignored; 0 measured; 0 filtered out; finished in 0.04s
#24 86.10 
#24 86.10      Running tests/workspace_admission.rs (target/debug/deps/workspace_admission-69161928380216ad)
#24 86.10 
#24 86.10 running 3 tests
#24 86.10 test provider_backed_package_lists_as_single_output ... ok
#24 86.10 test admitted_workspace_exposes_named_outputs ... ok
#24 86.10 test serialization_preserves_each_version_envelope ... ok
#24 86.10 
#24 86.10 test result: ok. 3 passed; 0 failed; 0 ignored; 0 measured; 0 filtered out; finished in 0.00s
#24 86.10 
#24 86.10      Running tests/workspace_v4_compat.rs (target/debug/deps/workspace_v4_compat-b35fac2a52f57c5d)
#24 86.11 
#24 86.11 running 3 tests
#24 86.12 test versions_reject_each_others_fields_and_bad_refs ... ok
#24 86.14 test historical_schema_and_reader_preserve_opaque_platform_strings ... ok
#24 86.14 test historical_recipe_execution_and_fixed_layout_never_gain_new_policy ... ok
#24 86.14 
#24 86.14 test result: ok. 3 passed; 0 failed; 0 ignored; 0 measured; 0 filtered out; finished in 0.03s
#24 86.14 
#24 86.14      Running tests/workspace_v5_acceptance.rs (target/debug/deps/workspace_v5_acceptance-33fcbef4cdc72330)
#24 86.15 
#24 86.15 running 5 tests
#24 86.25 test version_dispatch_asymmetry ... ok
#24 86.26 test schema_authored_constraints_execute ... ok
#24 86.26 test valid_documents_are_admitted_by_both_sides ... ok
#24 86.26 test rejected_documents_fail_both_sides ... ok
#24 86.26 test each_output_kind_rejects_undeclared_authority_with_its_own_span ... ok
#24 86.26 
#24 86.26 test result: ok. 5 passed; 0 failed; 0 ignored; 0 measured; 0 filtered out; finished in 0.11s
#24 86.26 
#24 86.27      Running unittests src/lib.rs (target/debug/deps/gripsack_lint-548fb042b5698953)
#24 86.27 
#24 86.27 running 8 tests
#24 86.27 test exchange::tests::severity_coercion_and_crash_codes ... ok
#24 86.27 test exchange::tests::spawn_failure_is_e01 ... ok
#24 86.27 test exchange::tests::valid_diagnostics_survive_nonzero_exit ... ok
#24 86.27 test exchange::tests::missing_response_retains_only_last_three_stderr_lines ... ok
#24 86.28 test exchange::tests::pressure_before_input_and_response_before_input_completion ... ok
#24 86.29 test exchange::tests::output_failure_after_response_keeps_diagnostics_and_adds_e02 ... ok
#24 86.33 test exchange::tests::input_limit_is_not_a_success ... ok
#24 90.77 test exchange::tests::silence_and_response_then_linger_are_deadline_failures ... ok
#24 90.77 
#24 90.77 test result: ok. 8 passed; 0 failed; 0 ignored; 0 measured; 0 filtered out; finished in 4.52s
#24 90.77 
#24 90.77      Running unittests src/lib.rs (target/debug/deps/gripsack_policy-6fb76687af620f0e)
#24 90.78 
#24 90.78 running 0 tests
#24 90.78 
#24 90.78 test result: ok. 0 passed; 0 failed; 0 ignored; 0 measured; 0 filtered out; finished in 0.00s
#24 90.78 
#24 90.78      Running tests/name_index.rs (target/debug/deps/name_index-b8d7482da2a86275)
#24 90.78 
#24 90.78 running 1 test
#24 90.78 test catalog_indices_cannot_bind_another_name_or_escape_the_catalog ... ok
#24 90.78 
#24 90.78 test result: ok. 1 passed; 0 failed; 0 ignored; 0 measured; 0 filtered out; finished in 0.00s
#24 90.78 
#24 90.78      Running tests/schedule_smoke.rs (target/debug/deps/schedule_smoke-94fdc3e3d650f21b)
#24 90.78 
#24 90.78 running 2 tests
#24 90.78 test pure_scheduler_latches_on_failure ... ok
#24 90.78 test pure_scheduler_runs_a_diamond ... ok
#24 90.78 
#24 90.78 test result: ok. 2 passed; 0 failed; 0 ignored; 0 measured; 0 filtered out; finished in 0.00s
#24 90.78 
#24 90.78      Running unittests src/lib.rs (target/debug/deps/gripsack_process-1808502d2508137d)
#24 90.79 
#24 90.79 running 20 tests
#24 90.79 test tests::expired_operation_rejects_spawn_without_overriding_input_failure ... ok
#24 90.79 test tests::input_rejected_before_spawn ... ok
#24 90.79 test tests::empty_input_is_closed_immediately ... ok
#24 90.79 test tests::framing_and_input_eof ... ok
#24 90.79 test tests::lifecycle::no_response_is_a_normal_exit ... ok
#24 90.80 test tests::pressure::huge_unterminated_line_is_stopped_incrementally ... ok
#24 90.81 test tests::exact_line_limit_and_empty_lines ... ok
#24 90.81 test tests::spawn_error_and_zero_budget ... ok
#24 90.81 test tests::lifecycle::exit_and_signal_status_are_not_routing_policy ... ok
#24 90.82 test tests::pressure::response_still_sends_input_and_preserves_exit_failure ... ok
#24 90.82 test tests::tail_is_exact_and_can_be_disabled ... ok
#24 90.82 test tests::lifecycle::callback_panic_kills_and_reaps_the_leader ... ok
#24 90.82 test tests::lifecycle::inherited_pipes_are_killed_on_leader_exit_not_after_a_linger ... ok
#24 90.82 test tests::pressure::simultaneous_input_and_output_pressure ... ok
#24 90.84 test tests::pressure::stdout_and_stderr_floods_are_cumulative ... ok
#24 90.85 test tests::pressure::response_does_not_disable_any_output_bound ... ok
#24 90.91 test tests::pressure::early_stdin_close_is_not_an_io_error ... ok
#24 92.31 test tests::operation_and_exchange_deadlines_each_bound_cleanup ... ok
#24 93.80 test tests::lifecycle::silent_process_with_closed_pipes_still_has_a_deadline ... ok
#24 93.80 test tests::pressure::blocked_input_does_not_block_response_or_deadline ... ok
#24 93.80 
#24 93.80 test result: ok. 20 passed; 0 failed; 0 ignored; 0 measured; 0 filtered out; finished in 3.01s
#24 93.80 
#24 93.80      Running unittests src/lib.rs (target/debug/deps/gripsack_store-565ba7d1566be399)
#24 93.80 
#24 93.80 running 66 tests
#24 93.81 test hash::tests::the_two_identity_domains_never_collide ... ok
#24 93.81 test journal::marker::repeated_model::ambiguous_current_retains_partial_journal_without_touching_destinations ... ok
#24 93.81 test journal::marker::repeated_model::partial_restore_then_second_crash_keeps_new_edit_and_restores_other_dest ... ok
#24 93.81 test journal::tests::cross_variant_identities_never_compare_equal ... ok
#24 93.81 test journal::tests::marker_null_previous_generation_is_a_fresh_machine ... ok
#24 93.81 test journal::tests::marker_missing_previous_generation_is_rejected ... ok
#24 93.81 test journal::tests::marker_round_trips_through_the_wire ... ok
#24 93.81 test journal::tests::marker_rejects_duplicates_wrong_types_and_overflow ... ok
#24 93.81 test journal::model::tests::every_schedule_satisfies_the_oracle ... ok
#24 93.81 test journal::tests::non_utf8_destinations_are_refused_at_record ... ok
#24 93.81 test journal::tests::non_utf8_link_targets_are_refused_not_lossy_compared ... ok
#24 93.81 test journal::marker::repeated_model::numeric_commit_mutant_fails_the_identical_oracle ... ok
#24 93.81 test hash::tests::canonical_hash_covers_symlink_target ... ok
#24 93.82 test activation::tests::a_corrupt_record_fails_closed ... ok
#24 93.82 test hash::tests::canonical_hash_ignores_mtime_but_not_exec_bit ... ok
#24 93.82 test hash::reference_vector::pinned_tree_vector ... ok
#24 93.82 test ownership::tests::workspace_markers_cannot_be_reinterpreted_as_legacy_module_names ... ok
#24 93.82 test journal::tests::wire_admission_rejects_legacy_versions_and_malformed ... ok
#24 93.82 test paths::tests::canonical_dest_refuses_parent_traversal ... ok
#24 93.82 test paths::tests::generation_layout ... ok
#24 93.82 test paths::tests::hash_is_stable_and_input_sensitive ... ok
#24 93.82 test paths::tests::home_resolution ... ok
#24 93.82 test hash::tests::tree_hash_is_deterministic_and_content_sensitive ... ok
#24 93.82 test paths::tests::store_path_format ... ok
#24 93.82 test prior::tests::historical_prior_wire_admits_only_hashes_and_permission_bits ... ok
#24 93.82 test trust::tests::canonical_key_falls_back_to_absolute ... ok
#24 93.82 test activation::tests::pending_record_round_trips_and_clears ... ok
#24 93.84 test journal::tests::malformed_entries_fail_closed_into_quarantine ... ok
#24 93.84 test journal::tests::unsafe_metadata_symlinks_never_read_or_chmod_their_referents ... ok
#24 93.84 test trust::tests::only_an_explicit_y_trusts ... ok
#24 93.84 test trust::tests::prompt_values_with_control_chars_are_escaped ... ok
#24 93.84 test trust::tests::rfc3339_known_instants ... ok
#24 93.84 test trust::tests::sandbox_summary_survives_wrapping_intact ... ok
#24 93.84 test paths::tests::canonical_dest_resolves_a_symlinked_ancestor ... ok
#24 93.84 test paths::tests::canonical_dest_collapses_spelling_aliases ... ok
#24 93.85 test hash::tests::overlay_hash_matches_materialized_staging ... ok
#24 93.85 test hash::tests::overlay_hash_of_dir_source_matches_staged_tree ... ok
#24 93.85 test trust::tests::gate_blocks_untrusted_repos_without_a_tty ... ok
#24 93.85 test generations::tests::manifests_are_strictly_validated ... ok
#24 93.85 test journal::tests::tagged_entries_round_trip_through_the_wire ... ok
#24 93.85 test trust::tests::trust_is_keyed_on_canonical_path ... ok
#24 93.86 test journal::tests::post_crash_edit_beats_the_landed_mutation ... ok
#24 93.87 test trust::tests::remove_forgets_the_repo ... ok
#24 93.87 test journal::tests::legacy_untagged_entries_fail_closed_with_evidence_kept ... ok
#24 93.87 test trust::tests::trust_toml_round_trip ... ok
#24 93.87 test trust::tests::concurrent_adds_keep_both_entries ... ok
#24 93.87 test journal::tests::absent_prior_and_symlink_prior_recover ... ok
#24 93.87 test journal::tests::recovery_cleanup_keeps_the_pinned_journal_after_a_directory_replacement ... ok
#24 93.88 test journal::tests::post_crash_sentinel_symlink_is_kept ... ok
#24 93.88 test prior::tests::captured_blob_is_private_and_corrupt_bytes_cannot_restore ... ok
#24 93.88 test journal::tests::recovery_restores_the_exact_mode ... ok
#24 93.88 test generations::tests::flip_and_current ... ok
#24 93.88 test generations::tests::manifest_roundtrip_and_listing ... ok
#24 93.88 test journal::tests::commit_run_clears_the_window ... ok
#24 93.89 test journal::tests::user_edit_after_crash_wins ... ok
#24 93.89 test journal::tests::a_retained_v1_entry_recovers_without_inventing_an_intermediate_state ... ok
#24 93.90 test journal::tests::crash_between_record_and_write_restores_prior ... ok
#24 93.90 test journal::tests::crash_after_write_restores_prior_bytes ... ok
#24 93.90 test journal::tests::an_intervening_foreign_edit_cannot_extend_a_journaled_chain ... ok
#24 93.92 test journal::tests::crash_before_flip_restores ... ok
#24 93.93 test journal::marker::repeated_model::exhaustive_independent_destinations_and_two_crashes ... ok
#24 93.94 test journal::tests::crash_after_flip_but_before_cleanup_reads_committed ... ok
#24 93.94 test journal::tests::completed_rollback_reads_committed ... ok
#24 93.95 test generations::tests::publish_is_atomic_and_allocation_monotonic ... ok
#24 93.96 test journal::tests::crashed_rollback_restores_priors ... ok
#24 94.01 test journal::tests::repeated_destination_mutations_restore_the_run_original_at_both_crash_windows ... ok
#24 94.01 
#24 94.01 test result: ok. 66 passed; 0 failed; 0 ignored; 0 measured; 0 filtered out; finished in 0.21s
#24 94.01 
#24 94.01      Running unittests src/lib.rs (target/debug/deps/gripsack_trace-5f9edfcb191b89c2)
#24 94.01 
#24 94.01 running 0 tests
#24 94.01 
#24 94.01 test result: ok. 0 passed; 0 failed; 0 ignored; 0 measured; 0 filtered out; finished in 0.00s
#24 94.01 
#24 94.01    Doc-tests griplint
#24 94.12 
#24 94.12 running 0 tests
#24 94.12 
#24 94.12 test result: ok. 0 passed; 0 failed; 0 ignored; 0 measured; 0 filtered out; finished in 0.00s
#24 94.12 
#24 94.13    Doc-tests gripsack_buildkit
#24 94.22 
#24 94.22 running 0 tests
#24 94.22 
#24 94.22 test result: ok. 0 passed; 0 failed; 0 ignored; 0 measured; 0 filtered out; finished in 0.00s
#24 94.22 
#24 94.23    Doc-tests gripsack_config
#24 94.28 
#24 94.28 running 0 tests
#24 94.28 
#24 94.28 test result: ok. 0 passed; 0 failed; 0 ignored; 0 measured; 0 filtered out; finished in 0.00s
#24 94.28 
#24 94.29    Doc-tests gripsack_exec
#24 94.45 
#24 94.45 running 0 tests
#24 94.45 
#24 94.45 test result: ok. 0 passed; 0 failed; 0 ignored; 0 measured; 0 filtered out; finished in 0.00s
#24 94.45 
#24 94.46    Doc-tests gripsack_fetch
#24 94.61 
#24 94.61 running 0 tests
#24 94.61 
#24 94.61 test result: ok. 0 passed; 0 failed; 0 ignored; 0 measured; 0 filtered out; finished in 0.00s
#24 94.61 
#24 94.62    Doc-tests gripsack_fs
#24 94.66 
#24 94.66 running 0 tests
#24 94.66 
#24 94.66 test result: ok. 0 passed; 0 failed; 0 ignored; 0 measured; 0 filtered out; finished in 0.00s
#24 94.66 
#24 94.67    Doc-tests gripsack_fuzz
#24 94.72 
#24 94.72 running 0 tests
#24 94.72 
#24 94.72 test result: ok. 0 passed; 0 failed; 0 ignored; 0 measured; 0 filtered out; finished in 0.00s
#24 94.72 
#24 94.72    Doc-tests gripsack_ir
#24 95.11 
#24 95.11 running 0 tests
#24 95.11 
#24 95.11 test result: ok. 0 passed; 0 failed; 0 ignored; 0 measured; 0 filtered out; finished in 0.00s
#24 95.11 
#24 95.12    Doc-tests gripsack_lint
#24 95.17 
#24 95.17 running 0 tests
#24 95.17 
#24 95.17 test result: ok. 0 passed; 0 failed; 0 ignored; 0 measured; 0 filtered out; finished in 0.00s
#24 95.17 
#24 95.18    Doc-tests gripsack_policy
#24 95.32 
#24 95.32 running 0 tests
#24 95.32 
#24 95.32 test result: ok. 0 passed; 0 failed; 0 ignored; 0 measured; 0 filtered out; finished in 0.00s
#24 95.32 
#24 95.33    Doc-tests gripsack_process
#24 95.36 
#24 95.36 running 0 tests
#24 95.36 
#24 95.36 test result: ok. 0 passed; 0 failed; 0 ignored; 0 measured; 0 filtered out; finished in 0.00s
#24 95.36 
#24 95.37    Doc-tests gripsack_store
#24 95.50 
#24 95.50 running 0 tests
#24 95.50 
#24 95.50 test result: ok. 0 passed; 0 failed; 0 ignored; 0 measured; 0 filtered out; finished in 0.00s
#24 95.50 
#24 95.51    Doc-tests gripsack_trace
#24 95.54 
#24 95.54 running 0 tests
#24 95.54 
#24 95.54 test result: ok. 0 passed; 0 failed; 0 ignored; 0 measured; 0 filtered out; finished in 0.00s
#24 95.54 
#24 DONE 95.8s

#25 [test 2/2] RUN apk add --no-cache python3     && cargo package --list -p gripsack-exec | grep -q "embedded_frontend.rs"     && python3 scripts/gen_diagnostic_registry.py --check     && python3 scripts/gen_diagnostic_registry.py --self-check     && python3 scripts/gen_frontend_embed.py --check     && python3 scripts/check_scheduler_loom.py
#25 1.141 ( 1/13) Installing libbz2 (1.0.8-r6)
#25 1.155 ( 2/13) Installing libffi (3.5.2-r1)
#25 1.166 ( 3/13) Installing gdbm (1.26-r0)
#25 1.177 ( 4/13) Installing mpdecimal (4.0.1-r0)
#25 1.194 ( 5/13) Installing ncurses-terminfo-base (6.6_p20260516-r0)
#25 1.210 ( 6/13) Installing libncursesw (6.6_p20260516-r0)
#25 1.231 ( 7/13) Installing libpanelw (6.6_p20260516-r0)
#25 1.238 ( 8/13) Installing readline (8.3.3-r1)
#25 1.250 ( 9/13) Installing sqlite-libs (3.53.4-r0)
#25 1.304 (10/13) Installing python3 (3.14.7-r1)
#25 1.801 (11/13) Installing python3-pycache-pyc0 (3.14.7-r1)
#25 2.131 (12/13) Installing pyc (3.14.7-r1)
#25 2.131 (13/13) Installing python3-pyc (3.14.7-r1)
#25 2.131 Executing busybox-1.37.0-r31.trigger
#25 2.140 OK: 246.6 MiB in 58 packages
#25 2.369 diagnostic registry: 39 unique core codes, 5 frontend allocations; generated files fresh
#25 2.391 calibration: invalid registry version rejected on its named property
#25 2.391 calibration: duplicate diagnostic code rejected on its named property
#25 2.391 calibration: duplicate frontend diagnostic name rejected on its named property
#25 2.391 diagnostic registry calibration: 3 named mutants rejected
#25 2.426 embedded_frontend.rs: fresh (31 files)
#25 2.741 RUNNER_COMMAND=cargo test --locked -p gripsack-exec --features loom-tests --lib schedule::coordination::model::
#25 39.44    Compiling proc-macro2 v1.0.107
#25 39.44    Compiling unicode-ident v1.0.24
#25 39.44    Compiling quote v1.0.47
#25 39.44    Compiling libc v0.2.189
#25 39.44    Compiling shlex v2.0.1
#25 39.44    Compiling find-msvc-tools v0.1.11
#25 39.44    Compiling cfg-if v1.0.4
#25 39.44    Compiling stable_deref_trait v1.2.1
#25 39.44    Compiling serde_core v1.0.229
#25 39.44    Compiling once_cell v1.21.4
#25 39.44    Compiling pkg-config v0.3.34
#25 39.44    Compiling rustix v1.1.4
#25 39.44    Compiling linux-raw-sys v0.12.1
#25 39.44    Compiling bitflags v2.13.1
#25 39.44    Compiling equivalent v1.0.2
#25 39.44    Compiling log v0.4.34
#25 39.44    Compiling verus_prettyplease v0.0.0-2026-09-06-0133
#25 39.44    Compiling litemap v0.8.3
#25 39.44    Compiling hashbrown v0.17.1
#25 39.44    Compiling writeable v0.6.4
#25 39.44    Compiling zmij v1.0.23
#25 39.44    Compiling utf8_iter v1.0.4
#25 39.44    Compiling smallvec v1.15.2
#25 39.44    Compiling io-lifetimes v2.0.4
#25 39.44    Compiling zeroize v1.9.0
#25 39.44    Compiling io-lifetimes v3.0.1
#25 39.44    Compiling icu_normalizer_data v2.3.0
#25 39.44    Compiling icu_properties_data v2.3.0
#25 39.44    Compiling serde v1.0.229
#25 39.44    Compiling typenum v1.20.1
#25 39.44    Compiling memchr v2.8.3
#25 39.44    Compiling convert_case v0.4.0
#25 39.44    Compiling serde_json v1.0.151
#25 39.44    Compiling io-extras v0.19.0
#25 39.44    Compiling vstd v0.0.0-2026-09-06-0133
#25 39.44    Compiling itoa v1.0.18
#25 39.44    Compiling cap-primitives v4.0.3
#25 39.44    Compiling winnow v1.0.4
#25 39.44    Compiling rustls-pki-types v1.15.1
#25 39.44    Compiling crc32fast v1.5.1
#25 39.44    Compiling thiserror v2.0.20
#25 39.44    Compiling verus_builtin v0.0.0-2026-09-06-0133
#25 39.44    Compiling rustversion v1.0.23
#25 39.44    Compiling tracing-core v0.1.36
#25 39.44    Compiling ipnet v2.12.1
#25 39.44    Compiling toml_writer v1.1.2+spec-1.1.0
#25 39.44    Compiling ambient-authority v0.0.2
#25 39.44    Compiling maybe-owned v0.3.4
#25 39.44    Compiling zstd-safe v7.2.4
#25 39.44    Compiling simd-adler32 v0.3.10
#25 39.44    Compiling cap-std v4.0.3
#25 39.44    Compiling untrusted v0.9.0
#25 39.44    Compiling getrandom v0.4.3
#25 39.44    Compiling const-oid v0.10.2
#25 39.44    Compiling regex-syntax v0.8.11
#25 39.44    Compiling percent-encoding v2.3.2
#25 39.44    Compiling pin-project-lite v0.2.17
#25 39.44    Compiling adler2 v2.0.1
#25 39.44    Compiling rustls v0.23.45
#25 39.44    Compiling subtle v2.6.1
#25 39.44    Compiling fastrand v2.5.0
#25 39.44    Compiling miniz_oxide v0.8.9
#25 39.44    Compiling bumpalo v3.20.3
#25 39.44    Compiling cpufeatures v0.3.0
#25 39.44    Compiling winnow v0.7.15
#25 39.44    Compiling form_urlencoded v1.2.2
#25 39.44    Compiling libbz2-rs-sys v0.2.5
#25 39.44    Compiling lazy_static v1.5.0
#25 39.44    Compiling webpki-roots v1.0.9
#25 39.44    Compiling zlib-rs v0.6.7
#25 39.44    Compiling thread_local v1.1.10
#25 39.44    Compiling openssl-probe v0.2.1
#25 39.44    Compiling nu-ansi-term v0.50.3
#25 39.44    Compiling sharded-slab v0.1.7
#25 39.44    Compiling typed-path v0.12.3
#25 39.44    Compiling base64 v0.22.1
#25 39.44    Compiling scoped-tls v1.0.1
#25 39.44    Compiling zopfli v0.8.3
#25 39.44    Compiling webpki-roots v0.26.11
#25 39.44    Compiling httpdate v1.0.3
#25 39.44    Compiling rustls-native-certs v0.8.4
#25 39.44    Compiling tracing-log v0.2.0
#25 39.44    Compiling toml_parser v1.1.3+spec-1.1.0
#25 39.44    Compiling indexmap v2.14.0
#25 39.44    Compiling hybrid-array v0.4.14
#25 39.44    Compiling syn v2.0.119
#25 39.44    Compiling syn v3.0.4
#25 39.44    Compiling verus_syn v0.0.0-2026-09-06-0133
#25 39.44    Compiling bzip2 v0.6.1
#25 39.44    Compiling crypto-common v0.2.2
#25 39.44    Compiling block-buffer v0.12.1
#25 39.44    Compiling jobserver v0.1.35
#25 39.44    Compiling getrandom v0.2.17
#25 39.44    Compiling filetime v0.2.29
#25 39.44    Compiling gripsack-process v0.42.0 (/tmp/gripsack-loom-1746wxq7/source/crates/gripsack-process)
#25 39.44    Compiling cc v1.4.4
#25 39.44    Compiling regex-automata v0.4.18
#25 39.44    Compiling digest v0.11.3
#25 39.44    Compiling sha2 v0.11.0
#25 39.44    Compiling serde_spanned v1.1.1
#25 39.44    Compiling toml_datetime v0.7.5+spec-1.1.0
#25 39.44    Compiling toml_datetime v1.1.1+spec-1.1.0
#25 39.44    Compiling toml v1.1.4+spec-1.1.0
#25 39.44    Compiling toml v0.9.12+spec-1.1.0
#25 39.44    Compiling zstd-sys v2.0.16+zstd.1.5.7
#25 39.44    Compiling ring v0.17.14
#25 39.44    Compiling lzma-sys v0.1.20
#25 39.44    Compiling generator v0.8.10
#25 39.44    Compiling flate2 v1.1.9
#25 39.44    Compiling rustix-linux-procfs v0.1.1
#25 39.44    Compiling fs-set-times v0.20.3
#25 39.44    Compiling xattr v1.6.1
#25 39.44    Compiling tempfile v3.27.0
#25 39.44    Compiling tar v0.4.46
#25 39.44    Compiling zerovec-derive v0.11.6
#25 39.44    Compiling displaydoc v0.2.7
#25 39.44    Compiling serde_derive v1.0.229
#25 39.44    Compiling thiserror-impl v2.0.20
#25 39.44    Compiling matchers v0.2.0
#25 39.44    Compiling xz2 v0.1.7
#25 39.44    Compiling gripsack-fs v0.42.0 (/tmp/gripsack-loom-1746wxq7/source/crates/gripsack-fs)
#25 39.44    Compiling synstructure v0.13.2
#25 39.44    Compiling zstd v0.13.3
#25 39.44    Compiling zip v8.6.0
#25 39.44    Compiling zerofrom-derive v0.1.7
#25 39.44    Compiling yoke-derive v0.8.2
#25 39.44    Compiling tracing-attributes v0.1.31
#25 39.44    Compiling rustls-webpki v0.103.15
#25 39.44    Compiling zerofrom v0.1.8
#25 39.44    Compiling tracing v0.1.44
#25 39.44    Compiling yoke v0.8.3
#25 39.44    Compiling zerovec v0.11.8
#25 39.44    Compiling zerotrie v0.2.5
#25 39.44    Compiling tracing-subscriber v0.3.23
#25 39.44    Compiling verus_state_machines_macros v0.0.0-2026-09-06-0133
#25 39.44    Compiling verus_builtin_macros v0.0.0-2026-09-06-0133
#25 39.44    Compiling tinystr v0.8.4
#25 39.44    Compiling potential_utf v0.1.6
#25 39.44    Compiling icu_collections v2.3.0
#25 39.44    Compiling icu_locale_core v2.3.0
#25 39.44    Compiling loom v0.7.2
#25 39.44    Compiling icu_provider v2.3.1
#25 39.44    Compiling icu_normalizer v2.3.0
#25 39.44    Compiling icu_properties v2.3.0
#25 39.44    Compiling idna_adapter v1.2.2
#25 39.44    Compiling idna v1.1.0
#25 39.44    Compiling url v2.5.8
#25 39.44    Compiling ureq v2.12.1
#25 39.44    Compiling gripsack-policy v0.42.0 (/tmp/gripsack-loom-1746wxq7/source/crates/gripsack-policy)
#25 39.44    Compiling gripsack-ir v0.42.0 (/tmp/gripsack-loom-1746wxq7/source/crates/gripsack-ir)
#25 39.44    Compiling gripsack-store v0.42.0 (/tmp/gripsack-loom-1746wxq7/source/crates/gripsack-store)
#25 39.44    Compiling gripsack-config v0.42.0 (/tmp/gripsack-loom-1746wxq7/source/crates/gripsack-config)
#25 39.44    Compiling gripsack-fetch v0.42.0 (/tmp/gripsack-loom-1746wxq7/source/crates/gripsack-fetch)
#25 39.44    Compiling gripsack-exec v0.42.0 (/tmp/gripsack-loom-1746wxq7/source/crates/gripsack-exec)
#25 39.44     Finished `test` profile [unoptimized + debuginfo] target(s) in 36.60s
#25 39.44      Running unittests src/lib.rs (/tmp/gripsack-loom-1746wxq7/target/debug/deps/gripsack_exec-cdf4089161a5c5c5)
#25 39.44 
#25 39.44 running 3 tests
#25 39.44 test schedule::coordination::model::failure_latches_and_drains_without_lost_notification ... ok
#25 39.44 test schedule::coordination::model::panic_completes_once_and_wakes_waiters ... ok
#25 39.44 test schedule::coordination::model::diamond_completion_wakes_waiters_and_publishes_dependencies ... ok
#25 39.44 
#25 39.44 test result: ok. 3 passed; 0 failed; 0 ignored; 0 measured; 51 filtered out; finished in 0.07s
#25 39.44 
#25 39.44 
#25 39.44 LOOM_SCHEDULER=3
#25 39.44 RUNNER_COMMAND=cargo test --locked -p gripsack-exec --features loom-tests --lib schedule::coordination::model::diamond_completion_wakes_waiters_and_publishes_dependencies
#25 43.06    Compiling gripsack-exec v0.42.0 (/tmp/gripsack-loom-1746wxq7/source/crates/gripsack-exec)
#25 43.06     Finished `test` profile [unoptimized + debuginfo] target(s) in 3.38s
#25 43.06      Running unittests src/lib.rs (/tmp/gripsack-loom-1746wxq7/target/debug/deps/gripsack_exec-cdf4089161a5c5c5)
#25 43.06 
#25 43.06 running 1 test
#25 43.06 
#25 43.06 thread 'schedule::coordination::model::diamond_completion_wakes_waiters_and_publishes_dependencies' (4052) panicked at /usr/local/cargo/registry/src/index.crates.io-1949cf8c6b5b557f/loom-0.7.2/src/rt/execution.rs:216:13:
#25 43.06 deadlock; threads = [(Id(0), Blocked(Location(None))), (Id(1), Terminated), (Id(2), Blocked(Location(None)))]
#25 43.06 note: run with `RUST_BACKTRACE=1` environment variable to display a backtrace
#25 43.06 
#25 43.06 thread 'schedule::coordination::model::diamond_completion_wakes_waiters_and_publishes_dependencies' (4052) panicked at /usr/local/cargo/registry/src/index.crates.io-1949cf8c6b5b557f/loom-0.7.2/src/rt/thread.rs:276:39:
#25 43.06 called `Option::unwrap()` on a `None` value
#25 43.06 stack backtrace:
#25 43.06    0:     0x7f735d905bf1 - std[f4f322d5fb81df6e]::backtrace_rs::backtrace::libunwind::trace
#25 43.06                                at /rustc/88d9e12ae178fab0fb5cc050a94da85685d449ea/library/std/src/../../backtrace/src/backtrace/libunwind.rs:117:9
#25 43.06    1:     0x7f735d905bf1 - std[f4f322d5fb81df6e]::backtrace_rs::backtrace::trace_unsynchronized::<std[f4f322d5fb81df6e]::sys::backtrace::_print_fmt::{closure#1}>
#25 43.06                                at /rustc/88d9e12ae178fab0fb5cc050a94da85685d449ea/library/std/src/../../backtrace/src/backtrace/mod.rs:66:14
#25 43.06    2:     0x7f735d905bf1 - std[f4f322d5fb81df6e]::sys::backtrace::_print_fmt
#25 43.06                                at /rustc/88d9e12ae178fab0fb5cc050a94da85685d449ea/library/std/src/sys/backtrace.rs:74:9
#25 43.06    3:     0x7f735d905bf1 - <<std[f4f322d5fb81df6e]::sys::backtrace::BacktraceLock>::print::DisplayBacktrace as core[5d33459993e3d723]::fmt::Display>::fmt
#25 43.06                                at /rustc/88d9e12ae178fab0fb5cc050a94da85685d449ea/library/std/src/sys/backtrace.rs:44:26
#25 43.06    4:     0x7f735d93affa - <core[5d33459993e3d723]::fmt::rt::Argument>::fmt
#25 43.06                                at /rustc/88d9e12ae178fab0fb5cc050a94da85685d449ea/library/core/src/fmt/rt.rs:152:76
#25 43.06    5:     0x7f735d93affa - core[5d33459993e3d723]::fmt::write
#25 43.06    6:     0x7f735d90b63c - std[f4f322d5fb81df6e]::io::default_write_fmt::<alloc[f3282932177de6b4]::vec::Vec<u8>>
#25 43.06                                at /rustc/88d9e12ae178fab0fb5cc050a94da85685d449ea/library/std/src/io/mod.rs:626:11
#25 43.06    7:     0x7f735d90b63c - <alloc[f3282932177de6b4]::vec::Vec<u8> as std[f4f322d5fb81df6e]::io::Write>::write_fmt
#25 43.06                                at /rustc/88d9e12ae178fab0fb5cc050a94da85685d449ea/library/std/src/io/mod.rs:1730:13
#25 43.06    8:     0x7f735d8e03d2 - <std[f4f322d5fb81df6e]::sys::backtrace::BacktraceLock>::print
#25 43.06                                at /rustc/88d9e12ae178fab0fb5cc050a94da85685d449ea/library/std/src/sys/backtrace.rs:47:9
#25 43.06    9:     0x7f735d8e03d2 - std[f4f322d5fb81df6e]::panicking::default_hook::{closure#0}
#25 43.06                                at /rustc/88d9e12ae178fab0fb5cc050a94da85685d449ea/library/std/src/panicking.rs:292:27
#25 43.06   10:     0x7f735d8fc084 - std[f4f322d5fb81df6e]::panicking::default_hook
#25 43.06                                at /rustc/88d9e12ae178fab0fb5cc050a94da85685d449ea/library/std/src/panicking.rs:316:9
#25 43.06   11:     0x7f735cfab3e0 - <alloc[f3282932177de6b4]::boxed::Box<dyn for<'a, 'b> core[5d33459993e3d723]::ops::function::Fn<(&'a std[f4f322d5fb81df6e]::panic::PanicHookInfo<'b>,), Output = ()> + core[5d33459993e3d723]::marker::Send + core[5d33459993e3d723]::marker::Sync> as core[5d33459993e3d723]::ops::function::Fn<(&std[f4f322d5fb81df6e]::panic::PanicHookInfo,)>>::call
#25 43.06                                at /rustc/88d9e12ae178fab0fb5cc050a94da85685d449ea/library/alloc/src/boxed.rs:2333:9
#25 43.06   12:     0x7f735cfab3e0 - test[4256d8fa28ac835e]::test_main_inner::<test[4256d8fa28ac835e]::test_main_static::{closure#0}>::{closure#0}
#25 43.06                                at /rustc/88d9e12ae178fab0fb5cc050a94da85685d449ea/library/test/src/lib.rs:155:21
#25 43.06   13:     0x7f735d02fef3 - <alloc[f3282932177de6b4]::boxed::Box<dyn for<'a, 'b> core[5d33459993e3d723]::ops::function::Fn<(&'a std[f4f322d5fb81df6e]::panic::PanicHookInfo<'b>,), Output = ()> + core[5d33459993e3d723]::marker::Send + core[5d33459993e3d723]::marker::Sync> as core[5d33459993e3d723]::ops::function::Fn<(&std[f4f322d5fb81df6e]::panic::PanicHookInfo,)>>::call
#25 43.06                                at /rustc/88d9e12ae178fab0fb5cc050a94da85685d449ea/library/alloc/src/boxed.rs:2333:9
#25 43.06   14:     0x7f735d02b4c4 - generator[87b94d97073f9995]::detail::gen::catch_unwind_filter::<generator[87b94d97073f9995]::detail::gen::gen_init_impl::{closure#0}, ()>::{closure#0}::{closure#0}
#25 43.06                                at /usr/local/cargo/registry/src/index.crates.io-1949cf8c6b5b557f/generator-0.8.10/src/detail/gen.rs:19:13
#25 43.06   15:     0x7f735d8fc3b2 - <alloc[f3282932177de6b4]::boxed::Box<dyn for<'a, 'b> core[5d33459993e3d723]::ops::function::Fn<(&'a std[f4f322d5fb81df6e]::panic::PanicHookInfo<'b>,), Output = ()> + core[5d33459993e3d723]::marker::Send + core[5d33459993e3d723]::marker::Sync> as core[5d33459993e3d723]::ops::function::Fn<(&std[f4f322d5fb81df6e]::panic::PanicHookInfo,)>>::call
#25 43.06                                at /rustc/88d9e12ae178fab0fb5cc050a94da85685d449ea/library/alloc/src/boxed.rs:2333:9
#25 43.06   16:     0x7f735d8fc3b2 - std[f4f322d5fb81df6e]::panicking::panic_with_hook
#25 43.06                                at /rustc/88d9e12ae178fab0fb5cc050a94da85685d449ea/library/std/src/panicking.rs:823:13
#25 43.06   17:     0x7f735d8e04b4 - std[f4f322d5fb81df6e]::panicking::panic_handler::{closure#0}
#25 43.06                                at /rustc/88d9e12ae178fab0fb5cc050a94da85685d449ea/library/std/src/panicking.rs:681:13
#25 43.06   18:     0x7f735d8d78b9 - std[f4f322d5fb81df6e]::sys::backtrace::__rust_end_short_backtrace::<std[f4f322d5fb81df6e]::panicking::panic_handler::{closure#0}, !>
#25 43.06                                at /rustc/88d9e12ae178fab0fb5cc050a94da85685d449ea/library/std/src/sys/backtrace.rs:182:18
#25 43.06   19:     0x7f735d8e158d - __rustc[4b1ee1ef74718a7b]::rust_begin_unwind
#25 43.06                                at /rustc/88d9e12ae178fab0fb5cc050a94da85685d449ea/library/std/src/panicking.rs:679:5
#25 43.06   20:     0x7f735ce12bac - core[5d33459993e3d723]::panicking::panic_fmt
#25 43.06                                at /rustc/88d9e12ae178fab0fb5cc050a94da85685d449ea/library/core/src/panicking.rs:80:14
#25 43.06   21:     0x7f735ce12b72 - core[5d33459993e3d723]::panicking::panic
#25 43.06                                at /rustc/88d9e12ae178fab0fb5cc050a94da85685d449ea/library/core/src/panicking.rs:150:5
#25 43.06   22:     0x7f735ce12899 - core[5d33459993e3d723]::option::unwrap_failed
#25 43.06                                at /rustc/88d9e12ae178fab0fb5cc050a94da85685d449ea/library/core/src/option.rs:2251:5
#25 43.06   23:     0x7f735d00263d - <core[5d33459993e3d723]::option::Option<usize>>::unwrap
#25 43.06                                at /rustc/88d9e12ae178fab0fb5cc050a94da85685d449ea/library/core/src/option.rs:1014:21
#25 43.06   24:     0x7f735d00263d - <loom[c97bddb326b4e68f]::rt::thread::Set>::active_mut
#25 43.06                                at /usr/local/cargo/registry/src/index.crates.io-1949cf8c6b5b557f/loom-0.7.2/src/rt/thread.rs:276:39
#25 43.06   25:     0x7f735d00e6c5 - <loom[c97bddb326b4e68f]::rt::object::Ref<loom[c97bddb326b4e68f]::rt::arc::State>>::set_action
#25 43.06                                at /usr/local/cargo/registry/src/index.crates.io-1949cf8c6b5b557f/loom-0.7.2/src/rt/object.rs:387:27
#25 43.06   26:     0x7f735d00c1b8 - <loom[c97bddb326b4e68f]::rt::object::Ref<loom[c97bddb326b4e68f]::rt::arc::State>>::branch_action::<loom[c97bddb326b4e68f]::rt::arc::Action>::{closure#0}
#25 43.06                                at /usr/local/cargo/registry/src/index.crates.io-1949cf8c6b5b557f/loom-0.7.2/src/rt/object.rs:354:18
#25 43.06   27:     0x7f735cfe6cec - loom[c97bddb326b4e68f]::rt::branch::<<loom[c97bddb326b4e68f]::rt::object::Ref<loom[c97bddb326b4e68f]::rt::arc::State>>::branch_action<loom[c97bddb326b4e68f]::rt::arc::Action>::{closure#0}, ()>::{closure#0}
#25 43.06                                at /usr/local/cargo/registry/src/index.crates.io-1949cf8c6b5b557f/loom-0.7.2/src/rt/mod.rs:122:19
#25 43.06   28:     0x7f735cfe2761 - <loom[c97bddb326b4e68f]::rt::scheduler::Scheduler>::with_execution::<loom[c97bddb326b4e68f]::rt::branch<<loom[c97bddb326b4e68f]::rt::object::Ref<loom[c97bddb326b4e68f]::rt::arc::State>>::branch_action<loom[c97bddb326b4e68f]::rt::arc::Action>::{closure#0}, ()>::{closure#0}, ((), bool)>::{closure#0}
#25 43.06                                at /usr/local/cargo/registry/src/index.crates.io-1949cf8c6b5b557f/loom-0.7.2/src/rt/scheduler.rs:43:34
#25 43.06   29:     0x7f735cfe07fe - <loom[c97bddb326b4e68f]::rt::scheduler::Scheduler>::with_state::<<loom[c97bddb326b4e68f]::rt::scheduler::Scheduler>::with_execution<loom[c97bddb326b4e68f]::rt::branch<<loom[c97bddb326b4e68f]::rt::object::Ref<loom[c97bddb326b4e68f]::rt::arc::State>>::branch_action<loom[c97bddb326b4e68f]::rt::arc::Action>::{closure#0}, ()>::{closure#0}, ((), bool)>::{closure#0}, ((), bool)>::{closure#0}
#25 43.06                                at /usr/local/cargo/registry/src/index.crates.io-1949cf8c6b5b557f/loom-0.7.2/src/rt/scheduler.rs:131:28
#25 43.06   30:     0x7f735cfe3651 - <scoped_tls[87e03fecbc1fc0b7]::ScopedKey<core[5d33459993e3d723]::cell::RefCell<loom[c97bddb326b4e68f]::rt::scheduler::State>>>::with::<<loom[c97bddb326b4e68f]::rt::scheduler::Scheduler>::with_state<<loom[c97bddb326b4e68f]::rt::scheduler::Scheduler>::with_execution<loom[c97bddb326b4e68f]::rt::branch<<loom[c97bddb326b4e68f]::rt::object::Ref<loom[c97bddb326b4e68f]::rt::arc::State>>::branch_action<loom[c97bddb326b4e68f]::rt::arc::Action>::{closure#0}, ()>::{closure#0}, ((), bool)>::{closure#0}, ((), bool)>::{closure#0}, ((), bool)>
#25 43.06                                at /usr/local/cargo/registry/src/index.crates.io-1949cf8c6b5b557f/scoped-tls-1.0.1/src/lib.rs:171:13
#25 43.06   31:     0x7f735cfdecae - <loom[c97bddb326b4e68f]::rt::scheduler::Scheduler>::with_state::<<loom[c97bddb326b4e68f]::rt::scheduler::Scheduler>::with_execution<loom[c97bddb326b4e68f]::rt::branch<<loom[c97bddb326b4e68f]::rt::object::Ref<loom[c97bddb326b4e68f]::rt::arc::State>>::branch_action<loom[c97bddb326b4e68f]::rt::arc::Action>::{closure#0}, ()>::{closure#0}, ((), bool)>::{closure#0}, ((), bool)>
#25 43.06                                at /usr/local/cargo/registry/src/index.crates.io-1949cf8c6b5b557f/loom-0.7.2/src/rt/scheduler.rs:131:15
#25 43.06   32:     0x7f735cfe01e6 - <loom[c97bddb326b4e68f]::rt::scheduler::Scheduler>::with_execution::<loom[c97bddb326b4e68f]::rt::branch<<loom[c97bddb326b4e68f]::rt::object::Ref<loom[c97bddb326b4e68f]::rt::arc::State>>::branch_action<loom[c97bddb326b4e68f]::rt::arc::Action>::{closure#0}, ()>::{closure#0}, ((), bool)>
#25 43.06                                at /usr/local/cargo/registry/src/index.crates.io-1949cf8c6b5b557f/loom-0.7.2/src/rt/scheduler.rs:43:9
#25 43.06   33:     0x7f735cfe6086 - loom[c97bddb326b4e68f]::rt::execution::<loom[c97bddb326b4e68f]::rt::branch<<loom[c97bddb326b4e68f]::rt::object::Ref<loom[c97bddb326b4e68f]::rt::arc::State>>::branch_action<loom[c97bddb326b4e68f]::rt::arc::Action>::{closure#0}, ()>::{closure#0}, ((), bool)>
#25 43.06                                at /usr/local/cargo/registry/src/index.crates.io-1949cf8c6b5b557f/loom-0.7.2/src/rt/mod.rs:174:5
#25 43.06   34:     0x7f735cfe5d89 - loom[c97bddb326b4e68f]::rt::branch::<<loom[c97bddb326b4e68f]::rt::object::Ref<loom[c97bddb326b4e68f]::rt::arc::State>>::branch_action<loom[c97bddb326b4e68f]::rt::arc::Action>::{closure#0}, ()>
#25 43.06                                at /usr/local/cargo/registry/src/index.crates.io-1949cf8c6b5b557f/loom-0.7.2/src/rt/mod.rs:121:25
#25 43.06   35:     0x7f735d00ba98 - <loom[c97bddb326b4e68f]::rt::object::Ref<loom[c97bddb326b4e68f]::rt::arc::State>>::branch_action::<loom[c97bddb326b4e68f]::rt::arc::Action>
#25 43.06                                at /usr/local/cargo/registry/src/index.crates.io-1949cf8c6b5b557f/loom-0.7.2/src/rt/object.rs:351:9
#25 43.06   36:     0x7f735d0099b0 - <loom[c97bddb326b4e68f]::rt::arc::Arc>::branch
#25 43.06                                at /usr/local/cargo/registry/src/index.crates.io-1949cf8c6b5b557f/loom-0.7.2/src/rt/arc.rs:160:11
#25 43.06   37:     0x7f735d009a52 - <loom[c97bddb326b4e68f]::rt::arc::Arc>::ref_dec
#25 43.06                                at /usr/local/cargo/registry/src/index.crates.io-1949cf8c6b5b557f/loom-0.7.2/src/rt/arc.rs:113:14
#25 43.06   38:     0x7f735ce7e948 - <loom[c97bddb326b4e68f]::sync::arc::Arc<alloc[f3282932177de6b4]::vec::Vec<loom[c97bddb326b4e68f]::sync::atomic::int::AtomicUsize>> as core[5d33459993e3d723]::ops::drop::Drop>::drop
#25 43.06                                at /usr/local/cargo/registry/src/index.crates.io-1949cf8c6b5b557f/loom-0.7.2/src/sync/arc.rs:247:21
#25 43.06   39:     0x7f735ce7770a - core[5d33459993e3d723]::ptr::drop_glue::<loom[c97bddb326b4e68f]::sync::arc::Arc<alloc[f3282932177de6b4]::vec::Vec<loom[c97bddb326b4e68f]::sync::atomic::int::AtomicUsize>>>
#25 43.06                                at /rustc/88d9e12ae178fab0fb5cc050a94da85685d449ea/library/core/src/ptr/mod.rs:823:1
#25 43.06   40:     0x7f735ce881bb - gripsack_exec[5c66142f6d82a231]::schedule::coordination::model::explore::{closure#0}
#25 43.06                                at /tmp/gripsack-loom-1746wxq7/source/crates/gripsack-exec/src/schedule/coordination_model.rs:87:5
#25 43.06   41:     0x7f735cf92541 - <loom[c97bddb326b4e68f]::model::Builder>::check::<gripsack_exec[5c66142f6d82a231]::schedule::coordination::model::explore::{closure#0}>::{closure#0}
#25 43.06                                at /usr/local/cargo/registry/src/index.crates.io-1949cf8c6b5b557f/loom-0.7.2/src/model.rs:194:17
#25 43.06   42:     0x7f735ce7afe1 - <<loom[c97bddb326b4e68f]::model::Builder>::check<gripsack_exec[5c66142f6d82a231]::schedule::coordination::model::explore::{closure#0}>::{closure#0} as core[5d33459993e3d723]::ops::function::FnOnce<()>>::call_once::{shim:vtable#0}
#25 43.06                                at /rustc/88d9e12ae178fab0fb5cc050a94da85685d449ea/library/core/src/ops/function.rs:250:5
#25 43.06   43:     0x7f735cff54e8 - <alloc[f3282932177de6b4]::boxed::Box<dyn core[5d33459993e3d723]::ops::function::FnOnce<(), Output = ()>> as core[5d33459993e3d723]::ops::function::FnOnce<()>>::call_once
#25 43.06                                at /rustc/88d9e12ae178fab0fb5cc050a94da85685d449ea/library/alloc/src/boxed.rs:2319:9
#25 43.06   44:     0x7f735cfe2deb - loom[c97bddb326b4e68f]::rt::scheduler::spawn_thread::{closure#0}
#25 43.06                                at /usr/local/cargo/registry/src/index.crates.io-1949cf8c6b5b557f/loom-0.7.2/src/rt/scheduler.rs:142:17
#25 43.06   45:     0x7f735cffb57e - <loom[c97bddb326b4e68f]::rt::scheduler::spawn_thread::{closure#0} as core[5d33459993e3d723]::ops::function::FnOnce<()>>::call_once
#25 43.06                                at /rustc/88d9e12ae178fab0fb5cc050a94da85685d449ea/library/core/src/ops/function.rs:250:5
#25 43.06   46:     0x7f735cff7d22 - <generator[87b94d97073f9995]::gen_impl::GeneratorImpl<core[5d33459993e3d723]::option::Option<alloc[f3282932177de6b4]::boxed::Box<dyn core[5d33459993e3d723]::ops::function::FnOnce<(), Output = ()>>>, ()>>::init_code::<loom[c97bddb326b4e68f]::rt::scheduler::spawn_thread::{closure#0}>::{closure#0}
#25 43.06                                at /usr/local/cargo/registry/src/index.crates.io-1949cf8c6b5b557f/generator-0.8.10/src/gen_impl.rs:357:21
#25 43.06   47:     0x7f735cfec541 - <generator[87b94d97073f9995]::stack::StackBox<<generator[87b94d97073f9995]::gen_impl::GeneratorImpl<core[5d33459993e3d723]::option::Option<alloc[f3282932177de6b4]::boxed::Box<dyn core[5d33459993e3d723]::ops::function::FnOnce<(), Output = ()>>>, ()>>::init_code<loom[c97bddb326b4e68f]::rt::scheduler::spawn_thread::{closure#0}>::{closure#0}>>::call_once
#25 43.06                                at /usr/local/cargo/registry/src/index.crates.io-1949cf8c6b5b557f/generator-0.8.10/src/stack/mod.rs:137:13
#25 43.06   48:     0x7f735d02d02d - <generator[87b94d97073f9995]::stack::Func>::call_once
#25 43.06                                at /usr/local/cargo/registry/src/index.crates.io-1949cf8c6b5b557f/generator-0.8.10/src/stack/mod.rs:119:9
#25 43.06   49:     0x7f735d02b61e - generator[87b94d97073f9995]::detail::gen::gen_init_impl::{closure#0}
#25 43.06                                at /usr/local/cargo/registry/src/index.crates.io-1949cf8c6b5b557f/generator-0.8.10/src/detail/gen.rs:35:14
#25 43.06   50:     0x7f735d030063 - <generator[87b94d97073f9995]::detail::gen::gen_init_impl::{closure#0} as core[5d33459993e3d723]::ops::function::FnOnce<()>>::call_once
#25 43.06                                at /rustc/88d9e12ae178fab0fb5cc050a94da85685d449ea/library/core/src/ops/function.rs:250:5
#25 43.06   51:     0x7f735d02b145 - std[f4f322d5fb81df6e]::panicking::catch_unwind::do_call::<generator[87b94d97073f9995]::detail::gen::gen_init_impl::{closure#0}, ()>
#25 43.06                                at /rustc/88d9e12ae178fab0fb5cc050a94da85685d449ea/library/std/src/panicking.rs:576:43
#25 43.06   52:     0x7f735d03022b - __rust_try
#25 43.06   53:     0x7f735d02a626 - std[f4f322d5fb81df6e]::panicking::catch_unwind::<(), generator[87b94d97073f9995]::detail::gen::gen_init_impl::{closure#0}>
#25 43.06                                at /rustc/88d9e12ae178fab0fb5cc050a94da85685d449ea/library/std/src/panicking.rs:544:19
#25 43.06   54:     0x7f735d02a626 - std[f4f322d5fb81df6e]::panic::catch_unwind::<generator[87b94d97073f9995]::detail::gen::gen_init_impl::{closure#0}, ()>
#25 43.06                                at /rustc/88d9e12ae178fab0fb5cc050a94da85685d449ea/library/std/src/panic.rs:359:14
#25 43.06   55:     0x7f735d02ae4d - generator[87b94d97073f9995]::detail::gen::catch_unwind_filter::<generator[87b94d97073f9995]::detail::gen::gen_init_impl::{closure#0}, ()>
#25 43.06                                at /usr/local/cargo/registry/src/index.crates.io-1949cf8c6b5b557f/generator-0.8.10/src/detail/gen.rs:23:5
#25 43.06   56:     0x7f735d02df27 - generator[87b94d97073f9995]::detail::gen::gen_init_impl
#25 43.06                                at /usr/local/cargo/registry/src/index.crates.io-1949cf8c6b5b557f/generator-0.8.10/src/detail/gen.rs:50:25
#25 43.06   57:     0x7f735d02def3 - generator[87b94d97073f9995]::detail::asm::gen_init
#25 43.06                                at /usr/local/cargo/registry/src/index.crates.io-1949cf8c6b5b557f/generator-0.8.10/src/detail/x86_64_unix.rs:8:5
#25 43.06 
#25 43.06 thread 'schedule::coordination::model::diamond_completion_wakes_waiters_and_publishes_dependencies' (4052) panicked at /rustc/88d9e12ae178fab0fb5cc050a94da85685d449ea/library/core/src/panicking.rs:233:5:
#25 43.06 panic in a destructor during cleanup
#25 43.06 thread caused non-unwinding panic. aborting.
#25 43.06 error: test failed, to rerun pass `-p gripsack-exec --lib`
#25 43.06 
#25 43.06 Caused by:
#25 43.06   process didn't exit successfully: `/tmp/gripsack-loom-1746wxq7/target/debug/deps/gripsack_exec-cdf4089161a5c5c5 'schedule::coordination::model::diamond_completion_wakes_waiters_and_publishes_dependencies'` (signal: 6, SIGABRT: process abort signal)
#25 43.06 
#25 43.06 calibration: missing-notification rejected by Loom waiter deadlock
#25 43.06 RUNNER_COMMAND=cargo test --locked -p gripsack-exec --features loom-tests --lib schedule::coordination::model::diamond_completion_wakes_waiters_and_publishes_dependencies
#25 46.31    Compiling gripsack-exec v0.42.0 (/tmp/gripsack-loom-1746wxq7/source/crates/gripsack-exec)
#25 46.31     Finished `test` profile [unoptimized + debuginfo] target(s) in 3.02s
#25 46.31      Running unittests src/lib.rs (/tmp/gripsack-loom-1746wxq7/target/debug/deps/gripsack_exec-cdf4089161a5c5c5)
#25 46.31 
#25 46.31 running 1 test
#25 46.31 
#25 46.31 thread 'schedule::coordination::model::diamond_completion_wakes_waiters_and_publishes_dependencies' (4331) panicked at /usr/local/cargo/registry/src/index.crates.io-1949cf8c6b5b557f/loom-0.7.2/src/rt/execution.rs:216:13:
#25 46.31 deadlock; threads = [(Id(0), Blocked(Location(None))), (Id(1), Blocked(Location(None))), (Id(2), Blocked(Location(None)))]
#25 46.31 note: run with `RUST_BACKTRACE=1` environment variable to display a backtrace
#25 46.31 
#25 46.31 thread 'schedule::coordination::model::diamond_completion_wakes_waiters_and_publishes_dependencies' (4331) panicked at /usr/local/cargo/registry/src/index.crates.io-1949cf8c6b5b557f/loom-0.7.2/src/rt/thread.rs:276:39:
#25 46.31 called `Option::unwrap()` on a `None` value
#25 46.31 stack backtrace:
#25 46.31    0:     0x778aa267f2f1 - std[f4f322d5fb81df6e]::backtrace_rs::backtrace::libunwind::trace
#25 46.31                                at /rustc/88d9e12ae178fab0fb5cc050a94da85685d449ea/library/std/src/../../backtrace/src/backtrace/libunwind.rs:117:9
#25 46.31    1:     0x778aa267f2f1 - std[f4f322d5fb81df6e]::backtrace_rs::backtrace::trace_unsynchronized::<std[f4f322d5fb81df6e]::sys::backtrace::_print_fmt::{closure#1}>
#25 46.31                                at /rustc/88d9e12ae178fab0fb5cc050a94da85685d449ea/library/std/src/../../backtrace/src/backtrace/mod.rs:66:14
#25 46.31    2:     0x778aa267f2f1 - std[f4f322d5fb81df6e]::sys::backtrace::_print_fmt
#25 46.31                                at /rustc/88d9e12ae178fab0fb5cc050a94da85685d449ea/library/std/src/sys/backtrace.rs:74:9
#25 46.31    3:     0x778aa267f2f1 - <<std[f4f322d5fb81df6e]::sys::backtrace::BacktraceLock>::print::DisplayBacktrace as core[5d33459993e3d723]::fmt::Display>::fmt
#25 46.31                                at /rustc/88d9e12ae178fab0fb5cc050a94da85685d449ea/library/std/src/sys/backtrace.rs:44:26
#25 46.31    4:     0x778aa26b46fa - <core[5d33459993e3d723]::fmt::rt::Argument>::fmt
#25 46.31                                at /rustc/88d9e12ae178fab0fb5cc050a94da85685d449ea/library/core/src/fmt/rt.rs:152:76
#25 46.31    5:     0x778aa26b46fa - core[5d33459993e3d723]::fmt::write
#25 46.31    6:     0x778aa2684d3c - std[f4f322d5fb81df6e]::io::default_write_fmt::<alloc[f3282932177de6b4]::vec::Vec<u8>>
#25 46.31                                at /rustc/88d9e12ae178fab0fb5cc050a94da85685d449ea/library/std/src/io/mod.rs:626:11
#25 46.31    7:     0x778aa2684d3c - <alloc[f3282932177de6b4]::vec::Vec<u8> as std[f4f322d5fb81df6e]::io::Write>::write_fmt
#25 46.31                                at /rustc/88d9e12ae178fab0fb5cc050a94da85685d449ea/library/std/src/io/mod.rs:1730:13
#25 46.31    8:     0x778aa2659ad2 - <std[f4f322d5fb81df6e]::sys::backtrace::BacktraceLock>::print
#25 46.31                                at /rustc/88d9e12ae178fab0fb5cc050a94da85685d449ea/library/std/src/sys/backtrace.rs:47:9
#25 46.31    9:     0x778aa2659ad2 - std[f4f322d5fb81df6e]::panicking::default_hook::{closure#0}
#25 46.31                                at /rustc/88d9e12ae178fab0fb5cc050a94da85685d449ea/library/std/src/panicking.rs:292:27
#25 46.31   10:     0x778aa2675784 - std[f4f322d5fb81df6e]::panicking::default_hook
#25 46.31                                at /rustc/88d9e12ae178fab0fb5cc050a94da85685d449ea/library/std/src/panicking.rs:316:9
#25 46.31   11:     0x778aa1d223a0 - <alloc[f3282932177de6b4]::boxed::Box<dyn for<'a, 'b> core[5d33459993e3d723]::ops::function::Fn<(&'a std[f4f322d5fb81df6e]::panic::PanicHookInfo<'b>,), Output = ()> + core[5d33459993e3d723]::marker::Send + core[5d33459993e3d723]::marker::Sync> as core[5d33459993e3d723]::ops::function::Fn<(&std[f4f322d5fb81df6e]::panic::PanicHookInfo,)>>::call
#25 46.31                                at /rustc/88d9e12ae178fab0fb5cc050a94da85685d449ea/library/alloc/src/boxed.rs:2333:9
#25 46.31   12:     0x778aa1d223a0 - test[4256d8fa28ac835e]::test_main_inner::<test[4256d8fa28ac835e]::test_main_static::{closure#0}>::{closure#0}
#25 46.31                                at /rustc/88d9e12ae178fab0fb5cc050a94da85685d449ea/library/test/src/lib.rs:155:21
#25 46.31   13:     0x778aa1da95d3 - <alloc[f3282932177de6b4]::boxed::Box<dyn for<'a, 'b> core[5d33459993e3d723]::ops::function::Fn<(&'a std[f4f322d5fb81df6e]::panic::PanicHookInfo<'b>,), Output = ()> + core[5d33459993e3d723]::marker::Send + core[5d33459993e3d723]::marker::Sync> as core[5d33459993e3d723]::ops::function::Fn<(&std[f4f322d5fb81df6e]::panic::PanicHookInfo,)>>::call
#25 46.31                                at /rustc/88d9e12ae178fab0fb5cc050a94da85685d449ea/library/alloc/src/boxed.rs:2333:9
#25 46.31   14:     0x778aa1da4ba4 - generator[87b94d97073f9995]::detail::gen::catch_unwind_filter::<generator[87b94d97073f9995]::detail::gen::gen_init_impl::{closure#0}, ()>::{closure#0}::{closure#0}
#25 46.31                                at /usr/local/cargo/registry/src/index.crates.io-1949cf8c6b5b557f/generator-0.8.10/src/detail/gen.rs:19:13
#25 46.31   15:     0x778aa2675ab2 - <alloc[f3282932177de6b4]::boxed::Box<dyn for<'a, 'b> core[5d33459993e3d723]::ops::function::Fn<(&'a std[f4f322d5fb81df6e]::panic::PanicHookInfo<'b>,), Output = ()> + core[5d33459993e3d723]::marker::Send + core[5d33459993e3d723]::marker::Sync> as core[5d33459993e3d723]::ops::function::Fn<(&std[f4f322d5fb81df6e]::panic::PanicHookInfo,)>>::call
#25 46.31                                at /rustc/88d9e12ae178fab0fb5cc050a94da85685d449ea/library/alloc/src/boxed.rs:2333:9
#25 46.31   16:     0x778aa2675ab2 - std[f4f322d5fb81df6e]::panicking::panic_with_hook
#25 46.31                                at /rustc/88d9e12ae178fab0fb5cc050a94da85685d449ea/library/std/src/panicking.rs:823:13
#25 46.31   17:     0x778aa2659bb4 - std[f4f322d5fb81df6e]::panicking::panic_handler::{closure#0}
#25 46.31                                at /rustc/88d9e12ae178fab0fb5cc050a94da85685d449ea/library/std/src/panicking.rs:681:13
#25 46.31   18:     0x778aa2650fb9 - std[f4f322d5fb81df6e]::sys::backtrace::__rust_end_short_backtrace::<std[f4f322d5fb81df6e]::panicking::panic_handler::{closure#0}, !>
#25 46.31                                at /rustc/88d9e12ae178fab0fb5cc050a94da85685d449ea/library/std/src/sys/backtrace.rs:182:18
#25 46.31   19:     0x778aa265ac8d - __rustc[4b1ee1ef74718a7b]::rust_begin_unwind
#25 46.31                                at /rustc/88d9e12ae178fab0fb5cc050a94da85685d449ea/library/std/src/panicking.rs:679:5
#25 46.31   20:     0x778aa1b89bac - core[5d33459993e3d723]::panicking::panic_fmt
#25 46.31                                at /rustc/88d9e12ae178fab0fb5cc050a94da85685d449ea/library/core/src/panicking.rs:80:14
#25 46.31   21:     0x778aa1b89b72 - core[5d33459993e3d723]::panicking::panic
#25 46.31                                at /rustc/88d9e12ae178fab0fb5cc050a94da85685d449ea/library/core/src/panicking.rs:150:5
#25 46.31   22:     0x778aa1b89899 - core[5d33459993e3d723]::option::unwrap_failed
#25 46.31                                at /rustc/88d9e12ae178fab0fb5cc050a94da85685d449ea/library/core/src/option.rs:2251:5
#25 46.31   23:     0x778aa1d7b97d - <core[5d33459993e3d723]::option::Option<usize>>::unwrap
#25 46.31                                at /rustc/88d9e12ae178fab0fb5cc050a94da85685d449ea/library/core/src/option.rs:1014:21
#25 46.31   24:     0x778aa1d7b97d - <loom[c97bddb326b4e68f]::rt::thread::Set>::active_mut
#25 46.31                                at /usr/local/cargo/registry/src/index.crates.io-1949cf8c6b5b557f/loom-0.7.2/src/rt/thread.rs:276:39
#25 46.31   25:     0x778aa1d87b45 - <loom[c97bddb326b4e68f]::rt::object::Ref<loom[c97bddb326b4e68f]::rt::arc::State>>::set_action
#25 46.31                                at /usr/local/cargo/registry/src/index.crates.io-1949cf8c6b5b557f/loom-0.7.2/src/rt/object.rs:387:27
#25 46.31   26:     0x778aa1d85638 - <loom[c97bddb326b4e68f]::rt::object::Ref<loom[c97bddb326b4e68f]::rt::arc::State>>::branch_action::<loom[c97bddb326b4e68f]::rt::arc::Action>::{closure#0}
#25 46.31                                at /usr/local/cargo/registry/src/index.crates.io-1949cf8c6b5b557f/loom-0.7.2/src/rt/object.rs:354:18
#25 46.31   27:     0x778aa1d5e2bc - loom[c97bddb326b4e68f]::rt::branch::<<loom[c97bddb326b4e68f]::rt::object::Ref<loom[c97bddb326b4e68f]::rt::arc::State>>::branch_action<loom[c97bddb326b4e68f]::rt::arc::Action>::{closure#0}, ()>::{closure#0}
#25 46.31                                at /usr/local/cargo/registry/src/index.crates.io-1949cf8c6b5b557f/loom-0.7.2/src/rt/mod.rs:122:19
#25 46.31   28:     0x778aa1d59a71 - <loom[c97bddb326b4e68f]::rt::scheduler::Scheduler>::with_execution::<loom[c97bddb326b4e68f]::rt::branch<<loom[c97bddb326b4e68f]::rt::object::Ref<loom[c97bddb326b4e68f]::rt::arc::State>>::branch_action<loom[c97bddb326b4e68f]::rt::arc::Action>::{closure#0}, ()>::{closure#0}, ((), bool)>::{closure#0}
#25 46.31                                at /usr/local/cargo/registry/src/index.crates.io-1949cf8c6b5b557f/loom-0.7.2/src/rt/scheduler.rs:43:34
#25 46.31   29:     0x778aa1d5791e - <loom[c97bddb326b4e68f]::rt::scheduler::Scheduler>::with_state::<<loom[c97bddb326b4e68f]::rt::scheduler::Scheduler>::with_execution<loom[c97bddb326b4e68f]::rt::branch<<loom[c97bddb326b4e68f]::rt::object::Ref<loom[c97bddb326b4e68f]::rt::arc::State>>::branch_action<loom[c97bddb326b4e68f]::rt::arc::Action>::{closure#0}, ()>::{closure#0}, ((), bool)>::{closure#0}, ((), bool)>::{closure#0}
#25 46.31                                at /usr/local/cargo/registry/src/index.crates.io-1949cf8c6b5b557f/loom-0.7.2/src/rt/scheduler.rs:131:28
#25 46.31   30:     0x778aa1d5a9a1 - <scoped_tls[87e03fecbc1fc0b7]::ScopedKey<core[5d33459993e3d723]::cell::RefCell<loom[c97bddb326b4e68f]::rt::scheduler::State>>>::with::<<loom[c97bddb326b4e68f]::rt::scheduler::Scheduler>::with_state<<loom[c97bddb326b4e68f]::rt::scheduler::Scheduler>::with_execution<loom[c97bddb326b4e68f]::rt::branch<<loom[c97bddb326b4e68f]::rt::object::Ref<loom[c97bddb326b4e68f]::rt::arc::State>>::branch_action<loom[c97bddb326b4e68f]::rt::arc::Action>::{closure#0}, ()>::{closure#0}, ((), bool)>::{closure#0}, ((), bool)>::{closure#0}, ((), bool)>
#25 46.31                                at /usr/local/cargo/registry/src/index.crates.io-1949cf8c6b5b557f/scoped-tls-1.0.1/src/lib.rs:171:13
#25 46.31   31:     0x778aa1d55c6e - <loom[c97bddb326b4e68f]::rt::scheduler::Scheduler>::with_state::<<loom[c97bddb326b4e68f]::rt::scheduler::Scheduler>::with_execution<loom[c97bddb326b4e68f]::rt::branch<<loom[c97bddb326b4e68f]::rt::object::Ref<loom[c97bddb326b4e68f]::rt::arc::State>>::branch_action<loom[c97bddb326b4e68f]::rt::arc::Action>::{closure#0}, ()>::{closure#0}, ((), bool)>::{closure#0}, ((), bool)>
#25 46.31                                at /usr/local/cargo/registry/src/index.crates.io-1949cf8c6b5b557f/loom-0.7.2/src/rt/scheduler.rs:131:15
#25 46.31   32:     0x778aa1d572e6 - <loom[c97bddb326b4e68f]::rt::scheduler::Scheduler>::with_execution::<loom[c97bddb326b4e68f]::rt::branch<<loom[c97bddb326b4e68f]::rt::object::Ref<loom[c97bddb326b4e68f]::rt::arc::State>>::branch_action<loom[c97bddb326b4e68f]::rt::arc::Action>::{closure#0}, ()>::{closure#0}, ((), bool)>
#25 46.31                                at /usr/local/cargo/registry/src/index.crates.io-1949cf8c6b5b557f/loom-0.7.2/src/rt/scheduler.rs:43:9
#25 46.31   33:     0x778aa1d5d636 - loom[c97bddb326b4e68f]::rt::execution::<loom[c97bddb326b4e68f]::rt::branch<<loom[c97bddb326b4e68f]::rt::object::Ref<loom[c97bddb326b4e68f]::rt::arc::State>>::branch_action<loom[c97bddb326b4e68f]::rt::arc::Action>::{closure#0}, ()>::{closure#0}, ((), bool)>
#25 46.31                                at /usr/local/cargo/registry/src/index.crates.io-1949cf8c6b5b557f/loom-0.7.2/src/rt/mod.rs:174:5
#25 46.31   34:     0x778aa1d5d339 - loom[c97bddb326b4e68f]::rt::branch::<<loom[c97bddb326b4e68f]::rt::object::Ref<loom[c97bddb326b4e68f]::rt::arc::State>>::branch_action<loom[c97bddb326b4e68f]::rt::arc::Action>::{closure#0}, ()>
#25 46.31                                at /usr/local/cargo/registry/src/index.crates.io-1949cf8c6b5b557f/loom-0.7.2/src/rt/mod.rs:121:25
#25 46.31   35:     0x778aa1d84f18 - <loom[c97bddb326b4e68f]::rt::object::Ref<loom[c97bddb326b4e68f]::rt::arc::State>>::branch_action::<loom[c97bddb326b4e68f]::rt::arc::Action>
#25 46.31                                at /usr/local/cargo/registry/src/index.crates.io-1949cf8c6b5b557f/loom-0.7.2/src/rt/object.rs:351:9
#25 46.31   36:     0x778aa1d82e30 - <loom[c97bddb326b4e68f]::rt::arc::Arc>::branch
#25 46.31                                at /usr/local/cargo/registry/src/index.crates.io-1949cf8c6b5b557f/loom-0.7.2/src/rt/arc.rs:160:11
#25 46.31   37:     0x778aa1d82ed2 - <loom[c97bddb326b4e68f]::rt::arc::Arc>::ref_dec
#25 46.31                                at /usr/local/cargo/registry/src/index.crates.io-1949cf8c6b5b557f/loom-0.7.2/src/rt/arc.rs:113:14
#25 46.31   38:     0x778aa1bf5a38 - <loom[c97bddb326b4e68f]::sync::arc::Arc<gripsack_exec[5c66142f6d82a231]::schedule::coordination::Coordinator<alloc[f3282932177de6b4]::vec::Vec<core[5d33459993e3d723]::option::Option<gripsack_exec[5c66142f6d82a231]::schedule::coordination::model::ResultKind>>>> as core[5d33459993e3d723]::ops::drop::Drop>::drop
#25 46.31                                at /usr/local/cargo/registry/src/index.crates.io-1949cf8c6b5b557f/loom-0.7.2/src/sync/arc.rs:247:21
#25 46.31   39:     0x778aa1bee79a - core[5d33459993e3d723]::ptr::drop_glue::<loom[c97bddb326b4e68f]::sync::arc::Arc<gripsack_exec[5c66142f6d82a231]::schedule::coordination::Coordinator<alloc[f3282932177de6b4]::vec::Vec<core[5d33459993e3d723]::option::Option<gripsack_exec[5c66142f6d82a231]::schedule::coordination::model::ResultKind>>>>>
#25 46.31                                at /rustc/88d9e12ae178fab0fb5cc050a94da85685d449ea/library/core/src/ptr/mod.rs:823:1
#25 46.31   40:     0x778aa1bef7b7 - core[5d33459993e3d723]::ptr::drop_glue::<gripsack_exec[5c66142f6d82a231]::schedule::coordination::model::explore::{closure#0}::{closure#1}>
#25 46.31                                at /rustc/88d9e12ae178fab0fb5cc050a94da85685d449ea/library/core/src/ptr/mod.rs:823:1
#25 46.31   41:     0x778aa1bfeef8 - gripsack_exec[5c66142f6d82a231]::schedule::coordination::model::explore::{closure#0}::{closure#1}
#25 46.31                                at /tmp/gripsack-loom-1746wxq7/source/crates/gripsack-exec/src/schedule/coordination_model.rs:64:13
#25 46.31   42:     0x778aa1c190ee - loom[c97bddb326b4e68f]::thread::spawn_internal::<gripsack_exec[5c66142f6d82a231]::schedule::coordination::model::explore::{closure#0}::{closure#1}, ()>::{closure#0}
#25 46.31                                at /usr/local/cargo/registry/src/index.crates.io-1949cf8c6b5b557f/loom-0.7.2/src/thread.rs:168:47
#25 46.31   43:     0x778aa1c87760 - loom[c97bddb326b4e68f]::rt::spawn::<loom[c97bddb326b4e68f]::thread::spawn_internal<gripsack_exec[5c66142f6d82a231]::schedule::coordination::model::explore::{closure#0}::{closure#1}, ()>::{closure#0}>::{closure#1}
#25 46.31                                at /usr/local/cargo/registry/src/index.crates.io-1949cf8c6b5b557f/loom-0.7.2/src/rt/mod.rs:78:13
#25 46.31   44:     0x778aa1bf212e - <loom[c97bddb326b4e68f]::rt::spawn<loom[c97bddb326b4e68f]::thread::spawn_internal<gripsack_exec[5c66142f6d82a231]::schedule::coordination::model::explore::{closure#0}::{closure#1}, ()>::{closure#0}>::{closure#1} as core[5d33459993e3d723]::ops::function::FnOnce<()>>::call_once::{shim:vtable#0}
#25 46.31                                at /rustc/88d9e12ae178fab0fb5cc050a94da85685d449ea/library/core/src/ops/function.rs:250:5
#25 46.31   45:     0x778aa1d6de78 - <alloc[f3282932177de6b4]::boxed::Box<dyn core[5d33459993e3d723]::ops::function::FnOnce<(), Output = ()>> as core[5d33459993e3d723]::ops::function::FnOnce<()>>::call_once
#25 46.31                                at /rustc/88d9e12ae178fab0fb5cc050a94da85685d449ea/library/alloc/src/boxed.rs:2319:9
#25 46.31   46:     0x778aa1d5a13b - loom[c97bddb326b4e68f]::rt::scheduler::spawn_thread::{closure#0}
#25 46.31                                at /usr/local/cargo/registry/src/index.crates.io-1949cf8c6b5b557f/loom-0.7.2/src/rt/scheduler.rs:142:17
#25 46.31   47:     0x778aa1d73f2e - <loom[c97bddb326b4e68f]::rt::scheduler::spawn_thread::{closure#0} as core[5d33459993e3d723]::ops::function::FnOnce<()>>::call_once
#25 46.31                                at /rustc/88d9e12ae178fab0fb5cc050a94da85685d449ea/library/core/src/ops/function.rs:250:5
#25 46.31   48:     0x778aa1d706d2 - <generator[87b94d97073f9995]::gen_impl::GeneratorImpl<core[5d33459993e3d723]::option::Option<alloc[f3282932177de6b4]::boxed::Box<dyn core[5d33459993e3d723]::ops::function::FnOnce<(), Output = ()>>>, ()>>::init_code::<loom[c97bddb326b4e68f]::rt::scheduler::spawn_thread::{closure#0}>::{closure#0}
#25 46.31                                at /usr/local/cargo/registry/src/index.crates.io-1949cf8c6b5b557f/generator-0.8.10/src/gen_impl.rs:357:21
#25 46.31   49:     0x778aa1d63b11 - <generator[87b94d97073f9995]::stack::StackBox<<generator[87b94d97073f9995]::gen_impl::GeneratorImpl<core[5d33459993e3d723]::option::Option<alloc[f3282932177de6b4]::boxed::Box<dyn core[5d33459993e3d723]::ops::function::FnOnce<(), Output = ()>>>, ()>>::init_code<loom[c97bddb326b4e68f]::rt::scheduler::spawn_thread::{closure#0}>::{closure#0}>>::call_once
#25 46.31                                at /usr/local/cargo/registry/src/index.crates.io-1949cf8c6b5b557f/generator-0.8.10/src/stack/mod.rs:137:13
#25 46.31   50:     0x778aa1da670d - <generator[87b94d97073f9995]::stack::Func>::call_once
#25 46.31                                at /usr/local/cargo/registry/src/index.crates.io-1949cf8c6b5b557f/generator-0.8.10/src/stack/mod.rs:119:9
#25 46.31   51:     0x778aa1da4cfe - generator[87b94d97073f9995]::detail::gen::gen_init_impl::{closure#0}
#25 46.31                                at /usr/local/cargo/registry/src/index.crates.io-1949cf8c6b5b557f/generator-0.8.10/src/detail/gen.rs:35:14
#25 46.31   52:     0x778aa1da9743 - <generator[87b94d97073f9995]::detail::gen::gen_init_impl::{closure#0} as core[5d33459993e3d723]::ops::function::FnOnce<()>>::call_once
#25 46.31                                at /rustc/88d9e12ae178fab0fb5cc050a94da85685d449ea/library/core/src/ops/function.rs:250:5
#25 46.31   53:     0x778aa1da4825 - std[f4f322d5fb81df6e]::panicking::catch_unwind::do_call::<generator[87b94d97073f9995]::detail::gen::gen_init_impl::{closure#0}, ()>
#25 46.31                                at /rustc/88d9e12ae178fab0fb5cc050a94da85685d449ea/library/std/src/panicking.rs:576:43
#25 46.31   54:     0x778aa1da990b - __rust_try
#25 46.31   55:     0x778aa1da3d06 - std[f4f322d5fb81df6e]::panicking::catch_unwind::<(), generator[87b94d97073f9995]::detail::gen::gen_init_impl::{closure#0}>
#25 46.31                                at /rustc/88d9e12ae178fab0fb5cc050a94da85685d449ea/library/std/src/panicking.rs:544:19
#25 46.31   56:     0x778aa1da3d06 - std[f4f322d5fb81df6e]::panic::catch_unwind::<generator[87b94d97073f9995]::detail::gen::gen_init_impl::{closure#0}, ()>
#25 46.31                                at /rustc/88d9e12ae178fab0fb5cc050a94da85685d449ea/library/std/src/panic.rs:359:14
#25 46.31   57:     0x778aa1da452d - generator[87b94d97073f9995]::detail::gen::catch_unwind_filter::<generator[87b94d97073f9995]::detail::gen::gen_init_impl::{closure#0}, ()>
#25 46.31                                at /usr/local/cargo/registry/src/index.crates.io-1949cf8c6b5b557f/generator-0.8.10/src/detail/gen.rs:23:5
#25 46.31   58:     0x778aa1da7607 - generator[87b94d97073f9995]::detail::gen::gen_init_impl
#25 46.31                                at /usr/local/cargo/registry/src/index.crates.io-1949cf8c6b5b557f/generator-0.8.10/src/detail/gen.rs:50:25
#25 46.31   59:     0x778aa1da75d3 - generator[87b94d97073f9995]::detail::asm::gen_init
#25 46.31                                at /usr/local/cargo/registry/src/index.crates.io-1949cf8c6b5b557f/generator-0.8.10/src/detail/x86_64_unix.rs:8:5
#25 46.31 
#25 46.31 thread 'schedule::coordination::model::diamond_completion_wakes_waiters_and_publishes_dependencies' (4331) panicked at /usr/local/cargo/registry/src/index.crates.io-1949cf8c6b5b557f/loom-0.7.2/src/rt/thread.rs:276:39:
#25 46.31 called `Option::unwrap()` on a `None` value
#25 46.31 stack backtrace:
#25 46.31    0:     0x778aa267f2f1 - std[f4f322d5fb81df6e]::backtrace_rs::backtrace::libunwind::trace
#25 46.31                                at /rustc/88d9e12ae178fab0fb5cc050a94da85685d449ea/library/std/src/../../backtrace/src/backtrace/libunwind.rs:117:9
#25 46.31    1:     0x778aa267f2f1 - std[f4f322d5fb81df6e]::backtrace_rs::backtrace::trace_unsynchronized::<std[f4f322d5fb81df6e]::sys::backtrace::_print_fmt::{closure#1}>
#25 46.31                                at /rustc/88d9e12ae178fab0fb5cc050a94da85685d449ea/library/std/src/../../backtrace/src/backtrace/mod.rs:66:14
#25 46.31    2:     0x778aa267f2f1 - std[f4f322d5fb81df6e]::sys::backtrace::_print_fmt
#25 46.31                                at /rustc/88d9e12ae178fab0fb5cc050a94da85685d449ea/library/std/src/sys/backtrace.rs:74:9
#25 46.31    3:     0x778aa267f2f1 - <<std[f4f322d5fb81df6e]::sys::backtrace::BacktraceLock>::print::DisplayBacktrace as core[5d33459993e3d723]::fmt::Display>::fmt
#25 46.31                                at /rustc/88d9e12ae178fab0fb5cc050a94da85685d449ea/library/std/src/sys/backtrace.rs:44:26
#25 46.31    4:     0x778aa26b46fa - <core[5d33459993e3d723]::fmt::rt::Argument>::fmt
#25 46.31                                at /rustc/88d9e12ae178fab0fb5cc050a94da85685d449ea/library/core/src/fmt/rt.rs:152:76
#25 46.31    5:     0x778aa26b46fa - core[5d33459993e3d723]::fmt::write
#25 46.31    6:     0x778aa2684d3c - std[f4f322d5fb81df6e]::io::default_write_fmt::<alloc[f3282932177de6b4]::vec::Vec<u8>>
#25 46.31                                at /rustc/88d9e12ae178fab0fb5cc050a94da85685d449ea/library/std/src/io/mod.rs:626:11
#25 46.31    7:     0x778aa2684d3c - <alloc[f3282932177de6b4]::vec::Vec<u8> as std[f4f322d5fb81df6e]::io::Write>::write_fmt
#25 46.31                                at /rustc/88d9e12ae178fab0fb5cc050a94da85685d449ea/library/std/src/io/mod.rs:1730:13
#25 46.31    8:     0x778aa2659ad2 - <std[f4f322d5fb81df6e]::sys::backtrace::BacktraceLock>::print
#25 46.31                                at /rustc/88d9e12ae178fab0fb5cc050a94da85685d449ea/library/std/src/sys/backtrace.rs:47:9
#25 46.31    9:     0x778aa2659ad2 - std[f4f322d5fb81df6e]::panicking::default_hook::{closure#0}
#25 46.31                                at /rustc/88d9e12ae178fab0fb5cc050a94da85685d449ea/library/std/src/panicking.rs:292:27
#25 46.31   10:     0x778aa2675784 - std[f4f322d5fb81df6e]::panicking::default_hook
#25 46.31                                at /rustc/88d9e12ae178fab0fb5cc050a94da85685d449ea/library/std/src/panicking.rs:316:9
#25 46.31   11:     0x778aa1d223a0 - <alloc[f3282932177de6b4]::boxed::Box<dyn for<'a, 'b> core[5d33459993e3d723]::ops::function::Fn<(&'a std[f4f322d5fb81df6e]::panic::PanicHookInfo<'b>,), Output = ()> + core[5d33459993e3d723]::marker::Send + core[5d33459993e3d723]::marker::Sync> as core[5d33459993e3d723]::ops::function::Fn<(&std[f4f322d5fb81df6e]::panic::PanicHookInfo,)>>::call
#25 46.31                                at /rustc/88d9e12ae178fab0fb5cc050a94da85685d449ea/library/alloc/src/boxed.rs:2333:9
#25 46.31   12:     0x778aa1d223a0 - test[4256d8fa28ac835e]::test_main_inner::<test[4256d8fa28ac835e]::test_main_static::{closure#0}>::{closure#0}
#25 46.31                                at /rustc/88d9e12ae178fab0fb5cc050a94da85685d449ea/library/test/src/lib.rs:155:21
#25 46.31   13:     0x778aa1da95d3 - <alloc[f3282932177de6b4]::boxed::Box<dyn for<'a, 'b> core[5d33459993e3d723]::ops::function::Fn<(&'a std[f4f322d5fb81df6e]::panic::PanicHookInfo<'b>,), Output = ()> + core[5d33459993e3d723]::marker::Send + core[5d33459993e3d723]::marker::Sync> as core[5d33459993e3d723]::ops::function::Fn<(&std[f4f322d5fb81df6e]::panic::PanicHookInfo,)>>::call
#25 46.31                                at /rustc/88d9e12ae178fab0fb5cc050a94da85685d449ea/library/alloc/src/boxed.rs:2333:9
#25 46.31   14:     0x778aa1da4ba4 - generator[87b94d97073f9995]::detail::gen::catch_unwind_filter::<generator[87b94d97073f9995]::detail::gen::gen_init_impl::{closure#0}, ()>::{closure#0}::{closure#0}
#25 46.31                                at /usr/local/cargo/registry/src/index.crates.io-1949cf8c6b5b557f/generator-0.8.10/src/detail/gen.rs:19:13
#25 46.31   15:     0x778aa2675ab2 - <alloc[f3282932177de6b4]::boxed::Box<dyn for<'a, 'b> core[5d33459993e3d723]::ops::function::Fn<(&'a std[f4f322d5fb81df6e]::panic::PanicHookInfo<'b>,), Output = ()> + core[5d33459993e3d723]::marker::Send + core[5d33459993e3d723]::marker::Sync> as core[5d33459993e3d723]::ops::function::Fn<(&std[f4f322d5fb81df6e]::panic::PanicHookInfo,)>>::call
#25 46.31                                at /rustc/88d9e12ae178fab0fb5cc050a94da85685d449ea/library/alloc/src/boxed.rs:2333:9
#25 46.31   16:     0x778aa2675ab2 - std[f4f322d5fb81df6e]::panicking::panic_with_hook
#25 46.31                                at /rustc/88d9e12ae178fab0fb5cc050a94da85685d449ea/library/std/src/panicking.rs:823:13
#25 46.31   17:     0x778aa2659bb4 - std[f4f322d5fb81df6e]::panicking::panic_handler::{closure#0}
#25 46.31                                at /rustc/88d9e12ae178fab0fb5cc050a94da85685d449ea/library/std/src/panicking.rs:681:13
#25 46.31   18:     0x778aa2650fb9 - std[f4f322d5fb81df6e]::sys::backtrace::__rust_end_short_backtrace::<std[f4f322d5fb81df6e]::panicking::panic_handler::{closure#0}, !>
#25 46.31                                at /rustc/88d9e12ae178fab0fb5cc050a94da85685d449ea/library/std/src/sys/backtrace.rs:182:18
#25 46.31   19:     0x778aa265ac8d - __rustc[4b1ee1ef74718a7b]::rust_begin_unwind
#25 46.31                                at /rustc/88d9e12ae178fab0fb5cc050a94da85685d449ea/library/std/src/panicking.rs:679:5
#25 46.31   20:     0x778aa1b89bac - core[5d33459993e3d723]::panicking::panic_fmt
#25 46.31                                at /rustc/88d9e12ae178fab0fb5cc050a94da85685d449ea/library/core/src/panicking.rs:80:14
#25 46.31   21:     0x778aa1b89b72 - core[5d33459993e3d723]::panicking::panic
#25 46.31                                at /rustc/88d9e12ae178fab0fb5cc050a94da85685d449ea/library/core/src/panicking.rs:150:5
#25 46.31   22:     0x778aa1b89899 - core[5d33459993e3d723]::option::unwrap_failed
#25 46.31                                at /rustc/88d9e12ae178fab0fb5cc050a94da85685d449ea/library/core/src/option.rs:2251:5
#25 46.31   23:     0x778aa1d7b97d - <core[5d33459993e3d723]::option::Option<usize>>::unwrap
#25 46.31                                at /rustc/88d9e12ae178fab0fb5cc050a94da85685d449ea/library/core/src/option.rs:1014:21
#25 46.31   24:     0x778aa1d7b97d - <loom[c97bddb326b4e68f]::rt::thread::Set>::active_mut
#25 46.31                                at /usr/local/cargo/registry/src/index.crates.io-1949cf8c6b5b557f/loom-0.7.2/src/rt/thread.rs:276:39
#25 46.31   25:     0x778aa1d87b45 - <loom[c97bddb326b4e68f]::rt::object::Ref<loom[c97bddb326b4e68f]::rt::arc::State>>::set_action
#25 46.31                                at /usr/local/cargo/registry/src/index.crates.io-1949cf8c6b5b557f/loom-0.7.2/src/rt/object.rs:387:27
#25 46.31   26:     0x778aa1d85638 - <loom[c97bddb326b4e68f]::rt::object::Ref<loom[c97bddb326b4e68f]::rt::arc::State>>::branch_action::<loom[c97bddb326b4e68f]::rt::arc::Action>::{closure#0}
#25 46.31                                at /usr/local/cargo/registry/src/index.crates.io-1949cf8c6b5b557f/loom-0.7.2/src/rt/object.rs:354:18
#25 46.31   27:     0x778aa1d5e2bc - loom[c97bddb326b4e68f]::rt::branch::<<loom[c97bddb326b4e68f]::rt::object::Ref<loom[c97bddb326b4e68f]::rt::arc::State>>::branch_action<loom[c97bddb326b4e68f]::rt::arc::Action>::{closure#0}, ()>::{closure#0}
#25 46.31                                at /usr/local/cargo/registry/src/index.crates.io-1949cf8c6b5b557f/loom-0.7.2/src/rt/mod.rs:122:19
#25 46.31   28:     0x778aa1d59a71 - <loom[c97bddb326b4e68f]::rt::scheduler::Scheduler>::with_execution::<loom[c97bddb326b4e68f]::rt::branch<<loom[c97bddb326b4e68f]::rt::object::Ref<loom[c97bddb326b4e68f]::rt::arc::State>>::branch_action<loom[c97bddb326b4e68f]::rt::arc::Action>::{closure#0}, ()>::{closure#0}, ((), bool)>::{closure#0}
#25 46.31                                at /usr/local/cargo/registry/src/index.crates.io-1949cf8c6b5b557f/loom-0.7.2/src/rt/scheduler.rs:43:34
#25 46.31   29:     0x778aa1d5791e - <loom[c97bddb326b4e68f]::rt::scheduler::Scheduler>::with_state::<<loom[c97bddb326b4e68f]::rt::scheduler::Scheduler>::with_execution<loom[c97bddb326b4e68f]::rt::branch<<loom[c97bddb326b4e68f]::rt::object::Ref<loom[c97bddb326b4e68f]::rt::arc::State>>::branch_action<loom[c97bddb326b4e68f]::rt::arc::Action>::{closure#0}, ()>::{closure#0}, ((), bool)>::{closure#0}, ((), bool)>::{closure#0}
#25 46.31                                at /usr/local/cargo/registry/src/index.crates.io-1949cf8c6b5b557f/loom-0.7.2/src/rt/scheduler.rs:131:28
#25 46.31   30:     0x778aa1d5a9a1 - <scoped_tls[87e03fecbc1fc0b7]::ScopedKey<core[5d33459993e3d723]::cell::RefCell<loom[c97bddb326b4e68f]::rt::scheduler::State>>>::with::<<loom[c97bddb326b4e68f]::rt::scheduler::Scheduler>::with_state<<loom[c97bddb326b4e68f]::rt::scheduler::Scheduler>::with_execution<loom[c97bddb326b4e68f]::rt::branch<<loom[c97bddb326b4e68f]::rt::object::Ref<loom[c97bddb326b4e68f]::rt::arc::State>>::branch_action<loom[c97bddb326b4e68f]::rt::arc::Action>::{closure#0}, ()>::{closure#0}, ((), bool)>::{closure#0}, ((), bool)>::{closure#0}, ((), bool)>
#25 46.31                                at /usr/local/cargo/registry/src/index.crates.io-1949cf8c6b5b557f/scoped-tls-1.0.1/src/lib.rs:171:13
#25 46.31   31:     0x778aa1d55c6e - <loom[c97bddb326b4e68f]::rt::scheduler::Scheduler>::with_state::<<loom[c97bddb326b4e68f]::rt::scheduler::Scheduler>::with_execution<loom[c97bddb326b4e68f]::rt::branch<<loom[c97bddb326b4e68f]::rt::object::Ref<loom[c97bddb326b4e68f]::rt::arc::State>>::branch_action<loom[c97bddb326b4e68f]::rt::arc::Action>::{closure#0}, ()>::{closure#0}, ((), bool)>::{closure#0}, ((), bool)>
#25 46.31                                at /usr/local/cargo/registry/src/index.crates.io-1949cf8c6b5b557f/loom-0.7.2/src/rt/scheduler.rs:131:15
#25 46.31   32:     0x778aa1d572e6 - <loom[c97bddb326b4e68f]::rt::scheduler::Scheduler>::with_execution::<loom[c97bddb326b4e68f]::rt::branch<<loom[c97bddb326b4e68f]::rt::object::Ref<loom[c97bddb326b4e68f]::rt::arc::State>>::branch_action<loom[c97bddb326b4e68f]::rt::arc::Action>::{closure#0}, ()>::{closure#0}, ((), bool)>
#25 46.31                                at /usr/local/cargo/registry/src/index.crates.io-1949cf8c6b5b557f/loom-0.7.2/src/rt/scheduler.rs:43:9
#25 46.31   33:     0x778aa1d5d636 - loom[c97bddb326b4e68f]::rt::execution::<loom[c97bddb326b4e68f]::rt::branch<<loom[c97bddb326b4e68f]::rt::object::Ref<loom[c97bddb326b4e68f]::rt::arc::State>>::branch_action<loom[c97bddb326b4e68f]::rt::arc::Action>::{closure#0}, ()>::{closure#0}, ((), bool)>
#25 46.31                                at /usr/local/cargo/registry/src/index.crates.io-1949cf8c6b5b557f/loom-0.7.2/src/rt/mod.rs:174:5
#25 46.31   34:     0x778aa1d5d339 - loom[c97bddb326b4e68f]::rt::branch::<<loom[c97bddb326b4e68f]::rt::object::Ref<loom[c97bddb326b4e68f]::rt::arc::State>>::branch_action<loom[c97bddb326b4e68f]::rt::arc::Action>::{closure#0}, ()>
#25 46.31                                at /usr/local/cargo/registry/src/index.crates.io-1949cf8c6b5b557f/loom-0.7.2/src/rt/mod.rs:121:25
#25 46.31   35:     0x778aa1d84f18 - <loom[c97bddb326b4e68f]::rt::object::Ref<loom[c97bddb326b4e68f]::rt::arc::State>>::branch_action::<loom[c97bddb326b4e68f]::rt::arc::Action>
#25 46.31                                at /usr/local/cargo/registry/src/index.crates.io-1949cf8c6b5b557f/loom-0.7.2/src/rt/object.rs:351:9
#25 46.31   36:     0x778aa1d82e30 - <loom[c97bddb326b4e68f]::rt::arc::Arc>::branch
#25 46.31                                at /usr/local/cargo/registry/src/index.crates.io-1949cf8c6b5b557f/loom-0.7.2/src/rt/arc.rs:160:11
#25 46.31   37:     0x778aa1d82ed2 - <loom[c97bddb326b4e68f]::rt::arc::Arc>::ref_dec
#25 46.31                                at /usr/local/cargo/registry/src/index.crates.io-1949cf8c6b5b557f/loom-0.7.2/src/rt/arc.rs:113:14
#25 46.31   38:     0x778aa1bf5948 - <loom[c97bddb326b4e68f]::sync::arc::Arc<alloc[f3282932177de6b4]::vec::Vec<loom[c97bddb326b4e68f]::sync::atomic::int::AtomicUsize>> as core[5d33459993e3d723]::ops::drop::Drop>::drop
#25 46.31                                at /usr/local/cargo/registry/src/index.crates.io-1949cf8c6b5b557f/loom-0.7.2/src/sync/arc.rs:247:21
#25 46.31   39:     0x778aa1bee70a - core[5d33459993e3d723]::ptr::drop_glue::<loom[c97bddb326b4e68f]::sync::arc::Arc<alloc[f3282932177de6b4]::vec::Vec<loom[c97bddb326b4e68f]::sync::atomic::int::AtomicUsize>>>
#25 46.31                                at /rustc/88d9e12ae178fab0fb5cc050a94da85685d449ea/library/core/src/ptr/mod.rs:823:1
#25 46.31   40:     0x778aa1bef7f7 - core[5d33459993e3d723]::ptr::drop_glue::<gripsack_exec[5c66142f6d82a231]::schedule::coordination::model::explore::{closure#0}::{closure#1}>
#25 46.31                                at /rustc/88d9e12ae178fab0fb5cc050a94da85685d449ea/library/core/src/ptr/mod.rs:823:1
#25 46.31   41:     0x778aa1bfeef8 - gripsack_exec[5c66142f6d82a231]::schedule::coordination::model::explore::{closure#0}::{closure#1}
#25 46.31                                at /tmp/gripsack-loom-1746wxq7/source/crates/gripsack-exec/src/schedule/coordination_model.rs:64:13
#25 46.31   42:     0x778aa1c190ee - loom[c97bddb326b4e68f]::thread::spawn_internal::<gripsack_exec[5c66142f6d82a231]::schedule::coordination::model::explore::{closure#0}::{closure#1}, ()>::{closure#0}
#25 46.31                                at /usr/local/cargo/registry/src/index.crates.io-1949cf8c6b5b557f/loom-0.7.2/src/thread.rs:168:47
#25 46.31   43:     0x778aa1c87760 - loom[c97bddb326b4e68f]::rt::spawn::<loom[c97bddb326b4e68f]::thread::spawn_internal<gripsack_exec[5c66142f6d82a231]::schedule::coordination::model::explore::{closure#0}::{closure#1}, ()>::{closure#0}>::{closure#1}
#25 46.31                                at /usr/local/cargo/registry/src/index.crates.io-1949cf8c6b5b557f/loom-0.7.2/src/rt/mod.rs:78:13
#25 46.31   44:     0x778aa1bf212e - <loom[c97bddb326b4e68f]::rt::spawn<loom[c97bddb326b4e68f]::thread::spawn_internal<gripsack_exec[5c66142f6d82a231]::schedule::coordination::model::explore::{closure#0}::{closure#1}, ()>::{closure#0}>::{closure#1} as core[5d33459993e3d723]::ops::function::FnOnce<()>>::call_once::{shim:vtable#0}
#25 46.31                                at /rustc/88d9e12ae178fab0fb5cc050a94da85685d449ea/library/core/src/ops/function.rs:250:5
#25 46.31   45:     0x778aa1d6de78 - <alloc[f3282932177de6b4]::boxed::Box<dyn core[5d33459993e3d723]::ops::function::FnOnce<(), Output = ()>> as core[5d33459993e3d723]::ops::function::FnOnce<()>>::call_once
#25 46.31                                at /rustc/88d9e12ae178fab0fb5cc050a94da85685d449ea/library/alloc/src/boxed.rs:2319:9
#25 46.31   46:     0x778aa1d5a13b - loom[c97bddb326b4e68f]::rt::scheduler::spawn_thread::{closure#0}
#25 46.31                                at /usr/local/cargo/registry/src/index.crates.io-1949cf8c6b5b557f/loom-0.7.2/src/rt/scheduler.rs:142:17
#25 46.31   47:     0x778aa1d73f2e - <loom[c97bddb326b4e68f]::rt::scheduler::spawn_thread::{closure#0} as core[5d33459993e3d723]::ops::function::FnOnce<()>>::call_once
#25 46.31                                at /rustc/88d9e12ae178fab0fb5cc050a94da85685d449ea/library/core/src/ops/function.rs:250:5
#25 46.31   48:     0x778aa1d706d2 - <generator[87b94d97073f9995]::gen_impl::GeneratorImpl<core[5d33459993e3d723]::option::Option<alloc[f3282932177de6b4]::boxed::Box<dyn core[5d33459993e3d723]::ops::function::FnOnce<(), Output = ()>>>, ()>>::init_code::<loom[c97bddb326b4e68f]::rt::scheduler::spawn_thread::{closure#0}>::{closure#0}
#25 46.31                                at /usr/local/cargo/registry/src/index.crates.io-1949cf8c6b5b557f/generator-0.8.10/src/gen_impl.rs:357:21
#25 46.31   49:     0x778aa1d63b11 - <generator[87b94d97073f9995]::stack::StackBox<<generator[87b94d97073f9995]::gen_impl::GeneratorImpl<core[5d33459993e3d723]::option::Option<alloc[f3282932177de6b4]::boxed::Box<dyn core[5d33459993e3d723]::ops::function::FnOnce<(), Output = ()>>>, ()>>::init_code<loom[c97bddb326b4e68f]::rt::scheduler::spawn_thread::{closure#0}>::{closure#0}>>::call_once
#25 46.31                                at /usr/local/cargo/registry/src/index.crates.io-1949cf8c6b5b557f/generator-0.8.10/src/stack/mod.rs:137:13
#25 46.31   50:     0x778aa1da670d - <generator[87b94d97073f9995]::stack::Func>::call_once
#25 46.31                                at /usr/local/cargo/registry/src/index.crates.io-1949cf8c6b5b557f/generator-0.8.10/src/stack/mod.rs:119:9
#25 46.31   51:     0x778aa1da4cfe - generator[87b94d97073f9995]::detail::gen::gen_init_impl::{closure#0}
#25 46.31                                at /usr/local/cargo/registry/src/index.crates.io-1949cf8c6b5b557f/generator-0.8.10/src/detail/gen.rs:35:14
#25 46.31   52:     0x778aa1da9743 - <generator[87b94d97073f9995]::detail::gen::gen_init_impl::{closure#0} as core[5d33459993e3d723]::ops::function::FnOnce<()>>::call_once
#25 46.31                                at /rustc/88d9e12ae178fab0fb5cc050a94da85685d449ea/library/core/src/ops/function.rs:250:5
#25 46.31   53:     0x778aa1da4825 - std[f4f322d5fb81df6e]::panicking::catch_unwind::do_call::<generator[87b94d97073f9995]::detail::gen::gen_init_impl::{closure#0}, ()>
#25 46.31                                at /rustc/88d9e12ae178fab0fb5cc050a94da85685d449ea/library/std/src/panicking.rs:576:43
#25 46.31   54:     0x778aa1da990b - __rust_try
#25 46.31   55:     0x778aa1da3d06 - std[f4f322d5fb81df6e]::panicking::catch_unwind::<(), generator[87b94d97073f9995]::detail::gen::gen_init_impl::{closure#0}>
#25 46.31                                at /rustc/88d9e12ae178fab0fb5cc050a94da85685d449ea/library/std/src/panicking.rs:544:19
#25 46.31   56:     0x778aa1da3d06 - std[f4f322d5fb81df6e]::panic::catch_unwind::<generator[87b94d97073f9995]::detail::gen::gen_init_impl::{closure#0}, ()>
#25 46.31                                at /rustc/88d9e12ae178fab0fb5cc050a94da85685d449ea/library/std/src/panic.rs:359:14
#25 46.31   57:     0x778aa1da452d - generator[87b94d97073f9995]::detail::gen::catch_unwind_filter::<generator[87b94d97073f9995]::detail::gen::gen_init_impl::{closure#0}, ()>
#25 46.31                                at /usr/local/cargo/registry/src/index.crates.io-1949cf8c6b5b557f/generator-0.8.10/src/detail/gen.rs:23:5
#25 46.31   58:     0x778aa1da7607 - generator[87b94d97073f9995]::detail::gen::gen_init_impl
#25 46.31                                at /usr/local/cargo/registry/src/index.crates.io-1949cf8c6b5b557f/generator-0.8.10/src/detail/gen.rs:50:25
#25 46.31   59:     0x778aa1da75d3 - generator[87b94d97073f9995]::detail::asm::gen_init
#25 46.31                                at /usr/local/cargo/registry/src/index.crates.io-1949cf8c6b5b557f/generator-0.8.10/src/detail/x86_64_unix.rs:8:5
#25 46.31 
#25 46.31 thread 'schedule::coordination::model::diamond_completion_wakes_waiters_and_publishes_dependencies' (4331) panicked at /rustc/88d9e12ae178fab0fb5cc050a94da85685d449ea/library/core/src/panicking.rs:233:5:
#25 46.31 panic in a destructor during cleanup
#25 46.31 thread caused non-unwinding panic. aborting.
#25 46.31 error: test failed, to rerun pass `-p gripsack-exec --lib`
#25 46.31 
#25 46.31 Caused by:
#25 46.31   process didn't exit successfully: `/tmp/gripsack-loom-1746wxq7/target/debug/deps/gripsack_exec-cdf4089161a5c5c5 'schedule::coordination::model::diamond_completion_wakes_waiters_and_publishes_dependencies'` (signal: 6, SIGABRT: process abort signal)
#25 46.31 
#25 46.31 calibration: missing-completion rejected by Loom waiter deadlock
#25 46.31 LOOM_SCHEDULER_MUTANTS=2
#25 DONE 46.6s

#26 exporting to image
#26 exporting layers
#26 exporting layers 63.9s done
#26 exporting manifest sha256:09f5e37f2418ac22c1c92067dc3ef4b36de14e2690eeb4bdf91f5280b3941b0e 0.0s done
#26 exporting config sha256:817e6f2c6499015b16e242b7a817caf47896abbff631c198bd0327f1670856bf 0.0s done
#26 exporting attestation manifest sha256:67a94bcee51ed5a9390688f492f0204fb487bd42ddef841b700c82dc2db6bed1 0.0s done
#26 exporting manifest list sha256:8ca62498c460084af8ddc0bd3549bd624439a1c9bbbb3fd9d0a257c6819cfa59 0.0s done
#26 naming to docker.io/library/gripsack-test:latest done
#26 unpacking to docker.io/library/gripsack-test:latest
#26 unpacking to docker.io/library/gripsack-test:latest 15.3s done
#26 DONE 79.4s

#27 resolving provenance for metadata file
#27 DONE 0.2s
 Image gripsack-test Built 
 Container gripsack-test-run-0e369adbeb28 Creating 
 Container gripsack-test-run-0e369adbeb28 Created 
gate passed: fmt + clippy -D warnings + cargo test

RUNNER_COMMAND=docker compose run --build --rm ts-test
 Image gripsack-ts-test Building 
#1 [internal] load local bake definitions
#1 reading from stdin 545B done
#1 DONE 0.0s

#2 [internal] load build definition from Dockerfile
#2 transferring dockerfile: 11.00kB done
#2 DONE 0.0s

#3 resolve image config for docker-image://docker.io/docker/dockerfile:1
#3 DONE 0.7s

#4 docker-image://docker.io/docker/dockerfile:1@sha256:ecfaec9ed6d810b56388c508f4121597bfbba70d41a6dfeee4d8cad5f295fc32
#4 resolve docker.io/docker/dockerfile:1@sha256:ecfaec9ed6d810b56388c508f4121597bfbba70d41a6dfeee4d8cad5f295fc32 0.0s done
#4 CACHED

#5 [internal] load metadata for docker.io/denoland/deno:2.9.6@sha256:2014dc167ece617ef7e7ba40631ac2234c59e75ce693e7cc2dc2602b3c87859d
#5 DONE 0.7s

#6 [internal] load .dockerignore
#6 transferring context: 139B done
#6 DONE 0.1s

#7 [internal] load build context
#7 DONE 0.0s

#8 [ts-test 1/5] FROM docker.io/denoland/deno:2.9.6@sha256:2014dc167ece617ef7e7ba40631ac2234c59e75ce693e7cc2dc2602b3c87859d
#8 resolve docker.io/denoland/deno:2.9.6@sha256:2014dc167ece617ef7e7ba40631ac2234c59e75ce693e7cc2dc2602b3c87859d 0.0s done
#8 DONE 0.0s

#7 [internal] load build context
#7 transferring context: 8.20kB 0.1s done
#7 DONE 0.1s

#9 [ts-test 2/5] WORKDIR /app
#9 CACHED

#10 [ts-test 3/5] COPY typescript ./typescript
#10 CACHED

#11 [ts-test 4/5] COPY examples ./examples
#11 CACHED

#12 [ts-test 5/5] RUN cd typescript && deno install && deno task test     && deno run --cached-only --no-remote --allow-all node_modules/typescript/bin/tsc        --project tsconfig.examples.json --noEmit
#12 CACHED

#13 exporting to image
#13 exporting layers done
#13 exporting manifest sha256:38c55e1c3d18b2b9bf129243d3c0cb46fcf4d25ee7db9d5bcdbb13ad9ce7c107 0.0s done
#13 exporting config sha256:c5cb653fb1213dd516404407c798a7451ba977f03f9970f933c47e5b512204b3 0.0s done
#13 exporting attestation manifest sha256:ed613ad9b281ffb37009d67899e5da82668b037e6c2b774bea4ea87ef4031b0e
#13 exporting attestation manifest sha256:ed613ad9b281ffb37009d67899e5da82668b037e6c2b774bea4ea87ef4031b0e 0.0s done
#13 exporting manifest list sha256:021518b0ba7a1915a1463ae5fd31c7b558aca9a04e1477f89856809548700379 0.0s done
#13 naming to docker.io/library/gripsack-ts-test:latest done
#13 unpacking to docker.io/library/gripsack-ts-test:latest 0.0s done
#13 DONE 0.2s

#14 resolving provenance for metadata file
#14 DONE 0.0s
 Image gripsack-ts-test Built 
 Container gripsack-ts-test-run-340194fd8532 Creating 
 Container gripsack-ts-test-run-340194fd8532 Created 
gate passed: typescript frontend tests (deno test)

RUNNER_COMMAND=docker compose run --build --rm e2e
 Image gripsack-e2e Building 
#1 [internal] load local bake definitions
#1 reading from stdin 525B done
#1 DONE 0.0s

#2 [internal] load build definition from Dockerfile
#2 transferring dockerfile:
#2 transferring dockerfile: 11.00kB done
#2 DONE 0.0s

#3 resolve image config for docker-image://docker.io/docker/dockerfile:1
#3 DONE 0.7s

#4 docker-image://docker.io/docker/dockerfile:1@sha256:ecfaec9ed6d810b56388c508f4121597bfbba70d41a6dfeee4d8cad5f295fc32
#4 resolve docker.io/docker/dockerfile:1@sha256:ecfaec9ed6d810b56388c508f4121597bfbba70d41a6dfeee4d8cad5f295fc32 0.0s done
#4 CACHED

#5 [internal] load metadata for docker.io/library/rust:alpine@sha256:a10e64dd139b7387337c7fbe8aca31b959b57b2fd4c8ae20a02cf1d6ea424dce
#5 ...

#6 [internal] load metadata for docker.io/library/python:3.13-slim@sha256:9d2e5553305c7c7b0097999bb17187c69b921ccd6bc9d40e4bb5ebe652c00285
#6 DONE 0.6s

#5 [internal] load metadata for docker.io/library/rust:alpine@sha256:a10e64dd139b7387337c7fbe8aca31b959b57b2fd4c8ae20a02cf1d6ea424dce
#5 DONE 0.6s

#7 [internal] load .dockerignore
#7 transferring context: 139B done
#7 DONE 0.0s

#8 [e2e  4/12] ADD --checksum=sha256:394f07f4da2bebe6ce6f1e7ce0fa16429b29b08c35e3fac3fe25972676dff4b2 https://github.com/denoland/deno/releases/download/v2.9.6/deno-x86_64-unknown-linux-gnu.zip /tmp/deno.zip
#8 DONE 0.0s

#9 [e2e  1/12] FROM docker.io/library/python:3.13-slim@sha256:9d2e5553305c7c7b0097999bb17187c69b921ccd6bc9d40e4bb5ebe652c00285
#9 resolve docker.io/library/python:3.13-slim@sha256:9d2e5553305c7c7b0097999bb17187c69b921ccd6bc9d40e4bb5ebe652c00285 0.1s done
#9 DONE 0.1s

#10 [builder  1/10] FROM docker.io/library/rust:alpine@sha256:a10e64dd139b7387337c7fbe8aca31b959b57b2fd4c8ae20a02cf1d6ea424dce
#10 resolve docker.io/library/rust:alpine@sha256:a10e64dd139b7387337c7fbe8aca31b959b57b2fd4c8ae20a02cf1d6ea424dce 0.1s done
#10 DONE 0.1s

#11 [internal] load build context
#11 transferring context: 245.74kB 0.1s done
#11 DONE 0.1s

#12 [builder  2/10] RUN apk add --no-cache musl-dev git curl xz     && rustup component add clippy rustfmt
#12 CACHED

#13 [builder  3/10] RUN set -e;     arch="$(uname -m)";     case "$arch" in       x86_64)  sha=3374daaf153e6f82028add5e4bf7cc2deab46537dee24f20be80df831193aeb4 ;;       aarch64) sha=35d90cee9648037eaa4c1a2649fdca9d1b9a9997b972d37be7f8629139ba1294 ;;       *) echo "unsupported arch: $arch" >&2; exit 1 ;;     esac;     curl -fsSL -o /tmp/ca.tar.xz "https://github.com/rust-secure-code/cargo-auditable/releases/download/v0.7.5/cargo-auditable-${arch}-unknown-linux-musl.tar.xz";     echo "$sha  /tmp/ca.tar.xz" | sha256sum -c -;     mkdir -p /tmp/ca && tar -xJf /tmp/ca.tar.xz -C /tmp/ca;     mv /tmp/ca/*/cargo-auditable /usr/local/bin/cargo-auditable;     rm -rf /tmp/ca /tmp/ca.tar.xz
#13 CACHED

#14 [builder  4/10] WORKDIR /app
#14 CACHED

#15 [builder  5/10] COPY Cargo.toml Cargo.lock ./
#15 CACHED

#16 [builder  6/10] COPY crates ./crates
#16 DONE 0.6s

#17 [builder  7/10] COPY fuzz ./fuzz
#17 DONE 0.2s

#18 [builder  8/10] COPY schema ./schema
#18 DONE 0.1s

#19 [builder  9/10] COPY typescript ./typescript
#19 DONE 0.1s

#20 [builder 10/10] COPY scripts ./scripts
#20 DONE 0.1s

#21 [bin 1/1] RUN cargo build --locked -p gripsack
#21 0.565     Updating crates.io index
#21 3.151  Downloading crates ...
#21 3.226   Downloaded convert_case v0.4.0
#21 3.236   Downloaded simd-adler32 v0.3.10
#21 3.240   Downloaded shlex v2.0.1
#21 3.247   Downloaded sha2 v0.11.0
#21 3.254   Downloaded dialoguer v0.12.0
#21 3.262   Downloaded shell-words v1.1.1
#21 3.263   Downloaded subtle v2.6.1
#21 3.267   Downloaded tracing-serde v0.2.0
#21 3.269   Downloaded zerofrom v0.1.8
#21 3.273   Downloaded cpufeatures v0.3.0
#21 3.276   Downloaded crypto-common v0.2.2
#21 3.279   Downloaded bitflags v2.13.1
#21 3.286   Downloaded cfg-if v1.0.4
#21 3.290   Downloaded block-buffer v0.12.1
#21 3.292   Downloaded serde_spanned v1.1.1
#21 3.295   Downloaded matchers v0.2.0
#21 3.298   Downloaded utf8parse v0.2.2
#21 3.300   Downloaded strsim v0.11.1
#21 3.303   Downloaded thread_local v1.1.10
#21 3.306   Downloaded heck v0.5.0
#21 3.308   Downloaded colorchoice v1.0.5
#21 3.310   Downloaded unit-prefix v0.5.2
#21 3.314   Downloaded is_terminal_polyfill v1.70.2
#21 3.316   Downloaded verus_builtin v0.0.0-2026-09-06-0133
#21 3.317   Downloaded yoke-derive v0.8.2
#21 3.320   Downloaded clap v4.6.6
#21 3.335   Downloaded quote v1.0.47
#21 3.340   Downloaded once_cell v1.21.4
#21 3.346   Downloaded openssl-probe v0.2.1
#21 3.349   Downloaded adler2 v2.0.1
#21 3.351   Downloaded webpki-roots v0.26.11
#21 3.354   Downloaded utf8_iter v1.0.4
#21 3.356   Downloaded ambient-authority v0.0.2
#21 3.358   Downloaded percent-encoding v2.3.2
#21 3.360   Downloaded fs-set-times v0.20.3
#21 3.363   Downloaded zerofrom-derive v0.1.7
#21 3.366   Downloaded itoa v1.0.18
#21 3.370   Downloaded potential_utf v0.1.6
#21 3.372   Downloaded anstyle-query v1.1.5
#21 3.375   Downloaded maybe-owned v0.3.4
#21 3.377   Downloaded untrusted v0.9.0
#21 3.381   Downloaded errno v0.3.14
#21 3.386   Downloaded httpdate v1.0.3
#21 3.390   Downloaded synstructure v0.13.2
#21 3.393   Downloaded thiserror-impl v2.0.20
#21 3.396   Downloaded tinystr v0.8.4
#21 3.400   Downloaded zerovec-derive v0.11.6
#21 3.404   Downloaded form_urlencoded v1.2.2
#21 3.406   Downloaded stable_deref_trait v1.2.1
#21 3.408   Downloaded lazy_static v1.5.0
#21 3.412   Downloaded xattr v1.6.1
#21 3.416   Downloaded anstyle v1.0.14
#21 3.419   Downloaded clap_lex v1.1.0
#21 3.422   Downloaded anstyle-parse v1.0.0
#21 3.426   Downloaded filetime v0.2.29
#21 3.430   Downloaded find-msvc-tools v0.1.11
#21 3.433   Downloaded displaydoc v0.2.7
#21 3.437   Downloaded thiserror v2.0.20
#21 3.447   Downloaded zstd v0.13.3
#21 3.454   Downloaded io-lifetimes v3.0.1
#21 3.457   Downloaded jobserver v0.1.35
#21 3.461   Downloaded writeable v0.6.4
#21 3.466   Downloaded fastrand v2.5.0
#21 3.469   Downloaded nu-ansi-term v0.50.3
#21 3.474   Downloaded pkg-config v0.3.34
#21 3.477   Downloaded toml_writer v1.1.2+spec-1.1.0
#21 3.480   Downloaded zstd-safe v7.2.4
#21 3.482   Downloaded console v0.16.4
#21 3.485   Downloaded cap-std v4.0.3
#21 3.491   Downloaded crc32fast v1.5.1
#21 3.497   Downloaded const-oid v0.10.2
#21 3.501   Downloaded zeroize v1.9.0
#21 3.504   Downloaded tracing-log v0.2.0
#21 3.507   Downloaded zmij v1.0.23
#21 3.511   Downloaded toml_datetime v0.7.5+spec-1.1.0
#21 3.513   Downloaded equivalent v1.0.2
#21 3.516   Downloaded tempfile v3.27.0
#21 3.522   Downloaded toml_parser v1.1.3+spec-1.1.0
#21 3.526   Downloaded rustls-native-certs v0.8.4
#21 3.529   Downloaded idna_adapter v1.2.2
#21 3.531   Downloaded rustix-linux-procfs v0.1.1
#21 3.533   Downloaded anstream v1.0.0
#21 3.536   Downloaded sharded-slab v0.1.7
#21 3.543   Downloaded owo-colors v4.3.0
#21 3.547   Downloaded pin-project-lite v0.2.17
#21 3.560   Downloaded digest v0.11.3
#21 3.565   Downloaded hybrid-array v0.4.14
#21 3.569   Downloaded bzip2 v0.6.1
#21 3.573   Downloaded smallvec v1.15.2
#21 3.576   Downloaded io-lifetimes v2.0.4
#21 3.579   Downloaded ipnet v2.12.1
#21 3.581   Downloaded toml_datetime v1.1.1+spec-1.1.0
#21 3.584   Downloaded xz2 v0.1.7
#21 3.588   Downloaded rustls-pki-types v1.15.1
#21 3.594   Downloaded tracing-attributes v0.1.31
#21 3.600   Downloaded clap_derive v4.6.4
#21 3.604   Downloaded io-extras v0.19.0
#21 3.608   Downloaded yoke v0.8.3
#21 3.612   Downloaded litemap v0.8.3
#21 3.617   Downloaded getrandom v0.2.17
#21 3.623   Downloaded unsafe-libyaml v0.2.11
#21 3.630   Downloaded ryu v1.0.23
#21 3.640   Downloaded serde_core v1.0.229
#21 3.647   Downloaded unicode-ident v1.0.24
#21 3.654   Downloaded getrandom v0.4.3
#21 3.661   Downloaded icu_provider v2.3.1
#21 3.667   Downloaded zopfli v0.8.3
#21 3.671   Downloaded serde_derive v1.0.229
#21 3.677   Downloaded tracing-core v0.1.36
#21 3.683   Downloaded toml v1.1.4+spec-1.1.0
#21 3.691   Downloaded libbz2-rs-sys v0.2.5
#21 3.695   Downloaded proc-macro2 v1.0.107
#21 3.701   Downloaded log v0.4.34
#21 3.707   Downloaded toml v0.9.12+spec-1.1.0
#21 3.716   Downloaded toml_edit v0.25.13+spec-1.1.0
#21 3.724   Downloaded serde_yaml v0.9.34+deprecated
#21 3.730   Downloaded verus_prettyplease v0.0.0-2026-09-06-0133
#21 3.736   Downloaded icu_locale_core v2.3.0
#21 3.755   Downloaded miniz_oxide v0.8.9
#21 3.760   Downloaded base64 v0.22.1
#21 3.769   Downloaded url v2.5.8
#21 3.774   Downloaded indicatif v0.18.6
#21 3.783   Downloaded tar v0.4.46
#21 3.794   Downloaded icu_normalizer_data v2.3.0
#21 3.800   Downloaded serde v1.0.229
#21 3.808   Downloaded verus_state_machines_macros v0.0.0-2026-09-06-0133
#21 3.813   Downloaded cc v1.4.4
#21 3.820   Downloaded cap-primitives v4.0.3
#21 3.846   Downloaded flate2 v1.1.9
#21 3.855   Downloaded rustls-webpki v0.103.15
#21 3.860   Downloaded typenum v1.20.1
#21 3.865   Downloaded zerotrie v0.2.5
#21 3.874   Downloaded icu_collections v2.3.0
#21 3.885   Downloaded bumpalo v3.20.3
#21 3.890   Downloaded ureq v2.12.1
#21 3.898   Downloaded typed-path v0.12.3
#21 3.916   Downloaded indexmap v2.14.0
#21 3.925   Downloaded idna v1.1.0
#21 3.930   Downloaded icu_properties v2.3.0
#21 3.936   Downloaded memchr v2.8.3
#21 3.949   Downloaded zerovec v0.11.8
#21 3.959   Downloaded verus_builtin_macros v0.0.0-2026-09-06-0133
#21 3.963   Downloaded zip v8.6.0
#21 3.970   Downloaded hashbrown v0.17.1
#21 3.979   Downloaded serde_json v1.0.151
#21 3.990   Downloaded icu_properties_data v2.3.0
#21 4.003   Downloaded winnow v1.0.4
#21 4.022   Downloaded clap_builder v4.6.6
#21 4.032   Downloaded aho-corasick v1.1.5
#21 4.040   Downloaded winnow v0.7.15
#21 4.060   Downloaded portable-atomic v1.15.0
#21 4.073   Downloaded tracing-subscriber v0.3.23
#21 4.088   Downloaded webpki-roots v1.0.9
#21 4.092   Downloaded zlib-rs v0.6.7
#21 4.100   Downloaded unicode-width v0.2.2
#21 4.107   Downloaded vstd v0.0.0-2026-09-06-0133
#21 4.123   Downloaded syn v3.0.4
#21 4.138   Downloaded syn v2.0.119
#21 4.153   Downloaded verus_syn v0.0.0-2026-09-06-0133
#21 4.168   Downloaded regex-syntax v0.8.11
#21 4.176   Downloaded tracing v0.1.44
#21 4.193   Downloaded rustls v0.23.45
#21 4.212   Downloaded rustix v1.1.4
#21 4.265   Downloaded zstd-sys v2.0.16+zstd.1.5.7
#21 4.285   Downloaded icu_normalizer v2.3.0
#21 4.296   Downloaded regex-automata v0.4.18
#21 4.317   Downloaded lzma-sys v0.1.20
#21 4.365   Downloaded libc v0.2.189
#21 4.501   Downloaded ring v0.17.14
#21 4.586   Downloaded linux-raw-sys v0.12.1
#21 4.850    Compiling proc-macro2 v1.0.107
#21 4.850    Compiling quote v1.0.47
#21 4.851    Compiling unicode-ident v1.0.24
#21 4.851    Compiling libc v0.2.189
#21 4.854    Compiling shlex v2.0.1
#21 4.854    Compiling serde_core v1.0.229
#21 4.855    Compiling find-msvc-tools v0.1.11
#21 4.855    Compiling cfg-if v1.0.4
#21 4.858    Compiling equivalent v1.0.2
#21 4.861    Compiling once_cell v1.21.4
#21 4.862    Compiling hashbrown v0.17.1
#21 4.866    Compiling stable_deref_trait v1.2.1
#21 4.869    Compiling rustix v1.1.4
#21 4.880    Compiling linux-raw-sys v0.12.1
#21 4.881    Compiling bitflags v2.13.1
#21 4.886    Compiling serde v1.0.229
#21 4.886    Compiling pkg-config v0.3.34
#21 4.887    Compiling verus_prettyplease v0.0.0-2026-09-06-0133
#21 4.894    Compiling zmij v1.0.23
#21 4.899    Compiling itoa v1.0.18
#21 4.900    Compiling serde_json v1.0.151
#21 4.900    Compiling memchr v2.8.3
#21 4.900    Compiling io-lifetimes v3.0.1
#21 4.910    Compiling winnow v1.0.4
#21 4.910    Compiling writeable v0.6.4
#21 4.915    Compiling io-lifetimes v2.0.4
#21 4.924    Compiling zeroize v1.9.0
#21 4.924    Compiling vstd v0.0.0-2026-09-06-0133
#21 4.929    Compiling litemap v0.8.3
#21 4.929    Compiling convert_case v0.4.0
#21 4.929    Compiling utf8_iter v1.0.4
#21 4.929    Compiling smallvec v1.15.2
#21 4.946    Compiling typenum v1.20.1
#21 4.946    Compiling icu_normalizer_data v2.3.0
#21 4.957    Compiling thiserror v2.0.20
#21 5.043    Compiling verus_builtin v0.0.0-2026-09-06-0133
#21 5.130    Compiling icu_properties_data v2.3.0
#21 5.263    Compiling log v0.4.34
#21 5.317    Compiling io-extras v0.19.0
#21 5.319    Compiling toml_writer v1.1.2+spec-1.1.0
#21 5.359    Compiling rustls-pki-types v1.15.1
#21 5.377    Compiling cap-primitives v4.0.3
#21 5.390    Compiling getrandom v0.4.3
#21 5.391    Compiling tracing-core v0.1.36
#21 5.430    Compiling ipnet v2.12.1
#21 5.456    Compiling crc32fast v1.5.1
#21 5.457    Compiling maybe-owned v0.3.4
#21 5.510    Compiling cap-std v4.0.3
#21 5.529    Compiling ambient-authority v0.0.2
#21 5.539    Compiling winnow v0.7.15
#21 5.565    Compiling untrusted v0.9.0
#21 5.566    Compiling simd-adler32 v0.3.10
#21 5.594    Compiling fastrand v2.5.0
#21 5.635    Compiling const-oid v0.10.2
#21 5.669    Compiling zstd-safe v7.2.4
#21 5.685    Compiling adler2 v2.0.1
#21 5.702    Compiling cpufeatures v0.3.0
#21 5.716    Compiling percent-encoding v2.3.2
#21 5.746    Compiling pin-project-lite v0.2.17
#21 5.767    Compiling rustls v0.23.45
#21 5.770    Compiling zlib-rs v0.6.7
#21 5.787    Compiling libbz2-rs-sys v0.2.5
#21 5.813    Compiling bumpalo v3.20.3
#21 5.818    Compiling subtle v2.6.1
#21 5.848    Compiling miniz_oxide v0.8.9
#21 5.861    Compiling regex-syntax v0.8.11
#21 5.906    Compiling form_urlencoded v1.2.2
#21 5.934    Compiling typed-path v0.12.3
#21 5.949    Compiling utf8parse v0.2.2
#21 5.982    Compiling webpki-roots v1.0.9
#21 6.009    Compiling base64 v0.22.1
#21 6.010    Compiling openssl-probe v0.2.1
#21 6.025    Compiling colorchoice v1.0.5
#21 6.052    Compiling indexmap v2.14.0
#21 6.061    Compiling anstyle-parse v1.0.0
#21 6.073    Compiling httpdate v1.0.3
#21 6.075    Compiling lazy_static v1.5.0
#21 6.081    Compiling anstyle-query v1.1.5
#21 6.122    Compiling webpki-roots v0.26.11
#21 6.154    Compiling rustls-native-certs v0.8.4
#21 6.250    Compiling portable-atomic v1.15.0
#21 6.252    Compiling anstyle v1.0.14
#21 6.278    Compiling zopfli v0.8.3
#21 6.280    Compiling is_terminal_polyfill v1.70.2
#21 6.281    Compiling unsafe-libyaml v0.2.11
#21 6.300    Compiling ryu v1.0.23
#21 6.334    Compiling unicode-width v0.2.2
#21 6.354    Compiling tracing-log v0.2.0
#21 6.381    Compiling sharded-slab v0.1.7
#21 6.382    Compiling thread_local v1.1.10
#21 6.393    Compiling nu-ansi-term v0.50.3
#21 6.394    Compiling owo-colors v4.3.0
#21 6.428    Compiling heck v0.5.0
#21 6.437    Compiling strsim v0.11.1
#21 6.541    Compiling clap_lex v1.1.0
#21 6.585    Compiling unit-prefix v0.5.2
#21 6.586    Compiling shell-words v1.1.1
#21 6.728    Compiling anstream v1.0.0
#21 6.837    Compiling bzip2 v0.6.1
#21 6.882    Compiling hybrid-array v0.4.14
#21 7.033    Compiling syn v2.0.119
#21 7.033    Compiling syn v3.0.4
#21 7.034    Compiling verus_syn v0.0.0-2026-09-06-0133
#21 7.059    Compiling clap_builder v4.6.6
#21 7.350    Compiling jobserver v0.1.35
#21 7.351    Compiling getrandom v0.2.17
#21 7.351    Compiling filetime v0.2.29
#21 7.351    Compiling gripsack-process v0.42.0 (/app/crates/gripsack-process)
#21 7.351    Compiling console v0.16.4
#21 7.403    Compiling toml_parser v1.1.3+spec-1.1.0
#21 7.659    Compiling cc v1.4.4
#21 7.762    Compiling crypto-common v0.2.2
#21 7.762    Compiling block-buffer v0.12.1
#21 7.889    Compiling regex-automata v0.4.18
#21 8.048    Compiling indicatif v0.18.6
#21 9.901    Compiling digest v0.11.3
#21 10.17    Compiling sha2 v0.11.0
#21 10.54    Compiling serde_spanned v1.1.1
#21 10.54    Compiling toml_datetime v0.7.5+spec-1.1.0
#21 10.54    Compiling toml_datetime v1.1.1+spec-1.1.0
#21 10.90    Compiling ring v0.17.14
#21 10.90    Compiling zstd-sys v2.0.16+zstd.1.5.7
#21 10.90    Compiling lzma-sys v0.1.20
#21 10.93    Compiling toml v0.9.12+spec-1.1.0
#21 11.14    Compiling toml v1.1.4+spec-1.1.0
#21 11.14    Compiling toml_edit v0.25.13+spec-1.1.0
#21 11.38    Compiling flate2 v1.1.9
#21 13.46    Compiling xz2 v0.1.7
#21 13.71    Compiling matchers v0.2.0
#21 14.14    Compiling fs-set-times v0.20.3
#21 14.14    Compiling rustix-linux-procfs v0.1.1
#21 14.14    Compiling tempfile v3.27.0
#21 14.14    Compiling xattr v1.6.1
#21 14.35    Compiling tar v0.4.46
#21 14.83    Compiling dialoguer v0.12.0
#21 15.91    Compiling gripsack-fs v0.42.0 (/app/crates/gripsack-fs)
#21 16.31    Compiling synstructure v0.13.2
#21 16.42    Compiling zstd v0.13.3
#21 16.72    Compiling rustls-webpki v0.103.15
#21 16.78    Compiling zip v8.6.0
#21 17.30    Compiling zerovec-derive v0.11.6
#21 17.30    Compiling displaydoc v0.2.7
#21 17.30    Compiling serde_derive v1.0.229
#21 17.31    Compiling thiserror-impl v2.0.20
#21 17.31    Compiling clap_derive v4.6.4
#21 18.38    Compiling zerofrom-derive v0.1.7
#21 18.38    Compiling yoke-derive v0.8.2
#21 18.38    Compiling tracing-attributes v0.1.31
#21 20.13    Compiling clap v4.6.6
#21 20.17    Compiling verus_builtin_macros v0.0.0-2026-09-06-0133
#21 20.17    Compiling verus_state_machines_macros v0.0.0-2026-09-06-0133
#21 20.22    Compiling zerofrom v0.1.8
#21 20.30    Compiling tracing v0.1.44
#21 20.31    Compiling yoke v0.8.3
#21 20.50    Compiling zerovec v0.11.8
#21 20.50    Compiling zerotrie v0.2.5
#21 21.36    Compiling tinystr v0.8.4
#21 21.36    Compiling potential_utf v0.1.6
#21 21.49    Compiling icu_collections v2.3.0
#21 21.57    Compiling icu_locale_core v2.3.0
#21 22.59    Compiling serde_yaml v0.9.34+deprecated
#21 22.59    Compiling tracing-serde v0.2.0
#21 22.71    Compiling tracing-subscriber v0.3.23
#21 22.98    Compiling icu_provider v2.3.1
#21 23.30    Compiling icu_normalizer v2.3.0
#21 23.30    Compiling icu_properties v2.3.0
#21 24.90    Compiling idna_adapter v1.2.2
#21 25.01    Compiling idna v1.1.0
#21 25.40    Compiling url v2.5.8
#21 26.03    Compiling ureq v2.12.1
#21 30.93    Compiling gripsack-policy v0.42.0 (/app/crates/gripsack-policy)
#21 31.16    Compiling gripsack-ir v0.42.0 (/app/crates/gripsack-ir)
#21 35.32    Compiling gripsack-store v0.42.0 (/app/crates/gripsack-store)
#21 35.32    Compiling gripsack-config v0.42.0 (/app/crates/gripsack-config)
#21 35.32    Compiling griplint v0.42.0 (/app/crates/griplint)
#21 36.82    Compiling gripsack-fetch v0.42.0 (/app/crates/gripsack-fetch)
#21 36.82    Compiling gripsack-trace v0.42.0 (/app/crates/gripsack-trace)
#21 38.87    Compiling gripsack-lint v0.42.0 (/app/crates/gripsack-lint)
#21 38.87    Compiling gripsack-exec v0.42.0 (/app/crates/gripsack-exec)
#21 44.92    Compiling gripsack v0.42.0 (/app/crates/gripsack)
#21 54.76     Finished `dev` profile [unoptimized + debuginfo] target(s) in 54.28s
#21 DONE 55.1s

#22 [e2e  3/12] RUN apt-get update -qq && apt-get install -y -qq --no-install-recommends git     && rm -rf /var/lib/apt/lists/*
#22 CACHED

#23 [e2e  4/12] ADD --checksum=sha256:394f07f4da2bebe6ce6f1e7ce0fa16429b29b08c35e3fac3fe25972676dff4b2 https://github.com/denoland/deno/releases/download/v2.9.6/deno-x86_64-unknown-linux-gnu.zip /tmp/deno.zip
#23 CACHED

#24 [e2e  5/12] RUN python3 -m zipfile -e /tmp/deno.zip /tmp/deno     && mkdir -p /root/.local/share/gripsack/tools/deno-2.9.6     && mv /tmp/deno/deno /root/.local/share/gripsack/tools/deno-2.9.6/deno     && chmod 755 /root/.local/share/gripsack/tools/deno-2.9.6/deno     && rm -rf /tmp/deno.zip /tmp/deno
#24 CACHED

#25 [e2e  2/12] WORKDIR /app
#25 CACHED

#26 [e2e  6/12] RUN printf 'uv==%s --hash=sha256:f7d6248ad9f2d282fea795f248da8fa666ab382df50d8385bd98e01049440a0c --hash=sha256:bd0afae6918795c6a61a649e64d735e339f3d62f8310235da6f19eb3f66f323b\n' "0.12.10" > /tmp/uv.req     && pip install --no-cache-dir --no-deps --require-hashes -r /tmp/uv.req     && uv --version     && rm -f /tmp/uv.req
#26 CACHED

#27 [e2e  7/12] COPY --from=bin /app/target/debug/grip /usr/local/bin/grip
#27 DONE 0.1s

#28 [e2e  8/12] COPY e2e/pyproject.toml e2e/uv.lock ./e2e/
#28 DONE 0.1s

#29 [e2e  9/12] RUN cd e2e && uv sync --locked
#29 0.368 Using CPython 3.13.15 interpreter at: /usr/local/bin/python3
#29 0.368 Creating virtual environment at: .venv
#29 0.377 Resolved 10 packages in 4ms
#29 0.489 Downloading pygments (1.2MiB)
#29 0.589  Downloaded pygments
#29 0.589 Prepared 5 packages in 212ms
#29 0.608 Installed 5 packages in 18ms
#29 0.608  + iniconfig==2.3.0
#29 0.608  + packaging==26.3
#29 0.608  + pluggy==1.6.0
#29 0.608  + pygments==2.21.0
#29 0.608  + pytest==9.1.1
#29 DONE 0.6s

#30 [e2e 10/12] COPY e2e ./e2e
#30 DONE 0.1s

#31 [e2e 11/12] COPY examples ./examples
#31 DONE 0.1s

#32 [e2e 12/12] WORKDIR /app/e2e
#32 DONE 0.1s

#33 exporting to image
#33 exporting layers
#33 exporting layers 3.0s done
#33 exporting manifest sha256:7455b92a17248cb096afdccc40bee07f365fc9a7d56084325a77cd57128672b7 0.0s done
#33 exporting config sha256:fa5f46284ca2a9862103823e96b80d1c94a7c263aa2eb730a0780783bc7fa1f6 0.0s done
#33 exporting attestation manifest sha256:6ff1f961cb15ce98a8398ad769961ca47fa52ccbee98abd16fd8f2fee9be77cc 0.0s done
#33 exporting manifest list sha256:c391528de143f6b0b1e4559348d227d7bbf9d19ee6435d3005ca2cd1a7ba5820 0.0s done
#33 naming to docker.io/library/gripsack-e2e:latest done
#33 unpacking to docker.io/library/gripsack-e2e:latest
#33 unpacking to docker.io/library/gripsack-e2e:latest 0.9s done
#33 DONE 4.1s

#34 resolving provenance for metadata file
#34 DONE 0.0s
 Image gripsack-e2e Built 
 Container gripsack-e2e-run-6019768f9a05 Creating 
 Container gripsack-e2e-run-6019768f9a05 Created 
============================= test session starts ==============================
platform linux -- Python 3.13.15, pytest-9.1.1, pluggy-1.6.0
rootdir: /app/e2e
configfile: pyproject.toml
collected 348 items

test_activation_lifecycle.py ...........                                 [  3%]
test_adopt.py .............                                              [  6%]
test_apply_lifecycle.py ........                                         [  9%]
test_build_closures.py .......                                           [ 11%]
test_complete_pins.py ...........                                        [ 14%]
test_contract_fidelity.py ..........................                     [ 21%]
test_destination_ownership.py .............                              [ 25%]
test_eval_gate.py ................................                       [ 34%]
test_execution_contracts.py ..........                                   [ 37%]
test_fetchers.py ..................                                      [ 42%]
test_gc_admission.py .................                                   [ 47%]
test_generation_history.py ..........                                    [ 50%]
test_golden.py .....                                                     [ 52%]
test_http_policy.py ............                                         [ 55%]
test_journey.py .....                                                    [ 56%]
test_journey_contracts.py ...                                            [ 57%]
test_linters.py ............                                             [ 61%]
test_merge_boundaries.py .......                                         [ 63%]
test_migration_feedback.py .........                                     [ 65%]
test_ownership_modes.py ................                                 [ 70%]
test_persistence_matrix.py ......                                        [ 72%]
test_plan_operations.py ...                                              [ 72%]
test_self_update.py .....                                                [ 74%]
test_store_hygiene.py ........                                           [ 76%]
test_trace_context.py ..                                                 [ 77%]
test_transaction_recovery.py ..........                                  [ 80%]
test_update_surveys.py ........                                          [ 82%]
test_workspace_contract.py .......................                       [ 89%]
test_workspace_diagnostics.py ..............................             [ 97%]
test_workspace_files.py ........                                         [100%]

======================= 348 passed in 924.18s (0:15:24) ========================

RUNNER_COMMAND=docker compose run --build --rm model
 Image gripsack-model Building 
#1 [internal] load local bake definitions
#1 reading from stdin 535B done
#1 DONE 0.0s

#2 [internal] load build definition from Dockerfile
#2 transferring dockerfile: 11.00kB done
#2 DONE 0.0s

#3 resolve image config for docker-image://docker.io/docker/dockerfile:1
#3 DONE 0.7s

#4 docker-image://docker.io/docker/dockerfile:1@sha256:ecfaec9ed6d810b56388c508f4121597bfbba70d41a6dfeee4d8cad5f295fc32
#4 resolve docker.io/docker/dockerfile:1@sha256:ecfaec9ed6d810b56388c508f4121597bfbba70d41a6dfeee4d8cad5f295fc32 0.0s done
#4 CACHED

#5 [internal] load metadata for docker.io/library/eclipse-temurin:21-jre@sha256:7a65df4b22d2de92d4e04056e884f3b9122d70b21e2847fd66084278bd0ce037
#5 DONE 0.6s

#6 [internal] load .dockerignore
#6 transferring context: 139B done
#6 DONE 0.0s

#7 [model 2/6] ADD --checksum=sha256:936a262061c914694dfd669a543be24573c45d5aa0ff20a8b96b23d01e050e88 https://github.com/tlaplus/tlaplus/releases/download/v1.7.4/tla2tools.jar /tla/tla2tools.jar
#7 DONE 0.0s

#8 [internal] load build context
#8 DONE 0.0s

#9 [model 1/6] FROM docker.io/library/eclipse-temurin:21-jre@sha256:7a65df4b22d2de92d4e04056e884f3b9122d70b21e2847fd66084278bd0ce037
#9 resolve docker.io/library/eclipse-temurin:21-jre@sha256:7a65df4b22d2de92d4e04056e884f3b9122d70b21e2847fd66084278bd0ce037 0.0s done
#9 DONE 0.0s

#8 [internal] load build context
#8 transferring context: 122.65kB 0.0s done
#8 DONE 0.1s

#10 [model 6/6] RUN sh scripts/check_models.sh /tla/tla2tools.jar
#10 CACHED

#11 exporting to image
#11 exporting layers done
#11 exporting manifest sha256:8decfbbf59c6f193d5c5b9e3989490a09ed8ff7b76fade146d6fe835d78b1735 done
#11 exporting config sha256:285b3c127009c922a5315c2aedc193665fa7d89ef3ee0e78a3a42c3ed6cc4491 done
#11 exporting attestation manifest sha256:bba000852496f26bc0461a0e03031b2e7cab3704f8aaef1b92b8a406204819fe
#11 exporting attestation manifest sha256:bba000852496f26bc0461a0e03031b2e7cab3704f8aaef1b92b8a406204819fe 0.0s done
#11 exporting manifest list sha256:764d301ca696476fbb4743453d23f8564351ab442862028ea7b636529184bd8f 0.0s done
#11 naming to docker.io/library/gripsack-model:latest 0.0s done
#11 unpacking to docker.io/library/gripsack-model:latest
#11 unpacking to docker.io/library/gripsack-model:latest 0.0s done
#11 DONE 0.3s

#12 resolving provenance for metadata file
#12 DONE 0.1s
 Image gripsack-model Built 
 Container gripsack-model-run-7fc8c6712bff Creating 
 Container gripsack-model-run-7fc8c6712bff Created 
gate passed: model checks via scripts/check_models.sh (TLC, positive + calibrated negative configs)

RUNNER_COMMAND=docker compose run --build --rm tlaps
 Image gripsack-tlaps Building 
#1 [internal] load local bake definitions
#1 reading from stdin 587B done
#1 DONE 0.0s

#2 [internal] load build definition from Dockerfile
#2 transferring dockerfile: 11.00kB done
#2 DONE 0.0s

#3 resolve image config for docker-image://docker.io/docker/dockerfile:1
#3 DONE 0.6s

#4 docker-image://docker.io/docker/dockerfile:1@sha256:ecfaec9ed6d810b56388c508f4121597bfbba70d41a6dfeee4d8cad5f295fc32
#4 resolve docker.io/docker/dockerfile:1@sha256:ecfaec9ed6d810b56388c508f4121597bfbba70d41a6dfeee4d8cad5f295fc32 0.0s done
#4 CACHED

#5 [internal] load metadata for docker.io/library/eclipse-temurin:21-jre@sha256:7a65df4b22d2de92d4e04056e884f3b9122d70b21e2847fd66084278bd0ce037
#5 DONE 0.6s

#6 [internal] load .dockerignore
#6 transferring context: 139B done
#6 DONE 0.0s

#7 [model 2/6] ADD --checksum=sha256:936a262061c914694dfd669a543be24573c45d5aa0ff20a8b96b23d01e050e88 https://github.com/tlaplus/tlaplus/releases/download/v1.7.4/tla2tools.jar /tla/tla2tools.jar
#7 DONE 0.0s

#8 [internal] load build context
#8 DONE 0.0s

#9 [tlaps 2/5] ADD --checksum=sha256:a2860384bc89c4c5b2c73ec367e29f44d829e4d4a2698ab295139f829219331c https://github.com/tlaplus/tlapm/releases/download/1.6.0-pre/tlapm-1.6.0-pre-x86_64-linux-gnu.tar.gz /tmp/tlapm.tar.gz
#9 DONE 0.0s

#10 [model 1/6] FROM docker.io/library/eclipse-temurin:21-jre@sha256:7a65df4b22d2de92d4e04056e884f3b9122d70b21e2847fd66084278bd0ce037
#10 resolve docker.io/library/eclipse-temurin:21-jre@sha256:7a65df4b22d2de92d4e04056e884f3b9122d70b21e2847fd66084278bd0ce037 0.0s done
#10 DONE 0.0s

#8 [internal] load build context
#8 transferring context: 4.83kB done
#8 DONE 0.1s

#11 [tlaps 3/5] RUN mkdir -p /opt/tlapm && tar -xzf /tmp/tlapm.tar.gz -C /opt/tlapm --strip-components=1     && rm /tmp/tlapm.tar.gz
#11 CACHED

#12 [model 2/6] ADD --checksum=sha256:936a262061c914694dfd669a543be24573c45d5aa0ff20a8b96b23d01e050e88 https://github.com/tlaplus/tlaplus/releases/download/v1.7.4/tla2tools.jar /tla/tla2tools.jar
#12 CACHED

#13 [model 5/6] COPY scripts/check_models.sh ./scripts/check_models.sh
#13 CACHED

#14 [tlaps 1/5] RUN apt-get update -qq && apt-get install -y -qq --no-install-recommends     python3 libgmp10     && rm -rf /var/lib/apt/lists/*
#14 CACHED

#15 [tlaps 2/5] ADD --checksum=sha256:a2860384bc89c4c5b2c73ec367e29f44d829e4d4a2698ab295139f829219331c https://github.com/tlaplus/tlapm/releases/download/1.6.0-pre/tlapm-1.6.0-pre-x86_64-linux-gnu.tar.gz /tmp/tlapm.tar.gz
#15 CACHED

#16 [tlaps 4/5] COPY scripts/check_tlaps.py scripts/tlaps_evidence.py ./scripts/
#16 CACHED

#17 [model 3/6] WORKDIR /work
#17 CACHED

#18 [model 4/6] COPY specs ./specs
#18 CACHED

#19 [tlaps 5/5] RUN python3 scripts/check_tlaps.py
#19 CACHED

#20 [model 6/6] RUN sh scripts/check_models.sh /tla/tla2tools.jar
#20 CACHED

#21 exporting to image
#21 exporting layers done
#21 exporting manifest sha256:751b48ab8bd371d69569653e3ed4bc0320a985d142164ae67bb719aa56e4e752 done
#21 exporting config sha256:38279ba7055c1791a64483247fc0e88f5a1605a9e68162b820d9bb2f5b49edc4 done
#21 exporting attestation manifest sha256:16f85f3060d4827587ee50824caf702309c4fe86160c1599521c0eda8909d5ff 0.0s done
#21 exporting manifest list sha256:fa26ca5f21d1d7771489bdf41d2845bcab808120e8b94142e1d182904c0df76a 0.0s done
#21 naming to docker.io/library/gripsack-tlaps:latest
#21 naming to docker.io/library/gripsack-tlaps:latest 0.0s done
#21 unpacking to docker.io/library/gripsack-tlaps:latest 0.0s done
#21 DONE 0.3s

#22 resolving provenance for metadata file
#22 DONE 0.0s
 Image gripsack-tlaps Built 
 Container gripsack-tlaps-run-b1f2d06c5d15 Creating 
 Container gripsack-tlaps-run-b1f2d06c5d15 Created 
gate passed: transaction induction and calibrated TLAPS/TLC failures

RUNNER_COMMAND=docker compose run --build --rm verify
 Image gripsack-verify Building 
#1 [internal] load local bake definitions
#1 reading from stdin 540B done
#1 DONE 0.0s

#2 [internal] load build definition from Dockerfile
#2 transferring dockerfile: 11.00kB done
#2 DONE 0.0s

#3 resolve image config for docker-image://docker.io/docker/dockerfile:1
#3 DONE 0.6s

#4 docker-image://docker.io/docker/dockerfile:1@sha256:ecfaec9ed6d810b56388c508f4121597bfbba70d41a6dfeee4d8cad5f295fc32
#4 resolve docker.io/docker/dockerfile:1@sha256:ecfaec9ed6d810b56388c508f4121597bfbba70d41a6dfeee4d8cad5f295fc32 0.0s done
#4 CACHED

#5 [internal] load metadata for docker.io/library/ubuntu:24.04@sha256:224a1869083a311ef3f13648a154ba79832fbef6364d31493642ca03082da254
#5 DONE 0.7s

#6 [internal] load .dockerignore
#6 transferring context: 139B done
#6 DONE 0.0s

#7 [verify  3/11] ADD --checksum=sha256:13d01e134c0620c3b29770874707d16c33b3d227c843a489c8ceb744d43c0a16 https://github.com/verus-lang/verus/releases/download/release/0.2026.09.06.8dea4a2/verus-0.2026.09.06.8dea4a2-x86-linux.zip /tmp/verus.zip
#7 DONE 0.0s

#8 [verify  4/11] ADD --checksum=sha256:7288c49a5bd6dbafd7b0b0d1f65956b91672da24b08f09242919af159be3418e https://github.com/Z3Prover/z3/releases/download/z3-4.16.0/z3-4.16.0-x64-glibc-2.39.zip /tmp/z3.zip
#8 DONE 0.0s

#9 [verify  1/11] FROM docker.io/library/ubuntu:24.04@sha256:224a1869083a311ef3f13648a154ba79832fbef6364d31493642ca03082da254
#9 resolve docker.io/library/ubuntu:24.04@sha256:224a1869083a311ef3f13648a154ba79832fbef6364d31493642ca03082da254 0.0s done
#9 DONE 0.0s

#10 [internal] load build context
#10 transferring context: 2.44MB 0.2s done
#10 DONE 0.2s

#11 [verify  5/11] RUN unzip -q /tmp/verus.zip -d /opt && unzip -q /tmp/z3.zip -d /opt     && rm /tmp/verus.zip /tmp/z3.zip     && curl -fsSL https://sh.rustup.rs | sh -s -- -y --default-toolchain 1.98.0        --component rustc-dev --component llvm-tools --component rustfmt
#11 CACHED

#12 [verify  6/11] WORKDIR /app
#12 CACHED

#13 [verify  2/11] RUN apt-get update -qq && apt-get install -y -qq --no-install-recommends     curl ca-certificates unzip build-essential python3     && rm -rf /var/lib/apt/lists/*
#13 CACHED

#14 [verify  3/11] ADD --checksum=sha256:13d01e134c0620c3b29770874707d16c33b3d227c843a489c8ceb744d43c0a16 https://github.com/verus-lang/verus/releases/download/release/0.2026.09.06.8dea4a2/verus-0.2026.09.06.8dea4a2-x86-linux.zip /tmp/verus.zip
#14 CACHED

#15 [verify  4/11] ADD --checksum=sha256:7288c49a5bd6dbafd7b0b0d1f65956b91672da24b08f09242919af159be3418e https://github.com/Z3Prover/z3/releases/download/z3-4.16.0/z3-4.16.0-x64-glibc-2.39.zip /tmp/z3.zip
#15 CACHED

#16 [verify  7/11] COPY Cargo.toml Cargo.lock ./
#16 CACHED

#17 [verify  8/11] COPY crates ./crates
#17 DONE 0.4s

#18 [verify  9/11] COPY fuzz ./fuzz
#18 DONE 0.1s

#19 [verify 10/11] COPY scripts/check_verus.sh scripts/check_verus.py scripts/verus_evidence.py ./scripts/
#19 DONE 0.2s

#20 [verify 11/11] RUN sh scripts/check_verus.sh
#20 0.673 VERUS_GATE_NEGATIVES=10
#20 0.674 RUNNER_COMMAND=cargo verus verify --manifest-path /app/crates/gripsack-policy/Cargo.toml -p gripsack-policy --locked --message-format=json -- --output-json --time-expanded
#20 47.21 VERUS_RESULT={"encountered-error": false, "encountered-vir-error": false, "errors": 0, "is-verifying-entire-crate": true, "success": true, "verified": 72}
#20 47.21 positive: verification results:: 72 verified, 0 errors
#20 47.21 VERUS_FAMILY=recovery checked=1 functions=classify
#20 47.21 VERUS_FAMILY=ownership checked=2 functions=ownership::plan_copy,ownership::plan_link
#20 47.21 VERUS_FAMILY=retention checked=7 functions=retention::admit_gc,retention::contains_generation,retention::contains_identity,retention::plan_prune,retention::plan_delete,retention::lemma_delete_monotone,retention::lemma_delete_monotone_prefix
#20 47.21 VERUS_FAMILY=merge checked=6 functions=merge::splice_bytes,merge::lemma_rest_is_gaps,merge::lemma_splice_canonical,merge::lemma_splice_identity,merge::lemma_gaps_end_with_tail,merge::lemma_splice_preserves_edges
#20 47.21 VERUS_FAMILY=graph checked=3 functions=graph::build_closure,graph::build_only_members,graph::lemma_reachable_visited
#20 47.21 VERUS_FAMILY=graph-roles checked=2 functions=graph::roles::project_graph_roles,graph::roles::GraphRole::is_dependency
#20 47.21 VERUS_FAMILY=graph-name-index checked=3 functions=graph::name_index::bind_output_index,graph::name_index::BoundOutputIndex::position,graph::name_index::distinct_names_have_distinct_indices
#20 47.21 VERUS_FAMILY=target checked=2 functions=target::release_at_most,target::supports_target
#20 47.21 VERUS_FAMILY=scheduler checked=11 functions=schedule::PureScheduler::new,schedule::PureScheduler::start_next,schedule::PureScheduler::finish_ok,schedule::PureScheduler::finish_fail,schedule::PureScheduler::failed,schedule::lemma_unfinished_count_zero,schedule::lemma_unfinished_count_zero_reverse,schedule::lemma_unfinished_count_decrement,schedule::lemma_unfinished_count_none_finished,schedule::lemma_fresh_entry,schedule::lemma_cast_collapse
#20 47.83 RUNNER_COMMAND=cargo verus verify --manifest-path /tmp/gripsack-verus-np8u0751/classifier/crates/gripsack-policy/Cargo.toml -p gripsack-policy --locked --message-format=json -- --output-json --time-expanded
#20 83.31 VERUS_RESULT={"encountered-error": true, "encountered-vir-error": false, "errors": 1, "is-verifying-entire-crate": true, "success": false, "verified": 71}
#20 83.31 VERUS_DIAGNOSTIC={"$message_type": "diagnostic", "children": [], "code": null, "level": "error", "message": "postcondition not satisfied", "rendered": "error: postcondition not satisfied\n  --> crates/gripsack-policy/src/lib.rs:66:9\n   |\n66 |           (result == Classification::Committed) <==> facts.current == Some(facts.target),\n   |           ^^^^^^^^^^^^^^^^^^^^^^^^^^^^^^^^^^^^^^^^^^^^^^^^^^^^^^^^^^^^^^^^^^^^^^^^^^^^^^ failed this postcondition\n...\n82 | /     match (facts.previous, facts.current) {\n83 | |         (Some(_), Some(c)) if c == facts.target => Classification::Committed,\n84 | |         (Some(prev), Some(c)) if c == prev => Classification::Uncommitted,\n85 | |         (Some(_), _) => Classification::Committed,\n...  |\n90 | |         (None, Some(_)) => Classification::Ambiguous,\n91 | |     }\n   | |_____- at the end of the function body\n\n", "spans": [{"byte_end": 4105, "byte_start": 3552, "column_end": 6, "column_start": 5, "expansion": null, "file_name": "crates/gripsack-policy/src/lib.rs", "is_primary": false, "label": "at the end of the function body", "line_end": 91, "line_start": 82, "suggested_replacement": null, "suggestion_applicability": null, "text": [{"highlight_end": 44, "highlight_start": 5, "text": "    match (facts.previous, facts.current) {"}, {"highlight_end": 78, "highlight_start": 1, "text": "        (Some(_), Some(c)) if c == facts.target => Classification::Committed,"}, {"highlight_end": 75, "highlight_start": 1, "text": "        (Some(prev), Some(c)) if c == prev => Classification::Uncommitted,"}, {"highlight_end": 51, "highlight_start": 1, "text": "        (Some(_), _) => Classification::Committed,"}, {"highlight_end": 72, "highlight_start": 1, "text": "        // a fresh machine's first run: current at the target means the"}, {"highlight_end": 50, "highlight_start": 1, "text": "        // flip landed; absent means it never did"}, {"highlight_end": 75, "highlight_start": 1, "text": "        (None, Some(c)) if c == facts.target => Classification::Committed,"}, {"highlight_end": 53, "highlight_start": 1, "text": "        (None, None) => Classification::Uncommitted,"}, {"highlight_end": 54, "highlight_start": 1, "text": "        (None, Some(_)) => Classification::Ambiguous,"}, {"highlight_end": 6, "highlight_start": 1, "text": "    }"}]}, {"byte_end": 2800, "byte_start": 2722, "column_end": 87, "column_start": 9, "expansion": null, "file_name": "crates/gripsack-policy/src/lib.rs", "is_primary": true, "label": "failed this postcondition", "line_end": 66, "line_start": 66, "suggested_replacement": null, "suggestion_applicability": null, "text": [{"highlight_end": 87, "highlight_start": 9, "text": "        (result == Classification::Committed) <==> facts.current == Some(facts.target),"}]}]}
#20 83.31 VERUS_DIAGNOSTIC={"$message_type": "diagnostic", "children": [], "code": null, "level": "error", "message": "postcondition not satisfied", "rendered": "error: postcondition not satisfied\n  --> crates/gripsack-policy/src/lib.rs:76:9\n   |\n76 | /         (result == Classification::Ambiguous) <==> (\n77 | |             facts.current != Some(facts.target)\n78 | |             && !(facts.current.is_none() && facts.previous.is_none())\n79 | |             && !(facts.previous.is_some() && facts.current == facts.previous)\n80 | |         ),\n   | |_________^ failed this postcondition\n81 |   {\n82 | /     match (facts.previous, facts.current) {\n83 | |         (Some(_), Some(c)) if c == facts.target => Classification::Committed,\n84 | |         (Some(prev), Some(c)) if c == prev => Classification::Uncommitted,\n85 | |         (Some(_), _) => Classification::Committed,\n...  |\n90 | |         (None, Some(_)) => Classification::Ambiguous,\n91 | |     }\n   | |_____- at the end of the function body\n\n", "spans": [{"byte_end": 4105, "byte_start": 3552, "column_end": 6, "column_start": 5, "expansion": null, "file_name": "crates/gripsack-policy/src/lib.rs", "is_primary": false, "label": "at the end of the function body", "line_end": 91, "line_start": 82, "suggested_replacement": null, "suggestion_applicability": null, "text": [{"highlight_end": 44, "highlight_start": 5, "text": "    match (facts.previous, facts.current) {"}, {"highlight_end": 78, "highlight_start": 1, "text": "        (Some(_), Some(c)) if c == facts.target => Classification::Committed,"}, {"highlight_end": 75, "highlight_start": 1, "text": "        (Some(prev), Some(c)) if c == prev => Classification::Uncommitted,"}, {"highlight_end": 51, "highlight_start": 1, "text": "        (Some(_), _) => Classification::Committed,"}, {"highlight_end": 72, "highlight_start": 1, "text": "        // a fresh machine's first run: current at the target means the"}, {"highlight_end": 50, "highlight_start": 1, "text": "        // flip landed; absent means it never did"}, {"highlight_end": 75, "highlight_start": 1, "text": "        (None, Some(c)) if c == facts.target => Classification::Committed,"}, {"highlight_end": 53, "highlight_start": 1, "text": "        (None, None) => Classification::Uncommitted,"}, {"highlight_end": 54, "highlight_start": 1, "text": "        (None, Some(_)) => Classification::Ambiguous,"}, {"highlight_end": 6, "highlight_start": 1, "text": "    }"}]}, {"byte_end": 3544, "byte_start": 3294, "column_end": 10, "column_start": 9, "expansion": null, "file_name": "crates/gripsack-policy/src/lib.rs", "is_primary": true, "label": "failed this postcondition", "line_end": 80, "line_start": 76, "suggested_replacement": null, "suggestion_applicability": null, "text": [{"highlight_end": 53, "highlight_start": 9, "text": "        (result == Classification::Ambiguous) <==> ("}, {"highlight_end": 48, "highlight_start": 1, "text": "            facts.current != Some(facts.target)"}, {"highlight_end": 70, "highlight_start": 1, "text": "            && !(facts.current.is_none() && facts.previous.is_none())"}, {"highlight_end": 78, "highlight_start": 1, "text": "            && !(facts.previous.is_some() && facts.current == facts.previous)"}, {"highlight_end": 10, "highlight_start": 1, "text": "        ),"}]}]}
#20 83.31 calibration: classifier rejected in classify
#20 83.52 RUNNER_COMMAND=cargo verus verify --manifest-path /tmp/gripsack-verus-np8u0751/ownership-drift/crates/gripsack-policy/Cargo.toml -p gripsack-policy --locked --message-format=json -- --output-json --time-expanded
#20 115.9 VERUS_RESULT={"encountered-error": true, "encountered-vir-error": false, "errors": 1, "is-verifying-entire-crate": true, "success": false, "verified": 71}
#20 115.9 VERUS_DIAGNOSTIC={"$message_type": "diagnostic", "children": [], "code": null, "level": "error", "message": "postcondition not satisfied", "rendered": "error: postcondition not satisfied\n  --> crates/gripsack-policy/src/ownership.rs:55:9\n   |\n55 | /         (result == CopyPlan::Update) <==>\n56 | |             (!take_over && live.is_some() && live.unwrap()@ != desired@\n57 | |             && prev.is_some() && !prev.unwrap().1\n58 | |             && live.unwrap()@ == prev.unwrap().0@),\n   | |__________________________________________________^ failed this postcondition\n...\n78 |           Some((written, true)) if live == written => CopyPlan::Update,\n   |           --------------------- at the end of the function body\n\n", "spans": [{"byte_end": 3224, "byte_start": 3203, "column_end": 30, "column_start": 9, "expansion": null, "file_name": "crates/gripsack-policy/src/ownership.rs", "is_primary": false, "label": "at the end of the function body", "line_end": 78, "line_start": 78, "suggested_replacement": null, "suggestion_applicability": null, "text": [{"highlight_end": 30, "highlight_start": 9, "text": "        Some((written, true)) if live == written => CopyPlan::Update,"}]}, {"byte_end": 2499, "byte_start": 2293, "column_end": 51, "column_start": 9, "expansion": null, "file_name": "crates/gripsack-policy/src/ownership.rs", "is_primary": true, "label": "failed this postcondition", "line_end": 58, "line_start": 55, "suggested_replacement": null, "suggestion_applicability": null, "text": [{"highlight_end": 42, "highlight_start": 9, "text": "        (result == CopyPlan::Update) <==>"}, {"highlight_end": 72, "highlight_start": 1, "text": "            (!take_over && live.is_some() && live.unwrap()@ != desired@"}, {"highlight_end": 50, "highlight_start": 1, "text": "            && prev.is_some() && !prev.unwrap().1"}, {"highlight_end": 51, "highlight_start": 1, "text": "            && live.unwrap()@ == prev.unwrap().0@),"}]}]}
#20 115.9 VERUS_DIAGNOSTIC={"$message_type": "diagnostic", "children": [], "code": null, "level": "error", "message": "postcondition not satisfied", "rendered": "error: postcondition not satisfied\n  --> crates/gripsack-policy/src/ownership.rs:61:9\n   |\n61 | /         (result == CopyPlan::Preserve) <==>\n62 | |             (!take_over && live.is_some() && live.unwrap()@ != desired@\n63 | |             && !(prev.is_some() && !prev.unwrap().1\n64 | |                 && live.unwrap()@ == prev.unwrap().0@)),\n   | |_______________________________________________________^ failed this postcondition\n...\n78 |           Some((written, true)) if live == written => CopyPlan::Update,\n   |           --------------------- at the end of the function body\n\n", "spans": [{"byte_end": 3224, "byte_start": 3203, "column_end": 30, "column_start": 9, "expansion": null, "file_name": "crates/gripsack-policy/src/ownership.rs", "is_primary": false, "label": "at the end of the function body", "line_end": 78, "line_start": 78, "suggested_replacement": null, "suggestion_applicability": null, "text": [{"highlight_end": 30, "highlight_start": 9, "text": "        Some((written, true)) if live == written => CopyPlan::Update,"}]}, {"byte_end": 2839, "byte_start": 2624, "column_end": 56, "column_start": 9, "expansion": null, "file_name": "crates/gripsack-policy/src/ownership.rs", "is_primary": true, "label": "failed this postcondition", "line_end": 64, "line_start": 61, "suggested_replacement": null, "suggestion_applicability": null, "text": [{"highlight_end": 44, "highlight_start": 9, "text": "        (result == CopyPlan::Preserve) <==>"}, {"highlight_end": 72, "highlight_start": 1, "text": "            (!take_over && live.is_some() && live.unwrap()@ != desired@"}, {"highlight_end": 52, "highlight_start": 1, "text": "            && !(prev.is_some() && !prev.unwrap().1"}, {"highlight_end": 56, "highlight_start": 1, "text": "                && live.unwrap()@ == prev.unwrap().0@)),"}]}]}
#20 115.9 calibration: ownership-drift rejected in ownership::plan_copy
#20 116.2 RUNNER_COMMAND=cargo verus verify --manifest-path /tmp/gripsack-verus-np8u0751/gc-roots-in-deletion/crates/gripsack-policy/Cargo.toml -p gripsack-policy --locked --message-format=json -- --output-json --time-expanded
#20 143.1 VERUS_RESULT={"encountered-error": true, "encountered-vir-error": false, "errors": 1, "is-verifying-entire-crate": true, "success": false, "verified": 71}
#20 143.1 VERUS_DIAGNOSTIC={"$message_type": "diagnostic", "children": [], "code": null, "level": "error", "message": "invariant not satisfied at end of loop body", "rendered": "error: invariant not satisfied at end of loop body\n   --> crates/gripsack-policy/src/retention.rs:167:13\n    |\n167 | /             out@.map(|_i, s: &str| s@) == spec_delete_prefix(\n168 | |                 referenced@.map(|_i, s: &str| s@),\n169 | |                 candidates@.map(|_i, s: &str| s@),\n170 | |                 i as int,\n171 | |             ),\n    | |_____________^\n\n", "spans": [{"byte_end": 6459, "byte_start": 6268, "column_end": 14, "column_start": 13, "expansion": null, "file_name": "crates/gripsack-policy/src/retention.rs", "is_primary": true, "label": null, "line_end": 171, "line_start": 167, "suggested_replacement": null, "suggestion_applicability": null, "text": [{"highlight_end": 62, "highlight_start": 13, "text": "            out@.map(|_i, s: &str| s@) == spec_delete_prefix("}, {"highlight_end": 51, "highlight_start": 1, "text": "                referenced@.map(|_i, s: &str| s@),"}, {"highlight_end": 51, "highlight_start": 1, "text": "                candidates@.map(|_i, s: &str| s@),"}, {"highlight_end": 26, "highlight_start": 1, "text": "                i as int,"}, {"highlight_end": 14, "highlight_start": 1, "text": "            ),"}]}]}
#20 143.1 calibration: gc-roots-in-deletion rejected in retention::plan_delete
#20 143.3 RUNNER_COMMAND=cargo verus verify --manifest-path /tmp/gripsack-verus-np8u0751/merge-splice/crates/gripsack-policy/Cargo.toml -p gripsack-policy --locked --message-format=json -- --output-json --time-expanded
#20 169.9 VERUS_RESULT={"encountered-error": true, "encountered-vir-error": false, "errors": 1, "is-verifying-entire-crate": true, "success": false, "verified": 71}
#20 169.9 VERUS_DIAGNOSTIC={"$message_type": "diagnostic", "children": [], "code": null, "level": "error", "message": "postcondition not satisfied", "rendered": "error: postcondition not satisfied\n  --> crates/gripsack-policy/src/merge.rs:57:9\n   |\n57 |         result@ == spec_splice(text@, spans@, replacement@),\n   |         ^^^^^^^^^^^^^^^^^^^^^^^^^^^^^^^^^^^^^^^^^^^^^^^^^^^ failed this postcondition\n...\n81 |     out\n   |     --- at the end of the function body\n\n", "spans": [{"byte_end": 2859, "byte_start": 2856, "column_end": 8, "column_start": 5, "expansion": null, "file_name": "crates/gripsack-policy/src/merge.rs", "is_primary": false, "label": "at the end of the function body", "line_end": 81, "line_start": 81, "suggested_replacement": null, "suggestion_applicability": null, "text": [{"highlight_end": 8, "highlight_start": 5, "text": "    out"}]}, {"byte_end": 2130, "byte_start": 2079, "column_end": 60, "column_start": 9, "expansion": null, "file_name": "crates/gripsack-policy/src/merge.rs", "is_primary": true, "label": "failed this postcondition", "line_end": 57, "line_start": 57, "suggested_replacement": null, "suggestion_applicability": null, "text": [{"highlight_end": 60, "highlight_start": 9, "text": "        result@ == spec_splice(text@, spans@, replacement@),"}]}]}
#20 169.9 calibration: merge-splice rejected in merge::splice_bytes
#20 170.1 RUNNER_COMMAND=cargo verus verify --manifest-path /tmp/gripsack-verus-np8u0751/graph-closure/crates/gripsack-policy/Cargo.toml -p gripsack-policy --locked --message-format=json -- --output-json --time-expanded
#20 198.9 VERUS_RESULT={"encountered-error": true, "encountered-vir-error": false, "errors": 1, "is-verifying-entire-crate": true, "success": false, "verified": 71}
#20 198.9 VERUS_DIAGNOSTIC={"$message_type": "diagnostic", "children": [], "code": null, "level": "error", "message": "invariant not satisfied at end of loop body", "rendered": "error: invariant not satisfied at end of loop body\n   --> crates/gripsack-policy/src/graph.rs:199:17\n    |\n199 | /                 forall|j: usize| result@.contains(j) <==>\n200 | |                     (j as int) < n_nodes && visited@[j as int] && j != root,\n    | |___________________________________________________________________________^\n\n", "spans": [{"byte_end": 9557, "byte_start": 9440, "column_end": 76, "column_start": 17, "expansion": null, "file_name": "crates/gripsack-policy/src/graph.rs", "is_primary": true, "label": null, "line_end": 200, "line_start": 199, "suggested_replacement": null, "suggestion_applicability": null, "text": [{"highlight_end": 58, "highlight_start": 17, "text": "                forall|j: usize| result@.contains(j) <==>"}, {"highlight_end": 76, "highlight_start": 1, "text": "                    (j as int) < n_nodes && visited@[j as int] && j != root,"}]}]}
#20 198.9 calibration: graph-closure rejected in graph::build_closure
#20 199.2 RUNNER_COMMAND=cargo verus verify --manifest-path /tmp/gripsack-verus-np8u0751/graph-validation/crates/gripsack-policy/Cargo.toml -p gripsack-policy --locked --message-format=json -- --output-json --time-expanded
#20 226.3 VERUS_RESULT={"encountered-error": true, "encountered-vir-error": false, "errors": 1, "is-verifying-entire-crate": true, "success": false, "verified": 71}
#20 226.3 VERUS_DIAGNOSTIC={"$message_type": "diagnostic", "children": [], "code": null, "level": "error", "message": "assertion failed", "rendered": "error: assertion failed\n  --> crates/gripsack-policy/src/graph/roles.rs:80:20\n   |\n80 |             assert(decision.required_validation == (role == GraphRole::Validation));\n   |                    ^^^^^^^^^^^^^^^^^^^^^^^^^^^^^^^^^^^^^^^^^^^^^^^^^^^^^^^^^^^^^^^ assertion failed\n\n", "spans": [{"byte_end": 3092, "byte_start": 3029, "column_end": 83, "column_start": 20, "expansion": null, "file_name": "crates/gripsack-policy/src/graph/roles.rs", "is_primary": true, "label": "assertion failed", "line_end": 80, "line_start": 80, "suggested_replacement": null, "suggestion_applicability": null, "text": [{"highlight_end": 83, "highlight_start": 20, "text": "            assert(decision.required_validation == (role == GraphRole::Validation));"}]}]}
#20 226.3 calibration: graph-validation rejected in graph::roles::project_graph_roles
#20 226.5 RUNNER_COMMAND=cargo verus verify --manifest-path /tmp/gripsack-verus-np8u0751/graph-name-index/crates/gripsack-policy/Cargo.toml -p gripsack-policy --locked --message-format=json -- --output-json --time-expanded
#20 252.2 VERUS_RESULT={"encountered-error": true, "encountered-vir-error": false, "errors": 1, "is-verifying-entire-crate": true, "success": false, "verified": 71}
#20 252.2 VERUS_DIAGNOSTIC={"$message_type": "diagnostic", "children": [], "code": null, "level": "error", "message": "assertion failed", "rendered": "error: assertion failed\n  --> crates/gripsack-policy/src/graph/name_index.rs:70:16\n   |\n70 |         assert(same_name == (names@[position as int]@ == declared@));\n   |                ^^^^^^^^^^^^^^^^^^^^^^^^^^^^^^^^^^^^^^^^^^^^^^^^^^^^ assertion failed\n\n", "spans": [{"byte_end": 2325, "byte_start": 2273, "column_end": 68, "column_start": 16, "expansion": null, "file_name": "crates/gripsack-policy/src/graph/name_index.rs", "is_primary": true, "label": "assertion failed", "line_end": 70, "line_start": 70, "suggested_replacement": null, "suggestion_applicability": null, "text": [{"highlight_end": 68, "highlight_start": 16, "text": "        assert(same_name == (names@[position as int]@ == declared@));"}]}]}
#20 252.2 calibration: graph-name-index rejected in graph::name_index::bind_output_index
#20 252.4 RUNNER_COMMAND=cargo verus verify --manifest-path /tmp/gripsack-verus-np8u0751/target-abi/crates/gripsack-policy/Cargo.toml -p gripsack-policy --locked --message-format=json -- --output-json --time-expanded
#20 278.0 VERUS_RESULT={"encountered-error": true, "encountered-vir-error": false, "errors": 1, "is-verifying-entire-crate": true, "success": false, "verified": 71}
#20 278.0 VERUS_DIAGNOSTIC={"$message_type": "diagnostic", "children": [], "code": null, "level": "error", "message": "assertion failed", "rendered": "error: assertion failed\n   --> crates/gripsack-policy/src/target.rs:106:16\n    |\n106 |         assert(abi_matches == (provider.abi == consumer.abi));\n    |                ^^^^^^^^^^^^^^^^^^^^^^^^^^^^^^^^^^^^^^^^^^^^^ assertion failed\n\n", "spans": [{"byte_end": 3644, "byte_start": 3599, "column_end": 61, "column_start": 16, "expansion": null, "file_name": "crates/gripsack-policy/src/target.rs", "is_primary": true, "label": "assertion failed", "line_end": 106, "line_start": 106, "suggested_replacement": null, "suggestion_applicability": null, "text": [{"highlight_end": 61, "highlight_start": 16, "text": "        assert(abi_matches == (provider.abi == consumer.abi));"}]}]}
#20 278.0 calibration: target-abi rejected in target::supports_target
#20 278.2 RUNNER_COMMAND=cargo verus verify --manifest-path /tmp/gripsack-verus-np8u0751/scheduler-latch/crates/gripsack-policy/Cargo.toml -p gripsack-policy --locked --message-format=json -- --output-json --time-expanded
#20 303.9 VERUS_RESULT={"encountered-error": true, "encountered-vir-error": false, "errors": 1, "is-verifying-entire-crate": true, "success": false, "verified": 71}
#20 303.9 VERUS_DIAGNOSTIC={"$message_type": "diagnostic", "children": [], "code": null, "level": "error", "message": "postcondition not satisfied", "rendered": "error: postcondition not satisfied\n   --> crates/gripsack-policy/src/schedule.rs:562:13\n    |\n562 |               old(self).failed ==> result.is_none(),\n    |               ^^^^^^^^^^^^^^^^^^^^^^^^^^^^^^^^^^^^^ failed this postcondition\n563 |               old(self).failed ==> final(self).failed,\n564 | /     {\n565 | |         if self.head >= self.ready.len() {\n566 | |             return None;\n...   |\n637 | |         Some(module)\n638 | |     }\n    | |_____- at the end of the function body\n\n", "spans": [{"byte_end": 26982, "byte_start": 23366, "column_end": 6, "column_start": 5, "expansion": null, "file_name": "crates/gripsack-policy/src/schedule.rs", "is_primary": false, "label": "at the end of the function body", "line_end": 638, "line_start": 564, "suggested_replacement": null, "suggestion_applicability": null, "text": [{"highlight_end": 6, "highlight_start": 5, "text": "    {"}, {"highlight_end": 43, "highlight_start": 1, "text": "        if self.head >= self.ready.len() {"}, {"highlight_end": 25, "highlight_start": 1, "text": "            return None;"}, {"highlight_end": 10, "highlight_start": 1, "text": "        }"}, {"highlight_end": 66, "highlight_start": 1, "text": "        // entry snapshots: post-mutation reasoning never touches"}, {"highlight_end": 56, "highlight_start": 1, "text": "        // old(self) \u2014 local ghosts cannot be re-seated"}, {"highlight_end": 47, "highlight_start": 1, "text": "        let ghost pre_started = self.started@;"}, {"highlight_end": 51, "highlight_start": 1, "text": "        let ghost pre_remaining = self.remaining@;"}, {"highlight_end": 45, "highlight_start": 1, "text": "        let ghost pre_queued = self.queued@;"}, {"highlight_end": 43, "highlight_start": 1, "text": "        let ghost pre_ready = self.ready@;"}, {"highlight_end": 47, "highlight_start": 1, "text": "        let ghost pre_head = self.head as int;"}, {"highlight_end": 44, "highlight_start": 1, "text": "        let module = self.ready[self.head];"}, {"highlight_end": 16, "highlight_start": 1, "text": "        proof {"}, {"highlight_end": 70, "highlight_start": 1, "text": "            // queue-readiness: the popped module is fully unblocked,"}, {"highlight_end": 67, "highlight_start": 1, "text": "            // so every dependency finished (the exact-count link)"}, {"highlight_end": 51, "highlight_start": 1, "text": "            assert(!self.started@[module as int]);"}, {"highlight_end": 57, "highlight_start": 1, "text": "            assert(self.remaining@[module as int] == 0);"}, {"highlight_end": 85, "highlight_start": 1, "text": "            lemma_unfinished_count_zero(self.deps@[module as int]@, self.finished@);"}, {"highlight_end": 10, "highlight_start": 1, "text": "        }"}, {"highlight_end": 24, "highlight_start": 1, "text": "        self.head += 1;"}, {"highlight_end": 37, "highlight_start": 1, "text": "        self.started[module] = true;"}, {"highlight_end": 16, "highlight_start": 1, "text": "        proof {"}, {"highlight_end": 71, "highlight_start": 1, "text": "            // the entry readiness clause, restated over the snapshots"}, {"highlight_end": 79, "highlight_start": 1, "text": "            assert(forall|i: int| #![trigger pre_started[i], pre_remaining[i]]"}, {"highlight_end": 61, "highlight_start": 1, "text": "                0 <= i < self.deps@.len() && !pre_started[i]"}, {"highlight_end": 61, "highlight_start": 1, "text": "                    && pre_remaining[i] == 0 && !self.failed"}, {"highlight_end": 54, "highlight_start": 1, "text": "                ==> pre_queued.contains(i as usize));"}, {"highlight_end": 44, "highlight_start": 1, "text": "            // the popped module was queued"}, {"highlight_end": 53, "highlight_start": 1, "text": "            assert(pre_queued.contains(module)) by {"}, {"highlight_end": 99, "highlight_start": 1, "text": "                assert(pre_ready.subrange(pre_head, pre_ready.len() as int).contains(module)) by {"}, {"highlight_end": 59, "highlight_start": 1, "text": "                    assert(pre_ready[pre_head] == module);"}, {"highlight_end": 19, "highlight_start": 1, "text": "                };"}, {"highlight_end": 15, "highlight_start": 1, "text": "            };"}, {"highlight_end": 60, "highlight_start": 1, "text": "            self.queued = Ghost(pre_queued.remove(module));"}, {"highlight_end": 62, "highlight_start": 1, "text": "            // the entry window was [module] plus the new one"}, {"highlight_end": 72, "highlight_start": 1, "text": "            assert(pre_ready.subrange(pre_head, pre_ready.len() as int)"}, {"highlight_end": 101, "highlight_start": 1, "text": "                == seq![module] + self.ready@.subrange(self.head as int, self.ready@.len() as int));"}, {"highlight_end": 34, "highlight_start": 1, "text": "            assert forall|i: int|"}, {"highlight_end": 60, "highlight_start": 1, "text": "                #![trigger pre_queued.contains(i as usize)]"}, {"highlight_end": 46, "highlight_start": 1, "text": "                0 <= i < self.deps@.len() ==>"}, {"highlight_end": 51, "highlight_start": 1, "text": "                (self.queued@.contains(i as usize)"}, {"highlight_end": 84, "highlight_start": 1, "text": "                    <==> (pre_queued.contains(i as usize) && i as usize != module))"}, {"highlight_end": 17, "highlight_start": 1, "text": "            by {"}, {"highlight_end": 15, "highlight_start": 1, "text": "            };"}, {"highlight_end": 93, "highlight_start": 1, "text": "            assert(self.ready@.subrange(self.head as int, self.ready@.len() as int).to_set()"}, {"highlight_end": 35, "highlight_start": 1, "text": "                =~= self.queued@);"}, {"highlight_end": 61, "highlight_start": 1, "text": "            assert forall|k: int| #![trigger self.ready@[k]]"}, {"highlight_end": 59, "highlight_start": 1, "text": "                self.head <= k < self.ready@.len() implies"}, {"highlight_end": 54, "highlight_start": 1, "text": "                !self.started@[self.ready@[k] as int]"}, {"highlight_end": 63, "highlight_start": 1, "text": "                && self.remaining@[self.ready@[k] as int] == 0"}, {"highlight_end": 17, "highlight_start": 1, "text": "            by {"}, {"highlight_end": 61, "highlight_start": 1, "text": "                assert(pre_queued.contains(self.ready@[k]));"}, {"highlight_end": 50, "highlight_start": 1, "text": "                assert(self.ready@[k] != module);"}, {"highlight_end": 15, "highlight_start": 1, "text": "            };"}, {"highlight_end": 83, "highlight_start": 1, "text": "            assert forall|i: int| #![trigger self.started@[i], self.remaining@[i]]"}, {"highlight_end": 63, "highlight_start": 1, "text": "                0 <= i < self.deps@.len() && !self.started@[i]"}, {"highlight_end": 63, "highlight_start": 1, "text": "                    && self.remaining@[i] == 0 && !self.failed"}, {"highlight_end": 58, "highlight_start": 1, "text": "                implies self.queued@.contains(i as usize)"}, {"highlight_end": 17, "highlight_start": 1, "text": "            by {"}, {"highlight_end": 41, "highlight_start": 1, "text": "                assert(!pre_started[i]);"}, {"highlight_end": 47, "highlight_start": 1, "text": "                assert(pre_remaining[i] == 0);"}, {"highlight_end": 57, "highlight_start": 1, "text": "                assert(pre_queued.contains(i as usize));"}, {"highlight_end": 67, "highlight_start": 1, "text": "                assert(self.deps@.len() <= usize::MAX as int) by {"}, {"highlight_end": 103, "highlight_start": 1, "text": "                    assert(self.deps@.len() == vstd::std_specs::vec::spec_vec_len(&self.deps) as int);"}, {"highlight_end": 19, "highlight_start": 1, "text": "                };"}, {"highlight_end": 48, "highlight_start": 1, "text": "                lemma_cast_collapse(i, module);"}, {"highlight_end": 42, "highlight_start": 1, "text": "                if i as usize == module {"}, {"highlight_end": 71, "highlight_start": 1, "text": "                    assert(self.started@[module as int]); // the write"}, {"highlight_end": 70, "highlight_start": 1, "text": "                    assert(false); // i == module, but module started"}, {"highlight_end": 18, "highlight_start": 1, "text": "                }"}, {"highlight_end": 59, "highlight_start": 1, "text": "                assert(self.queued@.contains(i as usize));"}, {"highlight_end": 15, "highlight_start": 1, "text": "            };"}, {"highlight_end": 10, "highlight_start": 1, "text": "        }"}, {"highlight_end": 21, "highlight_start": 1, "text": "        Some(module)"}, {"highlight_end": 6, "highlight_start": 1, "text": "    }"}]}, {"byte_end": 23307, "byte_start": 23270, "column_end": 50, "column_start": 13, "expansion": null, "file_name": "crates/gripsack-policy/src/schedule.rs", "is_primary": true, "label": "failed this postcondition", "line_end": 562, "line_start": 562, "suggested_replacement": null, "suggestion_applicability": null, "text": [{"highlight_end": 50, "highlight_start": 13, "text": "            old(self).failed ==> result.is_none(),"}]}]}
#20 303.9 calibration: scheduler-latch rejected in schedule::PureScheduler::start_next
#20 304.1 RUNNER_COMMAND=cargo verus verify --manifest-path /tmp/gripsack-verus-np8u0751/unrelated-lemma/crates/gripsack-policy/Cargo.toml -p gripsack-policy --locked --message-format=json -- --output-json --time-expanded
#20 329.9 VERUS_RESULT={"encountered-error": true, "encountered-vir-error": false, "errors": 1, "is-verifying-entire-crate": true, "success": false, "verified": 72}
#20 329.9 VERUS_DIAGNOSTIC={"$message_type": "diagnostic", "children": [], "code": null, "level": "error", "message": "postcondition not satisfied", "rendered": "error: postcondition not satisfied\n  --> crates/gripsack-policy/src/lib.rs:94:54\n   |\n94 | pub proof fn unrelated_calibration_failure() ensures false {}\n   | --------------------------------------------         ^^^^^ failed this postcondition\n   | |\n   | at the end of the function body\n\n", "spans": [{"byte_end": 4153, "byte_start": 4109, "column_end": 45, "column_start": 1, "expansion": null, "file_name": "crates/gripsack-policy/src/lib.rs", "is_primary": false, "label": "at the end of the function body", "line_end": 94, "line_start": 94, "suggested_replacement": null, "suggestion_applicability": null, "text": [{"highlight_end": 45, "highlight_start": 1, "text": "pub proof fn unrelated_calibration_failure() ensures false {}"}]}, {"byte_end": 4167, "byte_start": 4162, "column_end": 59, "column_start": 54, "expansion": null, "file_name": "crates/gripsack-policy/src/lib.rs", "is_primary": true, "label": "failed this postcondition", "line_end": 94, "line_start": 94, "suggested_replacement": null, "suggestion_applicability": null, "text": [{"highlight_end": 59, "highlight_start": 54, "text": "pub proof fn unrelated_calibration_failure() ensures false {}"}]}]}
#20 329.9 calibration: unrelated lemma refused as classifier evidence
#20 329.9 VERUS_CALIBRATIONS=10
#20 329.9 verify gate: OK
#20 DONE 330.5s

#21 exporting to image
#21 exporting layers
#21 exporting layers 6.6s done
#21 exporting manifest sha256:c92ff2dea3e621114b7f458330bef934b008ac833bbc79f74f83f6eeab1b7519 0.0s done
#21 exporting config sha256:d141bb341fceee6ebcaa833fa35fb2137e0e072075cebd44fa5befd74eb537df 0.0s done
#21 exporting attestation manifest sha256:c937c0195beb435b5b9659af75b6917b583995926206478f7e1aee852e533b47 0.0s done
#21 exporting manifest list sha256:c2657b2bcdd9fdcf75a823ef1a15757ebfdff4862c14eb97e5c3dde1bfb0afcf
#21 exporting manifest list sha256:c2657b2bcdd9fdcf75a823ef1a15757ebfdff4862c14eb97e5c3dde1bfb0afcf 0.0s done
#21 naming to docker.io/library/gripsack-verify:latest done
#21 unpacking to docker.io/library/gripsack-verify:latest
#21 unpacking to docker.io/library/gripsack-verify:latest 3.9s done
#21 DONE 10.7s

#22 resolving provenance for metadata file
#22 DONE 0.0s
 Image gripsack-verify Built 
 Container gripsack-verify-run-ad2ad9af8bf6 Creating 
 Container gripsack-verify-run-ad2ad9af8bf6 Created 
gate passed: cargo verus verify -p gripsack-policy + seeded-mutant calibration (scripts/check_verus.sh)
