GITHUB_RUN=https://github.com/gripsack-dev/gripsack/actions/runs/36239162419/job/108396317823
GITHUB_SOURCE_COMMIT=ce3c7e062335e4749b5da7e60fc7bfe8b8d5d58c
GITHUB_SOURCE_FINGERPRINT=872ccc2079878af8ff598d9458345e9358afc76e2712cf5eb321d5a38cbc36fc
GITHUB_RESULT=required test SUCCESS: delivery 30-case calibration, architecture, Rust fmt/clippy/tests, TypeScript, B0 real pinned Go/BuildKit on Docker 28.0.4 (6/6), real CLI e2e 319/319, TLC positive/mutant gate, Verus 72/0 and seven named mutants
LOG_PROVENANCE=actual GitHub Actions required test job log bytes from authenticated job endpoint. The checked-out source is ce3c7e0; evidence-only later commits reuse only identical behavior source, not an unobserved protected-HEAD status. Native Mac/VM, E0 launchd, production B1/B2 and all remaining original scope are independent.

﻿2026-09-26T11:33:13.4122128Z Current runner version: '2.337.0'
2026-09-26T11:33:13.4146765Z ##[group]Runner Image Provisioner
2026-09-26T11:33:13.4147671Z Hosted Compute Agent
2026-09-26T11:33:13.4148344Z Version: 20260828.587
2026-09-26T11:33:13.4149057Z Commit: abac92662cab4cc7352de4f9f9d2e2419aad9c29
2026-09-26T11:33:13.4149793Z Build Date: 2026-08-28T16:44:25Z
2026-09-26T11:33:13.4150541Z Worker ID: {df2d60df-566f-4aad-a4a9-87e11c51e65e}
2026-09-26T11:33:13.4151273Z Azure Region: westus
2026-09-26T11:33:13.4151828Z ##[endgroup]
2026-09-26T11:33:13.4153396Z ##[group]Operating System
2026-09-26T11:33:13.4154073Z Ubuntu
2026-09-26T11:33:13.4154657Z 24.04.5
2026-09-26T11:33:13.4155232Z LTS
2026-09-26T11:33:13.4155728Z ##[endgroup]
2026-09-26T11:33:13.4156684Z ##[group]Runner Image
2026-09-26T11:33:13.4157299Z Image: ubuntu-24.04
2026-09-26T11:33:13.4157897Z Version: 20260920.314.1
2026-09-26T11:33:13.4159153Z Included Software: https://github.com/actions/runner-images/blob/ubuntu24/20260920.314/images/ubuntu/Ubuntu2404-Readme.md
2026-09-26T11:33:13.4160851Z Image Release: https://github.com/actions/runner-images/releases/tag/ubuntu24%2F20260920.314
2026-09-26T11:33:13.4161821Z ##[endgroup]
2026-09-26T11:33:13.4163123Z ##[group]GITHUB_TOKEN Permissions
2026-09-26T11:33:13.4165003Z Contents: read
2026-09-26T11:33:13.4165722Z Metadata: read
2026-09-26T11:33:13.4166548Z Packages: read
2026-09-26T11:33:13.4167111Z ##[endgroup]
2026-09-26T11:33:13.4169621Z Secret source: Actions
2026-09-26T11:33:13.4170638Z Cache mode: write
2026-09-26T11:33:13.4171401Z Prepare workflow directory
2026-09-26T11:33:13.4526088Z Prepare all required actions
2026-09-26T11:33:13.4575316Z Getting action download info
2026-09-26T11:33:13.8110915Z Download action repository 'actions/checkout@3d3c42e5aac5ba805825da76410c181273ba90b1' (SHA:3d3c42e5aac5ba805825da76410c181273ba90b1)
2026-09-26T11:33:13.9968637Z Complete job name: test
2026-09-26T11:33:14.0751390Z ##[group]Run actions/checkout@3d3c42e5aac5ba805825da76410c181273ba90b1
2026-09-26T11:33:14.0752494Z with:
2026-09-26T11:33:14.0752982Z   repository: gripsack-dev/gripsack
2026-09-26T11:33:14.0756988Z   token: ***
2026-09-26T11:33:14.0757438Z   ssh-strict: true
2026-09-26T11:33:14.0757884Z   ssh-user: git
2026-09-26T11:33:14.0758340Z   persist-credentials: true
2026-09-26T11:33:14.0758837Z   clean: true
2026-09-26T11:33:14.0759296Z   sparse-checkout-cone-mode: true
2026-09-26T11:33:14.0759825Z   fetch-depth: 1
2026-09-26T11:33:14.0760258Z   fetch-tags: false
2026-09-26T11:33:14.0760708Z   show-progress: true
2026-09-26T11:33:14.0761145Z   lfs: false
2026-09-26T11:33:14.0761553Z   submodules: false
2026-09-26T11:33:14.0761991Z   set-safe-directory: true
2026-09-26T11:33:14.0762497Z   allow-unsafe-pr-checkout: false
2026-09-26T11:33:14.0763277Z ##[endgroup]
2026-09-26T11:33:14.1749235Z Syncing repository: gripsack-dev/gripsack
2026-09-26T11:33:14.1751152Z ##[group]Getting Git version info
2026-09-26T11:33:14.1751902Z Working directory is '/home/runner/work/gripsack/gripsack'
2026-09-26T11:33:14.1752945Z [command]/usr/bin/git version
2026-09-26T11:33:14.1842290Z git version 2.55.0
2026-09-26T11:33:14.1867450Z ##[endgroup]
2026-09-26T11:33:14.1878357Z Temporarily overriding HOME='/home/runner/work/_temp/ba5874d6-33c4-4299-8f14-e91539d077bf' before making global git config changes
2026-09-26T11:33:14.1885280Z Adding repository directory to the temporary git global config as a safe directory
2026-09-26T11:33:14.1892996Z [command]/usr/bin/git config --global --add safe.directory /home/runner/work/gripsack/gripsack
2026-09-26T11:33:14.1935133Z Deleting the contents of '/home/runner/work/gripsack/gripsack'
2026-09-26T11:33:14.1939187Z ##[group]Determining repository object format
2026-09-26T11:33:14.1940777Z ##[endgroup]
2026-09-26T11:33:14.1941607Z ##[group]Initializing the repository
2026-09-26T11:33:14.1946484Z [command]/usr/bin/git init /home/runner/work/gripsack/gripsack
2026-09-26T11:33:14.2055351Z hint: Using 'master' as the name for the initial branch. This default branch name
2026-09-26T11:33:14.2057883Z hint: will change to "main" in Git 3.0. To configure the initial branch name
2026-09-26T11:33:14.2059659Z hint: to use in all of your new repositories, which will suppress this warning,
2026-09-26T11:33:14.2060535Z hint: call:
2026-09-26T11:33:14.2061069Z hint:
2026-09-26T11:33:14.2061967Z hint: 	git config --global init.defaultBranch <name>
2026-09-26T11:33:14.2063172Z hint:
2026-09-26T11:33:14.2064246Z hint: Names commonly chosen instead of 'master' are 'main', 'trunk' and
2026-09-26T11:33:14.2066347Z hint: 'development'. The just-created branch can be renamed via this command:
2026-09-26T11:33:14.2067596Z hint:
2026-09-26T11:33:14.2068231Z hint: 	git branch -m <name>
2026-09-26T11:33:14.2068745Z hint:
2026-09-26T11:33:14.2069385Z hint: Disable this message with "git config set advice.defaultBranchName false"
2026-09-26T11:33:14.2070897Z Initialized empty Git repository in /home/runner/work/gripsack/gripsack/.git/
2026-09-26T11:33:14.2073743Z [command]/usr/bin/git remote add origin https://github.com/gripsack-dev/gripsack
2026-09-26T11:33:14.2119969Z ##[endgroup]
2026-09-26T11:33:14.2121182Z ##[group]Disabling automatic garbage collection
2026-09-26T11:33:14.2124008Z [command]/usr/bin/git config --local gc.auto 0
2026-09-26T11:33:14.2155322Z ##[endgroup]
2026-09-26T11:33:14.2156779Z ##[group]Setting up auth
2026-09-26T11:33:14.2157895Z Removing SSH command configuration
2026-09-26T11:33:14.2162288Z [command]/usr/bin/git config --local --name-only --get-regexp core\.sshCommand
2026-09-26T11:33:14.2208515Z [command]/usr/bin/git submodule foreach --recursive sh -c "git config --local --name-only --get-regexp 'core\.sshCommand' && git config --local --unset-all 'core.sshCommand' || :"
2026-09-26T11:33:14.2572059Z Removing HTTP extra header
2026-09-26T11:33:14.2579543Z [command]/usr/bin/git config --local --name-only --get-regexp http\.https\:\/\/github\.com\/\.extraheader
2026-09-26T11:33:14.2632019Z [command]/usr/bin/git submodule foreach --recursive sh -c "git config --local --name-only --get-regexp 'http\.https\:\/\/github\.com\/\.extraheader' && git config --local --unset-all 'http.https://github.com/.extraheader' || :"
2026-09-26T11:33:14.2867942Z Removing includeIf entries pointing to credentials config files
2026-09-26T11:33:14.2872678Z [command]/usr/bin/git config --local --name-only --get-regexp ^includeIf\.gitdir:
2026-09-26T11:33:14.2908377Z [command]/usr/bin/git submodule foreach --recursive git config --local --show-origin --name-only --get-regexp remote.origin.url
2026-09-26T11:33:14.3133976Z [command]/usr/bin/git config --file /home/runner/work/_temp/git-credentials-855cbcfe-7561-461e-96e5-9bebeed83cc6.config http.https://github.com/.extraheader AUTHORIZATION: basic ***
2026-09-26T11:33:14.3173696Z [command]/usr/bin/git config --local includeIf.gitdir:/home/runner/work/gripsack/gripsack/.git.path /home/runner/work/_temp/git-credentials-855cbcfe-7561-461e-96e5-9bebeed83cc6.config
2026-09-26T11:33:14.3207421Z [command]/usr/bin/git config --local includeIf.gitdir:/home/runner/work/gripsack/gripsack/.git/worktrees/*.path /home/runner/work/_temp/git-credentials-855cbcfe-7561-461e-96e5-9bebeed83cc6.config
2026-09-26T11:33:14.3244094Z [command]/usr/bin/git config --local includeIf.gitdir:/github/workspace/.git.path /github/runner_temp/git-credentials-855cbcfe-7561-461e-96e5-9bebeed83cc6.config
2026-09-26T11:33:14.3279227Z [command]/usr/bin/git config --local includeIf.gitdir:/github/workspace/.git/worktrees/*.path /github/runner_temp/git-credentials-855cbcfe-7561-461e-96e5-9bebeed83cc6.config
2026-09-26T11:33:14.3310436Z ##[endgroup]
2026-09-26T11:33:14.3311233Z ##[group]Fetching the repository
2026-09-26T11:33:14.3316716Z [command]/usr/bin/git -c protocol.version=2 fetch --no-tags --prune --no-recurse-submodules --depth=1 origin +36f4ca6c1828e61dd941634348c2b499636efe10:refs/remotes/pull/164/merge
2026-09-26T11:33:15.9568006Z From https://github.com/gripsack-dev/gripsack
2026-09-26T11:33:15.9569783Z  * [new ref]         36f4ca6c1828e61dd941634348c2b499636efe10 -> pull/164/merge
2026-09-26T11:33:15.9573906Z ##[endgroup]
2026-09-26T11:33:15.9575174Z ##[group]Determining the checkout info
2026-09-26T11:33:15.9576572Z ##[endgroup]
2026-09-26T11:33:15.9577620Z [command]/usr/bin/git sparse-checkout disable
2026-09-26T11:33:15.9636632Z [command]/usr/bin/git config --local --unset-all extensions.worktreeConfig
2026-09-26T11:33:15.9670930Z ##[group]Checking out the ref
2026-09-26T11:33:15.9675037Z [command]/usr/bin/git checkout --progress --force refs/remotes/pull/164/merge
2026-09-26T11:33:16.3978010Z Note: switching to 'refs/remotes/pull/164/merge'.
2026-09-26T11:33:16.3978690Z 
2026-09-26T11:33:16.3979158Z You are in 'detached HEAD' state. You can look around, make experimental
2026-09-26T11:33:16.3980355Z changes and commit them, and you can discard any commits you make in this
2026-09-26T11:33:16.3981332Z state without impacting any branches by switching back to a branch.
2026-09-26T11:33:16.3981948Z 
2026-09-26T11:33:16.3982417Z If you want to create a new branch to retain commits you create, you may
2026-09-26T11:33:16.3983368Z do so (now or later) by using -c with the switch command. Example:
2026-09-26T11:33:16.3983919Z 
2026-09-26T11:33:16.3984171Z   git switch -c <new-branch-name>
2026-09-26T11:33:16.3984550Z 
2026-09-26T11:33:16.3984782Z Or undo this operation with:
2026-09-26T11:33:16.3985124Z 
2026-09-26T11:33:16.3985336Z   git switch -
2026-09-26T11:33:16.3985640Z 
2026-09-26T11:33:16.3986521Z Turn off this advice by setting config variable advice.detachedHead to false
2026-09-26T11:33:16.3987202Z 
2026-09-26T11:33:16.3987919Z HEAD is now at 36f4ca6 Merge ce3c7e062335e4749b5da7e60fc7bfe8b8d5d58c into db32f2050d19d1d55504f27e7a753432b9ca61e9
2026-09-26T11:33:16.4002746Z ##[endgroup]
2026-09-26T11:33:16.4051159Z [command]/usr/bin/git log -1 --format=%H
2026-09-26T11:33:16.4080757Z 36f4ca6c1828e61dd941634348c2b499636efe10
2026-09-26T11:33:16.4363286Z ##[group]Run python3 scripts/check_delivery.py --validate
2026-09-26T11:33:16.4363883Z [36;1mpython3 scripts/check_delivery.py --validate[0m
2026-09-26T11:33:16.4364334Z [36;1mpython3 scripts/delivery_checker_calibration.py[0m
2026-09-26T11:33:16.4635056Z shell: /usr/bin/bash -e {0}
2026-09-26T11:33:16.4635559Z ##[endgroup]
2026-09-26T11:33:16.5269937Z ok: delivery inventory and declared closure claims
2026-09-26T11:33:19.0256951Z   valid source-bound H0/A0 fixture closes; future rows remain pending
2026-09-26T11:33:19.0258234Z   review-only source-bound row admits its named cases without a fake runner
2026-09-26T11:33:19.0259080Z   missing required row rejected
2026-09-26T11:33:19.0259832Z   cyclic prerequisite rejected
2026-09-26T11:33:19.0260422Z   undeclared evidence-kind vocabulary rejected
2026-09-26T11:33:19.0261192Z   fake verified row without a runner report rejected
2026-09-26T11:33:19.0261874Z   blocked Mac lane rejected
2026-09-26T11:33:19.0262652Z   Mac launchd case lane cannot be silently unregistered
2026-09-26T11:33:19.0263530Z   named Mac acceptance cannot disappear from all lanes
2026-09-26T11:33:19.0264565Z   distinct systemd/launchd source-bound synthetic cases qualify their own lanes
2026-09-26T11:33:19.0266077Z   Linux manager report cannot cover native Mac launchd cases
2026-09-26T11:33:19.0266912Z   zero proof obligations rejected
2026-09-26T11:33:19.0267609Z   proof row with runner and review but no formal evidence rejected
2026-09-26T11:33:19.0268613Z   runner carrying self-reported obligations cannot impersonate formal evidence
2026-09-26T11:33:19.0269566Z   H0-02 cannot close before proof inventories are named
2026-09-26T11:33:19.0270365Z   wrong formal proof name cannot cover a frozen obligation
2026-09-26T11:33:19.0271356Z   required review kind cannot be replaced by runner plus formal evidence
2026-09-26T11:33:19.0272268Z   invented proof ID absent from real report bytes rejected
2026-09-26T11:33:19.0273177Z   formal evidence from a different declared proof catalog rejected
2026-09-26T11:33:19.0274077Z   A0 formal proof cannot replace H0's milestone-bound catalog
2026-09-26T11:33:19.0275013Z   H0 inventory closure needs even future milestone proof catalogs
2026-09-26T11:33:19.0276590Z   observed proof count below frozen expected minimum rejected
2026-09-26T11:33:19.0277243Z   failed positive case rejected
2026-09-26T11:33:19.0277710Z   mutant failing for a missing tool rejected
2026-09-26T11:33:19.0278259Z   evidence from a different revision rejected
2026-09-26T11:33:19.0278625Z   unexplained downgrade rejected
2026-09-26T11:33:19.0278940Z   Markdown-only completion evidence rejected
2026-09-26T11:33:19.0354024Z   unreported required lane rejected
2026-09-26T11:33:19.0354820Z   changed runner report bytes rejected
2026-09-26T11:33:19.0355601Z   inflated counts absent from the runner report rejected
2026-09-26T11:33:19.0356570Z   proof count cannot be borrowed from digest digits or a runner pass count
2026-09-26T11:33:19.0357057Z   CI rejects a declared incomplete milestone
2026-09-26T11:33:19.0357373Z   pending future scope cannot close
2026-09-26T11:33:19.0357771Z   identical-source evidence reuse across an evidence-only commit accepted
2026-09-26T11:33:19.0358318Z   changed-source reuse rejected despite an unchanged evidence receipt
2026-09-26T11:33:19.0358866Z delivery checker calibration: 30 negative cases rejected, valid fixtures accepted
2026-09-26T11:33:19.0412242Z ##[group]Run python3 scripts/check_architecture.py --self-check
2026-09-26T11:33:19.0412754Z [36;1mpython3 scripts/check_architecture.py --self-check[0m
2026-09-26T11:33:19.0477230Z shell: /usr/bin/bash -e {0}
2026-09-26T11:33:19.0477545Z ##[endgroup]
2026-09-26T11:33:19.1200396Z ok: boundary, rustls-only, member-discovery and missing-crate negatives all rejected
2026-09-26T11:33:19.1201579Z ok: policy, IR and store dependency boundaries are closed
2026-09-26T11:33:19.1291123Z ##[group]Run docker compose run --build --rm test
2026-09-26T11:33:19.1291539Z [36;1mdocker compose run --build --rm test[0m
2026-09-26T11:33:19.1352216Z shell: /usr/bin/bash -e {0}
2026-09-26T11:33:19.1352540Z ##[endgroup]
2026-09-26T11:33:19.4705225Z  Network gripsack_default  Creating
2026-09-26T11:33:19.5144224Z  Network gripsack_default  Created
2026-09-26T11:33:19.7449752Z #1 [internal] load local bake definitions
2026-09-26T11:33:19.8509633Z #1 reading from stdin 392B done
2026-09-26T11:33:20.0155600Z #1 DONE 0.0s
2026-09-26T11:33:20.0155860Z 
2026-09-26T11:33:20.0164202Z #2 [internal] load build definition from Dockerfile
2026-09-26T11:33:20.0164929Z #2 transferring dockerfile: 10.04kB done
2026-09-26T11:33:20.0165420Z #2 DONE 0.0s
2026-09-26T11:33:20.0165633Z 
2026-09-26T11:33:20.0166492Z #3 resolve image config for docker-image://docker.io/docker/dockerfile:1
2026-09-26T11:33:20.2436150Z #3 ...
2026-09-26T11:33:20.2436420Z 
2026-09-26T11:33:20.2437132Z #4 [auth] docker/dockerfile:pull token for registry-1.docker.io
2026-09-26T11:33:20.2438117Z #4 DONE 0.0s
2026-09-26T11:33:20.3939177Z 
2026-09-26T11:33:20.3939785Z #3 resolve image config for docker-image://docker.io/docker/dockerfile:1
2026-09-26T11:33:20.6967842Z #3 DONE 0.8s
2026-09-26T11:33:20.8104184Z 
2026-09-26T11:33:20.8105295Z #5 docker-image://docker.io/docker/dockerfile:1@sha256:ecfaec9ed6d810b56388c508f4121597bfbba70d41a6dfeee4d8cad5f295fc32
2026-09-26T11:33:20.8107143Z #5 resolve docker.io/docker/dockerfile:1@sha256:ecfaec9ed6d810b56388c508f4121597bfbba70d41a6dfeee4d8cad5f295fc32 done
2026-09-26T11:33:20.8108340Z #5 sha256:ecfaec9ed6d810b56388c508f4121597bfbba70d41a6dfeee4d8cad5f295fc32 9.08kB / 9.08kB done
2026-09-26T11:33:20.8109351Z #5 sha256:34b128e419449565adc5ed7f487a6f503a73f1077012cfed86354c731338c44f 1.13kB / 1.13kB done
2026-09-26T11:33:20.8110372Z #5 sha256:c844dc65644b70ea8b391444db20ff38537384d800ea9896d46ab8f3ce897f51 1.33kB / 1.33kB done
2026-09-26T11:33:20.8111345Z #5 sha256:9f624ef51ad55db0ea52d755cc777566386156106fbb4f465eecb22c67ac55ed 11.53MB / 14.14MB 0.1s
2026-09-26T11:33:20.9277621Z #5 sha256:9f624ef51ad55db0ea52d755cc777566386156106fbb4f465eecb22c67ac55ed 14.14MB / 14.14MB 0.1s done
2026-09-26T11:33:20.9278958Z #5 extracting sha256:9f624ef51ad55db0ea52d755cc777566386156106fbb4f465eecb22c67ac55ed 0.1s
2026-09-26T11:33:21.1686621Z #5 extracting sha256:9f624ef51ad55db0ea52d755cc777566386156106fbb4f465eecb22c67ac55ed 0.1s done
2026-09-26T11:33:21.1687755Z #5 DONE 0.3s
2026-09-26T11:33:21.1687923Z 
2026-09-26T11:33:21.1688503Z #6 [internal] load metadata for docker.io/library/rust:alpine@sha256:a10e64dd139b7387337c7fbe8aca31b959b57b2fd4c8ae20a02cf1d6ea424dce
2026-09-26T11:33:21.3713491Z #6 ...
2026-09-26T11:33:21.3713947Z 
2026-09-26T11:33:21.3714645Z #7 [auth] library/rust:pull token for registry-1.docker.io
2026-09-26T11:33:21.3715359Z #7 DONE 0.0s
2026-09-26T11:33:21.5216261Z 
2026-09-26T11:33:21.5216970Z #6 [internal] load metadata for docker.io/library/rust:alpine@sha256:a10e64dd139b7387337c7fbe8aca31b959b57b2fd4c8ae20a02cf1d6ea424dce
2026-09-26T11:33:21.7893287Z #6 DONE 0.8s
2026-09-26T11:33:21.9642049Z 
2026-09-26T11:33:21.9643140Z #8 [internal] load .dockerignore
2026-09-26T11:33:21.9644261Z #8 transferring context: 139B done
2026-09-26T11:33:21.9645098Z #8 DONE 0.0s
2026-09-26T11:33:21.9645576Z 
2026-09-26T11:33:21.9646808Z #9 [builder  1/10] FROM docker.io/library/rust:alpine@sha256:a10e64dd139b7387337c7fbe8aca31b959b57b2fd4c8ae20a02cf1d6ea424dce
2026-09-26T11:33:21.9648726Z #9 resolve docker.io/library/rust:alpine@sha256:a10e64dd139b7387337c7fbe8aca31b959b57b2fd4c8ae20a02cf1d6ea424dce done
2026-09-26T11:33:21.9650600Z #9 sha256:2a9aef5afb605f3f27c71a834973af743221df0c89b4ccbf94d342a46ce49bfd 2.92kB / 2.92kB done
2026-09-26T11:33:21.9652887Z #9 sha256:cd774d63073d8bcda6e4cca9de9864ddec684b1b6f6fb9ae80094ae2746f78da 0B / 75.08MB 0.1s
2026-09-26T11:33:21.9699090Z #9 sha256:55df97cdb188687df287e6eb59e790ab8f53ee1b3490552605867e33af729536 0B / 270.19MB 0.1s
2026-09-26T11:33:21.9700887Z #9 sha256:a10e64dd139b7387337c7fbe8aca31b959b57b2fd4c8ae20a02cf1d6ea424dce 3.90kB / 3.90kB done
2026-09-26T11:33:21.9702255Z #9 sha256:3ffeca71d0e4fc30f5537f76b7243e87ac99726b6d3d66591dfc5e497078b9fc 1.54kB / 1.54kB done
2026-09-26T11:33:22.1640793Z #9 ...
2026-09-26T11:33:22.1641677Z 
2026-09-26T11:33:22.1642162Z #10 [internal] load build context
2026-09-26T11:33:22.1656744Z #10 transferring context: 2.80MB 0.1s done
2026-09-26T11:33:22.1659317Z #10 DONE 0.1s
2026-09-26T11:33:22.1659707Z 
2026-09-26T11:33:22.1660492Z #9 [builder  1/10] FROM docker.io/library/rust:alpine@sha256:a10e64dd139b7387337c7fbe8aca31b959b57b2fd4c8ae20a02cf1d6ea424dce
2026-09-26T11:33:22.1661975Z #9 sha256:cd774d63073d8bcda6e4cca9de9864ddec684b1b6f6fb9ae80094ae2746f78da 14.68MB / 75.08MB 0.3s
2026-09-26T11:33:22.1663283Z #9 sha256:55df97cdb188687df287e6eb59e790ab8f53ee1b3490552605867e33af729536 58.72MB / 270.19MB 0.3s
2026-09-26T11:33:22.2641535Z #9 sha256:cd774d63073d8bcda6e4cca9de9864ddec684b1b6f6fb9ae80094ae2746f78da 47.19MB / 75.08MB 0.4s
2026-09-26T11:33:22.2642513Z #9 sha256:55df97cdb188687df287e6eb59e790ab8f53ee1b3490552605867e33af729536 100.66MB / 270.19MB 0.4s
2026-09-26T11:33:22.4453222Z #9 sha256:cd774d63073d8bcda6e4cca9de9864ddec684b1b6f6fb9ae80094ae2746f78da 75.08MB / 75.08MB 0.5s
2026-09-26T11:33:22.4455347Z #9 sha256:55df97cdb188687df287e6eb59e790ab8f53ee1b3490552605867e33af729536 152.04MB / 270.19MB 0.5s
2026-09-26T11:33:22.4459149Z #9 extracting sha256:cd774d63073d8bcda6e4cca9de9864ddec684b1b6f6fb9ae80094ae2746f78da
2026-09-26T11:33:22.5502957Z #9 sha256:cd774d63073d8bcda6e4cca9de9864ddec684b1b6f6fb9ae80094ae2746f78da 75.08MB / 75.08MB 0.5s done
2026-09-26T11:33:22.5506855Z #9 sha256:55df97cdb188687df287e6eb59e790ab8f53ee1b3490552605867e33af729536 208.67MB / 270.19MB 0.6s
2026-09-26T11:33:22.6539818Z #9 sha256:55df97cdb188687df287e6eb59e790ab8f53ee1b3490552605867e33af729536 260.05MB / 270.19MB 0.7s
2026-09-26T11:33:23.1202021Z #9 sha256:55df97cdb188687df287e6eb59e790ab8f53ee1b3490552605867e33af729536 270.19MB / 270.19MB 1.1s done
2026-09-26T11:33:23.9170421Z #9 extracting sha256:cd774d63073d8bcda6e4cca9de9864ddec684b1b6f6fb9ae80094ae2746f78da 1.3s done
2026-09-26T11:33:24.1037641Z #9 extracting sha256:55df97cdb188687df287e6eb59e790ab8f53ee1b3490552605867e33af729536
2026-09-26T11:33:27.5520460Z #9 extracting sha256:55df97cdb188687df287e6eb59e790ab8f53ee1b3490552605867e33af729536 3.3s done
2026-09-26T11:33:29.0916061Z #9 DONE 7.2s
2026-09-26T11:33:29.2446715Z 
2026-09-26T11:33:29.2447746Z #11 [builder  2/10] RUN apk add --no-cache musl-dev git curl xz     && rustup component add clippy rustfmt
2026-09-26T11:33:29.9508764Z #11 0.858 ( 1/14) Installing brotli-libs (1.2.0-r1)
2026-09-26T11:33:30.0675417Z #11 0.869 ( 2/14) Installing c-ares (1.34.8-r0)
2026-09-26T11:33:30.0676653Z #11 0.873 ( 3/14) Installing libunistring (1.4.2-r0)
2026-09-26T11:33:30.0677290Z #11 0.884 ( 4/14) Installing libidn2 (2.3.8-r0)
2026-09-26T11:33:30.0677826Z #11 0.887 ( 5/14) Installing nghttp2-libs (1.69.0-r0)
2026-09-26T11:33:30.0678374Z #11 0.890 ( 6/14) Installing libpsl (0.21.5-r3)
2026-09-26T11:33:30.0678885Z #11 0.893 ( 7/14) Installing libcurl (8.22.0-r0)
2026-09-26T11:33:30.0679384Z #11 0.900 ( 8/14) Installing curl (8.22.0-r0)
2026-09-26T11:33:30.0679878Z #11 0.904 ( 9/14) Installing libexpat (2.8.5-r0)
2026-09-26T11:33:30.0680403Z #11 0.907 (10/14) Installing pcre2 (10.48-r0)
2026-09-26T11:33:30.0681068Z #11 0.913 (11/14) Installing git (2.54.0-r0)
2026-09-26T11:33:30.0682137Z #11 0.975 (12/14) Installing git-init-template (2.54.0-r0)
2026-09-26T11:33:30.2357790Z #11 0.978 (13/14) Installing xz-libs (5.8.4-r0)
2026-09-26T11:33:30.2358195Z #11 0.982 (14/14) Installing xz (5.8.4-r0)
2026-09-26T11:33:30.2358519Z #11 0.987 Executing busybox-1.37.0-r31.trigger
2026-09-26T11:33:30.2358823Z #11 1.007 OK: 210.4 MiB in 45 packages
2026-09-26T11:33:30.2359128Z #11 1.143 info: downloading component clippy
2026-09-26T11:33:30.7960838Z #11 1.703 info: downloading component rustfmt
2026-09-26T11:33:31.1088356Z #11 DONE 2.0s
2026-09-26T11:33:31.2600546Z 
2026-09-26T11:33:31.2604895Z #12 [builder  3/10] RUN set -e;     arch="$(uname -m)";     case "$arch" in       x86_64)  sha=3374daaf153e6f82028add5e4bf7cc2deab46537dee24f20be80df831193aeb4 ;;       aarch64) sha=35d90cee9648037eaa4c1a2649fdca9d1b9a9997b972d37be7f8629139ba1294 ;;       *) echo "unsupported arch: $arch" >&2; exit 1 ;;     esac;     curl -fsSL -o /tmp/ca.tar.xz "https://github.com/rust-secure-code/cargo-auditable/releases/download/v0.7.5/cargo-auditable-${arch}-unknown-linux-musl.tar.xz";     echo "$sha  /tmp/ca.tar.xz" | sha256sum -c -;     mkdir -p /tmp/ca && tar -xJf /tmp/ca.tar.xz -C /tmp/ca;     mv /tmp/ca/*/cargo-auditable /usr/local/bin/cargo-auditable;     rm -rf /tmp/ca /tmp/ca.tar.xz
2026-09-26T11:33:31.5417352Z #12 0.432 /tmp/ca.tar.xz: OK
2026-09-26T11:33:31.7485535Z #12 DONE 0.5s
2026-09-26T11:33:31.7485961Z 
2026-09-26T11:33:31.7486153Z #13 [builder  4/10] WORKDIR /app
2026-09-26T11:33:31.7486468Z #13 DONE 0.0s
2026-09-26T11:33:31.7486589Z 
2026-09-26T11:33:31.7486748Z #14 [builder  5/10] COPY Cargo.toml Cargo.lock ./
2026-09-26T11:33:31.7487114Z #14 DONE 0.0s
2026-09-26T11:33:31.7487309Z 
2026-09-26T11:33:31.7487421Z #15 [builder  6/10] COPY crates ./crates
2026-09-26T11:33:31.7487683Z #15 DONE 0.1s
2026-09-26T11:33:31.9457202Z 
2026-09-26T11:33:31.9457752Z #16 [builder  7/10] COPY fuzz ./fuzz
2026-09-26T11:33:31.9458286Z #16 DONE 0.0s
2026-09-26T11:33:31.9458499Z 
2026-09-26T11:33:31.9458623Z #17 [builder  8/10] COPY schema ./schema
2026-09-26T11:33:31.9458947Z #17 DONE 0.0s
2026-09-26T11:33:31.9459076Z 
2026-09-26T11:33:31.9459221Z #18 [builder  9/10] COPY typescript ./typescript
2026-09-26T11:33:31.9459549Z #18 DONE 0.0s
2026-09-26T11:33:31.9459673Z 
2026-09-26T11:33:31.9459793Z #19 [builder 10/10] COPY scripts ./scripts
2026-09-26T11:33:31.9460093Z #19 DONE 0.0s
2026-09-26T11:33:31.9460220Z 
2026-09-26T11:33:31.9460673Z #20 [test 1/2] RUN cargo fmt --check     && cargo clippy --locked --workspace --all-targets -- -D warnings     && cargo test --locked
2026-09-26T11:33:33.4196960Z #20 1.624     Updating crates.io index
2026-09-26T11:33:33.8650255Z #20 2.069  Downloading crates ...
2026-09-26T11:33:33.9663000Z #20 2.134   Downloaded ambient-authority v0.0.2
2026-09-26T11:33:33.9664073Z #20 2.137   Downloaded clap_lex v1.1.0
2026-09-26T11:33:33.9664864Z #20 2.147   Downloaded openssl-probe v0.2.1
2026-09-26T11:33:33.9665539Z #20 2.149   Downloaded outref v0.5.2
2026-09-26T11:33:33.9666763Z #20 2.151   Downloaded percent-encoding v2.3.2
2026-09-26T11:33:33.9667477Z #20 2.153   Downloaded potential_utf v0.1.6
2026-09-26T11:33:33.9668147Z #20 2.156   Downloaded ref-cast v1.0.27
2026-09-26T11:33:33.9668764Z #20 2.164   Downloaded ref-cast-impl v1.0.27
2026-09-26T11:33:33.9669291Z #20 2.166   Downloaded zerovec-derive v0.11.6
2026-09-26T11:33:33.9669869Z #20 2.171   Downloaded zstd-safe v7.2.4
2026-09-26T11:33:34.0663337Z #20 2.175   Downloaded scopeguard v1.2.0
2026-09-26T11:33:34.0664101Z #20 2.178   Downloaded zstd v0.13.3
2026-09-26T11:33:34.0664908Z #20 2.185   Downloaded block-buffer v0.12.1
2026-09-26T11:33:34.0666012Z #20 2.187   Downloaded borrow-or-share v0.2.4
2026-09-26T11:33:34.0666733Z #20 2.189   Downloaded once_cell v1.21.4
2026-09-26T11:33:34.0667212Z #20 2.194   Downloaded owo-colors v4.3.0
2026-09-26T11:33:34.0667715Z #20 2.197   Downloaded parking_lot_core v0.9.12
2026-09-26T11:33:34.0668238Z #20 2.201   Downloaded pin-project-lite v0.2.17
2026-09-26T11:33:34.0668769Z #20 2.212   Downloaded pkg-config v0.3.34
2026-09-26T11:33:34.0669225Z #20 2.215   Downloaded quote v1.0.47
2026-09-26T11:33:34.0669701Z #20 2.220   Downloaded rustls-native-certs v0.8.4
2026-09-26T11:33:34.0670206Z #20 2.222   Downloaded serde_spanned v1.1.1
2026-09-26T11:33:34.0670680Z #20 2.224   Downloaded shell-words v1.1.1
2026-09-26T11:33:34.0671174Z #20 2.226   Downloaded stable_deref_trait v1.2.1
2026-09-26T11:33:34.0671658Z #20 2.227   Downloaded strsim v0.11.1
2026-09-26T11:33:34.0672081Z #20 2.230   Downloaded zmij v1.0.23
2026-09-26T11:33:34.0672486Z #20 2.233   Downloaded adler2 v2.0.1
2026-09-26T11:33:34.0673171Z #20 2.235   Downloaded colorchoice v1.0.5
2026-09-26T11:33:34.0673629Z #20 2.236   Downloaded num-traits v0.2.19
2026-09-26T11:33:34.0674064Z #20 2.241   Downloaded shlex v2.0.1
2026-09-26T11:33:34.0674474Z #20 2.243   Downloaded subtle v2.6.1
2026-09-26T11:33:34.0674900Z #20 2.245   Downloaded thread_local v1.1.10
2026-09-26T11:33:34.0675368Z #20 2.247   Downloaded tracing-serde v0.2.0
2026-09-26T11:33:34.0676120Z #20 2.248   Downloaded unit-prefix v0.5.2
2026-09-26T11:33:34.0676599Z #20 2.250   Downloaded untrusted v0.9.0
2026-09-26T11:33:34.0677103Z #20 2.253   Downloaded utf8_iter v1.0.4
2026-09-26T11:33:34.0677851Z #20 2.254   Downloaded utf8parse v0.2.2
2026-09-26T11:33:34.0678615Z #20 2.256   Downloaded uuid-simd v0.8.0
2026-09-26T11:33:34.0679406Z #20 2.258   Downloaded version_check v0.9.5
2026-09-26T11:33:34.0680337Z #20 2.260   Downloaded verus_builtin v0.0.0-2026-09-06-0133
2026-09-26T11:33:34.0680937Z #20 2.261   Downloaded yoke-derive v0.8.2
2026-09-26T11:33:34.0681499Z #20 2.263   Downloaded zerofrom v0.1.8
2026-09-26T11:33:34.0682162Z #20 2.265   Downloaded zopfli v0.8.3
2026-09-26T11:33:34.0682578Z #20 2.268   Downloaded convert_case v0.4.0
2026-09-26T11:33:34.0683057Z #20 2.270   Downloaded crypto-common v0.2.2
2026-09-26T11:33:34.0683415Z #20 2.271   Downloaded equivalent v1.0.2
2026-09-26T11:33:34.1693245Z #20 2.273   Downloaded form_urlencoded v1.2.2
2026-09-26T11:33:34.1694465Z #20 2.274   Downloaded fs-set-times v0.20.3
2026-09-26T11:33:34.1695033Z #20 2.277   Downloaded heck v0.5.0
2026-09-26T11:33:34.1695540Z #20 2.279   Downloaded idna_adapter v1.2.2
2026-09-26T11:33:34.1696375Z #20 2.280   Downloaded parking_lot v0.12.5
2026-09-26T11:33:34.1696926Z #20 2.284   Downloaded proc-macro2 v1.0.107
2026-09-26T11:33:34.1697501Z #20 2.288   Downloaded rustix-linux-procfs v0.1.1
2026-09-26T11:33:34.1698111Z #20 2.290   Downloaded rustls-pki-types v1.15.1
2026-09-26T11:33:34.1698653Z #20 2.294   Downloaded sha2 v0.11.0
2026-09-26T11:33:34.1699140Z #20 2.300   Downloaded simd-adler32 v0.3.10
2026-09-26T11:33:34.1699668Z #20 2.303   Downloaded strum v0.28.0
2026-09-26T11:33:34.1700164Z #20 2.305   Downloaded strum_macros v0.28.0
2026-09-26T11:33:34.1700697Z #20 2.309   Downloaded synstructure v0.13.2
2026-09-26T11:33:34.1701211Z #20 2.310   Downloaded thiserror v2.0.20
2026-09-26T11:33:34.1701720Z #20 2.321   Downloaded tinystr v0.8.4
2026-09-26T11:33:34.1702491Z #20 2.324   Downloaded toml_datetime v0.7.5+spec-1.1.0
2026-09-26T11:33:34.1703117Z #20 2.326   Downloaded toml_datetime v1.1.1+spec-1.1.0
2026-09-26T11:33:34.1703722Z #20 2.328   Downloaded toml_writer v1.1.2+spec-1.1.0
2026-09-26T11:33:34.1704273Z #20 2.330   Downloaded tracing-log v0.2.0
2026-09-26T11:33:34.1704849Z #20 2.332   Downloaded unicode-general-category v1.1.0
2026-09-26T11:33:34.1705421Z #20 2.334   Downloaded vsimd v0.8.0
2026-09-26T11:33:34.1706151Z #20 2.338   Downloaded webpki-roots v0.26.11
2026-09-26T11:33:34.1706681Z #20 2.340   Downloaded writeable v0.6.4
2026-09-26T11:33:34.1707162Z #20 2.343   Downloaded xz2 v0.1.7
2026-09-26T11:33:34.1707684Z #20 2.346   Downloaded zerofrom-derive v0.1.7
2026-09-26T11:33:34.1708209Z #20 2.348   Downloaded zeroize v1.9.0
2026-09-26T11:33:34.1708695Z #20 2.350   Downloaded httpdate v1.0.3
2026-09-26T11:33:34.1709216Z #20 2.352   Downloaded is_terminal_polyfill v1.70.2
2026-09-26T11:33:34.1709792Z #20 2.354   Downloaded jsonschema-regex v0.55.0
2026-09-26T11:33:34.1710361Z #20 2.355   Downloaded lazy_static v1.5.0
2026-09-26T11:33:34.1710958Z #20 2.358   Downloaded matchers v0.2.0
2026-09-26T11:33:34.1711459Z #20 2.360   Downloaded maybe-owned v0.3.4
2026-09-26T11:33:34.1711973Z #20 2.362   Downloaded referencing v0.55.0
2026-09-26T11:33:34.1712459Z #20 2.369   Downloaded ryu v1.0.23
2026-09-26T11:33:34.1712915Z #20 2.374   Downloaded serde_core v1.0.229
2026-09-26T11:33:34.2738967Z #20 2.379   Downloaded sharded-slab v0.1.7
2026-09-26T11:33:34.2739913Z #20 2.384   Downloaded smallvec v1.15.2
2026-09-26T11:33:34.2740756Z #20 2.386   Downloaded tempfile v3.27.0
2026-09-26T11:33:34.2741651Z #20 2.390   Downloaded thiserror-impl v2.0.20
2026-09-26T11:33:34.2742306Z #20 2.392   Downloaded toml v1.1.4+spec-1.1.0
2026-09-26T11:33:34.2742922Z #20 2.399   Downloaded toml_parser v1.1.3+spec-1.1.0
2026-09-26T11:33:34.2743546Z #20 2.402   Downloaded tracing-attributes v0.1.31
2026-09-26T11:33:34.2744161Z #20 2.406   Downloaded unsafe-libyaml v0.2.11
2026-09-26T11:33:34.2744711Z #20 2.411   Downloaded anstyle-query v1.1.5
2026-09-26T11:33:34.2745243Z #20 2.413   Downloaded bit-set v0.8.0
2026-09-26T11:33:34.2746070Z #20 2.415   Downloaded serde_yaml v0.9.34+deprecated
2026-09-26T11:33:34.2746654Z #20 2.420   Downloaded tar v0.4.46
2026-09-26T11:33:34.2747186Z #20 2.424   Downloaded toml v0.9.12+spec-1.1.0
2026-09-26T11:33:34.2747747Z #20 2.431   Downloaded tracing-core v0.1.36
2026-09-26T11:33:34.2748313Z #20 2.434   Downloaded unicode-ident v1.0.24
2026-09-26T11:33:34.2748846Z #20 2.439   Downloaded yoke v0.8.3
2026-09-26T11:33:34.2749341Z #20 2.441   Downloaded cpufeatures v0.3.0
2026-09-26T11:33:34.2749837Z #20 2.444   Downloaded num v0.4.3
2026-09-26T11:33:34.2750320Z #20 2.445   Downloaded num-cmp v0.1.0
2026-09-26T11:33:34.2750824Z #20 2.447   Downloaded num-iter v0.1.46
2026-09-26T11:33:34.2751371Z #20 2.448   Downloaded rustls-webpki v0.103.15
2026-09-26T11:33:34.2751901Z #20 2.453   Downloaded serde v1.0.229
2026-09-26T11:33:34.2752409Z #20 2.458   Downloaded serde_derive v1.0.229
2026-09-26T11:33:34.2753006Z #20 2.463   Downloaded toml_edit v0.25.13+spec-1.1.0
2026-09-26T11:33:34.2753570Z #20 2.469   Downloaded typenum v1.20.1
2026-09-26T11:33:34.2754190Z #20 2.473   Downloaded verus_prettyplease v0.0.0-2026-09-06-0133
2026-09-26T11:33:34.2755042Z #20 2.479   Downloaded verus_state_machines_macros v0.0.0-2026-09-06-0133
2026-09-26T11:33:34.3771625Z #20 2.483   Downloaded zerovec v0.11.8
2026-09-26T11:33:34.3772413Z #20 2.492   Downloaded anstyle v1.0.14
2026-09-26T11:33:34.3772946Z #20 2.495   Downloaded autocfg v1.5.1
2026-09-26T11:33:34.3773453Z #20 2.498   Downloaded bit-vec v0.8.0
2026-09-26T11:33:34.3773950Z #20 2.500   Downloaded bytecount v0.6.9
2026-09-26T11:33:34.3774429Z #20 2.503   Downloaded cfg-if v1.0.4
2026-09-26T11:33:34.3774893Z #20 2.505   Downloaded url v2.5.8
2026-09-26T11:33:34.3775344Z #20 2.509   Downloaded xattr v1.6.1
2026-09-26T11:33:34.3776049Z #20 2.512   Downloaded zip v8.6.0
2026-09-26T11:33:34.3776542Z #20 2.519   Downloaded data-encoding v2.11.1
2026-09-26T11:33:34.3777368Z #20 2.521   Downloaded digest v0.11.3
2026-09-26T11:33:34.3777862Z #20 2.524   Downloaded displaydoc v0.2.7
2026-09-26T11:33:34.3778363Z #20 2.528   Downloaded fastrand v2.5.0
2026-09-26T11:33:34.3778838Z #20 2.530   Downloaded filetime v0.2.29
2026-09-26T11:33:34.3779357Z #20 2.533   Downloaded find-msvc-tools v0.1.11
2026-09-26T11:33:34.3779892Z #20 2.535   Downloaded io-lifetimes v2.0.4
2026-09-26T11:33:34.3780407Z #20 2.538   Downloaded io-lifetimes v3.0.1
2026-09-26T11:33:34.3780898Z #20 2.540   Downloaded ipnet v2.12.1
2026-09-26T11:33:34.3781370Z #20 2.543   Downloaded jobserver v0.1.35
2026-09-26T11:33:34.3781870Z #20 2.546   Downloaded lock_api v0.4.14
2026-09-26T11:33:34.3782365Z #20 2.548   Downloaded typed-path v0.12.3
2026-09-26T11:33:34.3782860Z #20 2.558   Downloaded ureq v2.12.1
2026-09-26T11:33:34.3783318Z #20 2.565   Downloaded anstream v1.0.0
2026-09-26T11:33:34.3783809Z #20 2.569   Downloaded anstyle-parse v1.0.0
2026-09-26T11:33:34.3784332Z #20 2.571   Downloaded dialoguer v0.12.0
2026-09-26T11:33:34.3784825Z #20 2.577   Downloaded foldhash v0.2.0
2026-09-26T11:33:34.3785305Z #20 2.579   Downloaded io-extras v0.19.0
2026-09-26T11:33:34.3786030Z #20 2.582   Downloaded nu-ansi-term v0.50.3
2026-09-26T11:33:34.4822518Z #20 2.586   Downloaded num-rational v0.4.2
2026-09-26T11:33:34.4823648Z #20 2.588   Downloaded verus_builtin_macros v0.0.0-2026-09-06-0133
2026-09-26T11:33:34.4824612Z #20 2.593   Downloaded zlib-rs v0.6.7
2026-09-26T11:33:34.4825098Z #20 2.601   Downloaded bzip2 v0.6.1
2026-09-26T11:33:34.4825580Z #20 2.604   Downloaded cap-std v4.0.3
2026-09-26T11:33:34.4826816Z #20 2.609   Downloaded clap_derive v4.6.4
2026-09-26T11:33:34.4827623Z #20 2.612   Downloaded console v0.16.4
2026-09-26T11:33:34.4828394Z #20 2.615   Downloaded email_address v0.2.9
2026-09-26T11:33:34.4829209Z #20 2.617   Downloaded errno v0.3.14
2026-09-26T11:33:34.4830389Z #20 2.620   Downloaded getrandom v0.2.17
2026-09-26T11:33:34.4831334Z #20 2.625   Downloaded itoa v1.0.18
2026-09-26T11:33:34.4832194Z #20 2.627   Downloaded litemap v0.8.3
2026-09-26T11:33:34.4833076Z #20 2.631   Downloaded num-complex v0.4.6
2026-09-26T11:33:34.4834038Z #20 2.633   Downloaded num-integer v0.1.47
2026-09-26T11:33:34.4834931Z #20 2.636   Downloaded regex v1.13.1
2026-09-26T11:33:34.4835992Z #20 2.644   Downloaded serde_json v1.0.151
2026-09-26T11:33:34.4836950Z #20 2.655   Downloaded bitflags v2.13.1
2026-09-26T11:33:34.4837808Z #20 2.662   Downloaded clap v4.6.6
2026-09-26T11:33:34.4838545Z #20 2.679   Downloaded crc32fast v1.5.1
2026-09-26T11:33:34.4839261Z #20 2.682   Downloaded getrandom v0.3.4
2026-09-26T11:33:34.4839987Z #20 2.687   Downloaded getrandom v0.4.3
2026-09-26T11:33:34.5916982Z #20 2.693   Downloaded hybrid-array v0.4.14
2026-09-26T11:33:34.5917747Z #20 2.697   Downloaded icu_provider v2.3.1
2026-09-26T11:33:34.5918367Z #20 2.701   Downloaded log v0.4.34
2026-09-26T11:33:34.5918756Z #20 2.705   Downloaded micromap v0.3.0
2026-09-26T11:33:34.5919170Z #20 2.713   Downloaded ahash v0.8.12
2026-09-26T11:33:34.5919585Z #20 2.717   Downloaded const-oid v0.10.2
2026-09-26T11:33:34.5919983Z #20 2.721   Downloaded fluent-uri v0.4.1
2026-09-26T11:33:34.5920404Z #20 2.725   Downloaded icu_normalizer_data v2.3.0
2026-09-26T11:33:34.5920841Z #20 2.728   Downloaded indicatif v0.18.6
2026-09-26T11:33:34.5921256Z #20 2.734   Downloaded jsonschema-value v0.55.0
2026-09-26T11:33:34.5921697Z #20 2.737   Downloaded libbz2-rs-sys v0.2.5
2026-09-26T11:33:34.5922109Z #20 2.740   Downloaded miniz_oxide v0.8.9
2026-09-26T11:33:34.5922540Z #20 2.744   Downloaded portable-atomic v1.15.0
2026-09-26T11:33:34.5922980Z #20 2.755   Downloaded winnow v1.0.4
2026-09-26T11:33:34.5923394Z #20 2.769   Downloaded allocator-api2 v0.2.21
2026-09-26T11:33:34.5923812Z #20 2.773   Downloaded base64 v0.22.1
2026-09-26T11:33:34.5924185Z #20 2.779   Downloaded flate2 v1.1.9
2026-09-26T11:33:34.5924574Z #20 2.787   Downloaded icu_collections v2.3.0
2026-09-26T11:33:34.5925020Z #20 2.797   Downloaded tracing-subscriber v0.3.23
2026-09-26T11:33:34.6942381Z #20 2.809   Downloaded webpki-roots v1.0.9
2026-09-26T11:33:34.6943104Z #20 2.813   Downloaded zerotrie v0.2.5
2026-09-26T11:33:34.6943788Z #20 2.819   Downloaded bumpalo v3.20.3
2026-09-26T11:33:34.6944484Z #20 2.823   Downloaded cap-primitives v4.0.3
2026-09-26T11:33:34.6945327Z #20 2.841   Downloaded fraction v0.17.0
2026-09-26T11:33:34.6946251Z #20 2.850   Downloaded icu_locale_core v2.3.0
2026-09-26T11:33:34.6947646Z #20 2.861   Downloaded icu_properties v2.3.0
2026-09-26T11:33:34.6948553Z #20 2.865   Downloaded indexmap v2.14.0
2026-09-26T11:33:34.6949196Z #20 2.872   Downloaded memchr v2.8.3
2026-09-26T11:33:34.6949832Z #20 2.880   Downloaded num-bigint v0.4.8
2026-09-26T11:33:34.6950459Z #20 2.887   Downloaded cc v1.4.4
2026-09-26T11:33:34.6951080Z #20 2.892   Downloaded unicode-width v0.2.2
2026-09-26T11:33:34.6951767Z #20 2.899   Downloaded clap_builder v4.6.6
2026-09-26T11:33:34.8220567Z #20 2.910   Downloaded idna v1.1.0
2026-09-26T11:33:34.8221422Z #20 2.914   Downloaded aho-corasick v1.1.5
2026-09-26T11:33:34.8221987Z #20 2.922   Downloaded hashbrown v0.17.1
2026-09-26T11:33:34.8222429Z #20 2.930   Downloaded icu_properties_data v2.3.0
2026-09-26T11:33:34.8222853Z #20 2.947   Downloaded syn v3.0.4
2026-09-26T11:33:34.8223231Z #20 2.962   Downloaded vstd v0.0.0-2026-09-06-0133
2026-09-26T11:33:34.8223688Z #20 2.979   Downloaded winnow v0.7.15
2026-09-26T11:33:34.8224145Z #20 2.993   Downloaded zerocopy v0.8.56
2026-09-26T11:33:34.8224542Z #20 3.027   Downloaded syn v2.0.119
2026-09-26T11:33:34.9306548Z #20 3.042   Downloaded regex-syntax v0.8.11
2026-09-26T11:33:34.9307634Z #20 3.051   Downloaded fancy-regex v0.19.1
2026-09-26T11:33:34.9308317Z #20 3.060   Downloaded rustls v0.23.45
2026-09-26T11:33:34.9308844Z #20 3.077   Downloaded rustix v1.1.4
2026-09-26T11:33:34.9309282Z #20 3.119   Downloaded verus_syn v0.0.0-2026-09-06-0133
2026-09-26T11:33:34.9309729Z #20 3.136   Downloaded tracing v0.1.44
2026-09-26T11:33:35.0325298Z #20 3.157   Downloaded regex-automata v0.4.18
2026-09-26T11:33:35.0326192Z #20 3.176   Downloaded icu_normalizer v2.3.0
2026-09-26T11:33:35.0326701Z #20 3.188   Downloaded zstd-sys v2.0.16+zstd.1.5.7
2026-09-26T11:33:35.0327204Z #20 3.209   Downloaded jsonschema v0.55.0
2026-09-26T11:33:35.0327657Z #20 3.237   Downloaded lzma-sys v0.1.20
2026-09-26T11:33:35.1512669Z #20 3.292   Downloaded libc v0.2.189
2026-09-26T11:33:35.1513125Z #20 3.356   Downloaded ring v0.17.14
2026-09-26T11:33:35.3601927Z #20 3.414   Downloaded linux-raw-sys v0.12.1
2026-09-26T11:33:35.4037400Z #20 3.608    Compiling proc-macro2 v1.0.107
2026-09-26T11:33:35.5309014Z #20 3.609    Compiling quote v1.0.47
2026-09-26T11:33:35.5309624Z #20 3.609    Compiling unicode-ident v1.0.24
2026-09-26T11:33:35.5310076Z #20 3.609    Compiling libc v0.2.189
2026-09-26T11:33:35.5310521Z #20 3.735     Checking cfg-if v1.0.4
2026-09-26T11:33:35.7368496Z #20 3.791    Compiling serde_core v1.0.229
2026-09-26T11:33:36.0401400Z #20 4.094     Checking once_cell v1.21.4
2026-09-26T11:33:36.3187754Z #20 4.372    Compiling serde v1.0.229
2026-09-26T11:33:36.8473356Z #20 4.901     Checking memchr v2.8.3
2026-09-26T11:33:38.0973380Z #20 6.150     Checking foldhash v0.2.0
2026-09-26T11:33:38.1267576Z #20 6.331     Checking equivalent v1.0.2
2026-09-26T11:33:38.3373015Z #20 6.391     Checking allocator-api2 v0.2.21
2026-09-26T11:33:38.3455477Z #20 6.550    Compiling syn v3.0.4
2026-09-26T11:33:38.5388534Z #20 6.593    Compiling syn v2.0.119
2026-09-26T11:33:38.9933961Z #20 7.047     Checking hashbrown v0.17.1
2026-09-26T11:33:40.4194770Z #20 8.472     Checking indexmap v2.14.0
2026-09-26T11:33:41.3362311Z #20 9.390    Compiling verus_syn v0.0.0-2026-09-06-0133
2026-09-26T11:33:41.8982161Z #20 10.10    Compiling verus_prettyplease v0.0.0-2026-09-06-0133
2026-09-26T11:33:42.2850640Z #20 10.49    Compiling zmij v1.0.23
2026-09-26T11:33:42.8427505Z #20 11.05    Compiling serde_json v1.0.151
2026-09-26T11:33:45.0146137Z #20 13.07     Checking itoa v1.0.18
2026-09-26T11:33:49.9369390Z #20 17.99    Compiling synstructure v0.13.2
2026-09-26T11:33:50.3861689Z #20 18.44    Compiling serde_derive v1.0.229
2026-09-26T11:33:51.0637622Z #20 19.27    Compiling vstd v0.0.0-2026-09-06-0133
2026-09-26T11:33:51.5335140Z #20 19.59    Compiling convert_case v0.4.0
2026-09-26T11:33:51.5761341Z #20 19.78    Compiling jobserver v0.1.35
2026-09-26T11:33:52.4323786Z #20 20.49    Compiling find-msvc-tools v0.1.11
2026-09-26T11:33:52.7200119Z #20 20.92     Checking verus_builtin v0.0.0-2026-09-06-0133
2026-09-26T11:33:54.4469959Z #20 22.50    Compiling shlex v2.0.1
2026-09-26T11:33:54.7216986Z #20 22.77    Compiling cc v1.4.4
2026-09-26T11:33:55.1373221Z #20 23.19     Checking smallvec v1.15.2
2026-09-26T11:33:55.4640330Z #20 23.52    Compiling rustix v1.1.4
2026-09-26T11:33:56.1307652Z #20 24.18    Compiling thiserror v2.0.20
2026-09-26T11:33:57.0499577Z #20 25.10    Compiling zerofrom-derive v0.1.7
2026-09-26T11:33:58.1622803Z #20 26.37    Compiling thiserror-impl v2.0.20
2026-09-26T11:33:58.5474600Z #20 26.60    Compiling verus_builtin_macros v0.0.0-2026-09-06-0133
2026-09-26T11:33:58.9903429Z #20 27.04    Compiling verus_state_machines_macros v0.0.0-2026-09-06-0133
2026-09-26T11:34:00.2936238Z #20 28.35     Checking bitflags v2.13.1
2026-09-26T11:34:00.5624565Z #20 28.62     Checking linux-raw-sys v0.12.1
2026-09-26T11:34:01.2847150Z #20 29.49     Checking zerofrom v0.1.8
2026-09-26T11:34:01.6135735Z #20 29.67    Compiling yoke-derive v0.8.2
2026-09-26T11:34:04.2948117Z #20 32.29     Checking stable_deref_trait v1.2.1
2026-09-26T11:34:04.2948749Z #20 32.35     Checking yoke v0.8.3
2026-09-26T11:34:04.6253111Z #20 32.68    Compiling zerovec-derive v0.11.6
2026-09-26T11:34:07.5111569Z #20 35.56     Checking winnow v1.0.4
2026-09-26T11:34:08.0455431Z #20 36.10     Checking zerovec v0.11.8
2026-09-26T11:34:09.2542371Z #20 37.31    Compiling displaydoc v0.2.7
2026-09-26T11:34:09.9742933Z #20 38.03     Checking toml_parser v1.1.3+spec-1.1.0
2026-09-26T11:34:10.7039438Z #20 38.76    Compiling io-lifetimes v3.0.1
2026-09-26T11:34:10.9513530Z #20 38.91    Compiling io-lifetimes v2.0.4
2026-09-26T11:34:10.9514572Z #20 39.00    Compiling pkg-config v0.3.34
2026-09-26T11:34:11.0524786Z #20 39.26     Checking toml_writer v1.1.2+spec-1.1.0
2026-09-26T11:34:11.2457507Z #20 39.45     Checking serde_spanned v1.1.1
2026-09-26T11:34:11.3926395Z #20 39.60     Checking percent-encoding v2.3.2
2026-09-26T11:34:11.5475130Z #20 39.60    Compiling io-extras v0.19.0
2026-09-26T11:34:11.9971933Z #20 40.01    Compiling getrandom v0.4.3
2026-09-26T11:34:11.9972717Z #20 40.05     Checking typenum v1.20.1
2026-09-26T11:34:12.2273838Z #20 40.28    Compiling cap-primitives v4.0.3
2026-09-26T11:34:12.5392505Z #20 40.62     Checking fs-set-times v0.20.3
2026-09-26T11:34:12.6908513Z #20 40.74     Checking tinystr v0.8.4
2026-09-26T11:34:12.9852389Z #20 41.04     Checking rustix-linux-procfs v0.1.1
2026-09-26T11:34:13.0005942Z #20 41.21     Checking ambient-authority v0.0.2
2026-09-26T11:34:13.2133156Z #20 41.23    Compiling cap-std v4.0.3
2026-09-26T11:34:13.2134018Z #20 41.27     Checking ipnet v2.12.1
2026-09-26T11:34:13.7070752Z #20 41.75     Checking log v0.4.34
2026-09-26T11:34:13.7071356Z #20 41.76     Checking zeroize v1.9.0
2026-09-26T11:34:13.9779511Z #20 42.00     Checking writeable v0.6.4
2026-09-26T11:34:13.9780574Z #20 42.03     Checking litemap v0.8.3
2026-09-26T11:34:13.9781351Z #20 42.18     Checking hybrid-array v0.4.14
2026-09-26T11:34:14.3270614Z #20 42.37     Checking maybe-owned v0.3.4
2026-09-26T11:34:14.3271640Z #20 42.38     Checking icu_locale_core v2.3.0
2026-09-26T11:34:15.6760912Z #20 43.68     Checking zerotrie v0.2.5
2026-09-26T11:34:15.6762102Z #20 43.74     Checking potential_utf v0.1.6
2026-09-26T11:34:15.8908198Z #20 43.88     Checking toml_datetime v0.7.5+spec-1.1.0
2026-09-26T11:34:15.8909394Z #20 43.94    Compiling icu_normalizer_data v2.3.0
2026-09-26T11:34:16.0735328Z #20 44.13     Checking winnow v0.7.15
2026-09-26T11:34:16.0737587Z #20 44.23     Checking fastrand v2.5.0
2026-09-26T11:34:16.2238543Z #20 44.28     Checking utf8_iter v1.0.4
2026-09-26T11:34:16.3458983Z #20 44.44    Compiling icu_properties_data v2.3.0
2026-09-26T11:34:16.4979328Z #20 44.55     Checking tempfile v3.27.0
2026-09-26T11:34:16.5730559Z #20 44.78     Checking icu_collections v2.3.0
2026-09-26T11:34:16.7114321Z #20 44.92     Checking icu_provider v2.3.1
2026-09-26T11:34:17.3603848Z #20 45.41     Checking crypto-common v0.2.2
2026-09-26T11:34:17.7692104Z #20 45.82     Checking block-buffer v0.12.1
2026-09-26T11:34:17.9767098Z #20 46.03     Checking rustls-pki-types v1.15.1
2026-09-26T11:34:18.6493816Z #20 46.70    Compiling zstd-sys v2.0.16+zstd.1.5.7
2026-09-26T11:34:19.0333169Z #20 47.09    Compiling ring v0.17.14
2026-09-26T11:34:19.5122471Z #20 47.51     Checking toml v0.9.12+spec-1.1.0
2026-09-26T11:34:19.5123610Z #20 47.57     Checking tracing-core v0.1.36
2026-09-26T11:34:20.1762158Z #20 48.23     Checking const-oid v0.10.2
2026-09-26T11:34:20.4152844Z #20 48.47     Checking digest v0.11.3
2026-09-26T11:34:21.0965068Z #20 49.30    Compiling crc32fast v1.5.1
2026-09-26T11:34:21.7208561Z #20 49.72     Checking cpufeatures v0.3.0
2026-09-26T11:34:21.7209143Z #20 49.78     Checking sha2 v0.11.0
2026-09-26T11:34:22.2478431Z #20 50.45     Checking gripsack-policy v0.42.0 (/app/crates/gripsack-policy)
2026-09-26T11:34:22.7624668Z #20 50.97     Checking icu_properties v2.3.0
2026-09-26T11:34:22.9735197Z #20 51.03     Checking gripsack-ir v0.42.0 (/app/crates/gripsack-ir)
2026-09-26T11:34:25.1232550Z #20 53.18     Checking icu_normalizer v2.3.0
2026-09-26T11:34:25.5497116Z #20 53.60     Checking gripsack-fs v0.42.0 (/app/crates/gripsack-fs)
2026-09-26T11:34:25.7049832Z #20 53.91    Compiling tracing-attributes v0.1.31
2026-09-26T11:34:26.1442560Z #20 54.20     Checking toml_datetime v1.1.1+spec-1.1.0
2026-09-26T11:34:26.5093674Z #20 54.56     Checking getrandom v0.2.17
2026-09-26T11:34:26.6864744Z #20 54.77     Checking untrusted v0.9.0
2026-09-26T11:34:26.8384106Z #20 54.89    Compiling autocfg v1.5.1
2026-09-26T11:34:27.6160400Z #20 55.67    Compiling zstd-safe v7.2.4
2026-09-26T11:34:27.9320403Z #20 56.14     Checking simd-adler32 v0.3.10
2026-09-26T11:34:28.4373022Z #20 56.49     Checking pin-project-lite v0.2.17
2026-09-26T11:34:28.5899346Z #20 56.64    Compiling num-traits v0.2.19
2026-09-26T11:34:28.7921023Z #20 56.85     Checking tracing v0.1.44
2026-09-26T11:34:28.9361405Z #20 57.02     Checking idna_adapter v1.2.2
2026-09-26T11:34:29.0880905Z #20 57.14    Compiling lzma-sys v0.1.20
2026-09-26T11:34:29.2830947Z #20 57.34    Compiling rustls v0.23.45
2026-09-26T11:34:29.5812582Z #20 57.63     Checking regex-syntax v0.8.11
2026-09-26T11:34:29.8959284Z #20 57.99     Checking adler2 v2.0.1
2026-09-26T11:34:30.0477881Z #20 58.10     Checking miniz_oxide v0.8.9
2026-09-26T11:34:31.0137338Z #20 59.22     Checking rustls-webpki v0.103.15
2026-09-26T11:34:31.9062582Z #20 60.11     Checking idna v1.1.0
2026-09-26T11:34:32.4098886Z #20 60.61     Checking gripsack-store v0.42.0 (/app/crates/gripsack-store)
2026-09-26T11:34:32.7988368Z #20 60.76     Checking webpki-roots v1.0.9
2026-09-26T11:34:32.7989493Z #20 60.85     Checking form_urlencoded v1.2.2
2026-09-26T11:34:32.9576827Z #20 61.01     Checking aho-corasick v1.1.5
2026-09-26T11:34:33.9898834Z #20 62.19     Checking subtle v2.6.1
2026-09-26T11:34:34.1990790Z #20 62.40     Checking bumpalo v3.20.3
2026-09-26T11:34:34.3930737Z #20 62.60     Checking libbz2-rs-sys v0.2.5
2026-09-26T11:34:34.7024506Z #20 62.76     Checking zlib-rs v0.6.7
2026-09-26T11:34:35.3178209Z #20 63.37     Checking bzip2 v0.6.1
2026-09-26T11:34:35.5724500Z #20 63.63     Checking zopfli v0.8.3
2026-09-26T11:34:36.0086533Z #20 64.21     Checking regex-automata v0.4.18
2026-09-26T11:34:36.5387177Z #20 64.74     Checking flate2 v1.1.9
2026-09-26T11:34:40.5158816Z #20 68.72     Checking url v2.5.8
2026-09-26T11:34:40.9307275Z #20 68.98     Checking webpki-roots v0.26.11
2026-09-26T11:34:41.6002019Z #20 69.65     Checking xattr v1.6.1
2026-09-26T11:34:41.7772378Z #20 69.83     Checking filetime v0.2.29
2026-09-26T11:34:41.9582684Z #20 70.01     Checking base64 v0.22.1
2026-09-26T11:34:42.3784771Z #20 70.47     Checking typed-path v0.12.3
2026-09-26T11:34:42.4785760Z #20 70.58     Checking openssl-probe v0.2.1
2026-09-26T11:34:42.4786955Z #20 70.68     Checking rustls-native-certs v0.8.4
2026-09-26T11:34:42.5933323Z #20 70.71     Checking ureq v2.12.1
2026-09-26T11:34:42.5934971Z #20 70.80     Checking tar v0.4.46
2026-09-26T11:34:43.4509733Z #20 71.65     Checking xz2 v0.1.7
2026-09-26T11:34:43.6822870Z #20 71.74     Checking toml v1.1.4+spec-1.1.0
2026-09-26T11:34:43.8819102Z #20 71.94     Checking gripsack-process v0.42.0 (/app/crates/gripsack-process)
2026-09-26T11:34:43.9065687Z #20 72.11     Checking zstd v0.13.3
2026-09-26T11:34:44.2663382Z #20 72.29     Checking httpdate v1.0.3
2026-09-26T11:34:44.2664930Z #20 72.32     Checking num-integer v0.1.47
2026-09-26T11:34:44.4834279Z #20 72.48    Compiling heck v0.5.0
2026-09-26T11:34:44.4835325Z #20 72.54     Checking zip v8.6.0
2026-09-26T11:34:44.8091766Z #20 72.85    Compiling zerocopy v0.8.56
2026-09-26T11:34:44.8094309Z #20 72.86    Compiling version_check v0.9.5
2026-09-26T11:34:45.3314722Z #20 73.37    Compiling parking_lot_core v0.9.12
2026-09-26T11:34:45.3317428Z #20 73.41     Checking gripsack-config v0.42.0 (/app/crates/gripsack-config)
2026-09-26T11:34:45.3318444Z #20 73.54    Compiling getrandom v0.3.4
2026-09-26T11:34:45.7615348Z #20 73.81    Compiling ahash v0.8.12
2026-09-26T11:34:45.9131956Z #20 74.00     Checking num-bigint v0.4.8
2026-09-26T11:34:46.1602546Z #20 74.12     Checking scopeguard v1.2.0
2026-09-26T11:34:46.1603701Z #20 74.18    Compiling ref-cast v1.0.27
2026-09-26T11:34:46.1604710Z #20 74.21     Checking lock_api v0.4.14
2026-09-26T11:34:46.1606664Z #20 74.21     Checking gripsack-fetch v0.42.0 (/app/crates/gripsack-fetch)
2026-09-26T11:34:46.9674797Z #20 75.17     Checking num-iter v0.1.46
2026-09-26T11:34:47.2465924Z #20 75.30     Checking num-complex v0.4.6
2026-09-26T11:34:48.2303847Z #20 76.28    Compiling ref-cast-impl v1.0.27
2026-09-26T11:34:48.6009580Z #20 76.65     Checking num-rational v0.4.2
2026-09-26T11:34:48.9069876Z #20 76.96     Checking parking_lot v0.12.5
2026-09-26T11:34:49.2263037Z #20 77.33     Checking borrow-or-share v0.2.4
2026-09-26T11:34:49.2263843Z #20 77.37     Checking num v0.4.3
2026-09-26T11:34:49.2264395Z #20 77.42    Compiling unicode-general-category v1.1.0
2026-09-26T11:34:49.2264969Z #20 77.43     Checking bit-vec v0.8.0
2026-09-26T11:34:49.4840129Z #20 77.54     Checking fluent-uri v0.4.1
2026-09-26T11:34:49.7477035Z #20 77.80     Checking bit-set v0.8.0
2026-09-26T11:34:49.9828948Z #20 78.04     Checking fraction v0.17.0
2026-09-26T11:34:50.6394616Z #20 78.67     Checking gripsack-exec v0.42.0 (/app/crates/gripsack-exec)
2026-09-26T11:34:50.6395421Z #20 78.75    Compiling strum_macros v0.28.0
2026-09-26T11:34:50.7912980Z #20 78.84     Checking num-cmp v0.1.0
2026-09-26T11:34:51.5814838Z #20 79.54     Checking outref v0.5.2
2026-09-26T11:34:51.5815440Z #20 79.63     Checking vsimd v0.8.0
2026-09-26T11:34:52.5273085Z #20 80.58     Checking unsafe-libyaml v0.2.11
2026-09-26T11:34:53.6370759Z #20 81.69     Checking micromap v0.3.0
2026-09-26T11:34:53.8978473Z #20 81.95     Checking bytecount v0.6.9
2026-09-26T11:34:54.0567927Z #20 82.11     Checking ryu v1.0.23
2026-09-26T11:34:54.2732159Z #20 82.26     Checking uuid-simd v0.8.0
2026-09-26T11:34:54.2732982Z #20 82.33     Checking serde_yaml v0.9.34+deprecated
2026-09-26T11:34:55.5610297Z #20 83.61     Checking fancy-regex v0.19.1
2026-09-26T11:34:55.8162305Z #20 83.91     Checking strum v0.28.0
2026-09-26T11:34:55.8163129Z #20 83.99     Checking jsonschema-value v0.55.0
2026-09-26T11:34:55.9673937Z #20 84.02     Checking referencing v0.55.0
2026-09-26T11:34:56.4227811Z #20 84.38     Checking regex v1.13.1
2026-09-26T11:34:56.4228515Z #20 84.48     Checking jsonschema-regex v0.55.0
2026-09-26T11:34:56.7164515Z #20 84.77     Checking toml_edit v0.25.13+spec-1.1.0
2026-09-26T11:34:57.0175288Z #20 85.04     Checking email_address v0.2.9
2026-09-26T11:34:57.0176400Z #20 85.12     Checking utf8parse v0.2.2
2026-09-26T11:34:57.1269158Z #20 85.22     Checking data-encoding v2.11.1
2026-09-26T11:34:57.1269973Z #20 85.25     Checking lazy_static v1.5.0
2026-09-26T11:34:57.3149078Z #20 85.33     Checking sharded-slab v0.1.7
2026-09-26T11:34:57.3149786Z #20 85.37     Checking anstyle-parse v1.0.0
2026-09-26T11:34:57.5339673Z #20 85.60     Checking matchers v0.2.0
2026-09-26T11:34:57.7457537Z #20 85.74     Checking tracing-serde v0.2.0
2026-09-26T11:34:57.7458201Z #20 85.83     Checking jsonschema v0.55.0
2026-09-26T11:34:57.9385254Z #20 85.95     Checking tracing-log v0.2.0
2026-09-26T11:34:57.9386274Z #20 85.99     Checking thread_local v1.1.10
2026-09-26T11:34:58.1466782Z #20 86.15     Checking unicode-width v0.2.2
2026-09-26T11:34:58.1467609Z #20 86.22     Checking anstyle v1.0.14
2026-09-26T11:34:58.3202623Z #20 86.35     Checking is_terminal_polyfill v1.70.2
2026-09-26T11:34:58.3204198Z #20 86.43    Compiling portable-atomic v1.15.0
2026-09-26T11:34:58.4440418Z #20 86.52     Checking colorchoice v1.0.5
2026-09-26T11:34:58.4442207Z #20 86.57     Checking anstyle-query v1.1.5
2026-09-26T11:34:58.4443184Z #20 86.61     Checking nu-ansi-term v0.50.3
2026-09-26T11:34:58.5962347Z #20 86.65     Checking anstream v1.0.0
2026-09-26T11:34:58.9709322Z #20 87.01     Checking tracing-subscriber v0.3.23
2026-09-26T11:34:58.9710762Z #20 87.02     Checking console v0.16.4
2026-09-26T11:34:59.1273819Z #20 87.33     Checking griplint v0.42.0 (/app/crates/griplint)
2026-09-26T11:34:59.6677858Z #20 87.72     Checking clap_lex v1.1.0
2026-09-26T11:34:59.8938564Z #20 87.95    Compiling owo-colors v4.3.0
2026-09-26T11:35:00.2736693Z #20 88.33     Checking strsim v0.11.1
2026-09-26T11:35:00.5303472Z #20 88.58     Checking clap_builder v4.6.6
2026-09-26T11:35:01.3677699Z #20 89.57    Compiling clap_derive v4.6.4
2026-09-26T11:35:01.6773433Z #20 89.73     Checking unit-prefix v0.5.2
2026-09-26T11:35:01.8025341Z #20 89.88     Checking shell-words v1.1.1
2026-09-26T11:35:01.9546194Z #20 90.01     Checking dialoguer v0.12.0
2026-09-26T11:35:02.6061812Z #20 90.66     Checking indicatif v0.18.6
2026-09-26T11:35:03.4298998Z #20 91.48     Checking gripsack-trace v0.42.0 (/app/crates/gripsack-trace)
2026-09-26T11:35:03.9325680Z #20 91.99     Checking gripsack-lint v0.42.0 (/app/crates/gripsack-lint)
2026-09-26T11:35:04.2520365Z #20 92.31     Checking gripsack-fuzz v0.0.0 (/app/fuzz)
2026-09-26T11:35:06.3842847Z #20 94.38     Checking clap v4.6.6
2026-09-26T11:35:06.3843528Z #20 94.44     Checking gripsack v0.42.0 (/app/crates/gripsack)
2026-09-26T11:35:14.2758894Z #20 102.5     Finished `dev` profile [unoptimized + debuginfo] target(s) in 1m 40s
2026-09-26T11:35:14.7027392Z #20 102.9    Compiling libc v0.2.189
2026-09-26T11:35:14.7028156Z #20 102.9    Compiling cfg-if v1.0.4
2026-09-26T11:35:14.9197827Z #20 102.9    Compiling equivalent v1.0.2
2026-09-26T11:35:14.9198689Z #20 102.9    Compiling serde_core v1.0.229
2026-09-26T11:35:14.9199351Z #20 103.0    Compiling memchr v2.8.3
2026-09-26T11:35:14.9199998Z #20 103.0    Compiling once_cell v1.21.4
2026-09-26T11:35:15.1477237Z #20 103.4    Compiling foldhash v0.2.0
2026-09-26T11:35:15.3908814Z #20 103.6    Compiling allocator-api2 v0.2.21
2026-09-26T11:35:16.2102461Z #20 104.4    Compiling hashbrown v0.17.1
2026-09-26T11:35:16.7431302Z #20 104.8    Compiling indexmap v2.14.0
2026-09-26T11:35:17.1032159Z #20 105.3    Compiling itoa v1.0.18
2026-09-26T11:35:17.4143342Z #20 105.6    Compiling zmij v1.0.23
2026-09-26T11:35:18.1880368Z #20 106.2    Compiling verus_builtin v0.0.0-2026-09-06-0133
2026-09-26T11:35:18.4611656Z #20 106.5    Compiling thiserror v2.0.20
2026-09-26T11:35:18.4612710Z #20 106.6    Compiling jobserver v0.1.35
2026-09-26T11:35:18.6126900Z #20 106.7    Compiling verus_state_machines_macros v0.0.0-2026-09-06-0133
2026-09-26T11:35:19.1871868Z #20 107.2    Compiling smallvec v1.15.2
2026-09-26T11:35:19.6393130Z #20 107.6    Compiling cc v1.4.4
2026-09-26T11:35:19.6394023Z #20 107.7    Compiling linux-raw-sys v0.12.1
2026-09-26T11:35:20.5882191Z #20 108.6    Compiling bitflags v2.13.1
2026-09-26T11:35:21.0638569Z #20 109.1    Compiling serde v1.0.229
2026-09-26T11:35:21.0640445Z #20 109.1    Compiling serde_json v1.0.151
2026-09-26T11:35:22.4704830Z #20 110.5    Compiling rustix v1.1.4
2026-09-26T11:35:23.3639031Z #20 111.4    Compiling winnow v1.0.4
2026-09-26T11:35:25.3559994Z #20 113.4    Compiling toml_writer v1.1.2+spec-1.1.0
2026-09-26T11:35:25.6328678Z #20 113.8    Compiling zerofrom v0.1.8
2026-09-26T11:35:25.9721825Z #20 114.0    Compiling serde_spanned v1.1.1
2026-09-26T11:35:26.1700265Z #20 114.2    Compiling toml_parser v1.1.3+spec-1.1.0
2026-09-26T11:35:26.2868384Z #20 114.5    Compiling stable_deref_trait v1.2.1
2026-09-26T11:35:26.5009446Z #20 114.6    Compiling yoke v0.8.3
2026-09-26T11:35:26.8523164Z #20 114.9    Compiling io-lifetimes v2.0.4
2026-09-26T11:35:27.0035066Z #20 115.1    Compiling io-lifetimes v3.0.1
2026-09-26T11:35:27.1555452Z #20 115.2    Compiling zerovec v0.11.8
2026-09-26T11:35:27.9328682Z #20 116.0    Compiling io-extras v0.19.0
2026-09-26T11:35:28.1741357Z #20 116.2    Compiling ipnet v2.12.1
2026-09-26T11:35:28.6443923Z #20 116.7    Compiling typenum v1.20.1
2026-09-26T11:35:29.3968373Z #20 117.5    Compiling maybe-owned v0.3.4
2026-09-26T11:35:29.7746789Z #20 117.8    Compiling ambient-authority v0.0.2
2026-09-26T11:35:29.7747773Z #20 117.8    Compiling percent-encoding v2.3.2
2026-09-26T11:35:30.0900711Z #20 118.1    Compiling fs-set-times v0.20.3
2026-09-26T11:35:30.3222445Z #20 118.4    Compiling rustix-linux-procfs v0.1.1
2026-09-26T11:35:30.6749209Z #20 118.9    Compiling vstd v0.0.0-2026-09-06-0133
2026-09-26T11:35:30.8749033Z #20 118.9    Compiling hybrid-array v0.4.14
2026-09-26T11:35:30.8750279Z #20 118.9    Compiling cap-primitives v4.0.3
2026-09-26T11:35:31.9820148Z #20 120.2    Compiling getrandom v0.4.3
2026-09-26T11:35:32.2033565Z #20 120.3    Compiling toml_datetime v0.7.5+spec-1.1.0
2026-09-26T11:35:32.2554649Z #20 120.5    Compiling fastrand v2.5.0
2026-09-26T11:35:32.6759078Z #20 120.9    Compiling winnow v0.7.15
2026-09-26T11:35:32.8371362Z #20 120.9    Compiling tempfile v3.27.0
2026-09-26T11:35:32.8372373Z #20 120.9    Compiling cap-std v4.0.3
2026-09-26T11:35:33.4348168Z #20 121.5    Compiling log v0.4.34
2026-09-26T11:35:33.8164118Z #20 121.9    Compiling block-buffer v0.12.1
2026-09-26T11:35:33.8165147Z #20 121.9    Compiling crypto-common v0.2.2
2026-09-26T11:35:34.0443277Z #20 122.1    Compiling tinystr v0.8.4
2026-09-26T11:35:34.4315581Z #20 122.5    Compiling const-oid v0.10.2
2026-09-26T11:35:34.8179635Z #20 122.9    Compiling zeroize v1.9.0
2026-09-26T11:35:35.1321799Z #20 123.2    Compiling writeable v0.6.4
2026-09-26T11:35:35.6406905Z #20 123.7    Compiling litemap v0.8.3
2026-09-26T11:35:36.0158420Z #20 124.1    Compiling icu_locale_core v2.3.0
2026-09-26T11:35:36.9813906Z #20 125.0    Compiling toml v0.9.12+spec-1.1.0
2026-09-26T11:35:36.9817913Z #20 125.0    Compiling digest v0.11.3
2026-09-26T11:35:37.2364550Z #20 125.3    Compiling gripsack-fs v0.42.0 (/app/crates/gripsack-fs)
2026-09-26T11:35:38.0957339Z #20 126.1    Compiling gripsack-policy v0.42.0 (/app/crates/gripsack-policy)
2026-09-26T11:35:38.6481081Z #20 126.7    Compiling potential_utf v0.1.6
2026-09-26T11:35:38.8583510Z #20 126.9    Compiling gripsack-ir v0.42.0 (/app/crates/gripsack-ir)
2026-09-26T11:35:38.9728107Z #20 127.1    Compiling zerotrie v0.2.5
2026-09-26T11:35:39.1237674Z #20 127.2    Compiling tracing-core v0.1.36
2026-09-26T11:35:39.6252364Z #20 127.7    Compiling utf8_iter v1.0.4
2026-09-26T11:35:39.8786995Z #20 127.9    Compiling cpufeatures v0.3.0
2026-09-26T11:35:39.8788672Z #20 127.9    Compiling sha2 v0.11.0
2026-09-26T11:35:40.5331858Z #20 128.6    Compiling icu_collections v2.3.0
2026-09-26T11:35:41.0632741Z #20 129.3    Compiling icu_provider v2.3.1
2026-09-26T11:35:41.5857624Z #20 129.8    Compiling rustls-pki-types v1.15.1
2026-09-26T11:35:41.8964777Z #20 129.9    Compiling zstd-sys v2.0.16+zstd.1.5.7
2026-09-26T11:35:42.0951176Z #20 130.1    Compiling ring v0.17.14
2026-09-26T11:35:42.8405189Z #20 130.9    Compiling icu_properties_data v2.3.0
2026-09-26T11:35:42.8818482Z #20 131.1    Compiling icu_normalizer_data v2.3.0
2026-09-26T11:35:43.1004841Z #20 131.2    Compiling toml_datetime v1.1.1+spec-1.1.0
2026-09-26T11:35:43.5367577Z #20 131.7    Compiling pin-project-lite v0.2.17
2026-09-26T11:35:43.7655589Z #20 131.8    Compiling tracing v0.1.44
2026-09-26T11:35:43.9529212Z #20 132.2    Compiling icu_normalizer v2.3.0
2026-09-26T11:35:45.1307925Z #20 133.3    Compiling icu_properties v2.3.0
2026-09-26T11:35:48.2436924Z #20 136.4    Compiling gripsack-store v0.42.0 (/app/crates/gripsack-store)
2026-09-26T11:35:49.0671828Z #20 137.3    Compiling getrandom v0.2.17
2026-09-26T11:35:49.3601096Z #20 137.6    Compiling untrusted v0.9.0
2026-09-26T11:35:49.4887684Z #20 137.7    Compiling simd-adler32 v0.3.10
2026-09-26T11:35:54.5209069Z #20 142.7    Compiling idna_adapter v1.2.2
2026-09-26T11:35:54.7945099Z #20 142.8    Compiling crc32fast v1.5.1
2026-09-26T11:35:55.0128057Z #20 143.2    Compiling lzma-sys v0.1.20
2026-09-26T11:35:55.2475525Z #20 143.5    Compiling adler2 v2.0.1
2026-09-26T11:35:55.5515473Z #20 143.6    Compiling rustls v0.23.45
2026-09-26T11:35:55.5517193Z #20 143.6    Compiling miniz_oxide v0.8.9
2026-09-26T11:35:56.7238010Z #20 144.9    Compiling idna v1.1.0
2026-09-26T11:35:58.4569187Z #20 146.7    Compiling rustls-webpki v0.103.15
2026-09-26T11:35:58.6089658Z #20 146.8    Compiling webpki-roots v1.0.9
2026-09-26T11:35:58.9122559Z #20 147.0    Compiling form_urlencoded v1.2.2
2026-09-26T11:35:59.1584136Z #20 147.2    Compiling zlib-rs v0.6.7
2026-09-26T11:36:00.6731917Z #20 148.9    Compiling subtle v2.6.1
2026-09-26T11:36:00.8996265Z #20 149.1    Compiling libbz2-rs-sys v0.2.5
2026-09-26T11:36:02.3706395Z #20 150.6    Compiling bumpalo v3.20.3
2026-09-26T11:36:02.7966718Z #20 151.0    Compiling regex-syntax v0.8.11
2026-09-26T11:36:05.6472754Z #20 153.7    Compiling zstd-safe v7.2.4
2026-09-26T11:36:05.7990565Z #20 153.9    Compiling flate2 v1.1.9
2026-09-26T11:36:06.2031004Z #20 154.3    Compiling zstd v0.13.3
2026-09-26T11:36:06.3543106Z #20 154.4    Compiling zopfli v0.8.3
2026-09-26T11:36:06.8335776Z #20 154.9    Compiling bzip2 v0.6.1
2026-09-26T11:36:07.1751181Z #20 155.2    Compiling url v2.5.8
2026-09-26T11:36:08.2396755Z #20 156.2    Compiling webpki-roots v0.26.11
2026-09-26T11:36:08.2397405Z #20 156.3    Compiling xattr v1.6.1
2026-09-26T11:36:08.8822441Z #20 156.9    Compiling gripsack-process v0.42.0 (/app/crates/gripsack-process)
2026-09-26T11:36:09.1757267Z #20 157.2    Compiling filetime v0.2.29
2026-09-26T11:36:09.3653853Z #20 157.4    Compiling aho-corasick v1.1.5
2026-09-26T11:36:09.5163138Z #20 157.6    Compiling openssl-probe v0.2.1
2026-09-26T11:36:09.7677440Z #20 157.8    Compiling typed-path v0.12.3
2026-09-26T11:36:09.9196035Z #20 158.0    Compiling base64 v0.22.1
2026-09-26T11:36:10.6353790Z #20 158.7    Compiling rustls-native-certs v0.8.4
2026-09-26T11:36:11.2872697Z #20 159.3    Compiling tar v0.4.46
2026-09-26T11:36:13.3976940Z #20 161.5    Compiling zip v8.6.0
2026-09-26T11:36:13.6598836Z #20 161.9    Compiling regex-automata v0.4.18
2026-09-26T11:36:15.0259538Z #20 163.1    Compiling ureq v2.12.1
2026-09-26T11:36:16.6024860Z #20 164.7    Compiling num-traits v0.2.19
2026-09-26T11:36:18.7568967Z #20 166.7    Compiling xz2 v0.1.7
2026-09-26T11:36:18.7569999Z #20 166.8    Compiling toml v1.1.4+spec-1.1.0
2026-09-26T11:36:19.1330942Z #20 167.2    Compiling httpdate v1.0.3
2026-09-26T11:36:19.5442085Z #20 167.6    Compiling gripsack-fetch v0.42.0 (/app/crates/gripsack-fetch)
2026-09-26T11:36:22.9639363Z #20 171.0    Compiling gripsack-config v0.42.0 (/app/crates/gripsack-config)
2026-09-26T11:36:23.3110743Z #20 171.4    Compiling num-integer v0.1.47
2026-09-26T11:36:24.2756356Z #20 172.2    Compiling scopeguard v1.2.0
2026-09-26T11:36:24.2757814Z #20 172.3    Compiling lock_api v0.4.14
2026-09-26T11:36:24.7653780Z #20 172.8    Compiling parking_lot_core v0.9.12
2026-09-26T11:36:25.2388632Z #20 173.3    Compiling num-bigint v0.4.8
2026-09-26T11:36:25.9450966Z #20 174.0    Compiling parking_lot v0.12.5
2026-09-26T11:36:26.9285602Z #20 175.0    Compiling getrandom v0.3.4
2026-09-26T11:36:27.2223682Z #20 175.3    Compiling zerocopy v0.8.56
2026-09-26T11:36:27.8147743Z #20 175.9    Compiling num-iter v0.1.46
2026-09-26T11:36:27.9677251Z #20 176.0    Compiling num-complex v0.4.6
2026-09-26T11:36:29.1443353Z #20 177.2    Compiling num-rational v0.4.2
2026-09-26T11:36:29.4603515Z #20 177.4    Compiling ref-cast v1.0.27
2026-09-26T11:36:29.4605672Z #20 177.5    Compiling bit-vec v0.8.0
2026-09-26T11:36:29.9342073Z #20 178.0    Compiling borrow-or-share v0.2.4
2026-09-26T11:36:29.9343009Z #20 178.1    Compiling num v0.4.3
2026-09-26T11:36:30.0844960Z #20 178.1    Compiling fraction v0.17.0
2026-09-26T11:36:30.5448882Z #20 178.7    Compiling fluent-uri v0.4.1
2026-09-26T11:36:30.8747905Z #20 178.9    Compiling bit-set v0.8.0
2026-09-26T11:36:30.9783944Z #20 179.2    Compiling micromap v0.3.0
2026-09-26T11:36:31.2362729Z #20 179.3    Compiling unsafe-libyaml v0.2.11
2026-09-26T11:36:31.5949326Z #20 179.8    Compiling outref v0.5.2
2026-09-26T11:36:31.8387547Z #20 179.9    Compiling vsimd v0.8.0
2026-09-26T11:36:32.5591212Z #20 180.6    Compiling num-cmp v0.1.0
2026-09-26T11:36:32.8505221Z #20 180.9    Compiling bytecount v0.6.9
2026-09-26T11:36:33.1122631Z #20 181.2    Compiling ryu v1.0.23
2026-09-26T11:36:33.3747086Z #20 181.4    Compiling serde_yaml v0.9.34+deprecated
2026-09-26T11:36:33.3748017Z #20 181.4    Compiling uuid-simd v0.8.0
2026-09-26T11:36:33.3748653Z #20 181.5    Compiling strum v0.28.0
2026-09-26T11:36:33.5252779Z #20 181.6    Compiling fancy-regex v0.19.1
2026-09-26T11:36:34.0844797Z #20 182.1    Compiling unicode-general-category v1.1.0
2026-09-26T11:36:35.1883434Z #20 183.2    Compiling gripsack-exec v0.42.0 (/app/crates/gripsack-exec)
2026-09-26T11:36:37.1206675Z #20 185.2    Compiling ahash v0.8.12
2026-09-26T11:36:37.5868931Z #20 185.6    Compiling jsonschema-value v0.55.0
2026-09-26T11:36:38.1138334Z #20 186.2    Compiling referencing v0.55.0
2026-09-26T11:36:38.5295069Z #20 186.6    Compiling regex v1.13.1
2026-09-26T11:36:38.6881243Z #20 186.7    Compiling jsonschema-regex v0.55.0
2026-09-26T11:36:39.6391052Z #20 187.7    Compiling toml_edit v0.25.13+spec-1.1.0
2026-09-26T11:36:39.6392328Z #20 187.7    Compiling email_address v0.2.9
2026-09-26T11:36:40.1027637Z #20 188.2    Compiling data-encoding v2.11.1
2026-09-26T11:36:41.9619582Z #20 190.0    Compiling jsonschema v0.55.0
2026-09-26T11:36:42.3751747Z #20 190.4    Compiling lazy_static v1.5.0
2026-09-26T11:36:42.3752358Z #20 190.4    Compiling sharded-slab v0.1.7
2026-09-26T11:36:43.4324991Z #20 191.5    Compiling griplint v0.42.0 (/app/crates/griplint)
2026-09-26T11:36:43.5861261Z #20 191.6    Compiling matchers v0.2.0
2026-09-26T11:36:43.8024627Z #20 191.9    Compiling tracing-serde v0.2.0
2026-09-26T11:36:44.0457132Z #20 192.1    Compiling tracing-log v0.2.0
2026-09-26T11:36:44.4811153Z #20 192.5    Compiling thread_local v1.1.10
2026-09-26T11:36:44.8548629Z #20 193.0    Compiling utf8parse v0.2.2
2026-09-26T11:36:45.0056194Z #20 193.1    Compiling nu-ansi-term v0.50.3
2026-09-26T11:36:45.5128083Z #20 193.7    Compiling tracing-subscriber v0.3.23
2026-09-26T11:36:48.8680690Z #20 196.9    Compiling anstyle-parse v1.0.0
2026-09-26T11:36:49.1455658Z #20 197.2    Compiling colorchoice v1.0.5
2026-09-26T11:36:49.3018538Z #20 197.3    Compiling unicode-width v0.2.2
2026-09-26T11:36:49.3020247Z #20 197.4    Compiling anstyle-query v1.1.5
2026-09-26T11:36:49.4537400Z #20 197.5    Compiling anstyle v1.0.14
2026-09-26T11:36:49.7239601Z #20 197.8    Compiling is_terminal_polyfill v1.70.2
2026-09-26T11:36:49.7240461Z #20 197.9    Compiling anstream v1.0.0
2026-09-26T11:36:49.7240955Z #20 197.9    Compiling console v0.16.4
2026-09-26T11:36:50.4687002Z #20 198.5    Compiling clap_lex v1.1.0
2026-09-26T11:36:50.8792079Z #20 198.9    Compiling strsim v0.11.1
2026-09-26T11:36:51.4489687Z #20 199.5    Compiling clap_builder v4.6.6
2026-09-26T11:36:51.6421680Z #20 199.7    Compiling portable-atomic v1.15.0
2026-09-26T11:36:52.1418881Z #20 200.2    Compiling gripsack-trace v0.42.0 (/app/crates/gripsack-trace)
2026-09-26T11:36:53.0507277Z #20 201.3    Compiling gripsack-lint v0.42.0 (/app/crates/gripsack-lint)
2026-09-26T11:36:54.0558728Z #20 202.1    Compiling gripsack-fuzz v0.0.0 (/app/fuzz)
2026-09-26T11:36:54.5761937Z #20 202.6    Compiling shell-words v1.1.1
2026-09-26T11:36:54.7871080Z #20 202.8    Compiling unit-prefix v0.5.2
2026-09-26T11:36:54.9847140Z #20 203.0    Compiling indicatif v0.18.6
2026-09-26T11:36:55.6145268Z #20 203.7    Compiling dialoguer v0.12.0
2026-09-26T11:36:57.4798775Z #20 205.5    Compiling clap v4.6.6
2026-09-26T11:36:57.4799652Z #20 205.5    Compiling owo-colors v4.3.0
2026-09-26T11:37:01.5469003Z #20 209.6    Compiling gripsack v0.42.0 (/app/crates/gripsack)
2026-09-26T11:37:37.2393336Z #20 245.4     Finished `test` profile [unoptimized + debuginfo] target(s) in 2m 22s
2026-09-26T11:37:37.3474414Z #20 245.5      Running unittests src/lib.rs (target/debug/deps/griplint-649ce6e1a3a65ac3)
2026-09-26T11:37:37.3475254Z #20 245.5 
2026-09-26T11:37:37.3475601Z #20 245.5 running 19 tests
2026-09-26T11:37:37.3484133Z #20 245.5 test admission::tests::explicit_no_table_preserves_coverage_without_parsing ... ok
2026-09-26T11:37:37.3484786Z #20 245.5 test admission::tests::file_loader_has_the_same_admission_boundary ... ok
2026-09-26T11:37:37.3485383Z #20 245.5 test admission::tests::formats_dispatch_without_extension_assumptions ... ok
2026-09-26T11:37:37.3486316Z #20 245.5 test admission::tests::key_diagnostics_and_leniency_survive_admission ... ok
2026-09-26T11:37:37.3486920Z #20 245.5 test admission::tests::free_keys_and_sections_preserve_arbitrary_descendants ... ok
2026-09-26T11:37:37.3487752Z #20 245.5 test admission::tests::malformed_key_rules_never_turn_sections_free ... ok
2026-09-26T11:37:37.3488290Z #20 245.5 test admission::tests::markers_are_typed_and_exclusive ... ok
2026-09-26T11:37:37.3488863Z #20 245.5 test admission::tests::whole_rules_check_sections_without_checking_their_members ... ok
2026-09-26T11:37:37.3489385Z #20 245.5 test difflib::tests::the_fixture_suggestions_hold ... ok
2026-09-26T11:37:37.3489866Z #20 245.5 test checks::tests::version_coverage_is_numeric_not_textual ... ok
2026-09-26T11:37:37.3490389Z #20 245.5 test document::tests::error_spans_map_bytes_to_code_point_columns ... ok
2026-09-26T11:37:37.3490896Z #20 245.5 test document::tests::indented_multichar_keys_get_real_columns ... ok
2026-09-26T11:37:37.3491358Z #20 245.5 test document::tests::json_and_yaml_null_stay_null ... ok
2026-09-26T11:37:37.3491815Z #20 245.5 test admission::tests::metadata_and_dispatch_must_be_actionable ... ok
2026-09-26T11:37:37.3492259Z #20 245.5 test golden::severity_serializes_lowercase ... ok
2026-09-26T11:37:37.3492674Z #20 245.5 test value::tests::numbers_compare_across_int_and_float ... ok
2026-09-26T11:37:37.3493141Z #20 245.5 test value::tests::typed_matching_keeps_null_and_boolean_distinct ... ok
2026-09-26T11:37:37.3493613Z #20 245.6 test admission::tests::every_embedded_pack_is_admitted ... ok
2026-09-26T11:37:37.4682353Z #20 245.7 test golden::golden_corpus_replays ... ok
2026-09-26T11:37:37.4683254Z #20 245.7 
2026-09-26T11:37:37.4683915Z #20 245.7 test result: ok. 19 passed; 0 failed; 0 ignored; 0 measured; 0 filtered out; finished in 0.20s
2026-09-26T11:37:37.4684707Z #20 245.7 
2026-09-26T11:37:37.5708911Z #20 245.7      Running unittests src/main.rs (target/debug/deps/grip-85d61296dd07cae5)
2026-09-26T11:37:37.5710325Z #20 245.7 
2026-09-26T11:37:37.5711107Z #20 245.7 running 22 tests
2026-09-26T11:37:37.5711929Z #20 245.7 test commands::adopt::generate::tests::ident_is_always_a_valid_ts_identifier ... ok
2026-09-26T11:37:37.5712954Z #20 245.7 test commands::adopt::generate::tests::names_and_idents ... ok
2026-09-26T11:37:37.5713932Z #20 245.7 test commands::adopt::generate::tests::module_source_escapes_hostile_strings ... ok
2026-09-26T11:37:37.5714916Z #20 245.7 test commands::adopt::generate::tests::module_source_shapes ... ok
2026-09-26T11:37:37.5716140Z #20 245.7 test commands::adopt::generate::tests::update_host_bails_on_unexpected_shape ... ok
2026-09-26T11:37:37.5718174Z #20 245.7 test commands::adopt::generate::tests::update_host_single_line_arrays ... ok
2026-09-26T11:37:37.5719604Z #20 245.7 test commands::adopt::generate::tests::update_host_multiline_array ... ok
2026-09-26T11:37:37.5720718Z #20 245.7 test commands::adopt::generate::tests::update_host_ignores_the_template_header_comment ... ok
2026-09-26T11:37:37.5722101Z #20 245.7 test commands::self_update::installation::tests::deleted_suffix_is_only_stripped_for_a_missing_original ... ok
2026-09-26T11:37:37.5723448Z #20 245.7 test commands::frontend::tests::every_builtin_read_grant_rejects_a_comma_before_deno_spawn ... ok
2026-09-26T11:37:37.5724847Z #20 245.7 test commands::self_update::installation::tests::parent_drift_does_not_redirect_publication ... ok
2026-09-26T11:37:37.5726410Z #20 245.7 test commands::self_update::installation::tests::replacement_invalidates_installed_version_evidence ... ok
2026-09-26T11:37:37.5727768Z #20 245.7 test commands::self_update::payload::tests::root_and_nested_candidates_are_ambiguous ... ok
2026-09-26T11:37:37.5729074Z #20 245.7 test commands::self_update::payload::tests::probe_requires_success_and_a_single_grip_version ... ok
2026-09-26T11:37:37.5730478Z #20 245.7 test commands::self_update::payload::tests::symlink_files_and_symlink_directories_are_not_candidates ... ok
2026-09-26T11:37:37.5731870Z #20 245.7 test commands::self_update::installation::tests::symlink_install_keeps_target_semantics ... ok
2026-09-26T11:37:37.5732903Z #20 245.7 test render::tests::missing_file_degrades_gracefully ... ok
2026-09-26T11:37:37.5733750Z #20 245.7 test render::tests::renders_header_and_help_without_color ... ok
2026-09-26T11:37:37.5736427Z #20 245.7 test render::tests::invalid_diagnostic_coordinates_never_read_a_source_snippet ... ok
2026-09-26T11:37:37.5737593Z #20 245.7 test render::tests::renders_snippet_when_file_exists ... ok
2026-09-26T11:37:37.5738552Z #20 245.7 test render::tests::source_snippets_cannot_escape_the_repo_capability ... ok
2026-09-26T11:37:37.5739732Z #20 245.7 test commands::self_update::payload::tests::flooding_version_peer_is_rejected ... ok
2026-09-26T11:37:37.5740612Z #20 245.7 
2026-09-26T11:37:37.5741286Z #20 245.7 test result: ok. 22 passed; 0 failed; 0 ignored; 0 measured; 0 filtered out; finished in 0.02s
2026-09-26T11:37:37.5742100Z #20 245.7 
2026-09-26T11:37:37.5742764Z #20 245.7      Running unittests src/lib.rs (target/debug/deps/gripsack_config-98cadf244e260699)
2026-09-26T11:37:37.5743549Z #20 245.7 
2026-09-26T11:37:37.5743882Z #20 245.7 running 12 tests
2026-09-26T11:37:37.5745938Z #20 245.7 test tests::defaults_are_sane ... ok
2026-09-26T11:37:37.5747281Z #20 245.7 test tests::parses_throttle_table ... ok
2026-09-26T11:37:37.5748163Z #20 245.7 test tests::eval_deps_is_gone ... ok
2026-09-26T11:37:37.5749091Z #20 245.7 test tests::python_frontend_is_a_migration_error ... ok
2026-09-26T11:37:37.5750125Z #20 245.7 test tests::parses_env_toml ... ok
2026-09-26T11:37:37.5751147Z #20 245.7 test tests::repo_build_env_cannot_claim_operator_credential_routing ... ok
2026-09-26T11:37:37.5752258Z #20 245.7 test tests::typescript_frontend_declaration_is_tolerated ... ok
2026-09-26T11:37:37.5753103Z #20 245.7 test tests::typo_key_is_a_span_labeled_diagnostic ... ok
2026-09-26T11:37:37.5753810Z #20 245.7 test tests::repo_wins_user_fills_gaps ... ok
2026-09-26T11:37:37.5754544Z #20 245.7 test tests::unknown_frontend_value_errors_the_same_way ... ok
2026-09-26T11:37:37.5755421Z #20 245.7 test tests::unknown_top_level_key_is_an_error ... ok
2026-09-26T11:37:37.5756414Z #20 245.7 test tests::user_value_used_when_repo_silent ... ok
2026-09-26T11:37:37.5756960Z #20 245.7 
2026-09-26T11:37:37.5757502Z #20 245.7 test result: ok. 12 passed; 0 failed; 0 ignored; 0 measured; 0 filtered out; finished in 0.00s
2026-09-26T11:37:37.5757980Z #20 245.7 
2026-09-26T11:37:37.5758346Z #20 245.7      Running unittests src/lib.rs (target/debug/deps/gripsack_exec-dffae998a3a5be8e)
2026-09-26T11:37:37.5758778Z #20 245.7 
2026-09-26T11:37:37.5758965Z #20 245.7 running 49 tests
2026-09-26T11:37:37.5767387Z #20 245.7 test deploy::tests::restore_never_writes_a_dangling_owned_link ... ok
2026-09-26T11:37:37.5767999Z #20 245.7 test deploy::tests::symlinked_ancestor_into_repo_is_detected ... ok
2026-09-26T11:37:37.5769336Z #20 245.7 test deploy::tests::journaled_mutation_must_reach_its_intended_state ... ok
2026-09-26T11:37:37.5770101Z #20 245.7 test env::tests::duplicate_contributions_render_once ... ok
2026-09-26T11:37:37.5770674Z #20 245.7 test facts::tests::facts_match_the_running_host ... ok
2026-09-26T11:37:37.5771105Z #20 245.7 test facts::tests::glibc_version_parses_both_ldd_wordings ... ok
2026-09-26T11:37:37.5771559Z #20 245.7 test env::tests::empty_contributions_remove_the_file ... ok
2026-09-26T11:37:37.5772017Z #20 245.7 test env::tests::renders_set_prepend_append_with_store_resolution ... ok
2026-09-26T11:37:37.5772517Z #20 245.7 test frontend::tests::path_deno_version_gate_matches_major ... ok
2026-09-26T11:37:37.5772981Z #20 245.7 test gc::tests::collects_only_unreferenced_store_paths ... ok
2026-09-26T11:37:37.5773451Z #20 245.7 test gc::tests::a_session_for_another_home_authorizes_nothing_here ... ok
2026-09-26T11:37:37.5773962Z #20 245.7 test gc::tests::keep_generations_prunes_oldest_and_their_paths ... ok
2026-09-26T11:37:37.5774443Z #20 245.7 test gc::tests::never_prunes_the_current_generation ... ok
2026-09-26T11:37:37.5774909Z #20 245.7 test frontend::tests::embed_materializes_tree_and_marker ... ok
2026-09-26T11:37:37.5775351Z #20 245.7 test gc::tests::quarantined_entries_block_collection ... ok
2026-09-26T11:37:37.5776051Z #20 245.7 test gc::tests::reconciled_journal_unblocks_collection ... ok
2026-09-26T11:37:37.5776768Z #20 245.7 test lineage_model::a_mid_apply_external_write_is_aborted_never_clobbered ... ok
2026-09-26T11:37:37.5777409Z #20 245.7 test lineage_model::chmod_only_drift_is_preserved_never_silently_reverted ... ok
2026-09-26T11:37:37.5778269Z #20 245.7 test gc::tests::why_owns_finds_the_owner ... ok
2026-09-26T11:37:37.5779106Z #20 245.7 test lineage_model::preserved_drift_never_authorizes_an_update ... ok
2026-09-26T11:37:37.5779927Z #20 245.8 test lockfile::tests::roundtrip ... ok
2026-09-26T11:37:37.5780644Z #20 245.8 test gc::tests::unfinished_recovery_blocks_collection ... ok
2026-09-26T11:37:37.5781582Z #20 245.8 test managed_blocks::tests::foreign_bytes_survive_reconcile_and_removal ... ok
2026-09-26T11:37:37.5782786Z #20 245.8 test managed_blocks::tests::later_hand_edits_are_classified_and_other_modules_stay_untouched ... ok
2026-09-26T11:37:37.5783936Z #20 245.8 test managed_blocks::tests::malformed_markers_never_grant_splice_ranges ... ok
2026-09-26T11:37:37.5785089Z #20 245.8 test managed_blocks::tests::markers_roundtrip_across_comment_styles_and_legacy_metadata ... ok
2026-09-26T11:37:37.5786690Z #20 245.8 test managed_blocks::tests::every_mode_record_participates_independently_of_order ... ok
2026-09-26T11:37:37.5787594Z #20 245.8 test mode_model::links_carry_the_payload_mode_without_normalizing_it ... ok
2026-09-26T11:37:37.5788240Z #20 245.8 test frontend::tests::materialize_flips_the_stable_current_link ... ok
2026-09-26T11:37:37.7510567Z #20 245.8 test lineage_model::ownership_lineage_holds_over_every_sequence ... ok
2026-09-26T11:37:37.7511709Z #20 245.8 test ops::model::tests::a_build_only_dep_plans_zero_destination_ops ... ok
2026-09-26T11:37:37.7512615Z #20 245.8 test ops::model::tests::a_spelling_change_plans_no_op ... ok
2026-09-26T11:37:37.7513523Z #20 245.8 test report::update_model::every_survey_order_preserves_error_over_change_precedence ... ok
2026-09-26T11:37:37.7514342Z #20 245.8 test resolve::identity_tests::provenance_differences_hash_identically ... ok
2026-09-26T11:37:37.7515121Z #20 245.8 test source::overlay::tests::fetched_link_ancestor_cannot_redirect_an_overlay ... ok
2026-09-26T11:37:37.7516120Z #20 245.8 test source::overlay::tests::leaf_link_is_replaced_without_writing_its_target ... ok
2026-09-26T11:37:37.7517076Z #20 245.8 test source::overlay::tests::overlay_pin_and_bytes_belong_to_the_same_snapshot ... ok
2026-09-26T11:37:37.7518165Z #20 245.8 test source::overlay::tests::top_level_links_have_the_same_preview_and_staged_identity ... ok
2026-09-26T11:37:37.7519592Z #20 245.8 test template::tests::template_substitutes_and_escapes ... ok
2026-09-26T11:37:37.7520378Z #20 245.8 test template::tests::template_unbalanced_braces_error ... ok
2026-09-26T11:37:37.7580478Z #20 245.8 test template::tests::template_undefined_variable_is_a_loud_error ... ok
2026-09-26T11:37:37.7581219Z #20 245.8 test tests::build_edges_constrain_order_too ... ok
2026-09-26T11:37:37.7581873Z #20 245.8 test tests::cycles_are_named ... ok
2026-09-26T11:37:37.7582503Z #20 245.8 test tests::dependencies_come_first ... ok
2026-09-26T11:37:37.7582983Z #20 245.8 test tests::diamond_is_deterministic ... ok
2026-09-26T11:37:37.7583341Z #20 245.8 test tests::waves_levelize_the_dag ... ok
2026-09-26T11:37:37.7583940Z #20 245.8 test mode_model::merge_host_modes_are_planned_and_drift_never_authorizes_prune ... ok
2026-09-26T11:37:37.7946389Z #20 246.0 test ops::model::tests::the_planned_op_matches_the_algebra_and_executes_to_its_intent ... ok
2026-09-26T11:37:37.9024097Z #20 246.0 test mode_model::whole_file_modes_survive_update_restore_drift_and_prune ... ok
2026-09-26T11:37:37.9024956Z #20 246.0 
2026-09-26T11:37:37.9026228Z #20 246.0 test result: ok. 49 passed; 0 failed; 0 ignored; 0 measured; 0 filtered out; finished in 0.34s
2026-09-26T11:37:37.9027112Z #20 246.0 
2026-09-26T11:37:37.9027942Z #20 246.0      Running tests/workspace_execution_gate.rs (target/debug/deps/workspace_execution_gate-3c87fdd2eaf24a00)
2026-09-26T11:37:37.9028925Z #20 246.0 
2026-09-26T11:37:37.9029272Z #20 246.0 running 1 test
2026-09-26T11:37:37.9030176Z #20 246.0 test every_direct_executor_entry_rejects_before_home_mutation ... ok
2026-09-26T11:37:37.9030893Z #20 246.0 
2026-09-26T11:37:37.9031652Z #20 246.0 test result: ok. 1 passed; 0 failed; 0 ignored; 0 measured; 0 filtered out; finished in 0.00s
2026-09-26T11:37:37.9032466Z #20 246.0 
2026-09-26T11:37:37.9033165Z #20 246.0      Running unittests src/lib.rs (target/debug/deps/gripsack_fetch-a70d1a7feed20a6a)
2026-09-26T11:37:37.9034014Z #20 246.0 
2026-09-26T11:37:37.9034631Z #20 246.0 running 62 tests
2026-09-26T11:37:37.9037984Z #20 246.0 test bottle::tests::apple_silicon_orders_by_chronology_not_spelling ... ok
2026-09-26T11:37:37.9040716Z #20 246.0 test bottle::tests::all_is_a_last_resort_under_a_validated_policy ... ok
2026-09-26T11:37:37.9042075Z #20 246.0 test bottle::tests::future_macos_major_admits_its_own_codename ... ok
2026-09-26T11:37:37.9043347Z #20 246.0 test bottle::tests::arm64_linux_is_not_a_mac_bottle ... ok
2026-09-26T11:37:37.9044617Z #20 246.0 test bottle::tests::intel_mac_takes_the_newest_bottle_the_host_can_run ... ok
2026-09-26T11:37:37.9046381Z #20 246.0 test bottle::tests::missing_macos_version_fact_refuses_rather_than_guessing ... ok
2026-09-26T11:37:37.9047707Z #20 246.0 test bottle::tests::linux_matches_exact_architecture ... ok
2026-09-26T11:37:37.9048953Z #20 246.0 test bottle::tests::intel_mac_never_takes_the_linux_bottle ... ok
2026-09-26T11:37:37.9050312Z #20 246.0 test bottle::tests::older_macos_refuses_newer_bottle_with_the_requirement ... ok
2026-09-26T11:37:37.9051713Z #20 246.0 test bottle::tests::unknown_tags_are_reported_not_matched ... ok
2026-09-26T11:37:37.9053007Z #20 246.0 test bottle::tests::unsupported_architecture_fails_clearly ... ok
2026-09-26T11:37:37.9054040Z #20 246.0 test bottle::tests::version_parsing_is_componentwise ... ok
2026-09-26T11:37:37.9055377Z #20 246.0 test fetch::archive::tests::a_symlink_destination_cannot_redirect_acquisition ... ok
2026-09-26T11:37:37.9057597Z #20 246.0 test fetch::archive::tests::traversal_is_rejected_before_tar_materialization ... ok
2026-09-26T11:37:37.9058878Z #20 246.0 test fetch::archive::tests::bare_and_compressed_binaries_preserve_executability ... ok
2026-09-26T11:37:37.9060148Z #20 246.0 test fetch::archive::tests::zip_crc_cannot_be_bypassed_by_raw_stream_decoding ... ok
2026-09-26T11:37:37.9061080Z #20 246.0 test fetch::archive::tests::xz_tar_extracts_without_a_payload_buffer ... ok
2026-09-26T11:37:37.9062311Z #20 246.0 test fetch::archive::tests::aggregate_tar_path_metadata_is_bounded_before_extraction ... ok
2026-09-26T11:37:37.9063538Z #20 246.0 test fetch::archive::tests::zip_entry_budget_precedes_directory_allocation ... ok
2026-09-26T11:37:37.9064525Z #20 246.0 test fetch::file::tests::file_fetch_extracts_tarball ... ok
2026-09-26T11:37:37.9065469Z #20 246.1 test fetch::archive::tests::decompressed_limit_is_checked_on_actual_bytes ... ok
2026-09-26T11:37:37.9066719Z #20 246.1 test fetch::plugin::tests::no_response_or_nonzero_exit_is_not_a_fetch ... ok
2026-09-26T11:37:37.9067680Z #20 246.1 test fetch::plugin::tests::bounded_tree_is_checked_before_hash ... ok
2026-09-26T11:37:37.9068696Z #20 246.1 test fetch::plugin::tests::round_trip_and_reported_hash_verification ... ok
2026-09-26T11:37:37.9069729Z #20 246.1 test fetch::plugin::tests::response_does_not_hide_output_failure ... ok
2026-09-26T11:37:37.9070754Z #20 246.1 test fetch::plugin::tests::simultaneous_pipe_pressure_and_early_response ... ok
2026-09-26T11:37:38.0609169Z #20 246.1 test fetch::git::tests::git_fetch_clones_at_rev ... ok
2026-09-26T11:37:38.0610302Z #20 246.1 test host::tests::bundled_releases_have_full_platform_tables ... ok
2026-09-26T11:37:38.0611400Z #20 246.1 test fetch::tarball::tests::transport_mismatch_never_extracts_payload ... ok
2026-09-26T11:37:38.0612316Z #20 246.1 test host::tests::deno_urls_use_the_glibc_linux_assets ... ok
2026-09-26T11:37:38.0613006Z #20 246.1 test host::tests::placeholder_table_covers_every_convention ... ok
2026-09-26T11:37:38.0613658Z #20 246.1 test host::tests::resolves_the_host_asset ... ok
2026-09-26T11:37:38.0614554Z #20 246.1 test http::body::tests::a_new_attempt_cannot_reset_consumed_transfer_bytes ... ok
2026-09-26T11:37:38.0615466Z #20 246.1 test http::failure::tests::certificate_failures_are_not_transient_connections ... ok
2026-09-26T11:37:38.0616577Z #20 246.1 test http::retry::tests::real_retry_policy_has_fixed_deadline_and_bounded_attempts ... ok
2026-09-26T11:37:38.0617572Z #20 246.1 test http::failure::tests::rate_limit_advice_is_evidence_based_and_locations_are_redacted ... ok
2026-09-26T11:37:38.0618575Z #20 246.1 test http::retry::tests::terminal_classes_and_upstream_cooldowns_never_get_fast_replays ... ok
2026-09-26T11:37:38.0619571Z #20 246.1 test http::tests::bound_credentials_require_tls_and_registry_artifact_refuses_cleartext ... ok
2026-09-26T11:37:38.0620457Z #20 246.1 test http::tests::credential_routing_model_uses_actual_host_selector ... ok
2026-09-26T11:37:38.0621191Z #20 246.1 test http::tests::host_binding_survives_url_normalization ... ok
2026-09-26T11:37:38.0622094Z #20 246.1 test placeholders::tests::explicit_bare_version_is_shared_without_changing_legacy_asset_precedence ... ok
2026-09-26T11:37:38.0623045Z #20 246.1 test http::tests::proxy_bypass_preserves_domain_and_port_boundaries ... ok
2026-09-26T11:37:38.0623902Z #20 246.1 test placeholders::tests::missing_empty_or_escaping_expansions_never_become_paths ... ok
2026-09-26T11:37:38.0624727Z #20 246.1 test plugins::segment_tests::traversal_tags_are_refused ... ok
2026-09-26T11:37:38.0625241Z #20 246.1 test plugins::tests::parse_ref_shapes ... ok
2026-09-26T11:37:38.0625853Z #20 246.1 test resolve::atom_tests::no_core_tag_is_none_and_malformed_versions_skip ... ok
2026-09-26T11:37:38.0626460Z #20 246.1 test resolve::atom_tests::picks_the_newest_core_tag_among_mixed_namespaces ... ok
2026-09-26T11:37:38.0627007Z #20 246.1 test resolve::base_url_tests::bare_ghe_host_gets_api_v3 ... ok
2026-09-26T11:37:38.0627463Z #20 246.1 test resolve::tests::missing_asset_lists_available ... ok
2026-09-26T11:37:38.0627880Z #20 246.1 test resolve::tests::picks_expanded_asset ... ok
2026-09-26T11:37:38.0628322Z #20 246.1 test plugins::tests::receipt_roundtrips_and_current_resolves ... ok
2026-09-26T11:37:38.0628784Z #20 246.1 test resolve::tests::v_prefix_variants_match ... ok
2026-09-26T11:37:38.0629170Z #20 246.1 test tests::discovers_executable_on_path ... ok
2026-09-26T11:37:38.0629504Z #20 246.1 test tests::exe_naming ... ok
2026-09-26T11:37:38.0629985Z #20 246.1 test throttle::tests::parses_budget_syntax ... ok
2026-09-26T11:37:38.0630446Z #20 246.1 test throttle::tests::plugin_declaration_replaces_builtin_default ... ok
2026-09-26T11:37:38.0630960Z #20 246.1 test throttle::tests::unknown_domains_pass_through ... ok
2026-09-26T11:37:38.0631375Z #20 246.1 test throttle::tests::url_host_extraction ... ok
2026-09-26T11:37:38.0631812Z #20 246.1 test throttle::tests::user_override_beats_plugin_declaration ... ok
2026-09-26T11:37:38.1599474Z #20 246.4 test throttle::tests::bucket_enforces_the_budget ... ok
2026-09-26T11:37:42.3893401Z #20 250.6 test fetch::plugin::tests::silent_and_response_then_linger_both_fail ... ok
2026-09-26T11:37:42.5543902Z #20 250.6 test fetch::plugin::tests::capability_results_require_a_clean_exit ... ok
2026-09-26T11:37:42.5544738Z #20 250.6 
2026-09-26T11:37:42.5546799Z #20 250.6 test result: ok. 62 passed; 0 failed; 0 ignored; 0 measured; 0 filtered out; finished in 4.56s
2026-09-26T11:37:42.5547926Z #20 250.6 
2026-09-26T11:37:42.5548895Z #20 250.6      Running unittests src/lib.rs (target/debug/deps/gripsack_fs-269bf90eee70c137)
2026-09-26T11:37:42.5553718Z #20 250.6 
2026-09-26T11:37:42.5554399Z #20 250.6 running 14 tests
2026-09-26T11:37:42.5556277Z #20 250.6 test streamed::tests::failed_stream_keeps_old_destination_and_cleans_private_temp ... ok
2026-09-26T11:37:42.5557828Z #20 250.6 test persistence_model::streamed_executable_publication_is_ordered_at_every_cut ... ok
2026-09-26T11:37:42.5559716Z #20 250.6 test streamed::tests::publishes_complete_bytes_and_exact_mode_in_real_operation_order ... ok
2026-09-26T11:37:42.5562953Z #20 250.6 test tests::atomic_write_creates_parent_dirs ... ok
2026-09-26T11:37:42.5564654Z #20 250.6 test tests::atomic_write_lands_content_without_leftovers ... ok
2026-09-26T11:37:42.5565679Z #20 250.6 test tests::atomic_write_preserves_the_destinations_mode ... ok
2026-09-26T11:37:42.5566884Z #20 250.6 test tests::atomic_write_with_mode_lands_exact_permissions ... ok
2026-09-26T11:37:42.5568020Z #20 250.6 test tests::copy_dir_preserves_symlinks_and_merges ... ok
2026-09-26T11:37:42.5569250Z #20 250.6 test persistence_model::atomic_file_link_and_tree_publication_are_ordered_at_every_cut ... ok
2026-09-26T11:37:42.5570864Z #20 250.6 test tests::publish_cross_filesystem_preserves_modes ... ok
2026-09-26T11:37:42.5572349Z #20 250.6 test tests::publish_lands_files_read_only ... ok
2026-09-26T11:37:42.5573499Z #20 250.6 test tests::publish_refuses_an_existing_dest ... ok
2026-09-26T11:37:42.5574478Z #20 250.6 test tests::symlink_replace_flips_atomically ... ok
2026-09-26T11:37:42.5576635Z #20 250.8 test tests::writes_stay_on_the_pinned_inode_under_parent_swap ... ok
2026-09-26T11:37:42.5577599Z #20 250.8 
2026-09-26T11:37:42.5578486Z #20 250.8 test result: ok. 14 passed; 0 failed; 0 ignored; 0 measured; 0 filtered out; finished in 0.16s
2026-09-26T11:37:42.5579546Z #20 250.8 
2026-09-26T11:37:42.6576134Z #20 250.8      Running unittests src/lib.rs (target/debug/deps/gripsack_fuzz-9a12eabf6429ce28)
2026-09-26T11:37:42.6577250Z #20 250.8 
2026-09-26T11:37:42.6577640Z #20 250.8 running 0 tests
2026-09-26T11:37:42.6578132Z #20 250.8 
2026-09-26T11:37:42.6578921Z #20 250.8 test result: ok. 0 passed; 0 failed; 0 ignored; 0 measured; 0 filtered out; finished in 0.00s
2026-09-26T11:37:42.6579924Z #20 250.8 
2026-09-26T11:37:42.6580677Z #20 250.8      Running unittests src/bin/replay.rs (target/debug/deps/replay-61c17f12d11f0e03)
2026-09-26T11:37:42.6581587Z #20 250.8 
2026-09-26T11:37:42.6584800Z #20 250.8 running 0 tests
2026-09-26T11:37:42.6585345Z #20 250.8 
2026-09-26T11:37:42.6586336Z #20 250.8 test result: ok. 0 passed; 0 failed; 0 ignored; 0 measured; 0 filtered out; finished in 0.00s
2026-09-26T11:37:42.6587263Z #20 250.8 
2026-09-26T11:37:42.6587992Z #20 250.8      Running unittests src/lib.rs (target/debug/deps/gripsack_ir-3b19633ffcb5d796)
2026-09-26T11:37:42.6588853Z #20 250.8 
2026-09-26T11:37:42.6589509Z #20 250.8 running 65 tests
2026-09-26T11:37:42.6590891Z #20 250.8 test host_name::tests::rejects_path_shaped_hosts_before_they_can_name_files ... ok
2026-09-26T11:37:42.6591950Z #20 250.8 test sema::destinations::tests::step_entries_obey_destination_rules ... ok
2026-09-26T11:37:42.6593069Z #20 250.8 test sema::destinations::case_tests::case_variant_destinations_fold_on_every_host ... ok
2026-09-26T11:37:42.6594126Z #20 250.8 test sema::contract_tests::unknown_fields_are_parse_errors_now ... ok
2026-09-26T11:37:42.6594966Z #20 250.8 test sema::placeholders::tests::the_known_set_passes_clean ... ok
2026-09-26T11:37:42.6596212Z #20 250.8 test sema::placeholders::tests::a_typo_is_an_error_with_a_span_and_a_suggestion ... ok
2026-09-26T11:37:42.6597289Z #20 250.8 test sema::steps::tests::single_fetch_step_pins_multiple_refused ... ok
2026-09-26T11:37:42.6598144Z #20 250.8 test sema::tests::collects_multiple_diagnostics ... ok
2026-09-26T11:37:42.6598980Z #20 250.8 test sema::tests::destination_shaped_verify_path_is_e109 ... ok
2026-09-26T11:37:42.6599818Z #20 250.8 test sema::tests::declared_and_builtin_resources_pass ... ok
2026-09-26T11:37:42.6600652Z #20 250.8 test sema::tests::dotfiles_only_module_needs_no_source ... ok
2026-09-26T11:37:42.6601790Z #20 250.8 test sema::paths::tests::path_shape_rules ... ok
2026-09-26T11:37:42.6602738Z #20 250.8 test sema::tests::cross_module_ref_into_declarative_module ... ok
2026-09-26T11:37:42.6603523Z #20 250.8 test sema::tests::explicit_steps_validate ... ok
2026-09-26T11:37:42.6604247Z #20 250.8 test sema::tests::duplicate_and_reserved_step_ids_are_e106 ... ok
2026-09-26T11:37:42.6605430Z #20 250.8 test sema::tests::legacy_ir_is_rejected_before_decoding_renamed_fields ... ok
2026-09-26T11:37:42.6606518Z #20 250.8 test sema::tests::malformed_json_is_e000 ... ok
2026-09-26T11:37:42.6607743Z #20 250.8 test sema::tests::external_done_barrier_is_valid_but_self_barrier_is_rejected ... ok
2026-09-26T11:37:42.6609169Z #20 250.8 test sema::tests::merge_and_template_modes_pass_sema_with_vars_and_marker ... ok
2026-09-26T11:37:42.6610114Z #20 250.8 test sema::tests::spanless_nodes_still_render ... ok
2026-09-26T11:37:42.6610822Z #20 250.8 test sema::tests::rejects_wrong_version ... ok
2026-09-26T11:37:42.6611384Z #20 250.8 test sema::tests::run_action_parses_with_outputs ... ok
2026-09-26T11:37:42.6611840Z #20 250.8 test sema::tests::steps_plus_declarative_fields_is_e103 ... ok
2026-09-26T11:37:42.6612431Z #20 250.8 test sema::tests::undeclared_resource_is_e107 ... ok
2026-09-26T11:37:42.6612861Z #20 250.8 test sema::tests::unknown_dependency_carries_span_and_code ... ok
2026-09-26T11:37:42.6613419Z #20 250.8 test sema::tests::parses_and_validates_example ... ok
2026-09-26T11:37:42.6613874Z #20 250.8 test sema::tests::unknown_edge_kind_is_span_labeled_e122 ... ok
2026-09-26T11:37:42.6614643Z #20 250.8 test sema::workspace::cycles::tests::task_dependency_cycles_are_rejected ... ok
2026-09-26T11:37:42.6615744Z #20 250.8 test sema::workspace::cycles::tests::validation_edges_never_close_a_cycle ... ok
2026-09-26T11:37:42.6617169Z #20 250.8 test sema::workspace::cycles::tests::production_cycles_label_every_member ... ok
2026-09-26T11:37:42.6618380Z #20 250.8 test sema::workspace::destinations::tests::duplicate_profile_destinations_label_every_declaration ... ok
2026-09-26T11:37:42.6619301Z #20 250.8 test sema::workspace::destinations::tests::mixed_policies_over_one_path_still_collide ... ok
2026-09-26T11:37:42.6620450Z #20 250.8 test sema::workspace::names::tests::duplicate_output_names_label_both_spans ... ok
2026-09-26T11:37:42.6622260Z #20 250.8 test sema::workspace::destinations::tests::same_destination_across_profiles_rejects_and_equal_names_coexist ... ok
2026-09-26T11:37:42.6623245Z #20 250.8 test sema::workspace::policy::tests::adjacent_local_steps_lower_to_ordering_not_build_edges ... ok
2026-09-26T11:37:42.6624110Z #20 250.8 test sema::workspace::policy::tests::catalog_index_corruption_rejects_before_closure ... ok
2026-09-26T11:37:42.6624851Z #20 250.8 test sema::workspace::policy::tests::omitted_required_validation_and_producer_fail_closed_with_both_sites ... ok
2026-09-26T11:37:42.6626191Z #20 250.8 test sema::workspace::policy::tests::omitted_build_input_and_runtime_edges_fail_admission ... ok
2026-09-26T11:37:42.6626895Z #20 250.8 test sema::workspace::context::tests::command_references_and_contexts_are_admitted ... ok
2026-09-26T11:37:42.6627599Z #20 250.8 test sema::workspace::policy::tests::production_closure_excludes_runtime_and_preserves_validation ... ok
2026-09-26T11:37:42.6628505Z #20 250.8 test sema::workspace::policy::tests::projected_kind_or_binding_reclassification_fails_closed ... ok
2026-09-26T11:37:42.6630843Z #20 250.8 test sema::workspace::policy::tests::projected_reference_site_substitution_fails_closed ... ok
2026-09-26T11:37:42.6631843Z #20 250.8 test sema::workspace::refs::tests::artifact_references_reject_non_artifact_kinds ... ok
2026-09-26T11:37:42.6632455Z #20 250.8 test sema::workspace::refs::tests::check_subject_must_resolve_to_an_output ... ok
2026-09-26T11:37:42.6633257Z #20 250.8 test sema::workspace::policy::tests::substituted_graph_references_fail_closed_at_declaration ... ok
2026-09-26T11:37:42.6634041Z #20 250.8 test sema::workspace::refs::tests::producer_target_mismatch_labels_both_sites ... ok
2026-09-26T11:37:42.6634690Z #20 250.8 test sema::workspace::refs::tests::fixed_prefix_packages_cannot_be_selected_without_prefix ... ok
2026-09-26T11:37:42.6635290Z #20 250.8 test sema::workspace::refs::tests::invalid_references_are_rejected ... ok
2026-09-26T11:37:42.6636975Z #20 250.8 test sema::workspace::refs::tests::selection_target_mismatch_labels_both_sites ... ok
2026-09-26T11:37:42.6638535Z #20 250.8 test sema::workspace::span_value::tests::decoded_bash_interpolation_rejects_at_original_script_line ... ok
2026-09-26T11:37:42.6639838Z #20 250.8 test sema::workspace::span_value::tests::degenerate_spans_and_values_are_rejected ... ok
2026-09-26T11:37:42.6641162Z #20 250.8 test sema::workspace::span_value::tests::file_content_requires_source_unless_literal ... ok
2026-09-26T11:37:42.6642225Z #20 250.8 test sema::workspace::refs::tests::task_schedule_profile_image_refs_are_typed ... ok
2026-09-26T11:37:42.6643376Z #20 250.8 test sema::workspace::refs::tests::artifact_selectors_must_be_normalized_relative_paths ... ok
2026-09-26T11:37:42.6644659Z #20 250.8 test sema::workspace::span_value::tests::incompatible_abi_and_unsafe_prefix_label_the_declaration ... ok
2026-09-26T11:37:42.6646268Z #20 250.8 test sema::workspace::span_value::tests::invalid_nested_command_coordinates_remain_source_labeled ... ok
2026-09-26T11:37:42.6647593Z #20 250.8 test sema::workspace::span_value::tests::escaping_profile_file_destinations_reject_at_the_declaration ... ok
2026-09-26T11:37:42.6648826Z #20 250.8 test sema::workspace::tests::profile_with_literal_file_needs_no_synthetic_package ... ok
2026-09-26T11:37:42.6649877Z #20 250.8 test sema::workspace::tests::package_and_recipe_workspace_admits ... ok
2026-09-26T11:37:42.6650860Z #20 250.8 test sema::workspace::tests::envelope_shape_is_version_dispatched ... ok
2026-09-26T11:37:42.6651940Z #20 250.8 test sema::workspace::tests::provider_backed_package_needs_no_recipe_output ... ok
2026-09-26T11:37:42.6653124Z #20 250.8 test sema::workspace::tests::unknown_workspace_fields_label_the_declaring_span ... ok
2026-09-26T11:37:42.6654299Z #20 250.8 test workspace::platform::tests::target_floor_and_abi_admit_only_compatible_consumers ... ok
2026-09-26T11:37:42.6655458Z #20 250.8 test sema::workspace::tests::provider_fetch_fields_never_drop_silently ... ok
2026-09-26T11:37:42.6656789Z #20 250.8 test sema::workspace::tests::unknown_workspace_fields_never_drop_silently ... ok
2026-09-26T11:37:42.6657562Z #20 250.8 
2026-09-26T11:37:42.6658237Z #20 250.8 test result: ok. 65 passed; 0 failed; 0 ignored; 0 measured; 0 filtered out; finished in 0.04s
2026-09-26T11:37:42.6659058Z #20 250.8 
2026-09-26T11:37:42.6659781Z #20 250.8      Running tests/schema_acceptance.rs (target/debug/deps/schema_acceptance-1a169573e71c6ca0)
2026-09-26T11:37:42.6660639Z #20 250.8 
2026-09-26T11:37:42.6661007Z #20 250.8 running 3 tests
2026-09-26T11:37:42.6661797Z #20 250.8 test schema_pattern_assertions_execute ... ok
2026-09-26T11:37:42.6662510Z #20 250.9 test valid_documents_are_admitted_by_both_sides ... ok
2026-09-26T11:37:42.6663246Z #20 250.9 test rejected_documents_fail_both_sides ... ok
2026-09-26T11:37:42.6663807Z #20 250.9 
2026-09-26T11:37:42.6664523Z #20 250.9 test result: ok. 3 passed; 0 failed; 0 ignored; 0 measured; 0 filtered out; finished in 0.06s
2026-09-26T11:37:42.6665267Z #20 250.9 
2026-09-26T11:37:42.8069872Z #20 250.9      Running tests/workspace_admission.rs (target/debug/deps/workspace_admission-69161928380216ad)
2026-09-26T11:37:42.8070827Z #20 250.9 
2026-09-26T11:37:42.8071167Z #20 250.9 running 3 tests
2026-09-26T11:37:42.8071742Z #20 250.9 test provider_backed_package_lists_as_single_output ... ok
2026-09-26T11:37:42.8072512Z #20 250.9 test admitted_workspace_exposes_named_outputs ... ok
2026-09-26T11:37:42.8073329Z #20 250.9 test serialization_preserves_each_version_envelope ... ok
2026-09-26T11:37:42.8073962Z #20 250.9 
2026-09-26T11:37:42.8074610Z #20 250.9 test result: ok. 3 passed; 0 failed; 0 ignored; 0 measured; 0 filtered out; finished in 0.00s
2026-09-26T11:37:42.8075391Z #20 250.9 
2026-09-26T11:37:42.8077004Z #20 250.9      Running tests/workspace_v4_compat.rs (target/debug/deps/workspace_v4_compat-b35fac2a52f57c5d)
2026-09-26T11:37:42.8078224Z #20 250.9 
2026-09-26T11:37:42.8078563Z #20 250.9 running 3 tests
2026-09-26T11:37:42.8079121Z #20 250.9 test versions_reject_each_others_fields_and_bad_refs ... ok
2026-09-26T11:37:42.8080079Z #20 250.9 test historical_recipe_execution_and_fixed_layout_never_gain_new_policy ... ok
2026-09-26T11:37:42.8081420Z #20 250.9 test historical_schema_and_reader_preserve_opaque_platform_strings ... ok
2026-09-26T11:37:42.8082187Z #20 250.9 
2026-09-26T11:37:42.8082858Z #20 250.9 test result: ok. 3 passed; 0 failed; 0 ignored; 0 measured; 0 filtered out; finished in 0.05s
2026-09-26T11:37:42.8083637Z #20 250.9 
2026-09-26T11:37:42.8084429Z #20 250.9      Running tests/workspace_v5_acceptance.rs (target/debug/deps/workspace_v5_acceptance-33fcbef4cdc72330)
2026-09-26T11:37:42.8085331Z #20 250.9 
2026-09-26T11:37:42.8085642Z #20 250.9 running 5 tests
2026-09-26T11:37:42.8086392Z #20 251.0 test schema_authored_constraints_execute ... ok
2026-09-26T11:37:43.0021678Z #20 251.0 test valid_documents_are_admitted_by_both_sides ... ok
2026-09-26T11:37:43.0022200Z #20 251.0 test rejected_documents_fail_both_sides ... ok
2026-09-26T11:37:43.0022869Z #20 251.0 test each_output_kind_rejects_undeclared_authority_with_its_own_span ... ok
2026-09-26T11:37:43.0023346Z #20 251.0 test version_dispatch_asymmetry ... ok
2026-09-26T11:37:43.0023652Z #20 251.0 
2026-09-26T11:37:43.0024034Z #20 251.0 test result: ok. 5 passed; 0 failed; 0 ignored; 0 measured; 0 filtered out; finished in 0.12s
2026-09-26T11:37:43.0024475Z #20 251.0 
2026-09-26T11:37:43.0024833Z #20 251.0      Running unittests src/lib.rs (target/debug/deps/gripsack_lint-548fb042b5698953)
2026-09-26T11:37:43.0025255Z #20 251.0 
2026-09-26T11:37:43.0025456Z #20 251.0 running 8 tests
2026-09-26T11:37:43.0026131Z #20 251.0 test exchange::tests::missing_response_retains_only_last_three_stderr_lines ... ok
2026-09-26T11:37:43.0026683Z #20 251.0 test exchange::tests::severity_coercion_and_crash_codes ... ok
2026-09-26T11:37:43.0027233Z #20 251.1 test exchange::tests::output_failure_after_response_keeps_diagnostics_and_adds_e02 ... ok
2026-09-26T11:37:43.0027754Z #20 251.1 test exchange::tests::spawn_failure_is_e01 ... ok
2026-09-26T11:37:43.0028273Z #20 251.1 test exchange::tests::pressure_before_input_and_response_before_input_completion ... ok
2026-09-26T11:37:43.0028852Z #20 251.1 test exchange::tests::valid_diagnostics_survive_nonzero_exit ... ok
2026-09-26T11:37:43.0029312Z #20 251.2 test exchange::tests::input_limit_is_not_a_success ... ok
2026-09-26T11:37:47.3635028Z #20 255.6 test exchange::tests::silence_and_response_then_linger_are_deadline_failures ... ok
2026-09-26T11:37:47.3636368Z #20 255.6 
2026-09-26T11:37:47.3637236Z #20 255.6 test result: ok. 8 passed; 0 failed; 0 ignored; 0 measured; 0 filtered out; finished in 4.52s
2026-09-26T11:37:47.3640317Z #20 255.6 
2026-09-26T11:37:47.4763457Z #20 255.6      Running unittests src/lib.rs (target/debug/deps/gripsack_policy-6fb76687af620f0e)
2026-09-26T11:37:47.4764472Z #20 255.6 
2026-09-26T11:37:47.4764885Z #20 255.6 running 0 tests
2026-09-26T11:37:47.4765351Z #20 255.6 
2026-09-26T11:37:47.4766398Z #20 255.6 test result: ok. 0 passed; 0 failed; 0 ignored; 0 measured; 0 filtered out; finished in 0.00s
2026-09-26T11:37:47.4767385Z #20 255.6 
2026-09-26T11:37:47.4768203Z #20 255.6      Running tests/name_index.rs (target/debug/deps/name_index-b8d7482da2a86275)
2026-09-26T11:37:47.4769110Z #20 255.6 
2026-09-26T11:37:47.4769516Z #20 255.6 running 1 test
2026-09-26T11:37:47.4770343Z #20 255.6 test catalog_indices_cannot_bind_another_name_or_escape_the_catalog ... ok
2026-09-26T11:37:47.4770901Z #20 255.6 
2026-09-26T11:37:47.4771380Z #20 255.6 test result: ok. 1 passed; 0 failed; 0 ignored; 0 measured; 0 filtered out; finished in 0.00s
2026-09-26T11:37:47.4771991Z #20 255.6 
2026-09-26T11:37:47.4772470Z #20 255.6      Running tests/schedule_smoke.rs (target/debug/deps/schedule_smoke-94fdc3e3d650f21b)
2026-09-26T11:37:47.4772974Z #20 255.6 
2026-09-26T11:37:47.4773170Z #20 255.6 running 2 tests
2026-09-26T11:37:47.4773445Z #20 255.6 test pure_scheduler_latches_on_failure ... ok
2026-09-26T11:37:47.4773787Z #20 255.6 test pure_scheduler_runs_a_diamond ... ok
2026-09-26T11:37:47.4774072Z #20 255.6 
2026-09-26T11:37:47.4774452Z #20 255.6 test result: ok. 2 passed; 0 failed; 0 ignored; 0 measured; 0 filtered out; finished in 0.00s
2026-09-26T11:37:47.4775122Z #20 255.6 
2026-09-26T11:37:47.4775511Z #20 255.6      Running unittests src/lib.rs (target/debug/deps/gripsack_process-1808502d2508137d)
2026-09-26T11:37:47.4776255Z #20 255.6 
2026-09-26T11:37:47.4776452Z #20 255.6 running 19 tests
2026-09-26T11:37:47.4776739Z #20 255.6 test tests::defaults_match_contract ... ok
2026-09-26T11:37:47.4777100Z #20 255.6 test tests::input_rejected_before_spawn ... ok
2026-09-26T11:37:47.4777469Z #20 255.6 test tests::exact_line_limit_and_empty_lines ... ok
2026-09-26T11:37:47.4777835Z #20 255.6 test tests::framing_and_input_eof ... ok
2026-09-26T11:37:47.4778196Z #20 255.6 test tests::empty_input_is_closed_immediately ... ok
2026-09-26T11:37:47.4778605Z #20 255.6 test tests::lifecycle::no_response_is_a_normal_exit ... ok
2026-09-26T11:37:47.4779072Z #20 255.6 test tests::lifecycle::callback_panic_kills_and_reaps_the_leader ... ok
2026-09-26T11:37:47.4779592Z #20 255.6 test tests::lifecycle::exit_and_signal_status_are_not_routing_policy ... ok
2026-09-26T11:37:47.4780179Z #20 255.6 test tests::lifecycle::inherited_pipes_are_killed_on_leader_exit_not_after_a_linger ... ok
2026-09-26T11:37:47.4780769Z #20 255.6 test tests::pressure::huge_unterminated_line_is_stopped_incrementally ... ok
2026-09-26T11:37:47.4781292Z #20 255.6 test tests::pressure::response_does_not_disable_any_output_bound ... ok
2026-09-26T11:37:47.4781832Z #20 255.6 test tests::pressure::response_still_sends_input_and_preserves_exit_failure ... ok
2026-09-26T11:37:47.4782360Z #20 255.7 test tests::pressure::simultaneous_input_and_output_pressure ... ok
2026-09-26T11:37:47.4782841Z #20 255.7 test tests::pressure::stdout_and_stderr_floods_are_cumulative ... ok
2026-09-26T11:37:47.6389029Z #20 255.7 test tests::spawn_error_and_zero_budget ... ok
2026-09-26T11:37:47.6390192Z #20 255.7 test tests::pressure::early_stdin_close_is_not_an_io_error ... ok
2026-09-26T11:37:47.6391231Z #20 255.7 test tests::tail_is_exact_and_can_be_disabled ... ok
2026-09-26T11:37:50.3811141Z #20 258.6 test tests::lifecycle::silent_process_with_closed_pipes_still_has_a_deadline ... ok
2026-09-26T11:37:50.6182635Z #20 258.6 test tests::pressure::blocked_input_does_not_block_response_or_deadline ... ok
2026-09-26T11:37:50.6183753Z #20 258.6 
2026-09-26T11:37:50.6184719Z #20 258.6 test result: ok. 19 passed; 0 failed; 0 ignored; 0 measured; 0 filtered out; finished in 3.02s
2026-09-26T11:37:50.6186128Z #20 258.6 
2026-09-26T11:37:50.6186689Z #20 258.6      Running unittests src/lib.rs (target/debug/deps/gripsack_store-565ba7d1566be399)
2026-09-26T11:37:50.6187259Z #20 258.6 
2026-09-26T11:37:50.6187504Z #20 258.6 running 58 tests
2026-09-26T11:37:50.6187927Z #20 258.6 test activation::tests::a_corrupt_record_fails_closed ... ok
2026-09-26T11:37:50.6188547Z #20 258.6 test activation::tests::pending_record_round_trips_and_clears ... ok
2026-09-26T11:37:50.6189173Z #20 258.6 test generations::tests::manifest_roundtrip_and_listing ... ok
2026-09-26T11:37:50.6189820Z #20 258.6 test generations::tests::manifests_are_strictly_validated ... ok
2026-09-26T11:37:50.6190415Z #20 258.6 test hash::tests::canonical_hash_covers_symlink_target ... ok
2026-09-26T11:37:50.6190939Z #20 258.6 test generations::tests::flip_and_current ... ok
2026-09-26T11:37:50.6191441Z #20 258.6 test hash::reference_vector::pinned_tree_vector ... ok
2026-09-26T11:37:50.6192021Z #20 258.6 test hash::tests::canonical_hash_ignores_mtime_but_not_exec_bit ... ok
2026-09-26T11:37:50.6192532Z #20 258.6 test hash::tests::the_two_identity_domains_never_collide ... ok
2026-09-26T11:37:50.6193017Z #20 258.6 test hash::tests::overlay_hash_matches_materialized_staging ... ok
2026-09-26T11:37:50.6193714Z #20 258.6 test journal::marker::repeated_model::ambiguous_current_retains_partial_journal_without_touching_destinations ... ok
2026-09-26T11:37:50.6194436Z #20 258.6 test hash::tests::tree_hash_is_deterministic_and_content_sensitive ... ok
2026-09-26T11:37:50.6194965Z #20 258.6 test hash::tests::overlay_hash_of_dir_source_matches_staged_tree ... ok
2026-09-26T11:37:50.6195971Z #20 258.6 test journal::marker::repeated_model::partial_restore_then_second_crash_keeps_new_edit_and_restores_other_dest ... ok
2026-09-26T11:37:50.6196705Z #20 258.6 test journal::model::tests::every_schedule_satisfies_the_oracle ... ok
2026-09-26T11:37:50.6197250Z #20 258.6 test generations::tests::publish_is_atomic_and_allocation_monotonic ... ok
2026-09-26T11:37:50.6197787Z #20 258.6 test journal::tests::absent_prior_and_symlink_prior_recover ... ok
2026-09-26T11:37:50.6198252Z #20 258.6 test journal::tests::commit_run_clears_the_window ... ok
2026-09-26T11:37:50.6198823Z #20 258.6 test journal::marker::repeated_model::numeric_commit_mutant_fails_the_identical_oracle ... ok
2026-09-26T11:37:50.6199464Z #20 258.6 test journal::tests::crash_after_flip_but_before_cleanup_reads_committed ... ok
2026-09-26T11:37:50.6200026Z #20 258.6 test journal::tests::completed_rollback_reads_committed ... ok
2026-09-26T11:37:50.6200526Z #20 258.6 test journal::tests::crash_after_write_restores_prior_bytes ... ok
2026-09-26T11:37:50.6201063Z #20 258.6 test journal::tests::crash_between_record_and_write_restores_prior ... ok
2026-09-26T11:37:50.6201549Z #20 258.6 test journal::tests::crash_before_flip_restores ... ok
2026-09-26T11:37:50.6202016Z #20 258.6 test journal::tests::cross_variant_identities_never_compare_equal ... ok
2026-09-26T11:37:50.6202612Z #20 258.6 test journal::tests::legacy_untagged_entries_fail_closed_with_evidence_kept ... ok
2026-09-26T11:37:50.6203183Z #20 258.6 test journal::tests::malformed_entries_fail_closed_into_quarantine ... ok
2026-09-26T11:37:50.6203714Z #20 258.6 test journal::tests::marker_missing_previous_generation_is_rejected ... ok
2026-09-26T11:37:50.6204248Z #20 258.6 test journal::tests::marker_null_previous_generation_is_a_fresh_machine ... ok
2026-09-26T11:37:50.6204742Z #20 258.6 test journal::tests::marker_round_trips_through_the_wire ... ok
2026-09-26T11:37:50.6205257Z #20 258.6 test journal::tests::marker_rejects_duplicates_wrong_types_and_overflow ... ok
2026-09-26T11:37:50.6205898Z #20 258.6 test journal::tests::non_utf8_destinations_are_refused_at_record ... ok
2026-09-26T11:37:50.6206421Z #20 258.6 test journal::tests::non_utf8_link_targets_are_refused_not_lossy_compared ... ok
2026-09-26T11:37:50.6206910Z #20 258.6 test journal::tests::crashed_rollback_restores_priors ... ok
2026-09-26T11:37:50.6207364Z #20 258.6 test journal::tests::post_crash_edit_beats_the_landed_mutation ... ok
2026-09-26T11:37:50.6207962Z #20 258.6 test journal::tests::post_crash_sentinel_symlink_is_kept ... ok
2026-09-26T11:37:50.6208404Z #20 258.7 test journal::tests::recovery_restores_the_exact_mode ... ok
2026-09-26T11:37:50.6208864Z #20 258.7 test journal::tests::tagged_entries_round_trip_through_the_wire ... ok
2026-09-26T11:37:50.6209387Z #20 258.7 test journal::tests::wire_admission_rejects_legacy_versions_and_malformed ... ok
2026-09-26T11:37:50.6209860Z #20 258.7 test journal::tests::user_edit_after_crash_wins ... ok
2026-09-26T11:37:50.6210298Z #20 258.7 test paths::tests::canonical_dest_collapses_spelling_aliases ... ok
2026-09-26T11:37:50.6210735Z #20 258.7 test paths::tests::generation_layout ... ok
2026-09-26T11:37:50.6211132Z #20 258.7 test paths::tests::canonical_dest_refuses_parent_traversal ... ok
2026-09-26T11:37:50.6211576Z #20 258.7 test paths::tests::hash_is_stable_and_input_sensitive ... ok
2026-09-26T11:37:50.6211950Z #20 258.7 test paths::tests::home_resolution ... ok
2026-09-26T11:37:50.6212279Z #20 258.7 test paths::tests::store_path_format ... ok
2026-09-26T11:37:50.6212652Z #20 258.7 test trust::tests::canonical_key_falls_back_to_absolute ... ok
2026-09-26T11:37:50.6213109Z #20 258.7 test paths::tests::canonical_dest_resolves_a_symlinked_ancestor ... ok
2026-09-26T11:37:50.6213538Z #20 258.7 test trust::tests::only_an_explicit_y_trusts ... ok
2026-09-26T11:37:50.6213957Z #20 258.7 test trust::tests::prompt_values_with_control_chars_are_escaped ... ok
2026-09-26T11:37:50.6214430Z #20 258.7 test trust::tests::gate_blocks_untrusted_repos_without_a_tty ... ok
2026-09-26T11:37:50.6214953Z #20 258.7 test trust::tests::rfc3339_known_instants ... ok
2026-09-26T11:37:50.6215360Z #20 258.7 test trust::tests::sandbox_summary_survives_wrapping_intact ... ok
2026-09-26T11:37:50.6215885Z #20 258.7 test trust::tests::remove_forgets_the_repo ... ok
2026-09-26T11:37:50.6216278Z #20 258.7 test trust::tests::concurrent_adds_keep_both_entries ... ok
2026-09-26T11:37:50.6216701Z #20 258.7 test trust::tests::trust_is_keyed_on_canonical_path ... ok
2026-09-26T11:37:50.6217083Z #20 258.7 test trust::tests::trust_toml_round_trip ... ok
2026-09-26T11:37:50.6432630Z #20 258.8 test journal::marker::repeated_model::exhaustive_independent_destinations_and_two_crashes ... ok
2026-09-26T11:37:50.6433775Z #20 258.8 
2026-09-26T11:37:50.6434609Z #20 258.8 test result: ok. 58 passed; 0 failed; 0 ignored; 0 measured; 0 filtered out; finished in 0.25s
2026-09-26T11:37:50.6435646Z #20 258.8 
2026-09-26T11:37:50.7437369Z #20 258.8      Running unittests src/lib.rs (target/debug/deps/gripsack_trace-5f9edfcb191b89c2)
2026-09-26T11:37:50.7437938Z #20 258.8 
2026-09-26T11:37:50.7438145Z #20 258.8 running 0 tests
2026-09-26T11:37:50.7438363Z #20 258.8 
2026-09-26T11:37:50.7439014Z #20 258.8 test result: ok. 0 passed; 0 failed; 0 ignored; 0 measured; 0 filtered out; finished in 0.00s
2026-09-26T11:37:50.7439452Z #20 258.8 
2026-09-26T11:37:50.7439644Z #20 258.8    Doc-tests griplint
2026-09-26T11:37:50.7439960Z #20 258.9 
2026-09-26T11:37:50.7440228Z #20 258.9 running 0 tests
2026-09-26T11:37:50.7440436Z #20 258.9 
2026-09-26T11:37:50.7440786Z #20 258.9 test result: ok. 0 passed; 0 failed; 0 ignored; 0 measured; 0 filtered out; finished in 0.00s
2026-09-26T11:37:50.7441353Z #20 258.9 
2026-09-26T11:37:50.7441550Z #20 258.9    Doc-tests gripsack_config
2026-09-26T11:37:50.9720728Z #20 259.0 
2026-09-26T11:37:50.9721436Z #20 259.0 running 0 tests
2026-09-26T11:37:50.9722291Z #20 259.0 
2026-09-26T11:37:50.9723263Z #20 259.0 test result: ok. 0 passed; 0 failed; 0 ignored; 0 measured; 0 filtered out; finished in 0.00s
2026-09-26T11:37:50.9724247Z #20 259.0 
2026-09-26T11:37:50.9724652Z #20 259.0    Doc-tests gripsack_exec
2026-09-26T11:37:51.0328365Z #20 259.2 
2026-09-26T11:37:51.0329272Z #20 259.2 running 0 tests
2026-09-26T11:37:51.0329974Z #20 259.2 
2026-09-26T11:37:51.0330622Z #20 259.2 test result: ok. 0 passed; 0 failed; 0 ignored; 0 measured; 0 filtered out; finished in 0.00s
2026-09-26T11:37:51.0331476Z #20 259.2 
2026-09-26T11:37:51.1906137Z #20 259.2    Doc-tests gripsack_fetch
2026-09-26T11:37:51.2511128Z #20 259.5 
2026-09-26T11:37:51.2511557Z #20 259.5 running 0 tests
2026-09-26T11:37:51.2512020Z #20 259.5 
2026-09-26T11:37:51.2512788Z #20 259.5 test result: ok. 0 passed; 0 failed; 0 ignored; 0 measured; 0 filtered out; finished in 0.00s
2026-09-26T11:37:51.2513626Z #20 259.5 
2026-09-26T11:37:51.3695497Z #20 259.5    Doc-tests gripsack_fs
2026-09-26T11:37:51.3696053Z #20 259.5 
2026-09-26T11:37:51.3696297Z #20 259.5 running 0 tests
2026-09-26T11:37:51.3696573Z #20 259.5 
2026-09-26T11:37:51.3697508Z #20 259.5 test result: ok. 0 passed; 0 failed; 0 ignored; 0 measured; 0 filtered out; finished in 0.00s
2026-09-26T11:37:51.3698200Z #20 259.5 
2026-09-26T11:37:51.3698645Z #20 259.5    Doc-tests gripsack_fuzz
2026-09-26T11:37:51.3699186Z #20 259.6 
2026-09-26T11:37:51.3699595Z #20 259.6 running 0 tests
2026-09-26T11:37:51.3700086Z #20 259.6 
2026-09-26T11:37:51.3700847Z #20 259.6 test result: ok. 0 passed; 0 failed; 0 ignored; 0 measured; 0 filtered out; finished in 0.00s
2026-09-26T11:37:51.3701655Z #20 259.6 
2026-09-26T11:37:51.5269990Z #20 259.6    Doc-tests gripsack_ir
2026-09-26T11:37:51.9683618Z #20 260.2 
2026-09-26T11:37:51.9684079Z #20 260.2 running 0 tests
2026-09-26T11:37:51.9684561Z #20 260.2 
2026-09-26T11:37:51.9685318Z #20 260.2 test result: ok. 0 passed; 0 failed; 0 ignored; 0 measured; 0 filtered out; finished in 0.00s
2026-09-26T11:37:51.9686669Z #20 260.2 
2026-09-26T11:37:52.1883045Z #20 260.2    Doc-tests gripsack_lint
2026-09-26T11:37:52.1883579Z #20 260.2 
2026-09-26T11:37:52.1884127Z #20 260.2 running 0 tests
2026-09-26T11:37:52.1885017Z #20 260.2 
2026-09-26T11:37:52.1886114Z #20 260.2 test result: ok. 0 passed; 0 failed; 0 ignored; 0 measured; 0 filtered out; finished in 0.00s
2026-09-26T11:37:52.1886945Z #20 260.2 
2026-09-26T11:37:52.1887320Z #20 260.2    Doc-tests gripsack_policy
2026-09-26T11:37:52.2718061Z #20 260.5 
2026-09-26T11:37:52.2718350Z #20 260.5 running 0 tests
2026-09-26T11:37:52.2718808Z #20 260.5 
2026-09-26T11:37:52.2719576Z #20 260.5 test result: ok. 0 passed; 0 failed; 0 ignored; 0 measured; 0 filtered out; finished in 0.00s
2026-09-26T11:37:52.2720365Z #20 260.5 
2026-09-26T11:37:52.4822682Z #20 260.5    Doc-tests gripsack_process
2026-09-26T11:37:52.4823805Z #20 260.5 
2026-09-26T11:37:52.4824418Z #20 260.5 running 0 tests
2026-09-26T11:37:52.4824886Z #20 260.5 
2026-09-26T11:37:52.4825630Z #20 260.5 test result: ok. 0 passed; 0 failed; 0 ignored; 0 measured; 0 filtered out; finished in 0.00s
2026-09-26T11:37:52.4826548Z #20 260.5 
2026-09-26T11:37:52.4826841Z #20 260.5    Doc-tests gripsack_store
2026-09-26T11:37:52.5051216Z #20 260.7 
2026-09-26T11:37:52.5051800Z #20 260.7 running 0 tests
2026-09-26T11:37:52.5052203Z #20 260.7 
2026-09-26T11:37:52.5052935Z #20 260.7 test result: ok. 0 passed; 0 failed; 0 ignored; 0 measured; 0 filtered out; finished in 0.00s
2026-09-26T11:37:52.5053818Z #20 260.7 
2026-09-26T11:37:52.6990483Z #20 260.7    Doc-tests gripsack_trace
2026-09-26T11:37:52.6990907Z #20 260.8 
2026-09-26T11:37:52.6991166Z #20 260.8 running 0 tests
2026-09-26T11:37:52.6991459Z #20 260.8 
2026-09-26T11:37:52.6991959Z #20 260.8 test result: ok. 0 passed; 0 failed; 0 ignored; 0 measured; 0 filtered out; finished in 0.00s
2026-09-26T11:37:52.6992551Z #20 260.8 
2026-09-26T11:37:54.1387851Z #20 DONE 262.3s
2026-09-26T11:37:54.2898131Z 
2026-09-26T11:37:54.2900075Z #21 [test 2/2] RUN apk add --no-cache python3     && cargo package --list -p gripsack-exec | grep -q "embedded_frontend.rs"     && python3 scripts/gen_diagnostic_registry.py --check     && python3 scripts/gen_diagnostic_registry.py --self-check     && python3 scripts/gen_frontend_embed.py --check
2026-09-26T11:37:54.5570350Z #21 0.417 ( 1/13) Installing libbz2 (1.0.8-r6)
2026-09-26T11:37:54.7505524Z #21 0.420 ( 2/13) Installing libffi (3.5.2-r1)
2026-09-26T11:37:54.7506777Z #21 0.423 ( 3/13) Installing gdbm (1.26-r0)
2026-09-26T11:37:54.7507641Z #21 0.426 ( 4/13) Installing mpdecimal (4.0.1-r0)
2026-09-26T11:37:54.7508799Z #21 0.429 ( 5/13) Installing ncurses-terminfo-base (6.6_p20260516-r0)
2026-09-26T11:37:54.7509376Z #21 0.435 ( 6/13) Installing libncursesw (6.6_p20260516-r0)
2026-09-26T11:37:54.7509881Z #21 0.440 ( 7/13) Installing libpanelw (6.6_p20260516-r0)
2026-09-26T11:37:54.7510365Z #21 0.442 ( 8/13) Installing readline (8.3.3-r1)
2026-09-26T11:37:54.7510826Z #21 0.446 ( 9/13) Installing sqlite-libs (3.53.4-r0)
2026-09-26T11:37:54.7511299Z #21 0.461 (10/13) Installing python3 (3.14.7-r1)
2026-09-26T11:37:54.7706941Z #21 0.631 (11/13) Installing python3-pycache-pyc0 (3.14.7-r1)
2026-09-26T11:37:54.8843127Z #21 0.745 (12/13) Installing pyc (3.14.7-r1)
2026-09-26T11:37:54.8843870Z #21 0.745 (13/13) Installing python3-pyc (3.14.7-r1)
2026-09-26T11:37:55.0439422Z #21 0.745 Executing busybox-1.37.0-r31.trigger
2026-09-26T11:37:55.0440081Z #21 0.754 OK: 246.6 MiB in 58 packages
2026-09-26T11:37:55.0534570Z #21 0.914 diagnostic registry: 38 unique core codes, 5 frontend allocations; generated files fresh
2026-09-26T11:37:55.1893646Z #21 0.950 calibration: invalid registry version rejected on its named property
2026-09-26T11:37:55.1895218Z #21 0.950 calibration: duplicate diagnostic code rejected on its named property
2026-09-26T11:37:55.1897323Z #21 0.950 calibration: duplicate frontend diagnostic name rejected on its named property
2026-09-26T11:37:55.1898524Z #21 0.950 diagnostic registry calibration: 3 named mutants rejected
2026-09-26T11:37:55.1899468Z #21 0.986 embedded_frontend.rs: fresh (30 files)
2026-09-26T11:37:55.1900238Z #21 DONE 1.0s
2026-09-26T11:37:55.3408643Z 
2026-09-26T11:37:55.3409550Z #22 exporting to image
2026-09-26T11:37:55.3410786Z #22 exporting layers
2026-09-26T11:38:02.9971609Z #22 exporting layers 7.8s done
2026-09-26T11:38:03.0268491Z #22 writing image sha256:49f0d86a1bb6479c039f2477e39c078aaf58631b57e92f8b9a3e62b7201dde46 done
2026-09-26T11:38:03.0269442Z #22 naming to docker.io/library/gripsack-test done
2026-09-26T11:38:03.0270000Z #22 DONE 7.8s
2026-09-26T11:38:03.0270222Z 
2026-09-26T11:38:03.0270399Z #23 resolving provenance for metadata file
2026-09-26T11:38:03.0270846Z #23 DONE 0.0s
2026-09-26T11:38:03.2024556Z gate passed: fmt + clippy -D warnings + cargo test
2026-09-26T11:38:03.2742533Z ##[group]Run docker compose run --build --rm ts-test
2026-09-26T11:38:03.2742958Z [36;1mdocker compose run --build --rm ts-test[0m
2026-09-26T11:38:03.2805338Z shell: /usr/bin/bash -e {0}
2026-09-26T11:38:03.2805597Z ##[endgroup]
2026-09-26T11:38:03.4266767Z #1 [internal] load local bake definitions
2026-09-26T11:38:03.6208321Z #1 reading from stdin 404B done
2026-09-26T11:38:03.6208705Z #1 DONE 0.0s
2026-09-26T11:38:03.6208867Z 
2026-09-26T11:38:03.6209031Z #2 [internal] load build definition from Dockerfile
2026-09-26T11:38:03.6209444Z #2 transferring dockerfile: 10.04kB done
2026-09-26T11:38:03.6209771Z #2 DONE 0.0s
2026-09-26T11:38:03.6209903Z 
2026-09-26T11:38:03.6210108Z #3 [auth] docker/dockerfile:pull token for registry-1.docker.io
2026-09-26T11:38:03.6210517Z #3 DONE 0.0s
2026-09-26T11:38:03.6210666Z 
2026-09-26T11:38:03.6210929Z #4 resolve image config for docker-image://docker.io/docker/dockerfile:1
2026-09-26T11:38:03.8745693Z #4 DONE 0.4s
2026-09-26T11:38:04.0808063Z 
2026-09-26T11:38:04.0808707Z #5 docker-image://docker.io/docker/dockerfile:1@sha256:ecfaec9ed6d810b56388c508f4121597bfbba70d41a6dfeee4d8cad5f295fc32
2026-09-26T11:38:04.0809458Z #5 CACHED
2026-09-26T11:38:04.0809587Z 
2026-09-26T11:38:04.0810103Z #6 [internal] load metadata for docker.io/denoland/deno:2.9.6@sha256:2014dc167ece617ef7e7ba40631ac2234c59e75ce693e7cc2dc2602b3c87859d
2026-09-26T11:38:04.2936287Z #6 ...
2026-09-26T11:38:04.2936609Z 
2026-09-26T11:38:04.2937295Z #7 [auth] denoland/deno:pull token for registry-1.docker.io
2026-09-26T11:38:04.2937919Z #7 DONE 0.0s
2026-09-26T11:38:04.4439078Z 
2026-09-26T11:38:04.4439778Z #6 [internal] load metadata for docker.io/denoland/deno:2.9.6@sha256:2014dc167ece617ef7e7ba40631ac2234c59e75ce693e7cc2dc2602b3c87859d
2026-09-26T11:38:04.7372028Z #6 DONE 0.8s
2026-09-26T11:38:04.8478766Z 
2026-09-26T11:38:04.8479245Z #8 [internal] load .dockerignore
2026-09-26T11:38:04.8479770Z #8 transferring context: 139B done
2026-09-26T11:38:04.8480206Z #8 DONE 0.0s
2026-09-26T11:38:04.8480434Z 
2026-09-26T11:38:04.8481093Z #9 [ts-test 1/5] FROM docker.io/denoland/deno:2.9.6@sha256:2014dc167ece617ef7e7ba40631ac2234c59e75ce693e7cc2dc2602b3c87859d
2026-09-26T11:38:04.8482530Z #9 resolve docker.io/denoland/deno:2.9.6@sha256:2014dc167ece617ef7e7ba40631ac2234c59e75ce693e7cc2dc2602b3c87859d done
2026-09-26T11:38:04.9624426Z #9 ...
2026-09-26T11:38:04.9625001Z 
2026-09-26T11:38:04.9625466Z #10 [internal] load build context
2026-09-26T11:38:04.9626663Z #10 transferring context: 8.13kB 0.1s done
2026-09-26T11:38:04.9627161Z #10 DONE 0.1s
2026-09-26T11:38:04.9627364Z 
2026-09-26T11:38:04.9628011Z #9 [ts-test 1/5] FROM docker.io/denoland/deno:2.9.6@sha256:2014dc167ece617ef7e7ba40631ac2234c59e75ce693e7cc2dc2602b3c87859d
2026-09-26T11:38:04.9628989Z #9 sha256:6944fe143f65e1b0cbfacb93acfee7efb5b3075101dcd9f034eb174603681aec 29.79MB / 29.79MB 0.2s done
2026-09-26T11:38:04.9629932Z #9 sha256:2014dc167ece617ef7e7ba40631ac2234c59e75ce693e7cc2dc2602b3c87859d 647B / 647B done
2026-09-26T11:38:04.9630906Z #9 sha256:023603421f1a013d21a85de8a88a69160f7ca6184c168a4787e6a1b9df96b616 1.43kB / 1.43kB done
2026-09-26T11:38:04.9631562Z #9 sha256:5efe6d82fe530754ff8484ff64ab9049f83cb46ddee5c0d151f65a194ee3ac2c 0B / 42.71MB 0.2s
2026-09-26T11:38:04.9632381Z #9 sha256:efd53a4aeff1bbe0f05180c628a02b78661d955f56219e2e932800e8e13e1982 3.66kB / 3.66kB done
2026-09-26T11:38:04.9633352Z #9 sha256:a2a078fd7a4ebdb8490a2dbf15a7aa2ccb41c258d1983410a5280ef7aa96e533 1.21kB / 1.21kB 0.2s done
2026-09-26T11:38:04.9634025Z #9 sha256:3de2162715d653f54d59ab0c5303e2eed6fc0ce195ec4666e26acd00e587bdef 0B / 454B 0.2s
2026-09-26T11:38:04.9634803Z #9 sha256:988e130156a8a8691a85a614bb2ecf684d1e8d51f5a9fc8d0eca3727a020af44 0B / 9.46kB 0.2s
2026-09-26T11:38:05.0763173Z #9 sha256:5efe6d82fe530754ff8484ff64ab9049f83cb46ddee5c0d151f65a194ee3ac2c 30.41MB / 42.71MB 0.3s
2026-09-26T11:38:05.0764340Z #9 sha256:3de2162715d653f54d59ab0c5303e2eed6fc0ce195ec4666e26acd00e587bdef 454B / 454B 0.3s done
2026-09-26T11:38:05.0765326Z #9 sha256:988e130156a8a8691a85a614bb2ecf684d1e8d51f5a9fc8d0eca3727a020af44 9.46kB / 9.46kB 0.3s done
2026-09-26T11:38:05.0766724Z #9 extracting sha256:6944fe143f65e1b0cbfacb93acfee7efb5b3075101dcd9f034eb174603681aec 0.1s
2026-09-26T11:38:05.0767854Z #9 sha256:04e8d1a6a630b6e1bbe01d82dbe53554bc068d5607292bebc811f98d3415e4a8 0B / 449B 0.3s
2026-09-26T11:38:05.1819077Z #9 sha256:5efe6d82fe530754ff8484ff64ab9049f83cb46ddee5c0d151f65a194ee3ac2c 42.71MB / 42.71MB 0.3s done
2026-09-26T11:38:05.1819838Z #9 sha256:04e8d1a6a630b6e1bbe01d82dbe53554bc068d5607292bebc811f98d3415e4a8 449B / 449B 0.3s done
2026-09-26T11:38:05.9492186Z #9 extracting sha256:6944fe143f65e1b0cbfacb93acfee7efb5b3075101dcd9f034eb174603681aec 1.0s done
2026-09-26T11:38:05.9493578Z #9 extracting sha256:a2a078fd7a4ebdb8490a2dbf15a7aa2ccb41c258d1983410a5280ef7aa96e533
2026-09-26T11:38:06.1334944Z #9 extracting sha256:a2a078fd7a4ebdb8490a2dbf15a7aa2ccb41c258d1983410a5280ef7aa96e533 done
2026-09-26T11:38:06.1336494Z #9 extracting sha256:5efe6d82fe530754ff8484ff64ab9049f83cb46ddee5c0d151f65a194ee3ac2c 0.1s
2026-09-26T11:38:06.5496461Z #9 extracting sha256:5efe6d82fe530754ff8484ff64ab9049f83cb46ddee5c0d151f65a194ee3ac2c 0.4s done
2026-09-26T11:38:06.5497818Z #9 extracting sha256:988e130156a8a8691a85a614bb2ecf684d1e8d51f5a9fc8d0eca3727a020af44 done
2026-09-26T11:38:06.5499089Z #9 extracting sha256:3de2162715d653f54d59ab0c5303e2eed6fc0ce195ec4666e26acd00e587bdef done
2026-09-26T11:38:06.5500383Z #9 extracting sha256:04e8d1a6a630b6e1bbe01d82dbe53554bc068d5607292bebc811f98d3415e4a8 done
2026-09-26T11:38:06.5501339Z #9 DONE 1.8s
2026-09-26T11:38:06.6945715Z 
2026-09-26T11:38:06.6946984Z #11 [ts-test 2/5] WORKDIR /app
2026-09-26T11:38:06.6947832Z #11 DONE 0.0s
2026-09-26T11:38:06.6949026Z 
2026-09-26T11:38:06.6949529Z #12 [ts-test 3/5] COPY typescript ./typescript
2026-09-26T11:38:06.6950771Z #12 DONE 0.0s
2026-09-26T11:38:06.6951353Z 
2026-09-26T11:38:06.6951774Z #13 [ts-test 4/5] COPY examples ./examples
2026-09-26T11:38:06.6952522Z #13 DONE 0.0s
2026-09-26T11:38:06.6953190Z 
2026-09-26T11:38:06.6969640Z #14 [ts-test 5/5] RUN cd typescript && deno install && deno task test     && deno run --cached-only --no-remote --allow-all node_modules/typescript/bin/tsc        --project tsconfig.examples.json --noEmit
2026-09-26T11:38:06.6971746Z #14 0.115 Seeded deno.lock from /app/typescript/package-lock.json
2026-09-26T11:38:06.8457483Z #14 0.116 [0m[32mDownload[0m https://registry.npmjs.org/typescript
2026-09-26T11:38:06.8458349Z #14 0.116 [0m[32mDownload[0m https://registry.npmjs.org/@types%2fnode
2026-09-26T11:38:06.9830306Z #14 0.404 [0m[32mDownload[0m https://registry.npmjs.org/undici-types
2026-09-26T11:38:07.1177700Z #14 0.480 [0m[32mDownload[0m https://registry.npmjs.org/@typescript%2ftypescript-aix-ppc64
2026-09-26T11:38:07.1178533Z #14 0.480 [0m[32mDownload[0m https://registry.npmjs.org/@typescript%2ftypescript-darwin-arm64
2026-09-26T11:38:07.1179290Z #14 0.480 [0m[32mDownload[0m https://registry.npmjs.org/@typescript%2ftypescript-darwin-x64
2026-09-26T11:38:07.1180029Z #14 0.480 [0m[32mDownload[0m https://registry.npmjs.org/@typescript%2ftypescript-freebsd-arm64
2026-09-26T11:38:07.1180735Z #14 0.480 [0m[32mDownload[0m https://registry.npmjs.org/@typescript%2ftypescript-freebsd-x64
2026-09-26T11:38:07.1181409Z #14 0.480 [0m[32mDownload[0m https://registry.npmjs.org/@typescript%2ftypescript-linux-arm
2026-09-26T11:38:07.1182091Z #14 0.480 [0m[32mDownload[0m https://registry.npmjs.org/@typescript%2ftypescript-linux-arm64
2026-09-26T11:38:07.1182782Z #14 0.480 [0m[32mDownload[0m https://registry.npmjs.org/@typescript%2ftypescript-linux-loong64
2026-09-26T11:38:07.1183488Z #14 0.480 [0m[32mDownload[0m https://registry.npmjs.org/@typescript%2ftypescript-linux-mips64el
2026-09-26T11:38:07.1184195Z #14 0.480 [0m[32mDownload[0m https://registry.npmjs.org/@typescript%2ftypescript-linux-ppc64
2026-09-26T11:38:07.1184897Z #14 0.480 [0m[32mDownload[0m https://registry.npmjs.org/@typescript%2ftypescript-linux-riscv64
2026-09-26T11:38:07.1186157Z #14 0.480 [0m[32mDownload[0m https://registry.npmjs.org/@typescript%2ftypescript-linux-s390x
2026-09-26T11:38:07.1186974Z #14 0.480 [0m[32mDownload[0m https://registry.npmjs.org/@typescript%2ftypescript-linux-x64
2026-09-26T11:38:07.1187674Z #14 0.480 [0m[32mDownload[0m https://registry.npmjs.org/@typescript%2ftypescript-netbsd-arm64
2026-09-26T11:38:07.1188349Z #14 0.480 [0m[32mDownload[0m https://registry.npmjs.org/@typescript%2ftypescript-netbsd-x64
2026-09-26T11:38:07.1189027Z #14 0.480 [0m[32mDownload[0m https://registry.npmjs.org/@typescript%2ftypescript-openbsd-arm64
2026-09-26T11:38:07.1189702Z #14 0.480 [0m[32mDownload[0m https://registry.npmjs.org/@typescript%2ftypescript-openbsd-x64
2026-09-26T11:38:07.1190366Z #14 0.480 [0m[32mDownload[0m https://registry.npmjs.org/@typescript%2ftypescript-sunos-x64
2026-09-26T11:38:07.1191027Z #14 0.480 [0m[32mDownload[0m https://registry.npmjs.org/@typescript%2ftypescript-win32-arm64
2026-09-26T11:38:07.1191685Z #14 0.481 [0m[32mDownload[0m https://registry.npmjs.org/@typescript%2ftypescript-win32-x64
2026-09-26T11:38:07.1192343Z #14 0.539 [0m[32mDownload[0m https://registry.npmjs.org/typescript/-/typescript-7.0.2.tgz
2026-09-26T11:38:07.1192965Z #14 0.539 [0m[32mDownload[0m https://registry.npmjs.org/@types/node/-/node-26.2.0.tgz
2026-09-26T11:38:07.2355512Z #14 0.539 [0m[32mDownload[0m https://registry.npmjs.org/@typescript/typescript-linux-x64/-/typescript-linux-x64-7.0.2.tgz
2026-09-26T11:38:07.2357763Z #14 0.539 [0m[32mDownload[0m https://registry.npmjs.org/undici-types/-/undici-types-8.3.0.tgz
2026-09-26T11:38:07.2358468Z #14 0.556 [0m[32mInitialize[0m undici-types@8.3.0
2026-09-26T11:38:07.2358939Z #14 0.573 [0m[32mInitialize[0m @types/node@26.2.0
2026-09-26T11:38:07.2359381Z #14 0.581 [0m[32mInitialize[0m typescript@7.0.2
2026-09-26T11:38:07.2360205Z #14 0.656 [0m[32mInitialize[0m @typescript/typescript-linux-x64@7.0.2
2026-09-26T11:38:07.4187766Z #14 0.661 [0m[38;5;245mInstalled[0m 4 [0m[38;5;245mpackages[0m [0m[38;5;245min[0m 548ms
2026-09-26T11:38:07.4189192Z #14 0.661 [0m[38;5;245mReused[0m 0 [0m[38;5;245mpackages from cache[0m
2026-09-26T11:38:07.4190663Z #14 0.661 [0m[38;5;245mDownloaded[0m 0 [0m[38;5;245mpackages from JSR[0m
2026-09-26T11:38:07.4191764Z #14 0.661 [0m[38;5;245mDownloaded[0m 4 [0m[38;5;245mpackages from npm[0m
2026-09-26T11:38:07.4192687Z #14 0.661 [0m[32m++++[0m
2026-09-26T11:38:07.4193470Z #14 0.661 [0m[36mDev dependencies:[0m
2026-09-26T11:38:07.4194255Z #14 0.661 [0m[32m+[0m [0m[38;5;245mnpm:[0m@types/node [0m[38;5;245m26.2.0[0m
2026-09-26T11:38:07.4195101Z #14 0.661 [0m[32m+[0m [0m[38;5;245mnpm:[0mtypescript [0m[38;5;245m7.0.2[0m
2026-09-26T11:38:07.4196298Z #14 0.672 [0m[32mTask[0m [0m[36mtest[0m deno test --allow-read --allow-write --allow-run --allow-env test/
2026-09-26T11:38:07.4197145Z #14 0.689 [0m[32mCheck[0m test/driver.test.ts
2026-09-26T11:38:07.4197651Z #14 0.689 [0m[32mCheck[0m test/index.test.ts
2026-09-26T11:38:07.4198169Z #14 0.689 [0m[32mCheck[0m test/workspace.test.ts
2026-09-26T11:38:07.4198738Z #14 0.689 [0m[32mCheck[0m test/workspace_graph.test.ts
2026-09-26T11:38:08.6874414Z #14 2.108 [0m[38;5;245mrunning 12 tests from ./test/driver.test.ts[0m
2026-09-26T11:38:08.8001630Z #14 2.108 driver evaluates a host into an envelope under the sandbox flags ... [0m[32mok[0m [0m[38;5;245m(112ms)[0m
2026-09-26T11:38:08.9239205Z #14 2.221 bound probes answer without new requests (stage 2 fixpoint) ... [0m[32mok[0m [0m[38;5;245m(123ms)[0m
2026-09-26T11:38:09.0592358Z #14 2.345 a missing host file lists the available hosts ... [0m[32mok[0m [0m[38;5;245m(69ms)[0m
2026-09-26T11:38:09.0594007Z #14 2.414 a host without a defineEnv default export errors clearly ... [0m[32mok[0m [0m[38;5;245m(65ms)[0m
2026-09-26T11:38:09.1774245Z #14 2.479 duplicate module names surface the frontend error ... [0m[32mok[0m [0m[38;5;245m(60ms)[0m
2026-09-26T11:38:09.1807666Z #14 2.540 the repo's pinned @gripsack/core wins (deliberate pin) ... [0m[32mok[0m [0m[38;5;245m(57ms)[0m
2026-09-26T11:38:09.3026302Z #14 2.598 a src-only pinned package resolves through its types entry (0.40 fallback) ... [0m[32mok[0m [0m[38;5;245m(67ms)[0m
2026-09-26T11:38:09.3028467Z #14 2.666 a stale pin predating defineEnv errors with the fix ... [0m[32mok[0m [0m[38;5;245m(58ms)[0m
2026-09-26T11:38:09.4305160Z #14 2.723 driver evaluates a root gripsack.ts workspace with no fake host ... [0m[32mok[0m [0m[38;5;245m(127ms)[0m
2026-09-26T11:38:09.5701833Z #14 2.851 a root gripsack.ts wins over hosts/<host>.ts ... [0m[32mok[0m [0m[38;5;245m(75ms)[0m
2026-09-26T11:38:09.5717146Z #14 2.927 a gripsack.ts without a defineWorkspace default export errors clearly ... [0m[32mok[0m [0m[38;5;245m(64ms)[0m
2026-09-26T11:38:09.7321280Z #14 2.991 a syntax error in gripsack.ts stays a traceback ... [0m[32mok[0m [0m[38;5;245m(61ms)[0m
2026-09-26T11:38:09.7322921Z #14 3.152 [0m[38;5;245mrunning 21 tests from ./test/index.test.ts[0m
2026-09-26T11:38:09.8356691Z #14 3.152 emitIr emits the IR v5 legacy-modules contract ... [0m[32mok[0m [0m[38;5;245m(2ms)[0m
2026-09-26T11:38:09.8358413Z #14 3.155 host facts keep their key order and never leak the hostname ... [0m[32mok[0m [0m[38;5;245m(471µs)[0m
2026-09-26T11:38:09.8359984Z #14 3.156 undetectable libc is omitted from the IR host ... [0m[32mok[0m [0m[38;5;245m(402µs)[0m
2026-09-26T11:38:09.8361372Z #14 3.157 module() captures spans pointing at this file ... [0m[32mok[0m [0m[38;5;245m(391µs)[0m
2026-09-26T11:38:09.8362820Z #14 3.158 falsy module entries drop out of the environment ... [0m[32mok[0m [0m[38;5;245m(606µs)[0m
2026-09-26T11:38:09.8364166Z #14 3.158 dotfiles-only modules emit no source ... [0m[32mok[0m [0m[38;5;245m(422µs)[0m
2026-09-26T11:38:09.8366017Z #14 3.159 explicit steps emit verbatim ... [0m[32mok[0m [0m[38;5;245m(599µs)[0m
2026-09-26T11:38:09.8367401Z #14 3.159 runStep emits structured argv actions with outputs ... [0m[32mok[0m [0m[38;5;245m(448µs)[0m
2026-09-26T11:38:09.8368909Z #14 3.160 dep rejects legacy and misspelled option shapes ... [0m[32mok[0m [0m[38;5;245m(616µs)[0m
2026-09-26T11:38:09.8370345Z #14 3.160 duplicate module names throw at emit with both sites ... [0m[32mok[0m [0m[38;5;245m(608µs)[0m
2026-09-26T11:38:09.8371825Z #14 3.161 stray objects in modules throw with what they are ... [0m[32mok[0m [0m[38;5;245m(294µs)[0m
2026-09-26T11:38:09.8373142Z #14 3.162 declared resources emit and validate ... [0m[32mok[0m [0m[38;5;245m(448µs)[0m
2026-09-26T11:38:09.8374449Z #14 3.162 undeclared resources throw at eval ... [0m[32mok[0m [0m[38;5;245m(213µs)[0m
2026-09-26T11:38:09.8375638Z #14 3.163 builtin resources pass eval ... [0m[32mok[0m [0m[38;5;245m(200µs)[0m
2026-09-26T11:38:09.8377249Z #14 3.163 mergeTags unions entrypoint and CLI tags in order ... [0m[32mok[0m [0m[38;5;245m(154µs)[0m
2026-09-26T11:38:09.8378612Z #14 3.163 when/hasTag evaluate the injected view ... [0m[32mok[0m [0m[38;5;245m(330µs)[0m
2026-09-26T11:38:09.8381031Z #14 3.164 parseInputs accepts the version 1 envelope ... [0m[32mok[0m [0m[38;5;245m(469µs)[0m
2026-09-26T11:38:09.8387538Z #14 3.164 parseInputs fills absent optionals and null libc ... [0m[32mok[0m [0m[38;5;245m(140µs)[0m
2026-09-26T11:38:09.8389230Z #14 3.165 parseInputs rejects malformed envelopes ... [0m[32mok[0m [0m[38;5;245m(658µs)[0m
2026-09-26T11:38:09.8390792Z #14 3.165 probes answer bound values and record unbound requests ... [0m[32mok[0m [0m[38;5;245m(800µs)[0m
2026-09-26T11:38:09.8392560Z #14 3.166 module() rejects unknown fields — a typo never lowers to an empty desired state ... [0m[32mok[0m [0m[38;5;245m(799µs)[0m
2026-09-26T11:38:09.8393971Z #14 3.256 [0m[38;5;245mrunning 23 tests from ./test/workspace.test.ts[0m
2026-09-26T11:38:09.9409544Z #14 3.256 emitWorkspaceIr emits the v5 workspace envelope ... [0m[32mok[0m [0m[38;5;245m(11ms)[0m
2026-09-26T11:38:09.9412072Z #14 3.268 emitIr legacy path emits the v5 modules envelope, never a workspace ... [0m[32mok[0m [0m[38;5;245m(629µs)[0m
2026-09-26T11:38:09.9413787Z #14 3.269 duplicate output names throw at declaration with both sites ... [0m[32mok[0m [0m[38;5;245m(1ms)[0m
2026-09-26T11:38:09.9415430Z #14 3.270 duplicate output names throw at emit for hand-built values ... [0m[32mok[0m [0m[38;5;245m(733µs)[0m
2026-09-26T11:38:09.9417299Z #14 3.271 Bash body interpolation rejects the literal at its source line ... [0m[32mok[0m [0m[38;5;245m(1ms)[0m
2026-09-26T11:38:09.9418853Z #14 3.273 run_bash requires a declared package interpreter ... [0m[32mok[0m [0m[38;5;245m(1ms)[0m
2026-09-26T11:38:09.9420392Z #14 3.274 run_bash maps dedented lines to the original template, not the call ... [0m[32mok[0m [0m[38;5;245m(2ms)[0m
2026-09-26T11:38:09.9422687Z #14 3.276 Bash fluent and object forms normalize without sharing mutable state ... [0m[32mok[0m [0m[38;5;245m(1ms)[0m
2026-09-26T11:38:09.9427573Z #14 3.277 fluent exec and object form emit the same command, preserving branches ... [0m[32mok[0m [0m[38;5;245m(1ms)[0m
2026-09-26T11:38:09.9429356Z #14 3.279 environment names survive cloning even when shadowing a prototype key ... [0m[32mok[0m [0m[38;5;245m(415µs)[0m
2026-09-26T11:38:09.9430935Z #14 3.279 file origin is optional only for literal content ... [0m[32mok[0m [0m[38;5;245m(1ms)[0m
2026-09-26T11:38:09.9432502Z #14 3.281 file destinations reject escapes at authoring, not just in decoded IR ... [0m[32mok[0m [0m[38;5;245m(1ms)[0m
2026-09-26T11:38:09.9434172Z #14 3.282 emit rejects unknown output references with the reference span ... [0m[32mok[0m [0m[38;5;245m(765µs)[0m
2026-09-26T11:38:09.9435987Z #14 3.283 emit rejects wrong-kind references naming both sites ... [0m[32mok[0m [0m[38;5;245m(856µs)[0m
2026-09-26T11:38:09.9437841Z #14 3.284 emit rejects package_command refs to unknown commands ... [0m[32mok[0m [0m[38;5;245m(1ms)[0m
2026-09-26T11:38:09.9439190Z #14 3.285 emit rejects task dependency cycles ... [0m[32mok[0m [0m[38;5;245m(1ms)[0m
2026-09-26T11:38:09.9440636Z #14 3.287 emit rejects producer/artifact cycles but admits validation loops ... [0m[32mok[0m [0m[38;5;245m(1ms)[0m
2026-09-26T11:38:09.9442234Z #14 3.289 a provider-backed package needs no synthetic recipe ... [0m[32mok[0m [0m[38;5;245m(748µs)[0m
2026-09-26T11:38:09.9443839Z #14 3.289 no import-order registry: repeated evals in one process emit identical IR ... [0m[32mok[0m [0m[38;5;245m(4ms)[0m
2026-09-26T11:38:09.9445276Z #14 3.294 constructed values are deeply frozen ... [0m[32mok[0m [0m[38;5;245m(4ms)[0m
2026-09-26T11:38:09.9446821Z #14 3.299 stray objects and empty catalogs are rejected ... [0m[32mok[0m [0m[38;5;245m(885µs)[0m
2026-09-26T11:38:09.9448340Z #14 3.300 spans are mandatory: hand-built nodes without one are rejected ... [0m[32mok[0m [0m[38;5;245m(382µs)[0m
2026-09-26T11:38:09.9449956Z #14 3.300 enum and calendar boundaries reject out-of-grammar values ... [0m[32mok[0m [0m[38;5;245m(1ms)[0m
2026-09-26T11:38:09.9451269Z #14 3.355 [0m[38;5;245mrunning 8 tests from ./test/workspace_graph.test.ts[0m
2026-09-26T11:38:09.9452653Z #14 3.355 artifact refs require an actual artifact with both sites reported ... [0m[32mok[0m [0m[38;5;245m(6ms)[0m
2026-09-26T11:38:10.1096225Z #14 3.362 check subjects resolve rather than silently becoming opaque names ... [0m[32mok[0m [0m[38;5;245m(1ms)[0m
2026-09-26T11:38:10.1117482Z #14 3.364 artifact selectors cannot escape or use non-canonical path segments ... [0m[32mok[0m [0m[38;5;245m(3ms)[0m
2026-09-26T11:38:10.1132091Z #14 3.367 environment values are data, never package commands ... [0m[32mok[0m [0m[38;5;245m(785µs)[0m
2026-09-26T11:38:10.1147118Z #14 3.368 targets bind ABI and minimum OS requirements, not the current host ... [0m[32mok[0m [0m[38;5;245m(3ms)[0m
2026-09-26T11:38:10.1149456Z #14 3.371 fixed-prefix selection needs a matching environment location ... [0m[32mok[0m [0m[38;5;245m(2ms)[0m
2026-09-26T11:38:10.1151408Z #14 3.374 ABI mismatch and incompatible minimum OS reject with both declarations ... [0m[32mok[0m [0m[38;5;245m(3ms)[0m
2026-09-26T11:38:10.1153331Z #14 3.377 recipe command lists retain local order without task-prerequisite edges ... [0m[32mok[0m [0m[38;5;245m(934µs)[0m
2026-09-26T11:38:10.1154559Z #14 3.380 
2026-09-26T11:38:10.1155352Z #14 3.380 [0m[32mok[0m | 64 passed | 0 failed [0m[38;5;245m(1s)[0m
2026-09-26T11:38:10.1156488Z #14 3.380 
2026-09-26T11:38:10.2021377Z #14 DONE 3.6s
2026-09-26T11:38:10.3543844Z 
2026-09-26T11:38:10.3545268Z #15 exporting to image
2026-09-26T11:38:10.3546405Z #15 exporting layers
2026-09-26T11:38:11.0111649Z #15 exporting layers 0.8s done
2026-09-26T11:38:11.0406898Z #15 writing image sha256:a7e3957ac9e116a5e21b7d70f87cf32d0a40938aceb95918af8091a988af0eb0 done
2026-09-26T11:38:11.0407878Z #15 naming to docker.io/library/gripsack-ts-test done
2026-09-26T11:38:11.0408395Z #15 DONE 0.8s
2026-09-26T11:38:11.0408586Z 
2026-09-26T11:38:11.0408786Z #16 resolving provenance for metadata file
2026-09-26T11:38:11.0409239Z #16 DONE 0.0s
2026-09-26T11:38:11.1894590Z gate passed: typescript frontend tests (deno test)
2026-09-26T11:38:11.2668272Z ##[group]Run sh verification/buildkit-qualification/bridge/build.sh
2026-09-26T11:38:11.2668808Z [36;1msh verification/buildkit-qualification/bridge/build.sh[0m
2026-09-26T11:38:11.2669228Z [36;1msh verification/buildkit-qualification/probes.sh[0m
2026-09-26T11:38:11.2732238Z shell: /usr/bin/bash -e {0}
2026-09-26T11:38:11.2732512Z ##[endgroup]
2026-09-26T11:38:11.3019793Z Unable to find image 'golang:1.26.3@sha256:e3665e241a474aba30bbfaf177cfa88e1913e970c83bd86889cacfb67d6e7e51' locally
2026-09-26T11:38:11.8878045Z docker.io/library/golang@sha256:e3665e241a474aba30bbfaf177cfa88e1913e970c83bd86889cacfb67d6e7e51: Pulling from library/golang
2026-09-26T11:38:11.8886655Z f32f49ce655a: Pulling fs layer
2026-09-26T11:38:11.8887244Z 8a7504cd2818: Pulling fs layer
2026-09-26T11:38:11.8887806Z b53089dca505: Pulling fs layer
2026-09-26T11:38:11.8888231Z 65658bcb04e4: Pulling fs layer
2026-09-26T11:38:11.8888518Z 1a70bdedd442: Pulling fs layer
2026-09-26T11:38:11.8888912Z 2b085c4fc755: Pulling fs layer
2026-09-26T11:38:11.8889350Z 4f4fb700ef54: Pulling fs layer
2026-09-26T11:38:11.8889776Z 1a70bdedd442: Waiting
2026-09-26T11:38:11.8890154Z 2b085c4fc755: Waiting
2026-09-26T11:38:11.8890516Z 4f4fb700ef54: Waiting
2026-09-26T11:38:11.8890869Z 65658bcb04e4: Waiting
2026-09-26T11:38:12.1908763Z 8a7504cd2818: Verifying Checksum
2026-09-26T11:38:12.1911026Z 8a7504cd2818: Download complete
2026-09-26T11:38:12.2757021Z f32f49ce655a: Verifying Checksum
2026-09-26T11:38:12.2759185Z f32f49ce655a: Download complete
2026-09-26T11:38:12.5150338Z b53089dca505: Verifying Checksum
2026-09-26T11:38:12.5150873Z b53089dca505: Download complete
2026-09-26T11:38:12.7236531Z 2b085c4fc755: Verifying Checksum
2026-09-26T11:38:12.7237923Z 2b085c4fc755: Download complete
2026-09-26T11:38:12.7354998Z 1a70bdedd442: Verifying Checksum
2026-09-26T11:38:12.7355412Z 1a70bdedd442: Download complete
2026-09-26T11:38:12.9297850Z 65658bcb04e4: Verifying Checksum
2026-09-26T11:38:12.9298357Z 65658bcb04e4: Download complete
2026-09-26T11:38:12.9428427Z 4f4fb700ef54: Download complete
2026-09-26T11:38:14.0254094Z f32f49ce655a: Pull complete
2026-09-26T11:38:15.4927215Z 8a7504cd2818: Pull complete
2026-09-26T11:38:17.9799383Z b53089dca505: Pull complete
2026-09-26T11:38:20.6842721Z 65658bcb04e4: Pull complete
2026-09-26T11:38:25.7486140Z 1a70bdedd442: Pull complete
2026-09-26T11:38:25.7572250Z 2b085c4fc755: Pull complete
2026-09-26T11:38:25.7644344Z 4f4fb700ef54: Pull complete
2026-09-26T11:38:25.7829158Z Digest: sha256:e3665e241a474aba30bbfaf177cfa88e1913e970c83bd86889cacfb67d6e7e51
2026-09-26T11:38:25.7835776Z Status: Downloaded newer image for golang@sha256:e3665e241a474aba30bbfaf177cfa88e1913e970c83bd86889cacfb67d6e7e51
2026-09-26T11:38:25.8918449Z go: downloading github.com/moby/buildkit v0.33.0
2026-09-26T11:38:25.8955350Z go: downloading github.com/opencontainers/go-digest v1.0.0
2026-09-26T11:38:25.9414803Z go: downloading github.com/opencontainers/image-spec v1.1.1
2026-09-26T11:38:25.9635846Z go: downloading github.com/tonistiigi/fsutil v0.0.0-20260819142231-83cac42c1c52
2026-09-26T11:38:26.1133858Z go: downloading github.com/Microsoft/go-winio v0.6.3-0.20251027160822-ad3df93bed29
2026-09-26T11:38:26.1429085Z go: downloading github.com/containerd/continuity v0.5.0
2026-09-26T11:38:26.1718334Z go: downloading github.com/moby/patternmatcher v0.6.1
2026-09-26T11:38:26.1818039Z go: downloading github.com/pkg/errors v0.9.1
2026-09-26T11:38:26.1881723Z go: downloading golang.org/x/sync v0.22.0
2026-09-26T11:38:26.1986981Z go: downloading golang.org/x/sys v0.47.0
2026-09-26T11:38:26.4210456Z go: downloading github.com/stretchr/testify v1.12.1
2026-09-26T11:38:26.4446493Z go: downloading github.com/planetscale/vtprotobuf v0.6.1-0.20240319094008-0393e58bdf10
2026-09-26T11:38:26.4559412Z go: downloading google.golang.org/protobuf v1.36.12
2026-09-26T11:38:26.4827024Z go: downloading github.com/containerd/containerd/api v1.11.1
2026-09-26T11:38:26.5403026Z go: downloading github.com/containerd/containerd/v2 v2.3.4
2026-09-26T11:38:26.9246949Z go: downloading go.opentelemetry.io/otel/exporters/otlp/otlptrace v1.45.0
2026-09-26T11:38:26.9248468Z go: downloading go.opentelemetry.io/otel/sdk v1.45.0
2026-09-26T11:38:26.9250213Z go: downloading go.opentelemetry.io/otel v1.45.0
2026-09-26T11:38:26.9251156Z go: downloading go.opentelemetry.io/contrib/instrumentation/google.golang.org/grpc/otelgrpc v0.70.0
2026-09-26T11:38:26.9380547Z go: downloading go.opentelemetry.io/otel/trace v1.45.0
2026-09-26T11:38:27.2577666Z go: downloading google.golang.org/grpc v1.83.2
2026-09-26T11:38:27.5558004Z go: downloading github.com/containerd/nydus-snapshotter v0.15.15
2026-09-26T11:38:27.5558830Z go: downloading github.com/containerd/platforms v1.0.0-rc.5
2026-09-26T11:38:27.5559259Z go: downloading github.com/distribution/reference v0.6.0
2026-09-26T11:38:27.5559645Z go: downloading github.com/containerd/errdefs v1.0.0
2026-09-26T11:38:27.5651140Z go: downloading github.com/google/go-cmp v0.7.0
2026-09-26T11:38:27.5669657Z go: downloading github.com/in-toto/in-toto-golang v0.11.0
2026-09-26T11:38:27.5687480Z go: downloading github.com/moby/policy-helpers v0.0.0-20260901104222-dd6c5499c491
2026-09-26T11:38:27.5860970Z go: downloading github.com/package-url/packageurl-go v0.1.1
2026-09-26T11:38:27.5921576Z go: downloading github.com/spdx/tools-golang v0.5.7
2026-09-26T11:38:27.5942108Z go: downloading golang.org/x/crypto v0.55.0
2026-09-26T11:38:27.6448930Z go: downloading golang.org/x/mod v0.40.0
2026-09-26T11:38:27.6838215Z go: downloading github.com/google/shlex v0.0.0-20191202100458-e7afc7fbc510
2026-09-26T11:38:27.7146650Z go: downloading github.com/containerd/ttrpc v1.2.9
2026-09-26T11:38:27.7154585Z go: downloading github.com/containerd/log v0.1.0
2026-09-26T11:38:27.7156440Z go: downloading google.golang.org/genproto/googleapis/rpc v0.0.0-20260803160001-6ac0973c030d
2026-09-26T11:38:27.7229290Z go: downloading github.com/gofrs/flock v0.13.0
2026-09-26T11:38:27.7285482Z go: downloading github.com/moby/sys/signal v0.7.1
2026-09-26T11:38:27.7309152Z go: downloading github.com/containerd/typeurl/v2 v2.3.0
2026-09-26T11:38:27.7349094Z go: downloading github.com/sirupsen/logrus v1.10.1
2026-09-26T11:38:27.7373951Z go: downloading golang.org/x/net v0.58.0
2026-09-26T11:38:27.7431699Z go: downloading go.opentelemetry.io/contrib/instrumentation/net/http/httptrace/otelhttptrace v0.70.0
2026-09-26T11:38:27.7559586Z go: downloading go.opentelemetry.io/contrib/instrumentation/net/http/otelhttp v0.70.0
2026-09-26T11:38:27.7584029Z go: downloading go.opentelemetry.io/proto/otlp v1.11.0
2026-09-26T11:38:27.7746977Z go: downloading go.opentelemetry.io/otel/metric v1.45.0
2026-09-26T11:38:27.7853860Z go: downloading go.opentelemetry.io/otel/sdk/metric v1.45.0
2026-09-26T11:38:27.8226955Z go: downloading github.com/go-logr/logr v1.4.4
2026-09-26T11:38:27.8248541Z go: downloading go.uber.org/goleak v1.3.0
2026-09-26T11:38:27.8432699Z go: downloading github.com/containerd/errdefs/pkg v0.3.0
2026-09-26T11:38:27.8442117Z go: downloading github.com/containerd/fifo v1.1.0
2026-09-26T11:38:27.8509043Z go: downloading github.com/containerd/plugin v1.1.0
2026-09-26T11:38:27.8569141Z go: downloading github.com/opencontainers/runtime-spec v1.3.0
2026-09-26T11:38:27.8780038Z go: downloading github.com/klauspost/compress v1.19.2
2026-09-26T11:38:27.8781227Z go: downloading github.com/moby/locker v1.0.1
2026-09-26T11:38:27.8848319Z go: downloading github.com/tonistiigi/units v0.0.0-20180711220420-6950e57a87ea
2026-09-26T11:38:27.8886892Z go: downloading github.com/containerd/stargz-snapshotter/estargz v0.18.2
2026-09-26T11:38:27.8967205Z go: downloading github.com/containerd/stargz-snapshotter v0.18.2
2026-09-26T11:38:27.9728572Z go: downloading github.com/ProtonMail/go-crypto v1.4.1
2026-09-26T11:38:27.9729455Z go: downloading github.com/tonistiigi/go-csvvalue v0.0.0-20240814133006-030d3b2625d0
2026-09-26T11:38:28.0386236Z go: downloading github.com/docker/cli v29.7.2+incompatible
2026-09-26T11:38:28.0389361Z go: downloading github.com/in-toto/attestation v1.2.0
2026-09-26T11:38:28.0397522Z go: downloading github.com/secure-systems-lab/go-securesystemslib v0.11.0
2026-09-26T11:38:28.0598225Z go: downloading github.com/shibumi/go-pathspec v1.3.0
2026-09-26T11:38:28.0914261Z go: downloading go.yaml.in/yaml/v3 v3.0.5
2026-09-26T11:38:28.1121864Z go: downloading github.com/AdaLogics/go-fuzz-headers v0.0.0-20240806141605-e8a1dd7889d6
2026-09-26T11:38:28.1237322Z go: downloading github.com/prometheus/procfs v0.21.1
2026-09-26T11:38:28.1474576Z go: downloading github.com/felixge/httpsnoop v1.1.0
2026-09-26T11:38:28.1579470Z go: downloading github.com/grpc-ecosystem/grpc-gateway/v2 v2.29.0
2026-09-26T11:38:28.3427306Z go: downloading github.com/go-logr/stdr v1.2.2
2026-09-26T11:38:28.3437262Z go: downloading go.opentelemetry.io/auto/sdk v1.2.1
2026-09-26T11:38:28.3494525Z go: downloading github.com/google/uuid v1.6.0
2026-09-26T11:38:28.3603965Z go: downloading github.com/Microsoft/hcsshim v0.15.0-rc.4
2026-09-26T11:38:28.3616652Z go: downloading github.com/moby/sys/mountinfo v0.7.2
2026-09-26T11:38:28.3766517Z go: downloading github.com/moby/sys/userns v0.2.0
2026-09-26T11:38:28.3857976Z go: downloading github.com/moby/sys/sequential v0.7.0
2026-09-26T11:38:28.3930759Z go: downloading github.com/moby/sys/user v0.4.1
2026-09-26T11:38:28.4037906Z go: downloading github.com/vbatts/tar-split v0.12.3
2026-09-26T11:38:28.4299284Z go: downloading github.com/docker/go-units v0.5.0
2026-09-26T11:38:28.4364347Z go: downloading github.com/pelletier/go-toml/v2 v2.4.3
2026-09-26T11:38:28.4829933Z go: downloading github.com/codahale/rfc6979 v0.0.0-20141003034818-6a90f24967eb
2026-09-26T11:38:28.4894467Z go: downloading github.com/golang/protobuf v1.5.4
2026-09-26T11:38:28.5178536Z go: downloading github.com/anchore/go-struct-converter v0.1.0
2026-09-26T11:38:28.5257324Z go: downloading github.com/cespare/xxhash/v2 v2.3.0
2026-09-26T11:38:28.5322181Z go: downloading google.golang.org/genproto/googleapis/api v0.0.0-20260803160001-6ac0973c030d
2026-09-26T11:38:28.5609483Z go: downloading golang.org/x/term v0.45.0
2026-09-26T11:38:28.5697626Z go: downloading golang.org/x/text v0.41.0
2026-09-26T11:38:28.6951106Z go: downloading github.com/cloudflare/circl v1.6.3
2026-09-26T11:38:29.3094915Z go: downloading github.com/sigstore/sigstore-go v1.2.2
2026-09-26T11:38:29.3104098Z go: downloading gonum.org/v1/gonum v0.17.0
2026-09-26T11:38:29.3104944Z go: downloading github.com/docker/docker-credential-helpers v0.9.8
2026-09-26T11:38:29.3323098Z go: downloading github.com/containerd/cgroups/v3 v3.1.3
2026-09-26T11:38:29.3548527Z go: downloading github.com/sigstore/sigstore v1.10.8
2026-09-26T11:38:29.4006747Z go: downloading github.com/youmark/pkcs8 v0.0.0-20240726163527-a2c0da244d78
2026-09-26T11:38:58.8770057Z built /home/runner/work/gripsack/gripsack/verification/buildkit-qualification/bridge/bridge-bin
2026-09-26T11:38:59.0459508Z --- probe1: baseline preservation
2026-09-26T11:38:59.0461266Z native Rust package graph: no builder dependencies
2026-09-26T11:38:59.0462135Z 28.0.4 linux/x86_64
2026-09-26T11:38:59.0462864Z note: target/debug/grip not built; binary linkage not assessed here
2026-09-26T11:38:59.0578772Z Unable to find image 'moby/buildkit:v0.33.0@sha256:a461e7f0ce921972028acfbed628d45663d83e67ac1230722c2b34cf72760a0d' locally
2026-09-26T11:38:59.6451823Z docker.io/moby/buildkit@sha256:a461e7f0ce921972028acfbed628d45663d83e67ac1230722c2b34cf72760a0d: Pulling from moby/buildkit
2026-09-26T11:38:59.6453198Z e6f31ffc071e: Pulling fs layer
2026-09-26T11:38:59.6453537Z 76cc2b5840ce: Pulling fs layer
2026-09-26T11:38:59.6453998Z 79330c0ded89: Pulling fs layer
2026-09-26T11:38:59.6454488Z b0fff6ef8f0d: Pulling fs layer
2026-09-26T11:38:59.6455811Z 74777c122f12: Pulling fs layer
2026-09-26T11:38:59.6456732Z 40bb10b2669a: Pulling fs layer
2026-09-26T11:38:59.6457403Z 7c681a5187e5: Pulling fs layer
2026-09-26T11:38:59.6458047Z b0fff6ef8f0d: Waiting
2026-09-26T11:38:59.6458566Z 74777c122f12: Waiting
2026-09-26T11:38:59.6458947Z 40bb10b2669a: Waiting
2026-09-26T11:38:59.6459314Z 7c681a5187e5: Waiting
2026-09-26T11:38:59.8627667Z 79330c0ded89: Verifying Checksum
2026-09-26T11:38:59.8628721Z 79330c0ded89: Download complete
2026-09-26T11:38:59.8800257Z e6f31ffc071e: Verifying Checksum
2026-09-26T11:38:59.8800749Z e6f31ffc071e: Download complete
2026-09-26T11:38:59.9123393Z 76cc2b5840ce: Verifying Checksum
2026-09-26T11:38:59.9124795Z 76cc2b5840ce: Download complete
2026-09-26T11:38:59.9948300Z e6f31ffc071e: Pull complete
2026-09-26T11:39:00.0806656Z b0fff6ef8f0d: Verifying Checksum
2026-09-26T11:39:00.0807981Z b0fff6ef8f0d: Download complete
2026-09-26T11:39:00.1299046Z 40bb10b2669a: Verifying Checksum
2026-09-26T11:39:00.1300577Z 40bb10b2669a: Download complete
2026-09-26T11:39:00.2977201Z 7c681a5187e5: Verifying Checksum
2026-09-26T11:39:00.2977714Z 7c681a5187e5: Download complete
2026-09-26T11:39:00.3917539Z 76cc2b5840ce: Pull complete
2026-09-26T11:39:00.4111969Z 74777c122f12: Verifying Checksum
2026-09-26T11:39:00.4112681Z 74777c122f12: Download complete
2026-09-26T11:39:00.4250394Z 79330c0ded89: Pull complete
2026-09-26T11:39:00.4428862Z b0fff6ef8f0d: Pull complete
2026-09-26T11:39:01.5796502Z 74777c122f12: Pull complete
2026-09-26T11:39:01.5889824Z 40bb10b2669a: Pull complete
2026-09-26T11:39:01.5970002Z 7c681a5187e5: Pull complete
2026-09-26T11:39:01.5997191Z Digest: sha256:a461e7f0ce921972028acfbed628d45663d83e67ac1230722c2b34cf72760a0d
2026-09-26T11:39:01.6003220Z Status: Downloaded newer image for moby/buildkit@sha256:a461e7f0ce921972028acfbed628d45663d83e67ac1230722c2b34cf72760a0d
2026-09-26T11:39:01.8906678Z ID				PLATFORMS
2026-09-26T11:39:01.8907375Z tojaajy6uw8xo11tzhbz1a74i	linux/amd64,linux/amd64/v2,linux/amd64/v3,linux/386
2026-09-26T11:39:01.9461762Z buildkitd github.com/moby/buildkit v0.33.0 dddd5621af04ea57823085c93a063383f71d3173
2026-09-26T11:39:06.1901929Z vertex docker-image://docker.io/library/alpine:3.22.1@sha256:eafc1edb577d2e9b458664a15f23ea1c370214193226069eb22921169fc7e43f completed
2026-09-26T11:39:06.1903843Z vertex docker-image://docker.io/library/alpine:3.22.1@sha256:eafc1edb577d2e9b458664a15f23ea1c370214193226069eb22921169fc7e43f completed
2026-09-26T11:39:06.1905715Z vertex docker-image://docker.io/library/alpine:3.22.1@sha256:eafc1edb577d2e9b458664a15f23ea1c370214193226069eb22921169fc7e43f completed
2026-09-26T11:39:06.1907697Z vertex docker-image://docker.io/library/alpine:3.22.1@sha256:eafc1edb577d2e9b458664a15f23ea1c370214193226069eb22921169fc7e43f completed
2026-09-26T11:39:06.1909450Z vertex docker-image://docker.io/library/alpine:3.22.1@sha256:eafc1edb577d2e9b458664a15f23ea1c370214193226069eb22921169fc7e43f completed
2026-09-26T11:39:06.1910587Z vertex shared-dependency completed
2026-09-26T11:39:06.1911082Z vertex consumer-a completed
2026-09-26T11:39:06.1911614Z vertex exporting to client directory completed
2026-09-26T11:39:06.1912773Z vertex docker-image://docker.io/library/alpine:3.22.1@sha256:eafc1edb577d2e9b458664a15f23ea1c370214193226069eb22921169fc7e43f completed
2026-09-26T11:39:06.1913928Z vertex shared-dependency completed CACHED
2026-09-26T11:39:06.1914463Z vertex consumer-a completed CACHED
2026-09-26T11:39:06.1915010Z vertex exporting to client directory completed
2026-09-26T11:39:06.1916373Z vertex docker-image://docker.io/library/alpine:3.22.1@sha256:eafc1edb577d2e9b458664a15f23ea1c370214193226069eb22921169fc7e43f completed
2026-09-26T11:39:06.1918178Z vertex docker-image://docker.io/library/alpine:3.22.1@sha256:eafc1edb577d2e9b458664a15f23ea1c370214193226069eb22921169fc7e43f completed CACHED
2026-09-26T11:39:06.1919373Z vertex shared-dependency completed CACHED
2026-09-26T11:39:06.1919850Z vertex consumer-b completed
2026-09-26T11:39:06.1920306Z vertex exporting to client directory completed
2026-09-26T11:39:06.1921426Z vertex docker-image://docker.io/library/alpine:3.22.1@sha256:eafc1edb577d2e9b458664a15f23ea1c370214193226069eb22921169fc7e43f completed
2026-09-26T11:39:06.1923247Z vertex docker-image://docker.io/library/alpine:3.22.1@sha256:eafc1edb577d2e9b458664a15f23ea1c370214193226069eb22921169fc7e43f completed CACHED
2026-09-26T11:39:06.1924220Z vertex slow-op completed
2026-09-26T11:39:06.1925554Z vertex docker-image://docker.io/library/alpine:3.22.1@sha256:eafc1edb577d2e9b458664a15f23ea1c370214193226069eb22921169fc7e43f completed
2026-09-26T11:39:06.1927585Z vertex docker-image://docker.io/library/alpine:3.22.1@sha256:eafc1edb577d2e9b458664a15f23ea1c370214193226069eb22921169fc7e43f completed CACHED
2026-09-26T11:39:06.1929147Z vertex docker-image://docker.io/library/alpine:3.22.1@sha256:eafc1edb577d2e9b458664a15f23ea1c370214193226069eb22921169fc7e43f completed CACHED
2026-09-26T11:39:06.1930140Z vertex worker-health-check completed
2026-09-26T11:39:06.1931028Z vertex docker-image://docker.io/library/alpine:3.22.1@sha256:eafc1edb577d2e9b458664a15f23ea1c370214193226069eb22921169fc7e43f completed
2026-09-26T11:39:06.1932407Z vertex docker-image://docker.io/library/alpine:3.22.1@sha256:eafc1edb577d2e9b458664a15f23ea1c370214193226069eb22921169fc7e43f completed CACHED
2026-09-26T11:39:06.1933209Z DELIBERATE_FAILURE_MARKER
2026-09-26T11:39:06.1933469Z vertex deliberate-failure completed
2026-09-26T11:39:06.1933752Z probe graph: PASS
2026-09-26T11:39:06.2800542Z vertex declared input (include: allowed.txt) completed
2026-09-26T11:39:06.2801845Z vertex docker-image://docker.io/library/alpine:3.22.1@sha256:eafc1edb577d2e9b458664a15f23ea1c370214193226069eb22921169fc7e43f completed
2026-09-26T11:39:06.2803164Z vertex docker-image://docker.io/library/alpine:3.22.1@sha256:eafc1edb577d2e9b458664a15f23ea1c370214193226069eb22921169fc7e43f completed CACHED
2026-09-26T11:39:06.2803888Z vertex declared input (include: allowed.txt) completed
2026-09-26T11:39:06.2804263Z vertex observe-declared-input-and-env completed
2026-09-26T11:39:06.2804607Z vertex exporting to client directory completed
2026-09-26T11:39:06.2804930Z probe policy: PASS
2026-09-26T11:39:21.7278135Z vertex mkfile /hello.c completed
2026-09-26T11:39:21.7279236Z vertex docker-image://docker.io/library/gcc:15.2.0@sha256:c101370f78e4a30be178c11dd18aeee64c65d617908a98157db2392ca73ab04f completed
2026-09-26T11:39:21.7280632Z vertex docker-image://docker.io/library/gcc:15.2.0@sha256:c101370f78e4a30be178c11dd18aeee64c65d617908a98157db2392ca73ab04f completed
2026-09-26T11:39:21.7281264Z vertex mkfile /hello.c completed
2026-09-26T11:39:21.7281846Z vertex docker-image://docker.io/library/gcc:15.2.0@sha256:c101370f78e4a30be178c11dd18aeee64c65d617908a98157db2392ca73ab04f completed
2026-09-26T11:39:21.7282753Z vertex docker-image://docker.io/library/gcc:15.2.0@sha256:c101370f78e4a30be178c11dd18aeee64c65d617908a98157db2392ca73ab04f completed
2026-09-26T11:39:21.7283634Z vertex docker-image://docker.io/library/gcc:15.2.0@sha256:c101370f78e4a30be178c11dd18aeee64c65d617908a98157db2392ca73ab04f completed
2026-09-26T11:39:21.7284511Z vertex docker-image://docker.io/library/gcc:15.2.0@sha256:c101370f78e4a30be178c11dd18aeee64c65d617908a98157db2392ca73ab04f completed
2026-09-26T11:39:21.7285382Z vertex docker-image://docker.io/library/gcc:15.2.0@sha256:c101370f78e4a30be178c11dd18aeee64c65d617908a98157db2392ca73ab04f completed
2026-09-26T11:39:21.7286631Z vertex docker-image://docker.io/library/gcc:15.2.0@sha256:c101370f78e4a30be178c11dd18aeee64c65d617908a98157db2392ca73ab04f completed
2026-09-26T11:39:21.7287535Z vertex docker-image://docker.io/library/gcc:15.2.0@sha256:c101370f78e4a30be178c11dd18aeee64c65d617908a98157db2392ca73ab04f completed
2026-09-26T11:39:21.7288491Z vertex docker-image://docker.io/library/gcc:15.2.0@sha256:c101370f78e4a30be178c11dd18aeee64c65d617908a98157db2392ca73ab04f completed
2026-09-26T11:39:21.7289495Z vertex docker-image://docker.io/library/gcc:15.2.0@sha256:c101370f78e4a30be178c11dd18aeee64c65d617908a98157db2392ca73ab04f completed
2026-09-26T11:39:21.7290666Z vertex compile-static-hello (digest-pinned gcc, network=none) completed
2026-09-26T11:39:21.7291115Z vertex copy /hello /hello completed
2026-09-26T11:39:21.7291508Z vertex copy /hello /hello completed CACHED
2026-09-26T11:39:21.7291829Z vertex exporting to client directory completed
2026-09-26T11:39:21.7292687Z vertex docker-image://docker.io/library/alpine:3.22.1@sha256:eafc1edb577d2e9b458664a15f23ea1c370214193226069eb22921169fc7e43f completed
2026-09-26T11:39:21.7293661Z vertex docker-image://docker.io/library/alpine:3.22.1@sha256:eafc1edb577d2e9b458664a15f23ea1c370214193226069eb22921169fc7e43f completed CACHED
2026-09-26T11:39:21.7294277Z NO_NETWORK_CONFIRMED
2026-09-26T11:39:21.7294512Z vertex verify-no-network completed
2026-09-26T11:39:21.7294775Z probe executable: PASS
2026-09-26T11:39:24.3183891Z probe3 retained run after worker+cache removal: gripsack-b0-static-hello
2026-09-26T11:39:24.6412383Z ID				PLATFORMS
2026-09-26T11:39:24.6412859Z jbl2pxmvlqheqi7tdmeqhhxkt	linux/amd64,linux/amd64/v2,linux/amd64/v3,linux/386
2026-09-26T11:39:24.6931408Z buildkitd github.com/moby/buildkit v0.33.0 dddd5621af04ea57823085c93a063383f71d3173
2026-09-26T11:39:25.6931167Z vertex docker-image://docker.io/library/alpine:3.22.1@sha256:eafc1edb577d2e9b458664a15f23ea1c370214193226069eb22921169fc7e43f completed
2026-09-26T11:39:25.6933091Z vertex docker-image://docker.io/library/alpine:3.22.1@sha256:eafc1edb577d2e9b458664a15f23ea1c370214193226069eb22921169fc7e43f completed
2026-09-26T11:39:25.6934373Z vertex docker-image://docker.io/library/alpine:3.22.1@sha256:eafc1edb577d2e9b458664a15f23ea1c370214193226069eb22921169fc7e43f completed
2026-09-26T11:39:25.6935343Z vertex docker-image://docker.io/library/alpine:3.22.1@sha256:eafc1edb577d2e9b458664a15f23ea1c370214193226069eb22921169fc7e43f completed
2026-09-26T11:39:25.6936523Z vertex docker-image://docker.io/library/alpine:3.22.1@sha256:eafc1edb577d2e9b458664a15f23ea1c370214193226069eb22921169fc7e43f completed
2026-09-26T11:39:25.6937168Z vertex oci-content (fixed timestamps) completed
2026-09-26T11:39:25.6937509Z vertex copy /hello.txt /hello.txt completed
2026-09-26T11:39:25.6937858Z vertex copy /hello.txt.sha256 /hello.txt.sha256 completed
2026-09-26T11:39:25.6938208Z vertex exporting to oci image format completed
2026-09-26T11:39:25.6938494Z probe oci: PASS
2026-09-26T11:39:26.1246464Z ID				PLATFORMS
2026-09-26T11:39:26.1246970Z o71n9otdgs8ldnqiqv5a2fmm7	linux/amd64,linux/amd64/v2,linux/amd64/v3,linux/386
2026-09-26T11:39:26.1782410Z buildkitd github.com/moby/buildkit v0.33.0 dddd5621af04ea57823085c93a063383f71d3173
2026-09-26T11:39:27.1642332Z vertex docker-image://docker.io/library/alpine:3.22.1@sha256:eafc1edb577d2e9b458664a15f23ea1c370214193226069eb22921169fc7e43f completed
2026-09-26T11:39:27.1644099Z vertex docker-image://docker.io/library/alpine:3.22.1@sha256:eafc1edb577d2e9b458664a15f23ea1c370214193226069eb22921169fc7e43f completed
2026-09-26T11:39:27.1645518Z vertex docker-image://docker.io/library/alpine:3.22.1@sha256:eafc1edb577d2e9b458664a15f23ea1c370214193226069eb22921169fc7e43f completed
2026-09-26T11:39:27.1646841Z vertex docker-image://docker.io/library/alpine:3.22.1@sha256:eafc1edb577d2e9b458664a15f23ea1c370214193226069eb22921169fc7e43f completed
2026-09-26T11:39:27.1647780Z vertex docker-image://docker.io/library/alpine:3.22.1@sha256:eafc1edb577d2e9b458664a15f23ea1c370214193226069eb22921169fc7e43f completed
2026-09-26T11:39:27.1648418Z vertex oci-content (fixed timestamps) completed
2026-09-26T11:39:27.1648745Z vertex copy /hello.txt /hello.txt completed
2026-09-26T11:39:27.1649085Z vertex copy /hello.txt.sha256 /hello.txt.sha256 completed
2026-09-26T11:39:27.1649435Z vertex exporting to oci image format completed
2026-09-26T11:39:27.1649723Z probe oci: PASS
2026-09-26T11:39:27.4941290Z {
2026-09-26T11:39:27.4941948Z  "verifier": "independent python OCI parser (no buildkit code)",
2026-09-26T11:39:27.4942580Z  "first": {
2026-09-26T11:39:27.4943253Z   "tar": "/home/runner/work/gripsack/gripsack/verification/buildkit-qualification/results/oci-1.tar",
2026-09-26T11:39:27.4943928Z   "tar-bytes": 3809792,
2026-09-26T11:39:27.4944251Z   "layout-version": "1.0.0",
2026-09-26T11:39:27.4944822Z   "manifest-digest": "sha256:68903278eb7241ad7be62ddc119c7aefd882b9a15720097b5c9fbf054f5a1620",
2026-09-26T11:39:27.4945674Z   "config-digest": "sha256:3d3654063e8a37522017c3eb721b7bf7ec42d06b6e162826bfff554123fb668a",
2026-09-26T11:39:27.4946589Z   "platform": "linux/amd64",
2026-09-26T11:39:27.4947163Z   "runtime-config": {
2026-09-26T11:39:27.4947439Z    "Env": [
2026-09-26T11:39:27.4947803Z     "PATH=/usr/local/sbin:/usr/local/bin:/usr/sbin:/usr/bin:/sbin:/bin"
2026-09-26T11:39:27.4948261Z    ],
2026-09-26T11:39:27.4948497Z    "WorkingDir": "/"
2026-09-26T11:39:27.4948755Z   },
2026-09-26T11:39:27.4948977Z   "diff-ids": [
2026-09-26T11:39:27.4949406Z    "sha256:418dccb7d85a63a6aa574439840f7a6fa6fd2321b3e2394568a317735e867d35",
2026-09-26T11:39:27.4950096Z    "sha256:862b5e38bc25f21bb9d2e133a4f099c346c523e93bec4a91659ca3a713a73a7d",
2026-09-26T11:39:27.4950776Z    "sha256:8b9f1524f2524d604d4f8b0e9fb514ca05b092dd727a98c81887879d1d1f3499"
2026-09-26T11:39:27.4951433Z   ],
2026-09-26T11:39:27.4951661Z   "layer-digests": [
2026-09-26T11:39:27.4952097Z    "sha256:9824c27679d3b27c5e1cb00a73adb6f4f8d556994111c12db3c5d61a0c843df8",
2026-09-26T11:39:27.4952814Z    "sha256:b63c72c620eacb399d69df218112c6d68ebf156a1789931fe9d0544fd44b292d",
2026-09-26T11:39:27.4953484Z    "sha256:e34138b5a9a6e1372fe032d19d935e79057e5e2182f81ad27c2d9d908ad13262"
2026-09-26T11:39:27.4953973Z   ],
2026-09-26T11:39:27.4954189Z   "files": {
2026-09-26T11:39:27.4954631Z    "bin/busybox": "58d22501495a1db93e859f6e406460ed5e179d7afc1197d19e16f58bf8562c34",
2026-09-26T11:39:27.4955412Z    "etc/alpine-release": "08842eac2718502d9d72a2f89396da3c28fbc73356b2077551bf662c832101f8",
2026-09-26T11:39:27.4956326Z    "etc/apk/arch": "aaf631698ae5160ceb04a97681a14887fdcab47cd6e0f163c87485b3b1340b62",
2026-09-26T11:39:27.4957371Z    "etc/apk/keys/alpine-devel@lists.alpinelinux.org-4a6a0840.rsa.pub": "9c102bcc376af1498d549b77bdbfa815ae86faa1d2d82f040e616b18ef2df2d4",
2026-09-26T11:39:27.4958682Z    "etc/apk/keys/alpine-devel@lists.alpinelinux.org-5243ef4b.rsa.pub": "ebf31683b56410ecc4c00acd9f6e2839e237a3b62b5ae7ef686705c7ba0396a9",
2026-09-26T11:39:27.4959971Z    "etc/apk/keys/alpine-devel@lists.alpinelinux.org-5261cecb.rsa.pub": "12f899e55a7691225603d6fb3324940fc51cd7f133e7ead788663c2b7eecb00c",
2026-09-26T11:39:27.4961127Z    "etc/apk/keys/alpine-devel@lists.alpinelinux.org-6165ee59.rsa.pub": "207e4696d3c05f7cb05966aee557307151f1f00217af4143c1bcaf33b8df733f",
2026-09-26T11:39:27.4962086Z    "etc/apk/keys/alpine-devel@lists.alpinelinux.org-61666e3f.rsa.pub": "128d34d4aec39b0daedea8163cd8dc24dff36fd3d848630ab97eeb1d3084bbb3",
2026-09-26T11:39:27.4962883Z    "etc/apk/repositories": "f9ae9d3ed56e354f96b5e8ead266c89b6c805a97484040e8e780e32ca645994a",
2026-09-26T11:39:27.4963485Z    "etc/apk/world": "bd4a5bcb2151166a647b1620db4b739423b49bff3bc9c656177cb982caf7e356",
2026-09-26T11:39:27.4964128Z    "etc/busybox-paths.d/busybox": "e12e0822f5c6426b62f07799a0fc20394241535c5bc2cc8f10c8a25088b8defa",
2026-09-26T11:39:27.4964768Z    "etc/crontabs/root": "575d810a9fae5f2f0671c9b2c0ce973e46c7207fbe5cb8d1b0d1836a6a0470e3",
2026-09-26T11:39:27.4965334Z    "etc/fstab": "a3efca2e8d62785c87517283092b4c800d88612b6f3f06b80a4c2f39d8e68841",
2026-09-26T11:39:27.4966172Z    "etc/group": "6fb6ab5a5526e6f4896b70c7e3c350fd475158a1f0d7b5fc0f3f9bd57f1c3be8",
2026-09-26T11:39:27.4966760Z    "etc/hostname": "d906aecb61d076a967d9ffe8821c7b04b063f72df9d9e35b33ef36b1c0d98f16",
2026-09-26T11:39:27.4967306Z    "etc/hosts": "e3998dbe02b51dada33de87ae43d18a93ab6915b9e34f5a751bf2b9b25a55492",
2026-09-26T11:39:27.4967839Z    "etc/inittab": "7326d8ad56bf5fea63b1ca516a747ff6e6723e25ae84a93c31620b03de6c001d",
2026-09-26T11:39:27.4968370Z    "etc/issue": "9b89537422a64a9a9407d3cafdf58c802375849629b8f43e64f1cfd7f07c782a",
2026-09-26T11:39:27.4968931Z    "etc/logrotate.d/acpid": "d608a3b7715886b5735def0cc50a6359fd364fac2e0e0a459c588c04be471031",
2026-09-26T11:39:27.4969573Z    "etc/modprobe.d/aliases.conf": "3ebaba946f213670170c7d69949f690a3854553bd0b1560f1d980cba4c83a942",
2026-09-26T11:39:27.4970291Z    "etc/modprobe.d/blacklist.conf": "5cd46031fc7dc7186e67c97fd34780597de4ebff51dbe41eba27220fe5e0d866",
2026-09-26T11:39:27.4970957Z    "etc/modprobe.d/i386.conf": "6c46c4cbfb8b7594f19eb94801a350fa2221ae9ac5239a8819d15555caa76ae8",
2026-09-26T11:39:27.4971689Z    "etc/modules": "2c881de75a5409c35d2433a24f180b8b02ba478ef2c1c60ea3434a35bcbc335d",
2026-09-26T11:39:27.4972246Z    "etc/motd": "ff044e9be5daa2eee2d3d10a4da72e5477e4c24c16f1792de2c91dae844c0e30",
2026-09-26T11:39:27.4972820Z    "etc/network/if-up.d/dad": "2fd20d1bc67d9ee711990002b24f156635a73f56b8935b2f76592938817fa4e7",
2026-09-26T11:39:27.4973415Z    "etc/nsswitch.conf": "0afd94c183d30a348b45057f6bf468e121aa448a7641109addb5bb8e282f514d",
2026-09-26T11:39:27.4973994Z    "etc/passwd": "31a94f06f17bc3b9085fccab1d0fa6ee9e79c4a1e4d91f617fa5de95863be015",
2026-09-26T11:39:27.4974543Z    "etc/profile": "87e8643d3ce156de0c09370d4d39446f30bd00d264bea248abc191c4d7b9df3e",
2026-09-26T11:39:27.4975259Z    "etc/profile.d/20locale.sh": "284a6ef56ab97a13a777c6b01ae14f2cc3d2b7a29c19e750e622e70cc3c73186",
2026-09-26T11:39:27.4976017Z    "etc/profile.d/README": "b73284f27fe2da9ae1902b1fe9596c3ffc61a154e2805a034184f0468f8b09b0",
2026-09-26T11:39:27.4976696Z    "etc/profile.d/color_prompt.sh.disabled": "ba24425c6864a5d17fa0fdaf914c4d21419e47c4d62080c33830af059fe46617",
2026-09-26T11:39:27.4977348Z    "etc/protocols": "4959498abbadaa1e50894a266f8d0d94500101cfe5b5f09dcad82e9d5bdfab46",
2026-09-26T11:39:27.4977944Z    "etc/secfixes.d/alpine": "808a19d200c575a9bd9898b113ca4538bb142878dd6a8e5f14804ba9ae3f5c38",
2026-09-26T11:39:27.4978554Z    "etc/securetty": "713fcea5109728883b9147e822429133fcc8b5e253afd3c2a197b10cd0bc3b4d",
2026-09-26T11:39:27.4979094Z    "etc/services": "f6183055fd949f9c53d49ee620f85d0150123ea691d25ed1bba0c641b4ee2f48",
2026-09-26T11:39:27.4979626Z    "etc/shadow": "d5992a27f05f380fc5faeb82a3359e2f230fd1d6ea6517b45892b771a2194ddb",
2026-09-26T11:39:27.4980151Z    "etc/shells": "24be6ceb236610df45684c83b06c918ae45635be55f69975e43676b7595bbc5f",
2026-09-26T11:39:27.4980769Z    "etc/ssl/certs/ca-certificates.crt": "8cf3f2d5222508ca469c78a347764ee1b1fab10a903172612c489ebcca05c91c",
2026-09-26T11:39:27.4981429Z    "etc/ssl/ct_log_list.cnf": "f1c1803d13d1d0b755b13b23c28bd4e20e07baf9f2b744c9337ba5866aa0ec3b",
2026-09-26T11:39:27.4982066Z    "etc/ssl/ct_log_list.cnf.dist": "f1c1803d13d1d0b755b13b23c28bd4e20e07baf9f2b744c9337ba5866aa0ec3b",
2026-09-26T11:39:27.4982699Z    "etc/ssl/openssl.cnf": "a65a2cb9f4ee8ffdc7ef4f0ac600c0bdafb95b7b1ab457188ac610a62f5ad6b3",
2026-09-26T11:39:27.4983335Z    "etc/ssl/openssl.cnf.dist": "a65a2cb9f4ee8ffdc7ef4f0ac600c0bdafb95b7b1ab457188ac610a62f5ad6b3",
2026-09-26T11:39:27.4983957Z    "etc/sysctl.conf": "8bba47da45bc8715c69ac904a60410eabffaa7bbbef640f9c1368ab9c48493d0",
2026-09-26T11:39:27.4984560Z    "etc/udhcpc/udhcpc.conf": "5b372209e01cda07c87b8afa6d1ab3d7e8daf18a1f2332d744203a6dc289eb1a",
2026-09-26T11:39:27.4985177Z    "lib/apk/db/installed": "736cd0f7019b92b011f11dc9b56051a8724a04d1a71bb36c83efdedcac25504f",
2026-09-26T11:39:27.4985915Z    "lib/apk/db/lock": "e3b0c44298fc1c149afbf4c8996fb92427ae41e4649b934ca495991b7852b855",
2026-09-26T11:39:27.4986648Z    "lib/apk/db/scripts.tar": "35fb665c07a04efa533f776586aefcffb52c82d8f43a49a4ecd1a0769e75e2ca",
2026-09-26T11:39:27.4987255Z    "lib/apk/db/triggers": "8ad276905a62a1be4a9a01ebf323ec1c364218b79a84ba796c2088f1fcc0e8d5",
2026-09-26T11:39:27.4987857Z    "lib/ld-musl-x86_64.so.1": "7d221f4e17e8f7ebfc208d6e621bb7fc71bc99081bed47409d77048d9a69dbd5",
2026-09-26T11:39:27.4988418Z    "sbin/apk": "317bf595249cd6a3ebc009f1e4368632e5564140805605b5d968e806b64a39a5",
2026-09-26T11:39:27.4988953Z    "sbin/ldconfig": "b4a2c06db38742e8c42c3c9838b285a7d8cdac6c091ff3df5ff9a15f1e41b9c7",
2026-09-26T11:39:27.4989521Z    "usr/bin/getconf": "4dbaf95eab0e2e2e727c5e903b97100215cd16f463aa29e5f72af74951fe425a",
2026-09-26T11:39:27.4990085Z    "usr/bin/getent": "682137a98bd8062d4be1f4be7a68410dfbb4e6f9359a3b3c163890a2fcde4518",
2026-09-26T11:39:27.4990642Z    "usr/bin/iconv": "3cf6eb89e6481a54d8a9df0f302bb633c4f01673bb3a143ac3d4e084997f3167",
2026-09-26T11:39:27.4991178Z    "usr/bin/ldd": "9a49c2541a439be89f1ef1496604ef3b607f460d589877c60775acf74cdb5dfb",
2026-09-26T11:39:27.4991722Z    "usr/bin/scanelf": "cdd7676d80e2b452b3dc177686afd34f2efe9e21a28cdeba7e74ce79410c3d97",
2026-09-26T11:39:27.4992427Z    "usr/bin/ssl_client": "51bc20da3df12520921587b8ab7746a876cc008d09799c61b1191fbab8306156",
2026-09-26T11:39:27.4993049Z    "usr/lib/engines-3/afalg.so": "f82cb92be9830954bdcb5c46933130380ebf3b48f6c5c1aa284b490d35acefc6",
2026-09-26T11:39:27.4993687Z    "usr/lib/engines-3/capi.so": "bc49c717601960808e8ac20adba4defca25a19c768c384b4ac73869b3deb9023",
2026-09-26T11:39:27.4994349Z    "usr/lib/engines-3/loader_attic.so": "2a2ee123e3ec7a0857bd2fdc236a29d43673d12698a93b11e4ad08fd43d891fe",
2026-09-26T11:39:27.4995034Z    "usr/lib/engines-3/padlock.so": "8ab99382b49d2a1fb67599625a3aed4208af4cb374358dceee4356314322a41d",
2026-09-26T11:39:27.4995917Z    "usr/lib/libapk.so.2.14.9": "c646683b6d5a2a99557705559c7270e659e3bcf677f6c65041463af708d62902",
2026-09-26T11:39:27.4996533Z    "usr/lib/libcrypto.so.3": "9129bc86bb2b1684bdf4d92b28539bd4c88e8e14d44c14820acbcd9835098ea3",
2026-09-26T11:39:27.4997130Z    "usr/lib/libssl.so.3": "79f7e4d45cad89fdd0331e5521aa787944926535e973900c7a3934e99db1a410",
2026-09-26T11:39:27.4997728Z    "usr/lib/libz.so.1.3.1": "09b1bbd6ffe274039cefaca595f55cec0af65fe90d9e285e5d57ff7ed96948d2",
2026-09-26T11:39:27.4998341Z    "usr/lib/os-release": "2fc5dc3fc3f4d3af126e3fdf9e5889ace04f6b9fa9d4e1bf7e78b78ea78598c8",
2026-09-26T11:39:27.4998990Z    "usr/lib/ossl-modules/legacy.so": "f27833c97146fbb049adc5c2e524f710db9c3a58e6c715b39050e49cb65d327c",
2026-09-26T11:39:27.4999671Z    "usr/lib/sysctl.d/00-alpine.conf": "ee169bea2cb6859420b55ca7a9c23fb68b50adc1d26c951f904dec9e8f767380",
2026-09-26T11:39:27.5000526Z    "usr/share/apk/keys/alpine-devel@lists.alpinelinux.org-4a6a0840.rsa.pub": "9c102bcc376af1498d549b77bdbfa815ae86faa1d2d82f040e616b18ef2df2d4",
2026-09-26T11:39:27.5001520Z    "usr/share/apk/keys/alpine-devel@lists.alpinelinux.org-5243ef4b.rsa.pub": "ebf31683b56410ecc4c00acd9f6e2839e237a3b62b5ae7ef686705c7ba0396a9",
2026-09-26T11:39:27.5002496Z    "usr/share/apk/keys/alpine-devel@lists.alpinelinux.org-524d27bb.rsa.pub": "1bb2a846c0ea4ca9d0e7862f970863857fc33c32f5506098c636a62a726a847b",
2026-09-26T11:39:27.5003453Z    "usr/share/apk/keys/alpine-devel@lists.alpinelinux.org-5261cecb.rsa.pub": "12f899e55a7691225603d6fb3324940fc51cd7f133e7ead788663c2b7eecb00c",
2026-09-26T11:39:27.5004412Z    "usr/share/apk/keys/alpine-devel@lists.alpinelinux.org-58199dcc.rsa.pub": "73867d92083f2f8ab899a26ccda7ef63dfaa0032a938620eda605558958a8041",
2026-09-26T11:39:27.5005372Z    "usr/share/apk/keys/alpine-devel@lists.alpinelinux.org-58cbb476.rsa.pub": "9a4cd858d9710963848e6d5f555325dc199d1c952b01cf6e64da2c15deedbd97",
2026-09-26T11:39:27.5006608Z    "usr/share/apk/keys/alpine-devel@lists.alpinelinux.org-58e4f17d.rsa.pub": "780b3ed41786772cbc7b68136546fa3f897f28a23b30c72dde6225319c44cfff",
2026-09-26T11:39:27.5007574Z    "usr/share/apk/keys/alpine-devel@lists.alpinelinux.org-5e69ca50.rsa.pub": "59c01c57b446633249f67c04b115dd6787f4378f183dff2bbf65406df93f176d",
2026-09-26T11:39:27.5008541Z    "usr/share/apk/keys/alpine-devel@lists.alpinelinux.org-60ac2099.rsa.pub": "db0b49163f07ffba64a5ca198bcf1688610b0bd1f0d8d5afeaf78559d73f2278",
2026-09-26T11:39:27.5009506Z    "usr/share/apk/keys/alpine-devel@lists.alpinelinux.org-6165ee59.rsa.pub": "207e4696d3c05f7cb05966aee557307151f1f00217af4143c1bcaf33b8df733f",
2026-09-26T11:39:27.5010479Z    "usr/share/apk/keys/alpine-devel@lists.alpinelinux.org-61666e3f.rsa.pub": "128d34d4aec39b0daedea8163cd8dc24dff36fd3d848630ab97eeb1d3084bbb3",
2026-09-26T11:39:27.5011452Z    "usr/share/apk/keys/alpine-devel@lists.alpinelinux.org-616a9724.rsa.pub": "10877cce0a935e46ad88cb79e174a2491680508eccda08e92bf04fb9bf37fbc1",
2026-09-26T11:39:27.5012431Z    "usr/share/apk/keys/alpine-devel@lists.alpinelinux.org-616abc23.rsa.pub": "4a095a9daca86da496a3cd9adcd95ee2197fdbeb84638656d469f05a4d740751",
2026-09-26T11:39:27.5013407Z    "usr/share/apk/keys/alpine-devel@lists.alpinelinux.org-616ac3bc.rsa.pub": "0caf5662fde45616d88cfd7021b7bda269a2fcaf311e51c48945a967a609ec0b",
2026-09-26T11:39:27.5014504Z    "usr/share/apk/keys/alpine-devel@lists.alpinelinux.org-616adfeb.rsa.pub": "ebe717d228555aa58133c202314a451f81e71f174781fd7ff8d8970d6cfa60da",
2026-09-26T11:39:27.5015485Z    "usr/share/apk/keys/alpine-devel@lists.alpinelinux.org-616ae350.rsa.pub": "d11f6b21c61b4274e182eb888883a8ba8acdbf820dcc7a6d82a7d9fc2fd2836d",
2026-09-26T11:39:27.5016584Z    "usr/share/apk/keys/alpine-devel@lists.alpinelinux.org-616db30d.rsa.pub": "40a216cbd163f22e5f16a9e0929de7cde221b9cbae8e36aa368b1e128afe0a31",
2026-09-26T11:39:27.5017564Z    "usr/share/apk/keys/alpine-devel@lists.alpinelinux.org-66ba20fe.rsa.pub": "7cf4cb8314e6ccc985b0d7f1aa0c6e0a81e3588f69a41f383af7a63d1ba61793",
2026-09-26T11:39:27.5018403Z    "usr/share/udhcpc/default.script": "1cf94e3918ce389c722f4408490ae7334321a5ca2aec2c945b0c47662aa274a6",
2026-09-26T11:39:27.5019132Z    "hello.txt": "638440e475a4fdc7fda80c64faf48a6603f46a42a8d100842d73fbf000c2e1e1",
2026-09-26T11:39:27.5019693Z    "hello.txt.sha256": "0414f826da1ed066656fc876a9b2cfc21d46c4b23e834174a53ee116f57ec532"
2026-09-26T11:39:27.5020099Z   }
2026-09-26T11:39:27.5020263Z  },
2026-09-26T11:39:27.5020431Z  "verdicts": [
2026-09-26T11:39:27.5021044Z   "/home/runner/work/gripsack/gripsack/verification/buildkit-qualification/results/oci-1.tar: all blob digests, DiffIDs, media types and platform verified",
2026-09-26T11:39:27.5029678Z   "two fresh-worker exports reproduce (DiffIDs, normalized config, file digests)",
2026-09-26T11:39:27.5030429Z   "legacy Docker archive contains the exact independently verified OCI config and layer bytes"
2026-09-26T11:39:27.5030886Z  ],
2026-09-26T11:39:27.5031078Z  "reproduction": {
2026-09-26T11:39:27.5031300Z   "diff-ids-match": true,
2026-09-26T11:39:27.5031557Z   "config-normalized-match": true,
2026-09-26T11:39:27.5031829Z   "files-match": true,
2026-09-26T11:39:27.5032049Z   "manifest-digests": [
2026-09-26T11:39:27.5032405Z    "sha256:68903278eb7241ad7be62ddc119c7aefd882b9a15720097b5c9fbf054f5a1620",
2026-09-26T11:39:27.5032935Z    "sha256:dbe9f1744152aa3f8672465278b78b41c45522a0dc451aef20e767c52def5b1b"
2026-09-26T11:39:27.5033350Z   ],
2026-09-26T11:39:27.5033596Z   "verdict": "reproduced from two clean workers"
2026-09-26T11:39:27.5033878Z  },
2026-09-26T11:39:27.5034062Z  "docker-archive": {
2026-09-26T11:39:27.5034531Z   "path": "/home/runner/work/gripsack/gripsack/verification/buildkit-qualification/results/docker-compat.tar",
2026-09-26T11:39:27.5035192Z   "sha256": "f2c7eaff8322d187101db3e8cb6c9a8fa5720e87273f85b706d2bf96ceff585f",
2026-09-26T11:39:27.5035991Z   "config-digest": "sha256:3d3654063e8a37522017c3eb721b7bf7ec42d06b6e162826bfff554123fb668a",
2026-09-26T11:39:27.5036707Z   "tag": "gripsack-b0-qual:3d3654063e8a37522017c3eb721b7bf7ec42d06b6e162826bfff554123fb668a",
2026-09-26T11:39:27.5037151Z   "layer-diff-ids": [
2026-09-26T11:39:27.5039267Z    "sha256:418dccb7d85a63a6aa574439840f7a6fa6fd2321b3e2394568a317735e867d35",
2026-09-26T11:39:27.5040143Z    "sha256:862b5e38bc25f21bb9d2e133a4f099c346c523e93bec4a91659ca3a713a73a7d",
2026-09-26T11:39:27.5041008Z    "sha256:8b9f1524f2524d604d4f8b0e9fb514ca05b092dd727a98c81887879d1d1f3499"
2026-09-26T11:39:27.5041646Z   ]
2026-09-26T11:39:27.5041945Z  }
2026-09-26T11:39:27.5042206Z }
2026-09-26T11:39:27.7093501Z runtime-image: verified OCI platform/config/layer DiffIDs and tag match Docker image sha256:3d3654063e8a37522017c3eb721b7bf7ec42d06b6e162826bfff554123fb668a (Docker may re-encode config metadata)
2026-09-26T11:39:27.8920576Z gripsack b0 oci fixture
2026-09-26T11:39:27.9260202Z separate-runtime: Docker loaded checked OCI layers/config via portable archive and ran image
2026-09-26T11:39:27.9261702Z === B0-01 Linux lane probes complete; results in /home/runner/work/gripsack/gripsack/verification/buildkit-qualification/results
2026-09-26T11:39:27.9262480Z B0_LINUX_QUALIFICATION=6
2026-09-26T11:39:27.9532988Z ##[group]Run docker compose run --build --rm e2e
2026-09-26T11:39:27.9533388Z [36;1mdocker compose run --build --rm e2e[0m
2026-09-26T11:39:27.9595732Z shell: /usr/bin/bash -e {0}
2026-09-26T11:39:27.9596280Z ##[endgroup]
2026-09-26T11:39:28.1042476Z #1 [internal] load local bake definitions
2026-09-26T11:39:28.2932827Z #1 reading from stdin 388B done
2026-09-26T11:39:28.2933504Z #1 DONE 0.0s
2026-09-26T11:39:28.2933694Z 
2026-09-26T11:39:28.2933905Z #2 [internal] load build definition from Dockerfile
2026-09-26T11:39:28.2934436Z #2 transferring dockerfile: 10.04kB done
2026-09-26T11:39:28.2934857Z #2 DONE 0.0s
2026-09-26T11:39:28.2935033Z 
2026-09-26T11:39:28.2935389Z #3 resolve image config for docker-image://docker.io/docker/dockerfile:1
2026-09-26T11:39:28.4082570Z #3 DONE 0.3s
2026-09-26T11:39:28.6192545Z 
2026-09-26T11:39:28.6193506Z #4 docker-image://docker.io/docker/dockerfile:1@sha256:ecfaec9ed6d810b56388c508f4121597bfbba70d41a6dfeee4d8cad5f295fc32
2026-09-26T11:39:28.6194978Z #4 CACHED
2026-09-26T11:39:28.6195166Z 
2026-09-26T11:39:28.6196201Z #5 [internal] load metadata for docker.io/library/rust:alpine@sha256:a10e64dd139b7387337c7fbe8aca31b959b57b2fd4c8ae20a02cf1d6ea424dce
2026-09-26T11:39:28.6197289Z #5 DONE 0.0s
2026-09-26T11:39:28.6197489Z 
2026-09-26T11:39:28.6198259Z #6 [internal] load metadata for docker.io/library/python:3.13-slim@sha256:9d2e5553305c7c7b0097999bb17187c69b921ccd6bc9d40e4bb5ebe652c00285
2026-09-26T11:39:28.8188178Z #6 ...
2026-09-26T11:39:28.8188424Z 
2026-09-26T11:39:28.8188733Z #7 [auth] library/python:pull token for registry-1.docker.io
2026-09-26T11:39:28.8189430Z #7 DONE 0.0s
2026-09-26T11:39:28.9691092Z 
2026-09-26T11:39:28.9691917Z #6 [internal] load metadata for docker.io/library/python:3.13-slim@sha256:9d2e5553305c7c7b0097999bb17187c69b921ccd6bc9d40e4bb5ebe652c00285
2026-09-26T11:39:29.2550944Z #6 DONE 0.8s
2026-09-26T11:39:29.4363270Z 
2026-09-26T11:39:29.4370861Z #8 [internal] load .dockerignore
2026-09-26T11:39:29.4374530Z #8 transferring context: 139B done
2026-09-26T11:39:29.4375327Z #8 DONE 0.0s
2026-09-26T11:39:29.4375722Z 
2026-09-26T11:39:29.4376820Z #9 [builder  1/10] FROM docker.io/library/rust:alpine@sha256:a10e64dd139b7387337c7fbe8aca31b959b57b2fd4c8ae20a02cf1d6ea424dce
2026-09-26T11:39:29.4378351Z #9 DONE 0.0s
2026-09-26T11:39:29.4378566Z 
2026-09-26T11:39:29.4379252Z #10 [e2e  1/12] FROM docker.io/library/python:3.13-slim@sha256:9d2e5553305c7c7b0097999bb17187c69b921ccd6bc9d40e4bb5ebe652c00285
2026-09-26T11:39:29.4381652Z #10 resolve docker.io/library/python:3.13-slim@sha256:9d2e5553305c7c7b0097999bb17187c69b921ccd6bc9d40e4bb5ebe652c00285 done
2026-09-26T11:39:29.5410219Z #10 ...
2026-09-26T11:39:29.5411106Z 
2026-09-26T11:39:29.5412047Z #11 [internal] load build context
2026-09-26T11:39:29.5412819Z #11 transferring context: 3.04MB 0.1s done
2026-09-26T11:39:29.5413608Z #11 DONE 0.1s
2026-09-26T11:39:29.5414179Z 
2026-09-26T11:39:29.5415048Z #12 [builder  2/10] RUN apk add --no-cache musl-dev git curl xz     && rustup component add clippy rustfmt
2026-09-26T11:39:29.5416377Z #12 CACHED
2026-09-26T11:39:29.5416564Z 
2026-09-26T11:39:29.5421000Z #13 [builder  3/10] RUN set -e;     arch="$(uname -m)";     case "$arch" in       x86_64)  sha=3374daaf153e6f82028add5e4bf7cc2deab46537dee24f20be80df831193aeb4 ;;       aarch64) sha=35d90cee9648037eaa4c1a2649fdca9d1b9a9997b972d37be7f8629139ba1294 ;;       *) echo "unsupported arch: $arch" >&2; exit 1 ;;     esac;     curl -fsSL -o /tmp/ca.tar.xz "https://github.com/rust-secure-code/cargo-auditable/releases/download/v0.7.5/cargo-auditable-${arch}-unknown-linux-musl.tar.xz";     echo "$sha  /tmp/ca.tar.xz" | sha256sum -c -;     mkdir -p /tmp/ca && tar -xJf /tmp/ca.tar.xz -C /tmp/ca;     mv /tmp/ca/*/cargo-auditable /usr/local/bin/cargo-auditable;     rm -rf /tmp/ca /tmp/ca.tar.xz
2026-09-26T11:39:29.5425230Z #13 CACHED
2026-09-26T11:39:29.5425427Z 
2026-09-26T11:39:29.5426145Z #14 [builder  9/10] COPY typescript ./typescript
2026-09-26T11:39:29.5426668Z #14 CACHED
2026-09-26T11:39:29.5426878Z 
2026-09-26T11:39:29.5427419Z #15 [builder  4/10] WORKDIR /app
2026-09-26T11:39:29.5427825Z #15 CACHED
2026-09-26T11:39:29.5428001Z 
2026-09-26T11:39:29.5428158Z #16 [builder  7/10] COPY fuzz ./fuzz
2026-09-26T11:39:29.5428707Z #16 CACHED
2026-09-26T11:39:29.5428899Z 
2026-09-26T11:39:29.5429068Z #17 [builder  8/10] COPY schema ./schema
2026-09-26T11:39:29.5429516Z #17 CACHED
2026-09-26T11:39:29.5429784Z 
2026-09-26T11:39:29.5430017Z #18 [builder  5/10] COPY Cargo.toml Cargo.lock ./
2026-09-26T11:39:29.5430605Z #18 CACHED
2026-09-26T11:39:29.5430769Z 
2026-09-26T11:39:29.5430917Z #19 [builder  6/10] COPY crates ./crates
2026-09-26T11:39:29.5431291Z #19 CACHED
2026-09-26T11:39:29.5431447Z 
2026-09-26T11:39:29.5431593Z #20 [builder 10/10] COPY scripts ./scripts
2026-09-26T11:39:29.5431974Z #20 CACHED
2026-09-26T11:39:29.5432127Z 
2026-09-26T11:39:29.5432699Z #10 [e2e  1/12] FROM docker.io/library/python:3.13-slim@sha256:9d2e5553305c7c7b0097999bb17187c69b921ccd6bc9d40e4bb5ebe652c00285
2026-09-26T11:39:29.5434486Z #10 sha256:9d2e5553305c7c7b0097999bb17187c69b921ccd6bc9d40e4bb5ebe652c00285 10.37kB / 10.37kB done
2026-09-26T11:39:29.5435541Z #10 sha256:cc9dffa47c8294ba9bb795a8dfaeb7b76f2b30acade2c52a461a2999d127eb00 1.75kB / 1.75kB done
2026-09-26T11:39:29.5436919Z #10 sha256:51cce855bb6e44a8ff6ed0f46ded8850f246bfc7549801459f83fc34b80c210f 5.52kB / 5.52kB done
2026-09-26T11:39:29.5438093Z #10 sha256:6310eb16bf4251731feab01e8f633bf5e2d75a657ccad97f420b1f83cce457be 29.79MB / 29.79MB 0.2s
2026-09-26T11:39:29.5439254Z #10 sha256:5bbcb35ea63ee8dd9b96c06b0f78b33c9a32e06e5b14e1bfeb46b498a93edb5d 3.15MB / 4.27MB 0.2s
2026-09-26T11:39:29.5440829Z #10 sha256:237e12970bdcabcdd95dab0f8dc59cda22b450156ee0bd01c58e0cf3b9c43885 0B / 11.91MB 0.2s
2026-09-26T11:39:29.7083609Z #10 sha256:6310eb16bf4251731feab01e8f633bf5e2d75a657ccad97f420b1f83cce457be 29.79MB / 29.79MB 0.2s done
2026-09-26T11:39:29.7086328Z #10 sha256:5bbcb35ea63ee8dd9b96c06b0f78b33c9a32e06e5b14e1bfeb46b498a93edb5d 4.27MB / 4.27MB 0.2s done
2026-09-26T11:39:29.7089553Z #10 sha256:237e12970bdcabcdd95dab0f8dc59cda22b450156ee0bd01c58e0cf3b9c43885 11.91MB / 11.91MB 0.3s done
2026-09-26T11:39:29.7093793Z #10 extracting sha256:6310eb16bf4251731feab01e8f633bf5e2d75a657ccad97f420b1f83cce457be 0.1s
2026-09-26T11:39:29.7095223Z #10 sha256:9b83eae799b831086df12d4da65c2edb0e6c713caa4312455bc8ee4b1a256c39 249B / 249B 0.3s done
2026-09-26T11:39:29.8162263Z #10 ...
2026-09-26T11:39:29.8162704Z 
2026-09-26T11:39:29.8164011Z #21 [e2e  4/12] ADD --checksum=sha256:394f07f4da2bebe6ce6f1e7ce0fa16429b29b08c35e3fac3fe25972676dff4b2 https://github.com/denoland/deno/releases/download/v2.9.6/deno-x86_64-unknown-linux-gnu.zip /tmp/deno.zip
2026-09-26T11:39:29.8165294Z #21 DONE 0.4s
2026-09-26T11:39:29.8165426Z 
2026-09-26T11:39:30.8682727Z #10 [e2e  1/12] FROM docker.io/library/python:3.13-slim@sha256:9d2e5553305c7c7b0097999bb17187c69b921ccd6bc9d40e4bb5ebe652c00285
2026-09-26T11:39:30.8684239Z #10 extracting sha256:6310eb16bf4251731feab01e8f633bf5e2d75a657ccad97f420b1f83cce457be 1.2s done
2026-09-26T11:39:30.8685708Z #10 extracting sha256:5bbcb35ea63ee8dd9b96c06b0f78b33c9a32e06e5b14e1bfeb46b498a93edb5d
2026-09-26T11:39:30.9783885Z #10 extracting sha256:5bbcb35ea63ee8dd9b96c06b0f78b33c9a32e06e5b14e1bfeb46b498a93edb5d 0.2s done
2026-09-26T11:39:31.3149051Z #10 extracting sha256:237e12970bdcabcdd95dab0f8dc59cda22b450156ee0bd01c58e0cf3b9c43885
2026-09-26T11:39:31.9120177Z #10 extracting sha256:237e12970bdcabcdd95dab0f8dc59cda22b450156ee0bd01c58e0cf3b9c43885 0.6s done
2026-09-26T11:39:32.1351320Z #10 extracting sha256:9b83eae799b831086df12d4da65c2edb0e6c713caa4312455bc8ee4b1a256c39 done
2026-09-26T11:39:32.1356435Z #10 DONE 2.7s
2026-09-26T11:39:32.1356725Z 
2026-09-26T11:39:32.1357074Z #22 [e2e  2/12] WORKDIR /app
2026-09-26T11:39:32.1357499Z #22 DONE 0.0s
2026-09-26T11:39:32.1357714Z 
2026-09-26T11:39:32.1358388Z #23 [bin 1/1] RUN cargo build --locked -p gripsack
2026-09-26T11:39:32.1358997Z #23 0.261     Updating crates.io index
2026-09-26T11:39:32.1359535Z #23 0.882  Downloading crates ...
2026-09-26T11:39:32.1360355Z #23 0.939   Downloaded adler2 v2.0.1
2026-09-26T11:39:32.1360907Z #23 0.947   Downloaded ambient-authority v0.0.2
2026-09-26T11:39:32.1361562Z #23 0.952   Downloaded anstream v1.0.0
2026-09-26T11:39:32.1362060Z #23 0.958   Downloaded cfg-if v1.0.4
2026-09-26T11:39:32.1362585Z #23 0.961   Downloaded equivalent v1.0.2
2026-09-26T11:39:32.1363097Z #23 0.964   Downloaded smallvec v1.15.2
2026-09-26T11:39:32.1363588Z #23 0.969   Downloaded convert_case v0.4.0
2026-09-26T11:39:32.1364118Z #23 0.972   Downloaded crypto-common v0.2.2
2026-09-26T11:39:32.1364648Z #23 0.975   Downloaded anstyle-query v1.1.5
2026-09-26T11:39:32.1365156Z #23 0.979   Downloaded quote v1.0.47
2026-09-26T11:39:32.1365637Z #23 0.986   Downloaded anstyle v1.0.14
2026-09-26T11:39:32.1366139Z #23 0.991   Downloaded anstyle-parse v1.0.0
2026-09-26T11:39:32.1366639Z #23 0.997   Downloaded clap_lex v1.1.0
2026-09-26T11:39:32.1366991Z #23 1.000   Downloaded colorchoice v1.0.5
2026-09-26T11:39:32.1367543Z #23 1.004   Downloaded cpufeatures v0.3.0
2026-09-26T11:39:32.1368035Z #23 1.009   Downloaded errno v0.3.14
2026-09-26T11:39:32.1368350Z #23 1.015   Downloaded form_urlencoded v1.2.2
2026-09-26T11:39:32.1368673Z #23 1.017   Downloaded itoa v1.0.18
2026-09-26T11:39:32.1369075Z #23 1.021   Downloaded matchers v0.2.0
2026-09-26T11:39:32.1369367Z #23 1.024   Downloaded serde_spanned v1.1.1
2026-09-26T11:39:32.1369653Z #23 1.027   Downloaded sha2 v0.11.0
2026-09-26T11:39:32.1369944Z #23 1.035   Downloaded stable_deref_trait v1.2.1
2026-09-26T11:39:32.1370404Z #23 1.037   Downloaded strsim v0.11.1
2026-09-26T11:39:32.1370686Z #23 1.041   Downloaded subtle v2.6.1
2026-09-26T11:39:32.1370963Z #23 1.043   Downloaded block-buffer v0.12.1
2026-09-26T11:39:32.1371336Z #23 1.045   Downloaded digest v0.11.3
2026-09-26T11:39:32.1371663Z #23 1.051   Downloaded filetime v0.2.29
2026-09-26T11:39:32.1371961Z #23 1.055   Downloaded find-msvc-tools v0.1.11
2026-09-26T11:39:32.1372291Z #23 1.058   Downloaded is_terminal_polyfill v1.70.2
2026-09-26T11:39:32.1372776Z #23 1.060   Downloaded io-lifetimes v2.0.4
2026-09-26T11:39:32.1373061Z #23 1.064   Downloaded ipnet v2.12.1
2026-09-26T11:39:32.1373335Z #23 1.067   Downloaded maybe-owned v0.3.4
2026-09-26T11:39:32.1373839Z #23 1.070   Downloaded openssl-probe v0.2.1
2026-09-26T11:39:32.1374552Z #23 1.072   Downloaded percent-encoding v2.3.2
2026-09-26T11:39:32.1375281Z #23 1.074   Downloaded synstructure v0.13.2
2026-09-26T11:39:32.1387035Z #23 1.077   Downloaded thiserror v2.0.20
2026-09-26T11:39:32.1387591Z #23 1.092   Downloaded thiserror-impl v2.0.20
2026-09-26T11:39:32.1388224Z #23 1.095   Downloaded thread_local v1.1.10
2026-09-26T11:39:32.1388768Z #23 1.098   Downloaded toml_datetime v1.1.1+spec-1.1.0
2026-09-26T11:39:32.1389290Z #23 1.101   Downloaded utf8_iter v1.0.4
2026-09-26T11:39:32.1389814Z #23 1.103   Downloaded verus_builtin v0.0.0-2026-09-06-0133
2026-09-26T11:39:32.1390350Z #23 1.105   Downloaded bzip2 v0.6.1
2026-09-26T11:39:32.1390801Z #23 1.109   Downloaded clap_derive v4.6.4
2026-09-26T11:39:32.1391301Z #23 1.113   Downloaded displaydoc v0.2.7
2026-09-26T11:39:32.1391766Z #23 1.118   Downloaded fastrand v2.5.0
2026-09-26T11:39:32.1392207Z #23 1.120   Downloaded heck v0.5.0
2026-09-26T11:39:32.1392636Z #23 1.123   Downloaded httpdate v1.0.3
2026-09-26T11:39:32.1393102Z #23 1.126   Downloaded idna_adapter v1.2.2
2026-09-26T11:39:32.1393576Z #23 1.128   Downloaded jobserver v0.1.35
2026-09-26T11:39:32.1394048Z #23 1.132   Downloaded potential_utf v0.1.6
2026-09-26T11:39:32.1394599Z #23 1.135   Downloaded untrusted v0.9.0
2026-09-26T11:39:32.1395064Z #23 1.139   Downloaded utf8parse v0.2.2
2026-09-26T11:39:32.1395524Z #23 1.140   Downloaded dialoguer v0.12.0
2026-09-26T11:39:32.1396218Z #23 1.148   Downloaded fs-set-times v0.20.3
2026-09-26T11:39:32.1396870Z #23 1.151   Downloaded io-lifetimes v3.0.1
2026-09-26T11:39:32.1397504Z #23 1.154   Downloaded lazy_static v1.5.0
2026-09-26T11:39:32.1398214Z #23 1.158   Downloaded rustls-native-certs v0.8.4
2026-09-26T11:39:32.1399118Z #23 1.161   Downloaded shell-words v1.1.1
2026-09-26T11:39:32.1399697Z #23 1.163   Downloaded zerofrom v0.1.8
2026-09-26T11:39:32.1400148Z #23 1.165   Downloaded base64 v0.22.1
2026-09-26T11:39:32.1400595Z #23 1.173   Downloaded bitflags v2.13.1
2026-09-26T11:39:32.1401048Z #23 1.183   Downloaded cap-std v4.0.3
2026-09-26T11:39:32.1401509Z #23 1.190   Downloaded const-oid v0.10.2
2026-09-26T11:39:32.1402001Z #23 1.195   Downloaded io-extras v0.19.0
2026-09-26T11:39:32.1402481Z #23 1.200   Downloaded litemap v0.8.3
2026-09-26T11:39:32.1402982Z #23 1.206   Downloaded nu-ansi-term v0.50.3
2026-09-26T11:39:32.1403465Z #23 1.211   Downloaded once_cell v1.21.4
2026-09-26T11:39:32.1403903Z #23 1.216   Downloaded owo-colors v4.3.0
2026-09-26T11:39:32.1404378Z #23 1.221   Downloaded pin-project-lite v0.2.17
2026-09-26T11:39:32.1404879Z #23 1.234   Downloaded pkg-config v0.3.34
2026-09-26T11:39:32.1405388Z #23 1.237   Downloaded rustix-linux-procfs v0.1.1
2026-09-26T11:39:32.1406128Z #23 1.239   Downloaded tar v0.4.46
2026-09-26T11:39:32.1406800Z #23 1.245   Downloaded toml v1.1.4+spec-1.1.0
2026-09-26T11:39:32.1407310Z #23 1.253   Downloaded toml_datetime v0.7.5+spec-1.1.0
2026-09-26T11:39:32.1407813Z #23 1.256   Downloaded unit-prefix v0.5.2
2026-09-26T11:39:32.1408280Z #23 1.260   Downloaded yoke-derive v0.8.2
2026-09-26T11:39:32.1408736Z #23 1.261   Downloaded bumpalo v3.20.3
2026-09-26T11:39:32.1409173Z #23 1.266   Downloaded clap v4.6.6
2026-09-26T11:39:32.1409630Z #23 1.288   Downloaded console v0.16.4
2026-09-26T11:39:32.1410061Z #23 1.292   Downloaded crc32fast v1.5.1
2026-09-26T11:39:32.1410512Z #23 1.296   Downloaded getrandom v0.2.17
2026-09-26T11:39:32.1411016Z #23 1.303   Downloaded icu_normalizer_data v2.3.0
2026-09-26T11:39:32.1411564Z #23 1.307   Downloaded icu_provider v2.3.1
2026-09-26T11:39:32.1412066Z #23 1.313   Downloaded indicatif v0.18.6
2026-09-26T11:39:32.1412552Z #23 1.321   Downloaded libbz2-rs-sys v0.2.5
2026-09-26T11:39:32.1413051Z #23 1.325   Downloaded proc-macro2 v1.0.107
2026-09-26T11:39:32.1413593Z #23 1.333   Downloaded rustls-pki-types v1.15.1
2026-09-26T11:39:32.1414203Z #23 1.338   Downloaded ryu v1.0.23
2026-09-26T11:39:32.1414753Z #23 1.345   Downloaded serde_core v1.0.229
2026-09-26T11:39:32.1415278Z #23 1.351   Downloaded serde_yaml v0.9.34+deprecated
2026-09-26T11:39:32.1416179Z #23 1.358   Downloaded tracing-log v0.2.0
2026-09-26T11:39:32.1416697Z #23 1.362   Downloaded tracing-serde v0.2.0
2026-09-26T11:39:32.1417435Z #23 1.363   Downloaded webpki-roots v0.26.11
2026-09-26T11:39:32.1417969Z #23 1.366   Downloaded zerofrom-derive v0.1.7
2026-09-26T11:39:32.1418795Z #23 1.368   Downloaded aho-corasick v1.1.5
2026-09-26T11:39:32.1419276Z #23 1.377   Downloaded cc v1.4.4
2026-09-26T11:39:32.1419929Z #23 1.383   Downloaded flate2 v1.1.9
2026-09-26T11:39:32.1420386Z #23 1.395   Downloaded getrandom v0.4.3
2026-09-26T11:39:32.1421075Z #23 1.404   Downloaded hybrid-array v0.4.14
2026-09-26T11:39:32.1421582Z #23 1.409   Downloaded icu_collections v2.3.0
2026-09-26T11:39:32.1422311Z #23 1.421   Downloaded icu_locale_core v2.3.0
2026-09-26T11:39:32.1422795Z #23 1.438   Downloaded log v0.4.34
2026-09-26T11:39:32.1423444Z #23 1.442   Downloaded miniz_oxide v0.8.9
2026-09-26T11:39:32.1423904Z #23 1.448   Downloaded serde v1.0.229
2026-09-26T11:39:32.1424572Z #23 1.455   Downloaded serde_derive v1.0.229
2026-09-26T11:39:32.1425061Z #23 1.461   Downloaded sharded-slab v0.1.7
2026-09-26T11:39:32.1425706Z #23 1.468   Downloaded tinystr v0.8.4
2026-09-26T11:39:32.1426234Z #23 1.473   Downloaded toml_writer v1.1.2+spec-1.1.0
2026-09-26T11:39:32.1427095Z #23 1.476   Downloaded xz2 v0.1.7
2026-09-26T11:39:32.1427554Z #23 1.479   Downloaded zstd-safe v7.2.4
2026-09-26T11:39:32.1428398Z #23 1.482   Downloaded cap-primitives v4.0.3
2026-09-26T11:39:32.1431213Z #23 1.509   Downloaded rustls-webpki v0.103.15
2026-09-26T11:39:32.1432123Z #23 1.515   Downloaded toml_parser v1.1.3+spec-1.1.0
2026-09-26T11:39:32.1432964Z #23 1.520   Downloaded zerovec-derive v0.11.6
2026-09-26T11:39:32.1433484Z #23 1.526   Downloaded indexmap v2.14.0
2026-09-26T11:39:32.1434453Z #23 1.534   Downloaded memchr v2.8.3
2026-09-26T11:39:32.1434953Z #23 1.545   Downloaded writeable v0.6.4
2026-09-26T11:39:32.1435644Z #23 1.550   Downloaded xattr v1.6.1
2026-09-26T11:39:32.1436410Z #23 1.553   Downloaded zeroize v1.9.0
2026-09-26T11:39:32.1436889Z #23 1.556   Downloaded zstd v0.13.3
2026-09-26T11:39:32.1437709Z #23 1.563   Downloaded icu_properties v2.3.0
2026-09-26T11:39:32.1438471Z #23 1.570   Downloaded simd-adler32 v0.3.10
2026-09-26T11:39:32.1439292Z #23 1.575   Downloaded tempfile v3.27.0
2026-09-26T11:39:32.1440060Z #23 1.580   Downloaded tracing-attributes v0.1.31
2026-09-26T11:39:32.1440635Z #23 1.585   Downloaded unicode-ident v1.0.24
2026-09-26T11:39:32.1441387Z #23 1.589   Downloaded yoke v0.8.3
2026-09-26T11:39:32.1441843Z #23 1.592   Downloaded zmij v1.0.23
2026-09-26T11:39:32.1442557Z #23 1.595   Downloaded idna v1.1.0
2026-09-26T11:39:32.1443040Z #23 1.599   Downloaded toml v0.9.12+spec-1.1.0
2026-09-26T11:39:32.1443577Z #23 1.609   Downloaded tracing-core v0.1.36
2026-09-26T11:39:32.1444566Z #23 1.614   Downloaded unsafe-libyaml v0.2.11
2026-09-26T11:39:32.1445072Z #23 1.620   Downloaded zopfli v0.8.3
2026-09-26T11:39:32.1445544Z #23 1.623   Downloaded clap_builder v4.6.6
2026-09-26T11:39:32.1446470Z #23 1.633   Downloaded hashbrown v0.17.1
2026-09-26T11:39:32.1446963Z #23 1.641   Downloaded serde_json v1.0.151
2026-09-26T11:39:32.1447655Z #23 1.653   Downloaded shlex v2.0.1
2026-09-26T11:39:32.1448162Z #23 1.656   Downloaded icu_properties_data v2.3.0
2026-09-26T11:39:32.1448732Z #23 1.721   Downloaded toml_edit v0.25.13+spec-1.1.0
2026-09-26T11:39:32.1449242Z #23 1.727   Downloaded url v2.5.8
2026-09-26T11:39:32.1449772Z #23 1.731   Downloaded verus_prettyplease v0.0.0-2026-09-06-0133
2026-09-26T11:39:32.1450496Z #23 1.737   Downloaded verus_state_machines_macros v0.0.0-2026-09-06-0133
2026-09-26T11:39:32.1451134Z #23 1.741   Downloaded zerotrie v0.2.5
2026-09-26T11:39:32.1451633Z #23 1.747   Downloaded portable-atomic v1.15.0
2026-09-26T11:39:32.1452146Z #23 1.758   Downloaded ureq v2.12.1
2026-09-26T11:39:32.1452601Z #23 1.768   Downloaded typed-path v0.12.3
2026-09-26T11:39:32.1453070Z #23 1.784   Downloaded typenum v1.20.1
2026-09-26T11:39:32.1453511Z #23 1.792   Downloaded zerovec v0.11.8
2026-09-26T11:39:32.1454063Z #23 1.805   Downloaded verus_builtin_macros v0.0.0-2026-09-06-0133
2026-09-26T11:39:32.1454654Z #23 1.811   Downloaded zip v8.6.0
2026-09-26T11:39:32.1455093Z #23 1.821   Downloaded winnow v1.0.4
2026-09-26T11:39:32.1455605Z #23 1.841   Downloaded tracing-subscriber v0.3.23
2026-09-26T11:39:32.1456330Z #23 1.859   Downloaded winnow v0.7.15
2026-09-26T11:39:32.1456824Z #23 1.878   Downloaded webpki-roots v1.0.9
2026-09-26T11:39:32.1457331Z #23 1.884   Downloaded zlib-rs v0.6.7
2026-09-26T11:39:32.1457822Z #23 1.895   Downloaded regex-syntax v0.8.11
2026-09-26T11:39:32.1458371Z #23 1.908   Downloaded rustls v0.23.45
2026-09-26T11:39:32.1458871Z #23 1.932   Downloaded vstd v0.0.0-2026-09-06-0133
2026-09-26T11:39:32.1459371Z #23 1.956   Downloaded rustix v1.1.4
2026-09-26T11:39:32.1459821Z #23 2.015   Downloaded syn v2.0.119
2026-09-26T11:39:32.1460256Z #23 2.035   Downloaded syn v3.0.4
2026-09-26T11:39:32.1460721Z #23 2.056   Downloaded unicode-width v0.2.2
2026-09-26T11:39:32.1461489Z #23 2.066   Downloaded verus_syn v0.0.0-2026-09-06-0133
2026-09-26T11:39:32.1462051Z #23 2.089   Downloaded icu_normalizer v2.3.0
2026-09-26T11:39:32.1462553Z #23 2.106   Downloaded tracing v0.1.44
2026-09-26T11:39:32.1463036Z #23 2.138   Downloaded regex-automata v0.4.18
2026-09-26T11:39:32.1463535Z #23 2.164   Downloaded lzma-sys v0.1.20
2026-09-26T11:39:32.1463997Z #23 2.233   Downloaded libc v0.2.189
2026-09-26T11:39:32.1464475Z #23 2.323   Downloaded zstd-sys v2.0.16+zstd.1.5.7
2026-09-26T11:39:32.1464984Z #23 2.352   Downloaded ring v0.17.14
2026-09-26T11:39:32.1465443Z #23 2.438   Downloaded linux-raw-sys v0.12.1
2026-09-26T11:39:32.1466147Z #23 2.661    Compiling proc-macro2 v1.0.107
2026-09-26T11:39:32.2859268Z #23 2.661    Compiling unicode-ident v1.0.24
2026-09-26T11:39:32.2861447Z #23 2.661    Compiling quote v1.0.47
2026-09-26T11:39:32.2862537Z #23 2.661    Compiling libc v0.2.189
2026-09-26T11:39:32.3131664Z #23 2.840    Compiling cfg-if v1.0.4
2026-09-26T11:39:32.5451381Z #23 2.921    Compiling shlex v2.0.1
2026-09-26T11:39:32.7711951Z #23 3.297    Compiling find-msvc-tools v0.1.11
2026-09-26T11:39:32.9709570Z #23 3.347    Compiling serde_core v1.0.229
2026-09-26T11:39:33.3511677Z #23 3.877    Compiling hashbrown v0.17.1
2026-09-26T11:39:35.6512377Z #23 6.027    Compiling jobserver v0.1.35
2026-09-26T11:39:35.6693722Z #23 6.196    Compiling once_cell v1.21.4
2026-09-26T11:39:36.1871701Z #23 6.713    Compiling syn v2.0.119
2026-09-26T11:39:36.3440272Z #23 6.769    Compiling syn v3.0.4
2026-09-26T11:39:36.3440847Z #23 6.870    Compiling cc v1.4.4
2026-09-26T11:39:40.9273930Z #23 11.45    Compiling equivalent v1.0.2
2026-09-26T11:39:41.1840915Z #23 11.71    Compiling indexmap v2.14.0
2026-09-26T11:39:41.5387133Z #23 ...
2026-09-26T11:39:41.5388170Z 
2026-09-26T11:39:41.5389291Z #24 [e2e  3/12] RUN apt-get update -qq && apt-get install -y -qq --no-install-recommends git     && rm -rf /var/lib/apt/lists/*
2026-09-26T11:39:41.5390635Z #24 3.952 debconf: unable to initialize frontend: Dialog
2026-09-26T11:39:41.5391634Z #24 3.952 debconf: (TERM is not set, so the dialog frontend is not usable.)
2026-09-26T11:39:41.5392644Z #24 3.952 debconf: falling back to frontend: Readline
2026-09-26T11:39:41.5393568Z #24 3.953 debconf: unable to initialize frontend: Readline
2026-09-26T11:39:41.5397171Z #24 3.953 debconf: (Can't locate Term/ReadLine.pm in @INC (you may need to install the Term::ReadLine module) (@INC entries checked: /etc/perl /usr/local/lib/x86_64-linux-gnu/perl/5.40.1 /usr/local/share/perl/5.40.1 /usr/lib/x86_64-linux-gnu/perl5/5.40 /usr/share/perl5 /usr/lib/x86_64-linux-gnu/perl-base /usr/lib/x86_64-linux-gnu/perl/5.40 /usr/share/perl/5.40 /usr/local/lib/site_perl) at /usr/share/perl5/Debconf/FrontEnd/Readline.pm line 8, <STDIN> line 32.)
2026-09-26T11:39:41.5400600Z #24 3.953 debconf: falling back to frontend: Teletype
2026-09-26T11:39:41.5401526Z #24 3.959 debconf: unable to initialize frontend: Teletype
2026-09-26T11:39:41.5402486Z #24 3.959 debconf: (This frontend requires a controlling tty.)
2026-09-26T11:39:41.5403489Z #24 3.960 debconf: falling back to frontend: Noninteractive
2026-09-26T11:39:41.5404388Z #24 5.805 (Reading database ... 
2026-09-26T11:39:41.5405112Z (Reading database ... 5%
2026-09-26T11:39:41.5405991Z (Reading database ... 10%
2026-09-26T11:39:41.5406727Z (Reading database ... 15%
2026-09-26T11:39:41.5407404Z (Reading database ... 20%
2026-09-26T11:39:41.5408058Z (Reading database ... 25%
2026-09-26T11:39:41.5408737Z (Reading database ... 30%
2026-09-26T11:39:41.5409433Z (Reading database ... 35%
2026-09-26T11:39:41.5410136Z (Reading database ... 40%
2026-09-26T11:39:41.5410847Z (Reading database ... 45%
2026-09-26T11:39:41.5411483Z (Reading database ... 50%
2026-09-26T11:39:41.5412186Z (Reading database ... 55%
2026-09-26T11:39:41.5412851Z (Reading database ... 60%
2026-09-26T11:39:41.5413497Z (Reading database ... 65%
2026-09-26T11:39:41.5414205Z (Reading database ... 70%
2026-09-26T11:39:41.5414845Z (Reading database ... 75%
2026-09-26T11:39:41.5415454Z (Reading database ... 80%
2026-09-26T11:39:41.5416571Z (Reading database ... 85%
2026-09-26T11:39:41.5417260Z (Reading database ... 90%
2026-09-26T11:39:41.5417907Z (Reading database ... 95%
2026-09-26T11:39:41.5418584Z (Reading database ... 100%
2026-09-26T11:39:41.5419434Z (Reading database ... 5652 files and directories currently installed.)
2026-09-26T11:39:41.5420640Z #24 5.816 Preparing to unpack .../perl-base_5.40.1-6+deb13u1_amd64.deb ...
2026-09-26T11:39:41.5421707Z #24 5.826 Unpacking perl-base (5.40.1-6+deb13u1) over (5.40.1-6) ...
2026-09-26T11:39:41.5422719Z #24 6.792 Setting up perl-base (5.40.1-6+deb13u1) ...
2026-09-26T11:39:41.5423706Z #24 6.828 Selecting previously unselected package libexpat1:amd64.
2026-09-26T11:39:41.5424667Z #24 6.828 (Reading database ... 
2026-09-26T11:39:41.5425723Z (Reading database ... 5%
2026-09-26T11:39:41.5426824Z (Reading database ... 10%
2026-09-26T11:39:41.5427478Z (Reading database ... 15%
2026-09-26T11:39:41.5428141Z (Reading database ... 20%
2026-09-26T11:39:41.5428788Z (Reading database ... 25%
2026-09-26T11:39:41.5429443Z (Reading database ... 30%
2026-09-26T11:39:41.5430111Z (Reading database ... 35%
2026-09-26T11:39:41.5430789Z (Reading database ... 40%
2026-09-26T11:39:41.5431484Z (Reading database ... 45%
2026-09-26T11:39:41.5432190Z (Reading database ... 50%
2026-09-26T11:39:41.5432839Z (Reading database ... 55%
2026-09-26T11:39:41.5433496Z (Reading database ... 60%
2026-09-26T11:39:41.5434129Z (Reading database ... 65%
2026-09-26T11:39:41.5434904Z (Reading database ... 70%
2026-09-26T11:39:41.5435618Z (Reading database ... 75%
2026-09-26T11:39:41.5436617Z (Reading database ... 80%
2026-09-26T11:39:41.5437298Z (Reading database ... 85%
2026-09-26T11:39:41.5437961Z (Reading database ... 90%
2026-09-26T11:39:41.5439002Z (Reading database ... 95%
2026-09-26T11:39:41.5439710Z (Reading database ... 100%
2026-09-26T11:39:41.5440609Z (Reading database ... 5653 files and directories currently installed.)
2026-09-26T11:39:41.5441738Z #24 6.828 Preparing to unpack .../00-libexpat1_2.8.3-1~deb13u1_amd64.deb ...
2026-09-26T11:39:41.5442780Z #24 6.829 Unpacking libexpat1:amd64 (2.8.3-1~deb13u1) ...
2026-09-26T11:39:41.5443817Z #24 6.855 Selecting previously unselected package perl-modules-5.40.
2026-09-26T11:39:41.5445048Z #24 6.858 Preparing to unpack .../01-perl-modules-5.40_5.40.1-6+deb13u1_all.deb ...
2026-09-26T11:39:41.5446365Z #24 6.859 Unpacking perl-modules-5.40 (5.40.1-6+deb13u1) ...
2026-09-26T11:39:41.5447515Z #24 7.250 Selecting previously unselected package libgdbm-compat4t64:amd64.
2026-09-26T11:39:41.5448880Z #24 7.253 Preparing to unpack .../02-libgdbm-compat4t64_1.24-2_amd64.deb ...
2026-09-26T11:39:41.5450183Z #24 7.256 Unpacking libgdbm-compat4t64:amd64 (1.24-2) ...
2026-09-26T11:39:41.5451328Z #24 7.286 Selecting previously unselected package libperl5.40:amd64.
2026-09-26T11:39:41.5452596Z #24 7.287 Preparing to unpack .../03-libperl5.40_5.40.1-6+deb13u1_amd64.deb ...
2026-09-26T11:39:41.5453715Z #24 7.290 Unpacking libperl5.40:amd64 (5.40.1-6+deb13u1) ...
2026-09-26T11:39:41.5507327Z #24 7.682 Selecting previously unselected package perl.
2026-09-26T11:39:41.5508418Z #24 7.686 Preparing to unpack .../04-perl_5.40.1-6+deb13u1_amd64.deb ...
2026-09-26T11:39:41.5509450Z #24 7.687 Unpacking perl (5.40.1-6+deb13u1) ...
2026-09-26T11:39:41.5510473Z #24 7.731 Selecting previously unselected package libbrotli1:amd64.
2026-09-26T11:39:41.5511634Z #24 7.735 Preparing to unpack .../05-libbrotli1_1.1.0-2+b7_amd64.deb ...
2026-09-26T11:39:41.5512629Z #24 7.736 Unpacking libbrotli1:amd64 (1.1.0-2+b7) ...
2026-09-26T11:39:41.5513585Z #24 7.794 Selecting previously unselected package libunistring5:amd64.
2026-09-26T11:39:41.5514753Z #24 7.794 Preparing to unpack .../06-libunistring5_1.3-2_amd64.deb ...
2026-09-26T11:39:41.5516054Z #24 7.794 Unpacking libunistring5:amd64 (1.3-2) ...
2026-09-26T11:39:41.5517046Z #24 7.868 Selecting previously unselected package libidn2-0:amd64.
2026-09-26T11:39:41.5518142Z #24 7.871 Preparing to unpack .../07-libidn2-0_2.3.8-2_amd64.deb ...
2026-09-26T11:39:41.5519184Z #24 7.871 Unpacking libidn2-0:amd64 (2.3.8-2) ...
2026-09-26T11:39:41.5520113Z #24 7.898 Selecting previously unselected package libp11-kit0:amd64.
2026-09-26T11:39:41.5546707Z #24 7.899 Preparing to unpack .../08-libp11-kit0_0.25.5-3_amd64.deb ...
2026-09-26T11:39:41.5547835Z #24 7.900 Unpacking libp11-kit0:amd64 (0.25.5-3) ...
2026-09-26T11:39:41.5563872Z #24 7.943 Selecting previously unselected package libtasn1-6:amd64.
2026-09-26T11:39:41.5565116Z #24 7.945 Preparing to unpack .../09-libtasn1-6_4.20.0-2+deb13u1_amd64.deb ...
2026-09-26T11:39:41.5566425Z #24 7.946 Unpacking libtasn1-6:amd64 (4.20.0-2+deb13u1) ...
2026-09-26T11:39:41.5567431Z #24 7.982 Selecting previously unselected package libgnutls30t64:amd64.
2026-09-26T11:39:41.5568963Z #24 7.985 Preparing to unpack .../10-libgnutls30t64_3.8.9-3+deb13u4_amd64.deb ...
2026-09-26T11:39:41.5570105Z #24 7.989 Unpacking libgnutls30t64:amd64 (3.8.9-3+deb13u4) ...
2026-09-26T11:39:41.5571129Z #24 8.066 Selecting previously unselected package libkrb5support0:amd64.
2026-09-26T11:39:41.5572263Z #24 8.068 Preparing to unpack .../11-libkrb5support0_1.21.3-5+deb13u1_amd64.deb ...
2026-09-26T11:39:41.5596704Z #24 8.069 Unpacking libkrb5support0:amd64 (1.21.3-5+deb13u1) ...
2026-09-26T11:39:41.5597789Z #24 8.092 Selecting previously unselected package libcom-err2:amd64.
2026-09-26T11:39:41.5598911Z #24 8.094 Preparing to unpack .../12-libcom-err2_1.47.2-3+b12_amd64.deb ...
2026-09-26T11:39:41.5599983Z #24 8.096 Unpacking libcom-err2:amd64 (1.47.2-3+b12) ...
2026-09-26T11:39:41.5600928Z #24 8.121 Selecting previously unselected package libk5crypto3:amd64.
2026-09-26T11:39:41.5601982Z #24 8.123 Preparing to unpack .../13-libk5crypto3_1.21.3-5+deb13u1_amd64.deb ...
2026-09-26T11:39:41.5603387Z #24 8.124 Unpacking libk5crypto3:amd64 (1.21.3-5+deb13u1) ...
2026-09-26T11:39:41.5604384Z #24 8.149 Selecting previously unselected package libkeyutils1:amd64.
2026-09-26T11:39:41.5605510Z #24 8.150 Preparing to unpack .../14-libkeyutils1_1.6.3-6_amd64.deb ...
2026-09-26T11:39:41.5606911Z #24 8.151 Unpacking libkeyutils1:amd64 (1.6.3-6) ...
2026-09-26T11:39:41.5607918Z #24 8.176 Selecting previously unselected package libkrb5-3:amd64.
2026-09-26T11:39:41.5611527Z #24 8.181 Preparing to unpack .../15-libkrb5-3_1.21.3-5+deb13u1_amd64.deb ...
2026-09-26T11:39:41.5612489Z #24 8.182 Unpacking libkrb5-3:amd64 (1.21.3-5+deb13u1) ...
2026-09-26T11:39:41.5613496Z #24 8.221 Selecting previously unselected package libgssapi-krb5-2:amd64.
2026-09-26T11:39:41.5614624Z #24 8.223 Preparing to unpack .../16-libgssapi-krb5-2_1.21.3-5+deb13u1_amd64.deb ...
2026-09-26T11:39:41.5615650Z #24 8.224 Unpacking libgssapi-krb5-2:amd64 (1.21.3-5+deb13u1) ...
2026-09-26T11:39:41.5616899Z #24 8.255 Selecting previously unselected package libsasl2-modules-db:amd64.
2026-09-26T11:39:41.5617974Z #24 8.257 Preparing to unpack .../17-libsasl2-modules-db_2.1.28+dfsg1-9_amd64.deb ...
2026-09-26T11:39:41.5619119Z #24 8.258 Unpacking libsasl2-modules-db:amd64 (2.1.28+dfsg1-9) ...
2026-09-26T11:39:41.5620069Z #24 8.285 Selecting previously unselected package libsasl2-2:amd64.
2026-09-26T11:39:41.5620980Z #24 8.289 Preparing to unpack .../18-libsasl2-2_2.1.28+dfsg1-9_amd64.deb ...
2026-09-26T11:39:41.5621822Z #24 8.290 Unpacking libsasl2-2:amd64 (2.1.28+dfsg1-9) ...
2026-09-26T11:39:41.5622615Z #24 8.316 Selecting previously unselected package libldap2:amd64.
2026-09-26T11:39:41.5623768Z #24 8.320 Preparing to unpack .../19-libldap2_2.6.10+dfsg-1_amd64.deb ...
2026-09-26T11:39:41.5624659Z #24 8.323 Unpacking libldap2:amd64 (2.6.10+dfsg-1) ...
2026-09-26T11:39:41.5625543Z #24 8.372 Selecting previously unselected package libnghttp2-14:amd64.
2026-09-26T11:39:41.5626884Z #24 8.377 Preparing to unpack .../20-libnghttp2-14_1.64.0-1.1+deb13u1_amd64.deb ...
2026-09-26T11:39:41.5628131Z #24 8.378 Unpacking libnghttp2-14:amd64 (1.64.0-1.1+deb13u1) ...
2026-09-26T11:39:41.5629247Z #24 8.405 Selecting previously unselected package libnghttp3-9:amd64.
2026-09-26T11:39:41.5630399Z #24 8.408 Preparing to unpack .../21-libnghttp3-9_1.8.0-1_amd64.deb ...
2026-09-26T11:39:41.5631437Z #24 8.410 Unpacking libnghttp3-9:amd64 (1.8.0-1) ...
2026-09-26T11:39:41.5632493Z #24 8.440 Selecting previously unselected package libngtcp2-16:amd64.
2026-09-26T11:39:41.5633714Z #24 8.442 Preparing to unpack .../22-libngtcp2-16_1.11.0-1+deb13u1_amd64.deb ...
2026-09-26T11:39:41.5634946Z #24 8.443 Unpacking libngtcp2-16:amd64 (1.11.0-1+deb13u1) ...
2026-09-26T11:39:41.5636355Z #24 8.484 Selecting previously unselected package libngtcp2-crypto-gnutls8:amd64.
2026-09-26T11:39:41.5637760Z #24 8.486 Preparing to unpack .../23-libngtcp2-crypto-gnutls8_1.11.0-1+deb13u1_amd64.deb ...
2026-09-26T11:39:41.5639119Z #24 8.487 Unpacking libngtcp2-crypto-gnutls8:amd64 (1.11.0-1+deb13u1) ...
2026-09-26T11:39:41.5640551Z #24 8.510 Selecting previously unselected package libpsl5t64:amd64.
2026-09-26T11:39:41.5641937Z #24 8.512 Preparing to unpack .../24-libpsl5t64_0.21.2-1.1+b1_amd64.deb ...
2026-09-26T11:39:41.5643081Z #24 8.513 Unpacking libpsl5t64:amd64 (0.21.2-1.1+b1) ...
2026-09-26T11:39:41.5644138Z #24 8.540 Selecting previously unselected package librtmp1:amd64.
2026-09-26T11:39:41.5645375Z #24 8.544 Preparing to unpack .../25-librtmp1_2.4+20151223.gitfa8646d.1-2+b5_amd64.deb ...
2026-09-26T11:39:41.5646916Z #24 8.545 Unpacking librtmp1:amd64 (2.4+20151223.gitfa8646d.1-2+b5) ...
2026-09-26T11:39:41.5648134Z #24 8.566 Selecting previously unselected package libssh2-1t64:amd64.
2026-09-26T11:39:41.5649378Z #24 8.568 Preparing to unpack .../26-libssh2-1t64_1.11.1-1+deb13u2_amd64.deb ...
2026-09-26T11:39:41.5650604Z #24 8.568 Unpacking libssh2-1t64:amd64 (1.11.1-1+deb13u2) ...
2026-09-26T11:39:41.5651756Z #24 8.603 Selecting previously unselected package libcurl3t64-gnutls:amd64.
2026-09-26T11:39:41.5653439Z #24 8.606 Preparing to unpack .../27-libcurl3t64-gnutls_8.14.1-2+deb13u5_amd64.deb ...
2026-09-26T11:39:41.5654740Z #24 8.607 Unpacking libcurl3t64-gnutls:amd64 (8.14.1-2+deb13u5) ...
2026-09-26T11:39:41.5656131Z #24 8.650 Selecting previously unselected package liberror-perl.
2026-09-26T11:39:41.5657338Z #24 8.650 Preparing to unpack .../28-liberror-perl_0.17030-1_all.deb ...
2026-09-26T11:39:41.5658350Z #24 8.654 Unpacking liberror-perl (0.17030-1) ...
2026-09-26T11:39:41.5659343Z #24 8.680 Selecting previously unselected package git-man.
2026-09-26T11:39:41.5660388Z #24 8.681 Preparing to unpack .../29-git-man_1%3a2.47.3-0+deb13u1_all.deb ...
2026-09-26T11:39:41.5661357Z #24 8.682 Unpacking git-man (1:2.47.3-0+deb13u1) ...
2026-09-26T11:39:41.5662160Z #24 8.773 Selecting previously unselected package git.
2026-09-26T11:39:41.5663101Z #24 8.774 Preparing to unpack .../30-git_1%3a2.47.3-0+deb13u1_amd64.deb ...
2026-09-26T11:39:41.5664227Z #24 8.785 Unpacking git (1:2.47.3-0+deb13u1) ...
2026-09-26T11:39:41.5665039Z #24 9.253 Setting up libexpat1:amd64 (2.8.3-1~deb13u1) ...
2026-09-26T11:39:41.5665761Z #24 9.254 Setting up libkeyutils1:amd64 (1.6.3-6) ...
2026-09-26T11:39:41.5666700Z #24 9.257 Setting up libgdbm-compat4t64:amd64 (1.24-2) ...
2026-09-26T11:39:41.5667487Z #24 9.259 Setting up libbrotli1:amd64 (1.1.0-2+b7) ...
2026-09-26T11:39:41.5668278Z #24 9.261 Setting up libnghttp2-14:amd64 (1.64.0-1.1+deb13u1) ...
2026-09-26T11:39:41.5669131Z #24 9.265 Setting up libcom-err2:amd64 (1.47.2-3+b12) ...
2026-09-26T11:39:41.5669997Z #24 9.268 Setting up libkrb5support0:amd64 (1.21.3-5+deb13u1) ...
2026-09-26T11:39:41.5670977Z #24 9.270 Setting up libsasl2-modules-db:amd64 (2.1.28+dfsg1-9) ...
2026-09-26T11:39:41.5671927Z #24 9.272 Setting up libp11-kit0:amd64 (0.25.5-3) ...
2026-09-26T11:39:41.5672746Z #24 9.275 Setting up libunistring5:amd64 (1.3-2) ...
2026-09-26T11:39:41.5673663Z #24 9.279 Setting up libk5crypto3:amd64 (1.21.3-5+deb13u1) ...
2026-09-26T11:39:41.5688941Z #24 9.281 Setting up libsasl2-2:amd64 (2.1.28+dfsg1-9) ...
2026-09-26T11:39:41.5689929Z #24 9.285 Setting up libnghttp3-9:amd64 (1.8.0-1) ...
2026-09-26T11:39:41.5690856Z #24 9.288 Setting up perl-modules-5.40 (5.40.1-6+deb13u1) ...
2026-09-26T11:39:41.5691788Z #24 9.290 Setting up libtasn1-6:amd64 (4.20.0-2+deb13u1) ...
2026-09-26T11:39:41.5692689Z #24 9.293 Setting up git-man (1:2.47.3-0+deb13u1) ...
2026-09-26T11:39:41.5693606Z #24 9.295 Setting up libngtcp2-16:amd64 (1.11.0-1+deb13u1) ...
2026-09-26T11:39:41.5694535Z #24 9.297 Setting up libkrb5-3:amd64 (1.21.3-5+deb13u1) ...
2026-09-26T11:39:41.5695417Z #24 9.300 Setting up libssh2-1t64:amd64 (1.11.1-1+deb13u2) ...
2026-09-26T11:39:41.5696536Z #24 9.303 Setting up libldap2:amd64 (2.6.10+dfsg-1) ...
2026-09-26T11:39:41.5697415Z #24 9.305 Setting up libidn2-0:amd64 (2.3.8-2) ...
2026-09-26T11:39:41.5698319Z #24 9.307 Setting up libperl5.40:amd64 (5.40.1-6+deb13u1) ...
2026-09-26T11:39:41.5699185Z #24 9.309 Setting up perl (5.40.1-6+deb13u1) ...
2026-09-26T11:39:41.5700257Z #24 9.316 Setting up libgssapi-krb5-2:amd64 (1.21.3-5+deb13u1) ...
2026-09-26T11:39:41.5701261Z #24 9.321 Setting up libgnutls30t64:amd64 (3.8.9-3+deb13u4) ...
2026-09-26T11:39:41.5702148Z #24 9.323 Setting up libpsl5t64:amd64 (0.21.2-1.1+b1) ...
2026-09-26T11:39:41.5703038Z #24 9.325 Setting up liberror-perl (0.17030-1) ...
2026-09-26T11:39:41.5720635Z #24 9.328 Setting up librtmp1:amd64 (2.4+20151223.gitfa8646d.1-2+b5) ...
2026-09-26T11:39:41.5723009Z #24 9.330 Setting up libngtcp2-crypto-gnutls8:amd64 (1.11.0-1+deb13u1) ...
2026-09-26T11:39:41.5724153Z #24 9.333 Setting up libcurl3t64-gnutls:amd64 (8.14.1-2+deb13u5) ...
2026-09-26T11:39:41.5725095Z #24 9.335 Setting up git (1:2.47.3-0+deb13u1) ...
2026-09-26T11:39:41.5726193Z #24 9.349 Processing triggers for libc-bin (2.41-12+deb13u3) ...
2026-09-26T11:39:41.5868844Z #24 DONE 9.5s
2026-09-26T11:39:41.7768739Z 
2026-09-26T11:39:41.7771262Z #25 [e2e  4/12] ADD --checksum=sha256:394f07f4da2bebe6ce6f1e7ce0fa16429b29b08c35e3fac3fe25972676dff4b2 https://github.com/denoland/deno/releases/download/v2.9.6/deno-x86_64-unknown-linux-gnu.zip /tmp/deno.zip
2026-09-26T11:39:41.7773512Z #25 DONE 0.1s
2026-09-26T11:39:41.7774041Z 
2026-09-26T11:39:41.7774532Z #23 [bin 1/1] RUN cargo build --locked -p gripsack
2026-09-26T11:39:41.7775352Z #23 12.30    Compiling stable_deref_trait v1.2.1
2026-09-26T11:39:42.0206828Z #23 12.40    Compiling rustix v1.1.4
2026-09-26T11:39:42.8507401Z #23 ...
2026-09-26T11:39:42.8507884Z 
2026-09-26T11:39:42.8509989Z #26 [e2e  5/12] RUN python3 -m zipfile -e /tmp/deno.zip /tmp/deno     && mkdir -p /root/.local/share/gripsack/tools/deno-2.9.6     && mv /tmp/deno/deno /root/.local/share/gripsack/tools/deno-2.9.6/deno     && chmod 755 /root/.local/share/gripsack/tools/deno-2.9.6/deno     && rm -rf /tmp/deno.zip /tmp/deno
2026-09-26T11:39:42.8512314Z #26 DONE 1.2s
2026-09-26T11:39:42.9983944Z 
2026-09-26T11:39:42.9984751Z #23 [bin 1/1] RUN cargo build --locked -p gripsack
2026-09-26T11:39:42.9986014Z #23 13.52    Compiling bitflags v2.13.1
2026-09-26T11:39:43.5163898Z #23 14.04    Compiling linux-raw-sys v0.12.1
2026-09-26T11:39:43.7149415Z #23 14.09    Compiling serde v1.0.229
2026-09-26T11:39:44.4085404Z #23 14.78    Compiling pkg-config v0.3.34
2026-09-26T11:39:45.5138897Z #23 16.04    Compiling verus_syn v0.0.0-2026-09-06-0133
2026-09-26T11:39:46.5890649Z #23 ...
2026-09-26T11:39:46.5891116Z 
2026-09-26T11:39:46.5893377Z #27 [e2e  6/12] RUN printf 'uv==%s --hash=sha256:f7d6248ad9f2d282fea795f248da8fa666ab382df50d8385bd98e01049440a0c --hash=sha256:bd0afae6918795c6a61a649e64d735e339f3d62f8310235da6f19eb3f66f323b\n' "0.12.10" > /tmp/uv.req     && pip install --no-cache-dir --no-deps --require-hashes -r /tmp/uv.req     && uv --version     && rm -f /tmp/uv.req
2026-09-26T11:39:46.5896332Z #27 2.937 Collecting uv==0.12.10 (from -r /tmp/uv.req (line 1))
2026-09-26T11:39:46.5897500Z #27 2.994   Downloading uv-0.12.10-py3-none-manylinux_2_17_x86_64.manylinux2014_x86_64.whl (20.0 MB)
2026-09-26T11:39:46.5899034Z #27 3.113      ━━━━━━━━━━━━━━━━━━━━━━━━━━━━━━━━━━━━━━━━ 20.0/20.0 MB 222.3 MB/s  0:00:00
2026-09-26T11:39:46.5899946Z #27 3.255 Installing collected packages: uv
2026-09-26T11:39:46.5900678Z #27 3.588 Successfully installed uv-0.12.10
2026-09-26T11:39:46.5903376Z #27 3.589 WARNING: Running pip as the 'root' user can result in broken permissions and conflicting behaviour with the system package manager, possibly rendering your system unusable. It is recommended to use a virtual environment instead: https://pip.pypa.io/warnings/venv. Use the --root-user-action option if you know what you are doing and want to suppress this warning.
2026-09-26T11:39:46.5908412Z #27 3.687 uv 0.12.10 (x86_64-unknown-linux-gnu)
2026-09-26T11:39:46.5909113Z #27 DONE 3.7s
2026-09-26T11:39:46.7394405Z 
2026-09-26T11:39:46.7395241Z #23 [bin 1/1] RUN cargo build --locked -p gripsack
2026-09-26T11:39:51.1625214Z #23 21.54    Compiling synstructure v0.13.2
2026-09-26T11:39:52.2609730Z #23 22.64    Compiling zerovec-derive v0.11.6
2026-09-26T11:39:52.4513607Z #23 22.83    Compiling zerofrom-derive v0.1.7
2026-09-26T11:39:55.0110067Z #23 25.39    Compiling yoke-derive v0.8.2
2026-09-26T11:39:55.1736073Z #23 25.55    Compiling displaydoc v0.2.7
2026-09-26T11:39:55.8619910Z #23 26.24    Compiling zerofrom v0.1.8
2026-09-26T11:39:56.0559322Z #23 26.43    Compiling serde_derive v1.0.229
2026-09-26T11:39:56.7981134Z #23 27.17    Compiling zmij v1.0.23
2026-09-26T11:39:57.2878928Z #23 27.66    Compiling verus_prettyplease v0.0.0-2026-09-06-0133
2026-09-26T11:39:57.6401377Z #23 27.93    Compiling yoke v0.8.3
2026-09-26T11:39:57.6401935Z #23 28.02    Compiling memchr v2.8.3
2026-09-26T11:39:57.8950011Z #23 28.27    Compiling zerovec v0.11.8
2026-09-26T11:39:59.2832602Z #23 29.71    Compiling serde_json v1.0.151
2026-09-26T11:39:59.4345705Z #23 29.81    Compiling itoa v1.0.18
2026-09-26T11:39:59.6668893Z #23 30.04    Compiling tinystr v0.8.4
2026-09-26T11:40:00.3783958Z #23 30.75    Compiling convert_case v0.4.0
2026-09-26T11:40:01.0259243Z #23 31.40    Compiling zeroize v1.9.0
2026-09-26T11:40:01.3347897Z #23 31.71    Compiling io-lifetimes v3.0.1
2026-09-26T11:40:01.8573542Z #23 32.23    Compiling vstd v0.0.0-2026-09-06-0133
2026-09-26T11:40:02.0212055Z #23 32.40    Compiling writeable v0.6.4
2026-09-26T11:40:02.2028090Z #23 32.58    Compiling litemap v0.8.3
2026-09-26T11:40:02.5921423Z #23 32.89    Compiling io-lifetimes v2.0.4
2026-09-26T11:40:02.5922447Z #23 32.97    Compiling winnow v1.0.4
2026-09-26T11:40:02.8769357Z #23 33.25    Compiling verus_builtin_macros v0.0.0-2026-09-06-0133
2026-09-26T11:40:02.8937578Z #23 33.42    Compiling verus_state_machines_macros v0.0.0-2026-09-06-0133
2026-09-26T11:40:04.9607153Z #23 35.34    Compiling icu_locale_core v2.3.0
2026-09-26T11:40:05.5946096Z #23 35.97    Compiling toml_parser v1.1.3+spec-1.1.0
2026-09-26T11:40:07.9799444Z #23 38.35    Compiling potential_utf v0.1.6
2026-09-26T11:40:08.2100044Z #23 38.58    Compiling zerotrie v0.2.5
2026-09-26T11:40:08.6962300Z #23 39.22    Compiling thiserror v2.0.20
2026-09-26T11:40:09.3257461Z #23 39.85    Compiling toml_writer v1.1.2+spec-1.1.0
2026-09-26T11:40:09.8846601Z #23 40.26    Compiling utf8_iter v1.0.4
2026-09-26T11:40:10.0834191Z #23 40.46    Compiling icu_properties_data v2.3.0
2026-09-26T11:40:10.4115844Z #23 40.79    Compiling log v0.4.34
2026-09-26T11:40:10.6188740Z #23 41.04    Compiling icu_normalizer_data v2.3.0
2026-09-26T11:40:10.6189716Z #23 41.15    Compiling typenum v1.20.1
2026-09-26T11:40:10.9856978Z #23 41.36    Compiling smallvec v1.15.2
2026-09-26T11:40:11.3850086Z #23 41.76    Compiling verus_builtin v0.0.0-2026-09-06-0133
2026-09-26T11:40:11.6143759Z #23 41.99    Compiling io-extras v0.19.0
2026-09-26T11:40:12.3072729Z #23 42.68    Compiling icu_collections v2.3.0
2026-09-26T11:40:12.9642266Z #23 43.34    Compiling hybrid-array v0.4.14
2026-09-26T11:40:13.6060188Z #23 43.98    Compiling icu_provider v2.3.1
2026-09-26T11:40:14.4762241Z #23 44.76    Compiling rustls-pki-types v1.15.1
2026-09-26T11:40:14.4763323Z #23 44.85    Compiling thiserror-impl v2.0.20
2026-09-26T11:40:14.6575675Z #23 45.03    Compiling zstd-sys v2.0.16+zstd.1.5.7
2026-09-26T11:40:15.5179585Z #23 45.89    Compiling serde_spanned v1.1.1
2026-09-26T11:40:15.5180439Z #23 45.89    Compiling ring v0.17.14
2026-09-26T11:40:15.7114408Z #23 46.09    Compiling cap-primitives v4.0.3
2026-09-26T11:40:16.2268761Z #23 46.60    Compiling getrandom v0.4.3
2026-09-26T11:40:17.3193365Z #23 47.85    Compiling fs-set-times v0.20.3
2026-09-26T11:40:18.0367554Z #23 48.41    Compiling rustix-linux-procfs v0.1.1
2026-09-26T11:40:18.3022648Z #23 48.83    Compiling tracing-core v0.1.36
2026-09-26T11:40:19.4815588Z #23 50.01    Compiling maybe-owned v0.3.4
2026-09-26T11:40:19.7248261Z #23 50.25    Compiling cap-std v4.0.3
2026-09-26T11:40:20.1447350Z #23 50.67    Compiling crc32fast v1.5.1
2026-09-26T11:40:20.7465654Z #23 51.12    Compiling ipnet v2.12.1
2026-09-26T11:40:21.7212008Z #23 52.10    Compiling ambient-authority v0.0.2
2026-09-26T11:40:23.1194321Z #23 53.49    Compiling icu_normalizer v2.3.0
2026-09-26T11:40:23.2439157Z #23 53.77    Compiling icu_properties v2.3.0
2026-09-26T11:40:24.7969941Z #23 55.17    Compiling crypto-common v0.2.2
2026-09-26T11:40:25.6555504Z #23 56.03    Compiling gripsack-policy v0.42.0 (/app/crates/gripsack-policy)
2026-09-26T11:40:26.6356885Z #23 57.01    Compiling gripsack-ir v0.42.0 (/app/crates/gripsack-ir)
2026-09-26T11:40:26.9587026Z #23 57.48    Compiling block-buffer v0.12.1
2026-09-26T11:40:27.2770799Z #23 57.80    Compiling toml_datetime v0.7.5+spec-1.1.0
2026-09-26T11:40:28.0467029Z #23 58.57    Compiling getrandom v0.2.17
2026-09-26T11:40:28.2961746Z #23 58.82    Compiling winnow v0.7.15
2026-09-26T11:40:28.4409219Z #23 58.97    Compiling const-oid v0.10.2
2026-09-26T11:40:28.9742292Z #23 59.35    Compiling untrusted v0.9.0
2026-09-26T11:40:28.9743956Z #23 59.50    Compiling fastrand v2.5.0
2026-09-26T11:40:29.3941569Z #23 59.92    Compiling zstd-safe v7.2.4
2026-09-26T11:40:29.7381856Z #23 60.26    Compiling simd-adler32 v0.3.10
2026-09-26T11:40:30.2899381Z #23 60.82    Compiling tempfile v3.27.0
2026-09-26T11:40:32.0314167Z #23 62.56    Compiling toml v0.9.12+spec-1.1.0
2026-09-26T11:40:36.1473582Z #23 66.52    Compiling digest v0.11.3
2026-09-26T11:40:36.2122321Z #23 66.74    Compiling idna_adapter v1.2.2
2026-09-26T11:40:36.9726001Z #23 67.25    Compiling tracing-attributes v0.1.31
2026-09-26T11:40:36.9727148Z #23 67.35    Compiling lzma-sys v0.1.20
2026-09-26T11:40:37.7862620Z #23 68.16    Compiling toml_datetime v1.1.1+spec-1.1.0
2026-09-26T11:40:38.2391002Z #23 68.77    Compiling cpufeatures v0.3.0
2026-09-26T11:40:38.4502751Z #23 68.83    Compiling rustls v0.23.45
2026-09-26T11:40:38.5744712Z #23 69.10    Compiling pin-project-lite v0.2.17
2026-09-26T11:40:38.8064054Z #23 69.19    Compiling adler2 v2.0.1
2026-09-26T11:40:38.9574888Z #23 69.33    Compiling percent-encoding v2.3.2
2026-09-26T11:40:39.2455120Z #23 69.62    Compiling form_urlencoded v1.2.2
2026-09-26T11:40:39.2727103Z #23 69.80    Compiling miniz_oxide v0.8.9
2026-09-26T11:40:39.8060477Z #23 70.18    Compiling tracing v0.1.44
2026-09-26T11:40:40.2247572Z #23 70.60    Compiling sha2 v0.11.0
2026-09-26T11:40:41.8436328Z #23 72.37    Compiling gripsack-fs v0.42.0 (/app/crates/gripsack-fs)
2026-09-26T11:40:42.0477274Z #23 72.42    Compiling idna v1.1.0
2026-09-26T11:40:43.1183660Z #23 73.64    Compiling rustls-webpki v0.103.15
2026-09-26T11:40:43.8632946Z #23 74.26    Compiling webpki-roots v1.0.9
2026-09-26T11:40:43.8633789Z #23 74.39    Compiling bumpalo v3.20.3
2026-09-26T11:40:44.2947291Z #23 74.82    Compiling libbz2-rs-sys v0.2.5
2026-09-26T11:40:45.5264697Z #23 75.90    Compiling zlib-rs v0.6.7
2026-09-26T11:40:46.1472333Z #23 76.52    Compiling subtle v2.6.1
2026-09-26T11:40:47.6406411Z #23 78.02    Compiling bzip2 v0.6.1
2026-09-26T11:40:48.0087285Z #23 78.38    Compiling zopfli v0.8.3
2026-09-26T11:40:49.8757036Z #23 80.19    Compiling webpki-roots v0.26.11
2026-09-26T11:40:49.8758050Z #23 80.25    Compiling url v2.5.8
2026-09-26T11:40:50.9721921Z #23 81.35    Compiling gripsack-store v0.42.0 (/app/crates/gripsack-store)
2026-09-26T11:40:51.6171171Z #23 82.14    Compiling zstd v0.13.3
2026-09-26T11:40:52.3212576Z #23 82.70    Compiling xattr v1.6.1
2026-09-26T11:40:52.9924260Z #23 83.37    Compiling flate2 v1.1.9
2026-09-26T11:40:53.5341461Z #23 83.91    Compiling filetime v0.2.29
2026-09-26T11:40:53.8481392Z #23 84.22    Compiling base64 v0.22.1
2026-09-26T11:40:53.9998336Z #23 84.37    Compiling openssl-probe v0.2.1
2026-09-26T11:40:54.1092346Z #23 84.64    Compiling regex-syntax v0.8.11
2026-09-26T11:40:54.5627243Z #23 84.94    Compiling typed-path v0.12.3
2026-09-26T11:40:57.7984046Z #23 88.21    Compiling utf8parse v0.2.2
2026-09-26T11:40:57.9494220Z #23 88.32    Compiling anstyle-parse v1.0.0
2026-09-26T11:40:58.0962287Z #23 88.49    Compiling zip v8.6.0
2026-09-26T11:40:58.2479206Z #23 88.62    Compiling regex-automata v0.4.18
2026-09-26T11:41:00.0054239Z #23 90.38    Compiling ureq v2.12.1
2026-09-26T11:41:01.2484090Z #23 91.62    Compiling rustls-native-certs v0.8.4
2026-09-26T11:41:01.8899449Z #23 92.26    Compiling tar v0.4.46
2026-09-26T11:41:02.2731299Z #23 92.65    Compiling xz2 v0.1.7
2026-09-26T11:41:02.6935792Z #23 93.07    Compiling toml v1.1.4+spec-1.1.0
2026-09-26T11:41:03.6853364Z #23 94.06    Compiling gripsack-process v0.42.0 (/app/crates/gripsack-process)
2026-09-26T11:41:04.3448619Z #23 94.76    Compiling colorchoice v1.0.5
2026-09-26T11:41:04.4969252Z #23 94.87    Compiling unicode-width v0.2.2
2026-09-26T11:41:04.5440809Z #23 95.07    Compiling httpdate v1.0.3
2026-09-26T11:41:04.9502709Z #23 95.33    Compiling anstyle v1.0.14
2026-09-26T11:41:05.1246309Z #23 95.50    Compiling ryu v1.0.23
2026-09-26T11:41:05.4545465Z #23 95.74    Compiling lazy_static v1.5.0
2026-09-26T11:41:05.4546715Z #23 95.83    Compiling portable-atomic v1.15.0
2026-09-26T11:41:05.4547431Z #23 95.83    Compiling unsafe-libyaml v0.2.11
2026-09-26T11:41:06.3832163Z #23 96.73    Compiling anstyle-query v1.1.5
2026-09-26T11:41:06.3833046Z #23 96.82    Compiling is_terminal_polyfill v1.70.2
2026-09-26T11:41:06.5344828Z #23 96.91    Compiling anstream v1.0.0
2026-09-26T11:41:06.8856759Z #23 97.26    Compiling serde_yaml v0.9.34+deprecated
2026-09-26T11:41:07.2373192Z #23 97.58    Compiling sharded-slab v0.1.7
2026-09-26T11:41:07.2374265Z #23 97.61    Compiling gripsack-fetch v0.42.0 (/app/crates/gripsack-fetch)
2026-09-26T11:41:07.4751079Z #23 97.85    Compiling console v0.16.4
2026-09-26T11:41:08.4399408Z #23 98.82    Compiling gripsack-config v0.42.0 (/app/crates/gripsack-config)
2026-09-26T11:41:09.0185272Z #23 99.39    Compiling matchers v0.2.0
2026-09-26T11:41:09.1808281Z #23 99.56    Compiling toml_edit v0.25.13+spec-1.1.0
2026-09-26T11:41:11.3930907Z #23 101.8    Compiling tracing-log v0.2.0
2026-09-26T11:41:11.5443924Z #23 101.9    Compiling tracing-serde v0.2.0
2026-09-26T11:41:11.8279556Z #23 102.2    Compiling thread_local v1.1.10
2026-09-26T11:41:11.8280609Z #23 102.2    Compiling nu-ansi-term v0.50.3
2026-09-26T11:41:12.2094702Z #23 102.6    Compiling heck v0.5.0
2026-09-26T11:41:12.4342672Z #23 102.8    Compiling strsim v0.11.1
2026-09-26T11:41:12.5856890Z #23 103.0    Compiling clap_lex v1.1.0
2026-09-26T11:41:13.0080944Z #23 103.3    Compiling owo-colors v4.3.0
2026-09-26T11:41:13.0081620Z #23 103.4    Compiling clap_builder v4.6.6
2026-09-26T11:41:13.2376729Z #23 103.6    Compiling clap_derive v4.6.4
2026-09-26T11:41:13.4964359Z #23 103.9    Compiling tracing-subscriber v0.3.23
2026-09-26T11:41:17.9532519Z #23 108.3    Compiling griplint v0.42.0 (/app/crates/griplint)
2026-09-26T11:41:19.8051674Z #23 110.2    Compiling shell-words v1.1.1
2026-09-26T11:41:19.9868876Z #23 110.3    Compiling unit-prefix v0.5.2
2026-09-26T11:41:19.9869503Z #23 110.4    Compiling dialoguer v0.12.0
2026-09-26T11:41:20.1380711Z #23 110.5    Compiling indicatif v0.18.6
2026-09-26T11:41:21.8817829Z #23 112.3    Compiling gripsack-lint v0.42.0 (/app/crates/gripsack-lint)
2026-09-26T11:41:22.6664471Z #23 113.0    Compiling clap v4.6.6
2026-09-26T11:41:22.6677233Z #23 113.0    Compiling gripsack-trace v0.42.0 (/app/crates/gripsack-trace)
2026-09-26T11:41:23.1849737Z #23 113.6    Compiling gripsack-exec v0.42.0 (/app/crates/gripsack-exec)
2026-09-26T11:41:28.8857100Z #23 119.4    Compiling gripsack v0.42.0 (/app/crates/gripsack)
2026-09-26T11:41:37.0047433Z #23 127.5     Finished `dev` profile [unoptimized + debuginfo] target(s) in 2m 07s
2026-09-26T11:41:38.2928858Z #23 DONE 128.8s
2026-09-26T11:41:38.4714174Z 
2026-09-26T11:41:38.4714802Z #28 [e2e  7/12] COPY --from=bin /app/target/debug/grip /usr/local/bin/grip
2026-09-26T11:41:38.6851507Z #28 DONE 0.2s
2026-09-26T11:41:38.8464234Z 
2026-09-26T11:41:38.8465046Z #29 [e2e  8/12] COPY e2e/pyproject.toml e2e/uv.lock ./e2e/
2026-09-26T11:41:38.8465645Z #29 DONE 0.0s
2026-09-26T11:41:38.8466073Z 
2026-09-26T11:41:38.8466212Z #30 [e2e  9/12] RUN cd e2e && uv sync --locked
2026-09-26T11:41:38.8631200Z #30 0.167 Using CPython 3.13.15 interpreter at: /usr/local/bin/python3
2026-09-26T11:41:38.9676267Z #30 0.167 Creating virtual environment at: .venv
2026-09-26T11:41:38.9676932Z #30 0.170 Resolved 10 packages in 0.43ms
2026-09-26T11:41:38.9677815Z #30 0.217 Downloading pygments (1.2MiB)
2026-09-26T11:41:38.9678937Z #30 0.272  Downloaded pygments
2026-09-26T11:41:39.2116628Z #30 0.272 Prepared 5 packages in 102ms
2026-09-26T11:41:39.2117231Z #30 0.287 Installed 5 packages in 14ms
2026-09-26T11:41:39.2117707Z #30 0.287  + iniconfig==2.3.0
2026-09-26T11:41:39.2118160Z #30 0.287  + packaging==26.3
2026-09-26T11:41:39.2118578Z #30 0.287  + pluggy==1.6.0
2026-09-26T11:41:39.2118978Z #30 0.287  + pygments==2.21.0
2026-09-26T11:41:39.2119400Z #30 0.287  + pytest==9.1.1
2026-09-26T11:41:39.2119772Z #30 DONE 0.3s
2026-09-26T11:41:39.2119969Z 
2026-09-26T11:41:39.2120132Z #31 [e2e 10/12] COPY e2e ./e2e
2026-09-26T11:41:39.2120544Z #31 DONE 0.0s
2026-09-26T11:41:39.2120739Z 
2026-09-26T11:41:39.2120926Z #32 [e2e 11/12] COPY examples ./examples
2026-09-26T11:41:39.2121391Z #32 DONE 0.0s
2026-09-26T11:41:39.2121580Z 
2026-09-26T11:41:39.2121728Z #33 [e2e 12/12] WORKDIR /app/e2e
2026-09-26T11:41:39.2122120Z #33 DONE 0.0s
2026-09-26T11:41:39.2122316Z 
2026-09-26T11:41:39.2122887Z #34 exporting to image
2026-09-26T11:41:39.2123327Z #34 exporting layers
2026-09-26T11:41:40.7979712Z #34 exporting layers 1.7s done
2026-09-26T11:41:40.8231643Z #34 writing image sha256:f345ade49f78ba3ba25f5abdca45a635b5903e994482396e33fe51ef6c14bf42 done
2026-09-26T11:41:40.8232798Z #34 naming to docker.io/library/gripsack-e2e done
2026-09-26T11:41:40.8233339Z #34 DONE 1.7s
2026-09-26T11:41:40.8233545Z 
2026-09-26T11:41:40.8233717Z #35 resolving provenance for metadata file
2026-09-26T11:41:40.8234001Z #35 DONE 0.0s
2026-09-26T11:41:42.4166440Z ============================= test session starts ==============================
2026-09-26T11:41:42.4167303Z platform linux -- Python 3.13.15, pytest-9.1.1, pluggy-1.6.0
2026-09-26T11:41:42.4167959Z rootdir: /app/e2e
2026-09-26T11:41:42.4168381Z configfile: pyproject.toml
2026-09-26T11:41:42.4168818Z collected 319 items
2026-09-26T11:41:42.4169048Z 
2026-09-26T11:41:45.1088620Z test_activation_lifecycle.py ...........                                 [  3%]
2026-09-26T11:41:47.5909362Z test_adopt.py .............                                              [  7%]
2026-09-26T11:41:49.5858545Z test_apply_lifecycle.py .......                                          [  9%]
2026-09-26T11:41:51.9949110Z test_build_closures.py .......                                           [ 11%]
2026-09-26T11:41:58.5212831Z test_complete_pins.py ...........                                        [ 15%]
2026-09-26T11:42:03.1792659Z test_contract_fidelity.py ....................                           [ 21%]
2026-09-26T11:42:06.8308863Z test_destination_ownership.py .............                              [ 25%]
2026-09-26T11:42:15.7644135Z test_eval_gate.py ................................                       [ 35%]
2026-09-26T11:42:25.8295594Z test_execution_contracts.py ..........                                   [ 38%]
2026-09-26T11:42:31.4061966Z test_fetchers.py ............                                            [ 42%]
2026-09-26T11:42:35.4469085Z test_gc_admission.py ................                                    [ 47%]
2026-09-26T11:42:37.4057581Z test_generation_history.py .......                                       [ 49%]
2026-09-26T11:42:38.6025045Z test_golden.py .....                                                     [ 51%]
2026-09-26T11:42:55.0513959Z test_http_policy.py ............                                         [ 55%]
2026-09-26T11:43:16.8647005Z test_journey.py .....                                                    [ 56%]
2026-09-26T11:43:27.5410478Z test_journey_contracts.py ...                                            [ 57%]
2026-09-26T11:43:29.6841178Z test_linters.py ............                                             [ 61%]
2026-09-26T11:43:32.3988746Z test_merge_boundaries.py .......                                         [ 63%]
2026-09-26T11:43:35.6380705Z test_migration_feedback.py .........                                     [ 66%]
2026-09-26T11:43:40.3478752Z test_ownership_modes.py ................                                 [ 71%]
2026-09-26T11:56:10.8292077Z test_persistence_matrix.py ......                                        [ 73%]
2026-09-26T11:56:11.9218922Z test_plan_operations.py ...                                              [ 74%]
2026-09-26T11:56:17.0262335Z test_self_update.py .....                                                [ 75%]
2026-09-26T11:56:18.9444570Z test_store_hygiene.py ........                                           [ 78%]
2026-09-26T11:56:19.1132822Z test_trace_context.py ..                                                 [ 78%]
2026-09-26T11:56:23.7790016Z test_transaction_recovery.py ..........                                  [ 82%]
2026-09-26T11:56:28.4684247Z test_update_surveys.py .......                                           [ 84%]
2026-09-26T11:56:30.5005128Z test_workspace_contract.py .......................                       [ 91%]
2026-09-26T11:56:33.5904328Z test_workspace_diagnostics.py ...........................                [100%]
2026-09-26T11:56:33.5905149Z 
2026-09-26T11:56:33.5905394Z ======================= 319 passed in 892.09s (0:14:52) ========================
2026-09-26T11:56:36.9648066Z ##[group]Run docker compose run --build --rm model
2026-09-26T11:56:36.9648504Z [36;1mdocker compose run --build --rm model[0m
2026-09-26T11:56:36.9710309Z shell: /usr/bin/bash -e {0}
2026-09-26T11:56:36.9710586Z ##[endgroup]
2026-09-26T11:56:37.1326865Z #1 [internal] load local bake definitions
2026-09-26T11:56:37.3317322Z #1 reading from stdin 396B done
2026-09-26T11:56:37.3317718Z #1 DONE 0.0s
2026-09-26T11:56:37.3317876Z 
2026-09-26T11:56:37.3318084Z #2 [internal] load build definition from Dockerfile
2026-09-26T11:56:37.3318631Z #2 transferring dockerfile: 10.04kB done
2026-09-26T11:56:37.3318977Z #2 DONE 0.0s
2026-09-26T11:56:37.3319123Z 
2026-09-26T11:56:37.3319404Z #3 resolve image config for docker-image://docker.io/docker/dockerfile:1
2026-09-26T11:56:37.5459500Z #3 ...
2026-09-26T11:56:37.5459733Z 
2026-09-26T11:56:37.5460166Z #4 [auth] docker/dockerfile:pull token for registry-1.docker.io
2026-09-26T11:56:37.5460751Z #4 DONE 0.0s
2026-09-26T11:56:37.6637984Z 
2026-09-26T11:56:37.6638885Z #3 resolve image config for docker-image://docker.io/docker/dockerfile:1
2026-09-26T11:56:37.6639699Z #3 DONE 0.5s
2026-09-26T11:56:37.8750214Z 
2026-09-26T11:56:37.8751416Z #5 docker-image://docker.io/docker/dockerfile:1@sha256:ecfaec9ed6d810b56388c508f4121597bfbba70d41a6dfeee4d8cad5f295fc32
2026-09-26T11:56:37.8752303Z #5 CACHED
2026-09-26T11:56:37.8752447Z 
2026-09-26T11:56:37.8753061Z #6 [internal] load metadata for docker.io/library/eclipse-temurin:21-jre@sha256:7a65df4b22d2de92d4e04056e884f3b9122d70b21e2847fd66084278bd0ce037
2026-09-26T11:56:38.0702807Z #6 ...
2026-09-26T11:56:38.0703052Z 
2026-09-26T11:56:38.0703446Z #7 [auth] library/eclipse-temurin:pull token for registry-1.docker.io
2026-09-26T11:56:38.0704140Z #7 DONE 0.0s
2026-09-26T11:56:38.2205274Z 
2026-09-26T11:56:38.2206873Z #6 [internal] load metadata for docker.io/library/eclipse-temurin:21-jre@sha256:7a65df4b22d2de92d4e04056e884f3b9122d70b21e2847fd66084278bd0ce037
2026-09-26T11:56:38.4730672Z #6 DONE 0.7s
2026-09-26T11:56:38.6080893Z 
2026-09-26T11:56:38.6081513Z #8 [internal] load .dockerignore
2026-09-26T11:56:38.6082157Z #8 transferring context: 139B done
2026-09-26T11:56:38.6082478Z #8 DONE 0.0s
2026-09-26T11:56:38.6082683Z 
2026-09-26T11:56:38.6083317Z #9 [model 1/6] FROM docker.io/library/eclipse-temurin:21-jre@sha256:7a65df4b22d2de92d4e04056e884f3b9122d70b21e2847fd66084278bd0ce037
2026-09-26T11:56:38.6084474Z #9 resolve docker.io/library/eclipse-temurin:21-jre@sha256:7a65df4b22d2de92d4e04056e884f3b9122d70b21e2847fd66084278bd0ce037 done
2026-09-26T11:56:38.6085479Z #9 sha256:d1d7f43094ea37e9ae77ea3ca40026bc1de1bf1dc2cad37b08d66b9a016a2ea6 2.13kB / 2.13kB done
2026-09-26T11:56:38.6086604Z #9 sha256:06e9d71331fb2b620a4f6c8064e0f84b284bb69a42c7c57b1c962bd4a4cdee76 7.34MB / 41.57MB 0.1s
2026-09-26T11:56:38.6087913Z #9 sha256:85685ec585baa5d5d2bc7a9b75a44b2a9633d8bafa3cf68a74e00f17cfd247be 0B / 20.13MB 0.1s
2026-09-26T11:56:38.6088963Z #9 sha256:7a65df4b22d2de92d4e04056e884f3b9122d70b21e2847fd66084278bd0ce037 5.92kB / 5.92kB done
2026-09-26T11:56:38.6090377Z #9 sha256:57a04a45584adac49fd9384a21e542ef47652030ff2168fab59d1bdf2a027c96 8.72kB / 8.72kB done
2026-09-26T11:56:38.6091886Z #9 sha256:f3db1cd940786339b09d8a60e47c66fea9502d788e6fab5bec91a4a77d4ced1c 0B / 393B 0.1s
2026-09-26T11:56:38.7577473Z #9 ...
2026-09-26T11:56:38.7577953Z 
2026-09-26T11:56:38.7578347Z #10 [internal] load build context
2026-09-26T11:56:38.7578988Z #10 transferring context: 95.85kB 0.1s done
2026-09-26T11:56:38.7579634Z #10 DONE 0.1s
2026-09-26T11:56:38.7580002Z 
2026-09-26T11:56:38.7581358Z #11 [model 2/6] ADD --checksum=sha256:936a262061c914694dfd669a543be24573c45d5aa0ff20a8b96b23d01e050e88 https://github.com/tlaplus/tlaplus/releases/download/v1.7.4/tla2tools.jar /tla/tla2tools.jar
2026-09-26T11:56:38.7583038Z #11 DONE 0.3s
2026-09-26T11:56:38.7583436Z 
2026-09-26T11:56:38.7584325Z #9 [model 1/6] FROM docker.io/library/eclipse-temurin:21-jre@sha256:7a65df4b22d2de92d4e04056e884f3b9122d70b21e2847fd66084278bd0ce037
2026-09-26T11:56:38.7586843Z #9 sha256:06e9d71331fb2b620a4f6c8064e0f84b284bb69a42c7c57b1c962bd4a4cdee76 41.57MB / 41.57MB 0.2s done
2026-09-26T11:56:38.7588288Z #9 sha256:f3db1cd940786339b09d8a60e47c66fea9502d788e6fab5bec91a4a77d4ced1c 393B / 393B 0.1s done
2026-09-26T11:56:38.7589514Z #9 sha256:369da5fd35f25c0fb072631703d8d88a171650f488410bd5e789af82b6b64b2d 0B / 53.10MB 0.2s
2026-09-26T11:56:38.7590651Z #9 sha256:74d4de9c947ffb50bb6447a5c09e24df5e1685b1137f82406f33e6f44bba79d6 0B / 160B 0.2s
2026-09-26T11:56:38.8839586Z #9 sha256:85685ec585baa5d5d2bc7a9b75a44b2a9633d8bafa3cf68a74e00f17cfd247be 20.13MB / 20.13MB 0.3s done
2026-09-26T11:56:38.8840805Z #9 sha256:369da5fd35f25c0fb072631703d8d88a171650f488410bd5e789af82b6b64b2d 17.83MB / 53.10MB 0.3s
2026-09-26T11:56:38.8841521Z #9 sha256:74d4de9c947ffb50bb6447a5c09e24df5e1685b1137f82406f33e6f44bba79d6 160B / 160B 0.3s done
2026-09-26T11:56:38.8842181Z #9 extracting sha256:06e9d71331fb2b620a4f6c8064e0f84b284bb69a42c7c57b1c962bd4a4cdee76 0.1s
2026-09-26T11:56:38.8842841Z #9 sha256:f6795b7189ec73f2774735d97a688bf9205d69cf49ceeb539654ddd7d70efe53 0B / 2.46kB 0.3s
2026-09-26T11:56:38.9848951Z #9 sha256:369da5fd35f25c0fb072631703d8d88a171650f488410bd5e789af82b6b64b2d 53.10MB / 53.10MB 0.4s done
2026-09-26T11:56:38.9850623Z #9 sha256:f6795b7189ec73f2774735d97a688bf9205d69cf49ceeb539654ddd7d70efe53 2.46kB / 2.46kB 0.3s done
2026-09-26T11:56:41.1665734Z #9 extracting sha256:06e9d71331fb2b620a4f6c8064e0f84b284bb69a42c7c57b1c962bd4a4cdee76 2.4s done
2026-09-26T11:56:41.1667394Z #9 extracting sha256:f3db1cd940786339b09d8a60e47c66fea9502d788e6fab5bec91a4a77d4ced1c
2026-09-26T11:56:41.3123756Z #9 extracting sha256:f3db1cd940786339b09d8a60e47c66fea9502d788e6fab5bec91a4a77d4ced1c done
2026-09-26T11:56:41.3125584Z #9 extracting sha256:85685ec585baa5d5d2bc7a9b75a44b2a9633d8bafa3cf68a74e00f17cfd247be 0.1s
2026-09-26T11:56:41.9725298Z #9 extracting sha256:85685ec585baa5d5d2bc7a9b75a44b2a9633d8bafa3cf68a74e00f17cfd247be 0.7s done
2026-09-26T11:56:41.9727049Z #9 extracting sha256:369da5fd35f25c0fb072631703d8d88a171650f488410bd5e789af82b6b64b2d
2026-09-26T11:56:42.7782961Z #9 extracting sha256:369da5fd35f25c0fb072631703d8d88a171650f488410bd5e789af82b6b64b2d 0.7s done
2026-09-26T11:56:42.7948122Z #9 extracting sha256:74d4de9c947ffb50bb6447a5c09e24df5e1685b1137f82406f33e6f44bba79d6
2026-09-26T11:56:43.0180915Z #9 extracting sha256:74d4de9c947ffb50bb6447a5c09e24df5e1685b1137f82406f33e6f44bba79d6 done
2026-09-26T11:56:43.0196247Z #9 extracting sha256:f6795b7189ec73f2774735d97a688bf9205d69cf49ceeb539654ddd7d70efe53 done
2026-09-26T11:56:43.0196858Z #9 DONE 4.3s
2026-09-26T11:56:43.0196982Z 
2026-09-26T11:56:43.0197877Z #12 [model 2/6] ADD --checksum=sha256:936a262061c914694dfd669a543be24573c45d5aa0ff20a8b96b23d01e050e88 https://github.com/tlaplus/tlaplus/releases/download/v1.7.4/tla2tools.jar /tla/tla2tools.jar
2026-09-26T11:56:43.0199438Z #12 DONE 0.0s
2026-09-26T11:56:43.0199624Z 
2026-09-26T11:56:43.0199729Z #13 [model 3/6] WORKDIR /work
2026-09-26T11:56:43.0200001Z #13 DONE 0.0s
2026-09-26T11:56:43.0200119Z 
2026-09-26T11:56:43.0200230Z #14 [model 4/6] COPY specs ./specs
2026-09-26T11:56:43.0200494Z #14 DONE 0.0s
2026-09-26T11:56:43.0200601Z 
2026-09-26T11:56:43.0200789Z #15 [model 5/6] COPY scripts/check_models.sh ./scripts/check_models.sh
2026-09-26T11:56:43.0201135Z #15 DONE 0.0s
2026-09-26T11:56:43.0201239Z 
2026-09-26T11:56:43.0201399Z #16 [model 6/6] RUN sh scripts/check_models.sh /tla/tla2tools.jar
2026-09-26T11:56:43.9619414Z #16 1.095 cfg/ownership.cfg: clean
2026-09-26T11:56:44.9148263Z #16 2.048 cfg/apply-deploy.cfg: clean
2026-09-26T11:56:46.1274020Z #16 3.261 cfg/repeated-apply-deploy.cfg: clean
2026-09-26T11:56:47.0781906Z #16 4.212 cfg/apply-prune.cfg: clean
2026-09-26T11:56:48.3177251Z #16 5.451 cfg/repeated-apply-prune.cfg: clean
2026-09-26T11:56:49.2686278Z #16 6.402 cfg/rollback-deploy.cfg: clean
2026-09-26T11:56:50.4833558Z #16 7.617 cfg/repeated-rollback-deploy.cfg: clean
2026-09-26T11:56:51.4329952Z #16 8.566 cfg/rollback-prune.cfg: clean
2026-09-26T11:56:52.6861225Z #16 9.820 cfg/repeated-rollback-prune.cfg: clean
2026-09-26T11:56:53.5872486Z #16 10.72 cfg/activation.cfg: clean
2026-09-26T11:56:54.5964952Z #16 11.73 cfg/repeated-activation.cfg: clean
2026-09-26T11:56:55.5298448Z #16 12.66 cfg/repeated-activation-repeated-generation.cfg: clean
2026-09-26T11:56:56.5183289Z #16 13.65 cfg/repeated-transaction-premature-cleanup.cfg: RestoreBeforeCleanup
2026-09-26T11:56:57.4368671Z #16 14.57 cfg/repeated-activation-lost-pending.cfg: NoSilentSkip
2026-09-26T11:56:59.5865754Z #16 16.72 ProcessSupervision.cfg: clean
2026-09-26T11:57:01.1480706Z #16 18.28 ProcessSupervision.ignore-deadline.cfg: temporal:Terminates
2026-09-26T11:57:03.1217836Z #16 20.26 ProcessSupervision.inherited-pipe.cfg: temporal:Terminates
2026-09-26T11:57:04.1440423Z #16 21.28 ProcessSupervision.reap-first.cfg: PidAuthority
2026-09-26T11:57:05.1566012Z #16 22.29 ProcessSupervision.cleanup-failure-witness.cfg: NeverCleanupFailure
2026-09-26T11:57:06.1106501Z #16 23.24 ProcessSupervision.inherited-witness.cfg: NeverInherited
2026-09-26T11:57:07.0975392Z #16 24.23 ProcessSupervision.linger-witness.cfg: NeverLinger
2026-09-26T11:57:08.5444116Z #16 25.68 UpdatePublication.cfg: clean
2026-09-26T11:57:09.6884137Z #16 26.82 UpdatePublication.stale-recheck.cfg: NoDowngrade
2026-09-26T11:57:10.6795908Z #16 27.81 UpdatePublication.premature-rename.cfg: AtomicReady
2026-09-26T11:57:11.7247781Z #16 28.86 UpdatePublication.rollback.cfg: NoDowngrade
2026-09-26T11:57:12.7818745Z #16 29.92 UpdatePublication.post-failure-witness.cfg: NeverPostFailure
2026-09-26T11:57:13.7327295Z #16 30.87 UpdatePublication.concurrent-witness.cfg: NeverIndependentLocks
2026-09-26T11:57:14.8184800Z #16 31.95 UpdatePublication.recheck-witness.cfg: NeverRecheckSkip
2026-09-26T11:57:15.8083560Z #16 32.94 cfg/filemode-copy-m0644.cfg: clean
2026-09-26T11:57:16.7744928Z #16 33.91 cfg/filemode-copy-m0755.cfg: clean
2026-09-26T11:57:17.7335038Z #16 34.87 cfg/filemode-copy-m0600.cfg: clean
2026-09-26T11:57:18.7003669Z #16 35.83 cfg/filemode-template-m0644.cfg: clean
2026-09-26T11:57:19.6729114Z #16 36.81 cfg/filemode-template-m0755.cfg: clean
2026-09-26T11:57:20.6680496Z #16 37.80 cfg/filemode-template-m0600.cfg: clean
2026-09-26T11:57:21.6739724Z #16 38.81 cfg/filemode-merge-m0644.cfg: clean
2026-09-26T11:57:22.6784066Z #16 39.81 cfg/filemode-merge-m0755.cfg: clean
2026-09-26T11:57:23.6976302Z #16 40.83 cfg/filemode-merge-m0600.cfg: clean
2026-09-26T11:57:24.6021221Z #16 41.74 cfg/filemode-link-m0644.cfg: clean
2026-09-26T11:57:25.5010415Z #16 42.63 cfg/filemode-link-m0755.cfg: clean
2026-09-26T11:57:26.4082399Z #16 43.54 cfg/filemode-link-m0600.cfg: clean
2026-09-26T11:57:27.3051331Z #16 44.44 cfg/filemode-mutant-template-fixed0644.cfg: ExecSurvivesDeploy
2026-09-26T11:57:28.2202279Z #16 45.35 cfg/filemode-mutant-bytes-only.cfg: ChmodIsDrift
2026-09-26T11:57:29.1261591Z #16 46.26 cfg/filemode-mutant-prune.cfg: PruneRespectsDrift
2026-09-26T11:57:30.0339545Z #16 47.17 cfg/filemode-mutant-rollback.cfg: RollbackIsExact
2026-09-26T11:57:31.0392152Z #16 48.17 cfg/update-survey.cfg: clean
2026-09-26T11:57:31.9436931Z #16 49.08 cfg/update-survey-empty.cfg: clean
2026-09-26T11:57:32.8577403Z #16 49.99 cfg/update-survey-stop-first.cfg: CompleteSurvey
2026-09-26T11:57:33.7840038Z #16 50.92 cfg/update-survey-exit-conflation.cfg: HonestExit
2026-09-26T11:57:34.6801257Z #16 51.81 cfg/update-survey-publication.cfg: NoPublication
2026-09-26T11:57:35.7045577Z #16 52.84 cfg/http-retry.cfg: clean
2026-09-26T11:57:36.5987623Z #16 53.73 cfg/http-retry-terminal-replay.cfg: NoTerminalReplay
2026-09-26T11:57:37.4745047Z #16 54.61 cfg/http-retry-deadline-reset.cfg: FixedDeadline
2026-09-26T11:57:38.4306883Z #16 55.56 cfg/http-retry-attempt-overflow.cfg: BoundedAttempts
2026-09-26T11:57:39.7297883Z #16 56.86 cfg/credential-routing.cfg: clean
2026-09-26T11:57:40.6952312Z #16 57.83 cfg/credential-routing-base-authority.cfg: TokensStayBound
2026-09-26T11:57:41.6697920Z #16 58.80 cfg/credential-routing-redirect-forwarding.cfg: NoRedirectDisclosure
2026-09-26T11:57:42.6325485Z #16 59.77 cfg/credential-routing-repo-audience.cfg: TokensStayBound
2026-09-26T11:57:43.7916916Z #16 60.92 cfg/merge-boundary.cfg: clean
2026-09-26T11:57:44.7369975Z #16 61.87 cfg/merge-boundary-unclosed-marker.cfg: ForeignTextPreserved
2026-09-26T11:57:45.7437718Z #16 62.88 cfg/merge-boundary-first-mode.cfg: AllModeEvidenceRequired
2026-09-26T11:57:46.7079448Z #16 63.84 cfg/merge-boundary-first-prune.cfg: PruneNeedsWholeEvidence
2026-09-26T11:57:46.8772362Z #16 DONE 63.9s
2026-09-26T11:57:46.8772623Z 
2026-09-26T11:57:46.8772774Z #17 exporting to image
2026-09-26T11:57:46.8773148Z #17 exporting layers
2026-09-26T11:57:47.3732853Z #17 exporting layers 0.6s done
2026-09-26T11:57:47.3957126Z #17 writing image sha256:0d181bbff6172f1ee059ac71a94b04711b5ccd543a9ff6c61ce3b0621bdc2819 done
2026-09-26T11:57:47.3957861Z #17 naming to docker.io/library/gripsack-model done
2026-09-26T11:57:47.3958383Z #17 DONE 0.7s
2026-09-26T11:57:47.3958622Z 
2026-09-26T11:57:47.3958841Z #18 resolving provenance for metadata file
2026-09-26T11:57:47.3959326Z #18 DONE 0.0s
2026-09-26T11:57:47.5360474Z gate passed: model checks via scripts/check_models.sh (TLC, positive + calibrated negative configs)
2026-09-26T11:57:47.6054220Z ##[group]Run docker compose run --build --rm verify
2026-09-26T11:57:47.6054628Z [36;1mdocker compose run --build --rm verify[0m
2026-09-26T11:57:47.6116508Z shell: /usr/bin/bash -e {0}
2026-09-26T11:57:47.6116779Z ##[endgroup]
2026-09-26T11:57:47.7489899Z #1 [internal] load local bake definitions
2026-09-26T11:57:47.9390520Z #1 reading from stdin 400B done
2026-09-26T11:57:47.9390987Z #1 DONE 0.0s
2026-09-26T11:57:47.9391161Z 
2026-09-26T11:57:47.9391355Z #2 [internal] load build definition from Dockerfile
2026-09-26T11:57:47.9391844Z #2 transferring dockerfile: 10.04kB done
2026-09-26T11:57:47.9392225Z #2 DONE 0.0s
2026-09-26T11:57:47.9392379Z 
2026-09-26T11:57:47.9392695Z #3 resolve image config for docker-image://docker.io/docker/dockerfile:1
2026-09-26T11:57:48.0680609Z #3 DONE 0.3s
2026-09-26T11:57:48.2739427Z 
2026-09-26T11:57:48.2740282Z #4 docker-image://docker.io/docker/dockerfile:1@sha256:ecfaec9ed6d810b56388c508f4121597bfbba70d41a6dfeee4d8cad5f295fc32
2026-09-26T11:57:48.2741191Z #4 CACHED
2026-09-26T11:57:48.2741344Z 
2026-09-26T11:57:48.2741929Z #5 [internal] load metadata for docker.io/library/ubuntu:24.04@sha256:224a1869083a311ef3f13648a154ba79832fbef6364d31493642ca03082da254
2026-09-26T11:57:48.4858408Z #5 ...
2026-09-26T11:57:48.4858657Z 
2026-09-26T11:57:48.4858892Z #6 [auth] library/ubuntu:pull token for registry-1.docker.io
2026-09-26T11:57:48.4859324Z #6 DONE 0.0s
2026-09-26T11:57:48.6361576Z 
2026-09-26T11:57:48.9413470Z #5 [internal] load metadata for docker.io/library/ubuntu:24.04@sha256:224a1869083a311ef3f13648a154ba79832fbef6364d31493642ca03082da254
2026-09-26T11:57:48.9414634Z #5 DONE 0.8s
2026-09-26T11:57:49.0664589Z 
2026-09-26T11:57:49.0665348Z #7 [internal] load .dockerignore
2026-09-26T11:57:49.0666576Z #7 transferring context: 139B done
2026-09-26T11:57:49.0667332Z #7 DONE 0.0s
2026-09-26T11:57:49.0667582Z 
2026-09-26T11:57:49.0668298Z #8 [verify  1/11] FROM docker.io/library/ubuntu:24.04@sha256:224a1869083a311ef3f13648a154ba79832fbef6364d31493642ca03082da254
2026-09-26T11:57:49.0669810Z #8 resolve docker.io/library/ubuntu:24.04@sha256:224a1869083a311ef3f13648a154ba79832fbef6364d31493642ca03082da254 done
2026-09-26T11:57:49.0671146Z #8 sha256:224a1869083a311ef3f13648a154ba79832fbef6364d31493642ca03082da254 6.69kB / 6.69kB done
2026-09-26T11:57:49.0672312Z #8 sha256:a61567bd31828687156d735ea8eb01ba4e37636e225dd6a48ba94136a70d9d61 424B / 424B done
2026-09-26T11:57:49.0673534Z #8 sha256:b2b7ea366714195a1e1c5b2b578ece85c0b3920381a8654d038d9684f009613c 2.05kB / 2.05kB done
2026-09-26T11:57:49.0674774Z #8 sha256:e51aee9c82ec5dd5ba2add49c45c6d85d460512757e2615b69bcdf9469c7cb58 6.29MB / 29.76MB 0.1s
2026-09-26T11:57:49.1748153Z #8 ...
2026-09-26T11:57:49.1748618Z 
2026-09-26T11:57:49.1749129Z #9 [internal] load build context
2026-09-26T11:57:49.1750193Z #9 transferring context: 2.24MB 0.1s done
2026-09-26T11:57:49.1750917Z #9 DONE 0.1s
2026-09-26T11:57:49.1751358Z 
2026-09-26T11:57:49.1752161Z #8 [verify  1/11] FROM docker.io/library/ubuntu:24.04@sha256:224a1869083a311ef3f13648a154ba79832fbef6364d31493642ca03082da254
2026-09-26T11:57:49.1753762Z #8 sha256:e51aee9c82ec5dd5ba2add49c45c6d85d460512757e2615b69bcdf9469c7cb58 29.76MB / 29.76MB 0.2s done
2026-09-26T11:57:49.1755729Z #8 extracting sha256:e51aee9c82ec5dd5ba2add49c45c6d85d460512757e2615b69bcdf9469c7cb58
2026-09-26T11:57:49.3990923Z #8 ...
2026-09-26T11:57:49.3991528Z 
2026-09-26T11:57:49.3993070Z #10 [verify  4/11] ADD --checksum=sha256:7288c49a5bd6dbafd7b0b0d1f65956b91672da24b08f09242919af159be3418e https://github.com/Z3Prover/z3/releases/download/z3-4.16.0/z3-4.16.0-x64-glibc-2.39.zip /tmp/z3.zip
2026-09-26T11:57:49.3994689Z #10 DONE 0.4s
2026-09-26T11:57:49.3996045Z 
2026-09-26T11:57:49.3996953Z #8 [verify  1/11] FROM docker.io/library/ubuntu:24.04@sha256:224a1869083a311ef3f13648a154ba79832fbef6364d31493642ca03082da254
2026-09-26T11:57:50.2552338Z #8 extracting sha256:e51aee9c82ec5dd5ba2add49c45c6d85d460512757e2615b69bcdf9469c7cb58 1.0s done
2026-09-26T11:57:50.2553097Z #8 DONE 1.3s
2026-09-26T11:57:50.2553534Z 
2026-09-26T11:57:50.2554408Z #11 [verify  3/11] ADD --checksum=sha256:13d01e134c0620c3b29770874707d16c33b3d227c843a489c8ceb744d43c0a16 https://github.com/verus-lang/verus/releases/download/release/0.2026.09.06.8dea4a2/verus-0.2026.09.06.8dea4a2-x86-linux.zip /tmp/verus.zip
2026-09-26T11:57:54.3392637Z #11 DONE 5.4s
2026-09-26T11:57:54.3393047Z 
2026-09-26T11:57:54.3408473Z #12 [verify  2/11] RUN apt-get update -qq && apt-get install -y -qq --no-install-recommends     curl ca-certificates unzip build-essential     && rm -rf /var/lib/apt/lists/*
2026-09-26T11:58:01.0215117Z #12 10.77 debconf: delaying package configuration, since apt-utils is not installed
2026-09-26T11:58:01.2194345Z #12 10.80 (Reading database ... 
2026-09-26T11:58:01.2194913Z (Reading database ... 5%
2026-09-26T11:58:01.2195383Z (Reading database ... 10%
2026-09-26T11:58:01.2196021Z (Reading database ... 15%
2026-09-26T11:58:01.2196475Z (Reading database ... 20%
2026-09-26T11:58:01.2196888Z (Reading database ... 25%
2026-09-26T11:58:01.2197321Z (Reading database ... 30%
2026-09-26T11:58:01.2197741Z (Reading database ... 35%
2026-09-26T11:58:01.2198154Z (Reading database ... 40%
2026-09-26T11:58:01.2198561Z (Reading database ... 45%
2026-09-26T11:58:01.2198939Z (Reading database ... 50%
2026-09-26T11:58:01.2199224Z (Reading database ... 55%
2026-09-26T11:58:01.2199494Z (Reading database ... 60%
2026-09-26T11:58:01.2199757Z (Reading database ... 65%
2026-09-26T11:58:01.2200022Z (Reading database ... 70%
2026-09-26T11:58:01.2200284Z (Reading database ... 75%
2026-09-26T11:58:01.2200547Z (Reading database ... 80%
2026-09-26T11:58:01.2200873Z (Reading database ... 85%
2026-09-26T11:58:01.2201185Z (Reading database ... 90%
2026-09-26T11:58:01.2201448Z (Reading database ... 95%
2026-09-26T11:58:01.2201714Z (Reading database ... 100%
2026-09-26T11:58:01.2202124Z (Reading database ... 4381 files and directories currently installed.)
2026-09-26T11:58:01.2202900Z #12 10.80 Preparing to unpack .../perl-base_5.38.2-3.2ubuntu0.6_amd64.deb ...
2026-09-26T11:58:01.2203867Z #12 10.81 Unpacking perl-base (5.38.2-3.2ubuntu0.6) over (5.38.2-3.2ubuntu0.4) ...
2026-09-26T11:58:01.5383769Z #12 11.28 Setting up perl-base (5.38.2-3.2ubuntu0.6) ...
2026-09-26T11:58:01.6555498Z #12 11.30 (Reading database ... 
2026-09-26T11:58:01.6556237Z (Reading database ... 5%
2026-09-26T11:58:01.6556701Z (Reading database ... 10%
2026-09-26T11:58:01.6557284Z (Reading database ... 15%
2026-09-26T11:58:01.6557714Z (Reading database ... 20%
2026-09-26T11:58:01.6558156Z (Reading database ... 25%
2026-09-26T11:58:01.6558580Z (Reading database ... 30%
2026-09-26T11:58:01.6559004Z (Reading database ... 35%
2026-09-26T11:58:01.6559435Z (Reading database ... 40%
2026-09-26T11:58:01.6559868Z (Reading database ... 45%
2026-09-26T11:58:01.6560298Z (Reading database ... 50%
2026-09-26T11:58:01.6561089Z (Reading database ... 55%
2026-09-26T11:58:01.6561549Z (Reading database ... 60%
2026-09-26T11:58:01.6562031Z (Reading database ... 65%
2026-09-26T11:58:01.6562493Z (Reading database ... 70%
2026-09-26T11:58:01.6562978Z (Reading database ... 75%
2026-09-26T11:58:01.6563443Z (Reading database ... 80%
2026-09-26T11:58:01.6563872Z (Reading database ... 85%
2026-09-26T11:58:01.6564299Z (Reading database ... 90%
2026-09-26T11:58:01.6564727Z (Reading database ... 95%
2026-09-26T11:58:01.6565197Z (Reading database ... 100%
2026-09-26T11:58:01.6566055Z (Reading database ... 4381 files and directories currently installed.)
2026-09-26T11:58:01.6566877Z #12 11.31 Preparing to unpack .../libc6_2.39-0ubuntu8.9_amd64.deb ...
2026-09-26T11:58:01.6567574Z #12 11.37 debconf: unable to initialize frontend: Dialog
2026-09-26T11:58:01.6568027Z #12 11.37 debconf: (TERM is not set, so the dialog frontend is not usable.)
2026-09-26T11:58:01.6568438Z #12 11.37 debconf: falling back to frontend: Readline
2026-09-26T11:58:01.6568872Z #12 11.37 debconf: unable to initialize frontend: Readline
2026-09-26T11:58:01.6571169Z #12 11.37 debconf: (Can't locate Term/ReadLine.pm in @INC (you may need to install the Term::ReadLine module) (@INC entries checked: /etc/perl /usr/local/lib/x86_64-linux-gnu/perl/5.38.2 /usr/local/share/perl/5.38.2 /usr/lib/x86_64-linux-gnu/perl5/5.38 /usr/share/perl5 /usr/lib/x86_64-linux-gnu/perl-base /usr/lib/x86_64-linux-gnu/perl/5.38 /usr/share/perl/5.38 /usr/local/lib/site_perl) at /usr/share/perl5/Debconf/FrontEnd/Readline.pm line 8.)
2026-09-26T11:58:01.6572754Z #12 11.37 debconf: falling back to frontend: Teletype
2026-09-26T11:58:01.6573168Z #12 11.40 Unpacking libc6:amd64 (2.39-0ubuntu8.9) over (2.39-0ubuntu8.8) ...
2026-09-26T11:58:01.9130135Z #12 11.66 Setting up libc6:amd64 (2.39-0ubuntu8.9) ...
2026-09-26T11:58:02.1224954Z #12 11.72 debconf: unable to initialize frontend: Dialog
2026-09-26T11:58:02.1226195Z #12 11.72 debconf: (TERM is not set, so the dialog frontend is not usable.)
2026-09-26T11:58:02.1227117Z #12 11.72 debconf: falling back to frontend: Readline
2026-09-26T11:58:02.1227646Z #12 11.72 debconf: unable to initialize frontend: Readline
2026-09-26T11:58:02.1230154Z #12 11.72 debconf: (Can't locate Term/ReadLine.pm in @INC (you may need to install the Term::ReadLine module) (@INC entries checked: /etc/perl /usr/local/lib/x86_64-linux-gnu/perl/5.38.2 /usr/local/share/perl/5.38.2 /usr/lib/x86_64-linux-gnu/perl5/5.38 /usr/share/perl5 /usr/lib/x86_64-linux-gnu/perl-base /usr/lib/x86_64-linux-gnu/perl/5.38 /usr/share/perl/5.38 /usr/local/lib/site_perl) at /usr/share/perl5/Debconf/FrontEnd/Readline.pm line 8.)
2026-09-26T11:58:02.1232608Z #12 11.72 debconf: falling back to frontend: Teletype
2026-09-26T11:58:03.2447976Z #12 12.75 (Reading database ... 
2026-09-26T11:58:03.2448866Z (Reading database ... 5%
2026-09-26T11:58:03.2449521Z (Reading database ... 10%
2026-09-26T11:58:03.2450006Z (Reading database ... 15%
2026-09-26T11:58:03.2450472Z (Reading database ... 20%
2026-09-26T11:58:03.2450909Z (Reading database ... 25%
2026-09-26T11:58:03.2451335Z (Reading database ... 30%
2026-09-26T11:58:03.2451806Z (Reading database ... 35%
2026-09-26T11:58:03.2452264Z (Reading database ... 40%
2026-09-26T11:58:03.2452743Z (Reading database ... 45%
2026-09-26T11:58:03.2453094Z (Reading database ... 50%
2026-09-26T11:58:03.2453377Z (Reading database ... 55%
2026-09-26T11:58:03.2453664Z (Reading database ... 60%
2026-09-26T11:58:03.2453946Z (Reading database ... 65%
2026-09-26T11:58:03.2454233Z (Reading database ... 70%
2026-09-26T11:58:03.2454531Z (Reading database ... 75%
2026-09-26T11:58:03.2454818Z (Reading database ... 80%
2026-09-26T11:58:03.2455103Z (Reading database ... 85%
2026-09-26T11:58:03.2455387Z (Reading database ... 90%
2026-09-26T11:58:03.2455673Z (Reading database ... 95%
2026-09-26T11:58:03.2456304Z (Reading database ... 100%
2026-09-26T11:58:03.2456671Z (Reading database ... 4381 files and directories currently installed.)
2026-09-26T11:58:03.2457178Z #12 12.76 Preparing to unpack .../libc-bin_2.39-0ubuntu8.9_amd64.deb ...
2026-09-26T11:58:03.2457924Z #12 12.76 Unpacking libc-bin (2.39-0ubuntu8.9) over (2.39-0ubuntu8.8) ...
2026-09-26T11:58:03.2458341Z #12 12.80 Setting up libc-bin (2.39-0ubuntu8.9) ...
2026-09-26T11:58:03.2458747Z #12 12.83 Selecting previously unselected package perl-modules-5.38.
2026-09-26T11:58:03.2459122Z #12 12.83 (Reading database ... 
2026-09-26T11:58:03.2459374Z (Reading database ... 5%
2026-09-26T11:58:03.2459623Z (Reading database ... 10%
2026-09-26T11:58:03.2459869Z (Reading database ... 15%
2026-09-26T11:58:03.2460099Z (Reading database ... 20%
2026-09-26T11:58:03.2460325Z (Reading database ... 25%
2026-09-26T11:58:03.2460552Z (Reading database ... 30%
2026-09-26T11:58:03.2460780Z (Reading database ... 35%
2026-09-26T11:58:03.2461011Z (Reading database ... 40%
2026-09-26T11:58:03.2461238Z (Reading database ... 45%
2026-09-26T11:58:03.2461464Z (Reading database ... 50%
2026-09-26T11:58:03.2461692Z (Reading database ... 55%
2026-09-26T11:58:03.2461925Z (Reading database ... 60%
2026-09-26T11:58:03.2462155Z (Reading database ... 65%
2026-09-26T11:58:03.2462388Z (Reading database ... 70%
2026-09-26T11:58:03.2462616Z (Reading database ... 75%
2026-09-26T11:58:03.2462994Z (Reading database ... 80%
2026-09-26T11:58:03.2463229Z (Reading database ... 85%
2026-09-26T11:58:03.2463457Z (Reading database ... 90%
2026-09-26T11:58:03.2463693Z (Reading database ... 95%
2026-09-26T11:58:03.2463927Z (Reading database ... 100%
2026-09-26T11:58:03.2464266Z (Reading database ... 4381 files and directories currently installed.)
2026-09-26T11:58:03.2464786Z #12 12.84 Preparing to unpack .../00-perl-modules-5.38_5.38.2-3.2ubuntu0.6_all.deb ...
2026-09-26T11:58:03.2465283Z #12 12.84 Unpacking perl-modules-5.38 (5.38.2-3.2ubuntu0.6) ...
2026-09-26T11:58:03.3491601Z #12 13.09 Selecting previously unselected package libgdbm6t64:amd64.
2026-09-26T11:58:03.5287215Z #12 13.09 Preparing to unpack .../01-libgdbm6t64_1.23-5.1build1_amd64.deb ...
2026-09-26T11:58:03.5287996Z #12 13.10 Unpacking libgdbm6t64:amd64 (1.23-5.1build1) ...
2026-09-26T11:58:03.5288746Z #12 13.11 Selecting previously unselected package libgdbm-compat4t64:amd64.
2026-09-26T11:58:03.5289394Z #12 13.11 Preparing to unpack .../02-libgdbm-compat4t64_1.23-5.1build1_amd64.deb ...
2026-09-26T11:58:03.5290363Z #12 13.11 Unpacking libgdbm-compat4t64:amd64 (1.23-5.1build1) ...
2026-09-26T11:58:03.5291226Z #12 13.12 Selecting previously unselected package libperl5.38t64:amd64.
2026-09-26T11:58:03.5292200Z #12 13.12 Preparing to unpack .../03-libperl5.38t64_5.38.2-3.2ubuntu0.6_amd64.deb ...
2026-09-26T11:58:03.5293127Z #12 13.12 Unpacking libperl5.38t64:amd64 (5.38.2-3.2ubuntu0.6) ...
2026-09-26T11:58:03.5400684Z #12 13.28 Selecting previously unselected package perl.
2026-09-26T11:58:03.6458098Z #12 13.29 Preparing to unpack .../04-perl_5.38.2-3.2ubuntu0.6_amd64.deb ...
2026-09-26T11:58:03.6458619Z #12 13.29 Unpacking perl (5.38.2-3.2ubuntu0.6) ...
2026-09-26T11:58:03.6459035Z #12 13.31 Selecting previously unselected package openssl.
2026-09-26T11:58:03.6459543Z #12 13.31 Preparing to unpack .../05-openssl_3.0.13-0ubuntu3.15_amd64.deb ...
2026-09-26T11:58:03.6459990Z #12 13.31 Unpacking openssl (3.0.13-0ubuntu3.15) ...
2026-09-26T11:58:03.6460417Z #12 13.34 Selecting previously unselected package ca-certificates.
2026-09-26T11:58:03.6460927Z #12 13.34 Preparing to unpack .../06-ca-certificates_20260601~24.04.1_all.deb ...
2026-09-26T11:58:03.6461398Z #12 13.34 Unpacking ca-certificates (20260601~24.04.1) ...
2026-09-26T11:58:03.6461848Z #12 13.38 Selecting previously unselected package libkrb5support0:amd64.
2026-09-26T11:58:03.6462391Z #12 13.38 Preparing to unpack .../07-libkrb5support0_1.20.1-6ubuntu2.10_amd64.deb ...
2026-09-26T11:58:03.6462915Z #12 13.38 Unpacking libkrb5support0:amd64 (1.20.1-6ubuntu2.10) ...
2026-09-26T11:58:03.6463390Z #12 13.39 Selecting previously unselected package libk5crypto3:amd64.
2026-09-26T11:58:03.7637807Z #12 13.39 Preparing to unpack .../08-libk5crypto3_1.20.1-6ubuntu2.10_amd64.deb ...
2026-09-26T11:58:03.7638899Z #12 13.39 Unpacking libk5crypto3:amd64 (1.20.1-6ubuntu2.10) ...
2026-09-26T11:58:03.7639358Z #12 13.40 Selecting previously unselected package libkeyutils1:amd64.
2026-09-26T11:58:03.7639862Z #12 13.40 Preparing to unpack .../09-libkeyutils1_1.6.3-3build1_amd64.deb ...
2026-09-26T11:58:03.7640290Z #12 13.41 Unpacking libkeyutils1:amd64 (1.6.3-3build1) ...
2026-09-26T11:58:03.7640685Z #12 13.42 Selecting previously unselected package libkrb5-3:amd64.
2026-09-26T11:58:03.7641201Z #12 13.42 Preparing to unpack .../10-libkrb5-3_1.20.1-6ubuntu2.10_amd64.deb ...
2026-09-26T11:58:03.7642051Z #12 13.42 Unpacking libkrb5-3:amd64 (1.20.1-6ubuntu2.10) ...
2026-09-26T11:58:03.7642606Z #12 13.43 Selecting previously unselected package libgssapi-krb5-2:amd64.
2026-09-26T11:58:03.7643377Z #12 13.43 Preparing to unpack .../11-libgssapi-krb5-2_1.20.1-6ubuntu2.10_amd64.deb ...
2026-09-26T11:58:03.7644159Z #12 13.44 Unpacking libgssapi-krb5-2:amd64 (1.20.1-6ubuntu2.10) ...
2026-09-26T11:58:03.7644782Z #12 13.45 Selecting previously unselected package libjansson4:amd64.
2026-09-26T11:58:03.7645659Z #12 13.45 Preparing to unpack .../12-libjansson4_2.14-2build2_amd64.deb ...
2026-09-26T11:58:03.7646645Z #12 13.45 Unpacking libjansson4:amd64 (2.14-2build2) ...
2026-09-26T11:58:03.7647185Z #12 13.46 Selecting previously unselected package libnghttp2-14:amd64.
2026-09-26T11:58:03.7648067Z #12 13.46 Preparing to unpack .../13-libnghttp2-14_1.59.0-1ubuntu0.4_amd64.deb ...
2026-09-26T11:58:03.7648923Z #12 13.46 Unpacking libnghttp2-14:amd64 (1.59.0-1ubuntu0.4) ...
2026-09-26T11:58:03.7649651Z #12 13.47 Selecting previously unselected package libpsl5t64:amd64.
2026-09-26T11:58:03.7650652Z #12 13.48 Preparing to unpack .../14-libpsl5t64_0.21.2-1.1build1_amd64.deb ...
2026-09-26T11:58:03.7651409Z #12 13.48 Unpacking libpsl5t64:amd64 (0.21.2-1.1build1) ...
2026-09-26T11:58:03.7652050Z #12 13.49 Selecting previously unselected package xz-utils.
2026-09-26T11:58:03.7652834Z #12 13.49 Preparing to unpack .../15-xz-utils_5.6.1+really5.4.5-1ubuntu0.3_amd64.deb ...
2026-09-26T11:58:03.7653694Z #12 13.49 Unpacking xz-utils (5.6.1+really5.4.5-1ubuntu0.3) ...
2026-09-26T11:58:03.7654587Z #12 13.51 Selecting previously unselected package binutils-common:amd64.
2026-09-26T11:58:03.8637696Z #12 13.51 Preparing to unpack .../16-binutils-common_2.42-4ubuntu2.10_amd64.deb ...
2026-09-26T11:58:03.8638445Z #12 13.51 Unpacking binutils-common:amd64 (2.42-4ubuntu2.10) ...
2026-09-26T11:58:03.8639030Z #12 13.52 Selecting previously unselected package libsframe1:amd64.
2026-09-26T11:58:03.8639831Z #12 13.52 Preparing to unpack .../17-libsframe1_2.42-4ubuntu2.10_amd64.deb ...
2026-09-26T11:58:03.8640509Z #12 13.52 Unpacking libsframe1:amd64 (2.42-4ubuntu2.10) ...
2026-09-26T11:58:03.8641073Z #12 13.54 Selecting previously unselected package libbinutils:amd64.
2026-09-26T11:58:03.8641645Z #12 13.54 Preparing to unpack .../18-libbinutils_2.42-4ubuntu2.10_amd64.deb ...
2026-09-26T11:58:03.8642390Z #12 13.54 Unpacking libbinutils:amd64 (2.42-4ubuntu2.10) ...
2026-09-26T11:58:03.8642958Z #12 13.56 Selecting previously unselected package libctf-nobfd0:amd64.
2026-09-26T11:58:03.8643666Z #12 13.56 Preparing to unpack .../19-libctf-nobfd0_2.42-4ubuntu2.10_amd64.deb ...
2026-09-26T11:58:03.8658611Z #12 13.56 Unpacking libctf-nobfd0:amd64 (2.42-4ubuntu2.10) ...
2026-09-26T11:58:03.8659352Z #12 13.57 Selecting previously unselected package libctf0:amd64.
2026-09-26T11:58:03.8660654Z #12 13.57 Preparing to unpack .../20-libctf0_2.42-4ubuntu2.10_amd64.deb ...
2026-09-26T11:58:03.8661329Z #12 13.57 Unpacking libctf0:amd64 (2.42-4ubuntu2.10) ...
2026-09-26T11:58:03.8661995Z #12 13.58 Selecting previously unselected package libgprofng0:amd64.
2026-09-26T11:58:03.8662765Z #12 13.58 Preparing to unpack .../21-libgprofng0_2.42-4ubuntu2.10_amd64.deb ...
2026-09-26T11:58:03.8663453Z #12 13.58 Unpacking libgprofng0:amd64 (2.42-4ubuntu2.10) ...
2026-09-26T11:58:03.8664184Z #12 13.61 Selecting previously unselected package binutils-x86-64-linux-gnu.
2026-09-26T11:58:04.1127445Z #12 13.61 Preparing to unpack .../22-binutils-x86-64-linux-gnu_2.42-4ubuntu2.10_amd64.deb ...
2026-09-26T11:58:04.1130549Z #12 13.61 Unpacking binutils-x86-64-linux-gnu (2.42-4ubuntu2.10) ...
2026-09-26T11:58:04.1131342Z #12 13.68 Selecting previously unselected package binutils.
2026-09-26T11:58:04.1132101Z #12 13.68 Preparing to unpack .../23-binutils_2.42-4ubuntu2.10_amd64.deb ...
2026-09-26T11:58:04.1132802Z #12 13.68 Unpacking binutils (2.42-4ubuntu2.10) ...
2026-09-26T11:58:04.1133431Z #12 13.69 Selecting previously unselected package libc-dev-bin.
2026-09-26T11:58:04.1134196Z #12 13.69 Preparing to unpack .../24-libc-dev-bin_2.39-0ubuntu8.9_amd64.deb ...
2026-09-26T11:58:04.1134922Z #12 13.69 Unpacking libc-dev-bin (2.39-0ubuntu8.9) ...
2026-09-26T11:58:04.1135613Z #12 13.70 Selecting previously unselected package linux-libc-dev:amd64.
2026-09-26T11:58:04.1136721Z #12 13.71 Preparing to unpack .../25-linux-libc-dev_6.8.0-142.142_amd64.deb ...
2026-09-26T11:58:04.1137461Z #12 13.71 Unpacking linux-libc-dev:amd64 (6.8.0-142.142) ...
2026-09-26T11:58:04.1495429Z #12 13.89 Selecting previously unselected package libcrypt-dev:amd64.
2026-09-26T11:58:04.3092960Z #12 13.89 Preparing to unpack .../26-libcrypt-dev_1%3a4.4.36-4build1_amd64.deb ...
2026-09-26T11:58:04.3093776Z #12 13.90 Unpacking libcrypt-dev:amd64 (1:4.4.36-4build1) ...
2026-09-26T11:58:04.3094585Z #12 13.91 Selecting previously unselected package rpcsvc-proto.
2026-09-26T11:58:04.3095377Z #12 13.91 Preparing to unpack .../27-rpcsvc-proto_1.4.2-0ubuntu7_amd64.deb ...
2026-09-26T11:58:04.3096358Z #12 13.91 Unpacking rpcsvc-proto (1.4.2-0ubuntu7) ...
2026-09-26T11:58:04.3097016Z #12 13.93 Selecting previously unselected package libc6-dev:amd64.
2026-09-26T11:58:04.3097755Z #12 13.93 Preparing to unpack .../28-libc6-dev_2.39-0ubuntu8.9_amd64.deb ...
2026-09-26T11:58:04.3098448Z #12 13.93 Unpacking libc6-dev:amd64 (2.39-0ubuntu8.9) ...
2026-09-26T11:58:04.3099114Z #12 14.05 Selecting previously unselected package gcc-13-base:amd64.
2026-09-26T11:58:04.4952991Z #12 14.05 Preparing to unpack .../29-gcc-13-base_13.3.0-6ubuntu2~24.04.1_amd64.deb ...
2026-09-26T11:58:04.4953609Z #12 14.06 Unpacking gcc-13-base:amd64 (13.3.0-6ubuntu2~24.04.1) ...
2026-09-26T11:58:04.4954108Z #12 14.07 Selecting previously unselected package libisl23:amd64.
2026-09-26T11:58:04.4954618Z #12 14.07 Preparing to unpack .../30-libisl23_0.26-3build1.1_amd64.deb ...
2026-09-26T11:58:04.4955065Z #12 14.07 Unpacking libisl23:amd64 (0.26-3build1.1) ...
2026-09-26T11:58:04.4955492Z #12 14.09 Selecting previously unselected package libmpfr6:amd64.
2026-09-26T11:58:04.4956185Z #12 14.09 Preparing to unpack .../31-libmpfr6_4.2.1-1build1.1_amd64.deb ...
2026-09-26T11:58:04.4956654Z #12 14.09 Unpacking libmpfr6:amd64 (4.2.1-1build1.1) ...
2026-09-26T11:58:04.4957074Z #12 14.11 Selecting previously unselected package libmpc3:amd64.
2026-09-26T11:58:04.4957546Z #12 14.11 Preparing to unpack .../32-libmpc3_1.3.1-1build1.1_amd64.deb ...
2026-09-26T11:58:04.4957985Z #12 14.11 Unpacking libmpc3:amd64 (1.3.1-1build1.1) ...
2026-09-26T11:58:04.4958445Z #12 14.12 Selecting previously unselected package cpp-13-x86-64-linux-gnu.
2026-09-26T11:58:04.4959066Z #12 14.12 Preparing to unpack .../33-cpp-13-x86-64-linux-gnu_13.3.0-6ubuntu2~24.04.1_amd64.deb ...
2026-09-26T11:58:04.4959941Z #12 14.12 Unpacking cpp-13-x86-64-linux-gnu (13.3.0-6ubuntu2~24.04.1) ...
2026-09-26T11:58:04.4960392Z #12 14.24 Selecting previously unselected package cpp-13.
2026-09-26T11:58:04.6428426Z #12 14.24 Preparing to unpack .../34-cpp-13_13.3.0-6ubuntu2~24.04.1_amd64.deb ...
2026-09-26T11:58:04.6429156Z #12 14.24 Unpacking cpp-13 (13.3.0-6ubuntu2~24.04.1) ...
2026-09-26T11:58:04.6429626Z #12 14.25 Selecting previously unselected package cpp-x86-64-linux-gnu.
2026-09-26T11:58:04.6430224Z #12 14.25 Preparing to unpack .../35-cpp-x86-64-linux-gnu_4%3a13.2.0-7ubuntu1_amd64.deb ...
2026-09-26T11:58:04.6430792Z #12 14.25 Unpacking cpp-x86-64-linux-gnu (4:13.2.0-7ubuntu1) ...
2026-09-26T11:58:04.6431219Z #12 14.26 Selecting previously unselected package cpp.
2026-09-26T11:58:04.6431972Z #12 14.27 Preparing to unpack .../36-cpp_4%3a13.2.0-7ubuntu1_amd64.deb ...
2026-09-26T11:58:04.6432409Z #12 14.27 Unpacking cpp (4:13.2.0-7ubuntu1) ...
2026-09-26T11:58:04.6432825Z #12 14.28 Selecting previously unselected package libcc1-0:amd64.
2026-09-26T11:58:04.6433338Z #12 14.28 Preparing to unpack .../37-libcc1-0_14.2.0-4ubuntu2~24.04.1_amd64.deb ...
2026-09-26T11:58:04.6433838Z #12 14.28 Unpacking libcc1-0:amd64 (14.2.0-4ubuntu2~24.04.1) ...
2026-09-26T11:58:04.6434281Z #12 14.29 Selecting previously unselected package libgomp1:amd64.
2026-09-26T11:58:04.6434779Z #12 14.30 Preparing to unpack .../38-libgomp1_14.2.0-4ubuntu2~24.04.1_amd64.deb ...
2026-09-26T11:58:04.6435272Z #12 14.30 Unpacking libgomp1:amd64 (14.2.0-4ubuntu2~24.04.1) ...
2026-09-26T11:58:04.6435704Z #12 14.31 Selecting previously unselected package libitm1:amd64.
2026-09-26T11:58:04.6436717Z #12 14.31 Preparing to unpack .../39-libitm1_14.2.0-4ubuntu2~24.04.1_amd64.deb ...
2026-09-26T11:58:04.6437757Z #12 14.31 Unpacking libitm1:amd64 (14.2.0-4ubuntu2~24.04.1) ...
2026-09-26T11:58:04.6438721Z #12 14.32 Selecting previously unselected package libatomic1:amd64.
2026-09-26T11:58:04.6439871Z #12 14.32 Preparing to unpack .../40-libatomic1_14.2.0-4ubuntu2~24.04.1_amd64.deb ...
2026-09-26T11:58:04.6440800Z #12 14.32 Unpacking libatomic1:amd64 (14.2.0-4ubuntu2~24.04.1) ...
2026-09-26T11:58:04.6441356Z #12 14.34 Selecting previously unselected package libasan8:amd64.
2026-09-26T11:58:04.6442005Z #12 14.34 Preparing to unpack .../41-libasan8_14.2.0-4ubuntu2~24.04.1_amd64.deb ...
2026-09-26T11:58:04.6442591Z #12 14.34 Unpacking libasan8:amd64 (14.2.0-4ubuntu2~24.04.1) ...
2026-09-26T11:58:04.6443131Z #12 14.39 Selecting previously unselected package liblsan0:amd64.
2026-09-26T11:58:04.7432285Z #12 14.39 Preparing to unpack .../42-liblsan0_14.2.0-4ubuntu2~24.04.1_amd64.deb ...
2026-09-26T11:58:04.7433703Z #12 14.39 Unpacking liblsan0:amd64 (14.2.0-4ubuntu2~24.04.1) ...
2026-09-26T11:58:04.7434530Z #12 14.41 Selecting previously unselected package libtsan2:amd64.
2026-09-26T11:58:04.7435507Z #12 14.42 Preparing to unpack .../43-libtsan2_14.2.0-4ubuntu2~24.04.1_amd64.deb ...
2026-09-26T11:58:04.7436608Z #12 14.42 Unpacking libtsan2:amd64 (14.2.0-4ubuntu2~24.04.1) ...
2026-09-26T11:58:04.7437148Z #12 14.46 Selecting previously unselected package libubsan1:amd64.
2026-09-26T11:58:04.7438024Z #12 14.46 Preparing to unpack .../44-libubsan1_14.2.0-4ubuntu2~24.04.1_amd64.deb ...
2026-09-26T11:58:04.7438695Z #12 14.46 Unpacking libubsan1:amd64 (14.2.0-4ubuntu2~24.04.1) ...
2026-09-26T11:58:04.7439396Z #12 14.49 Selecting previously unselected package libhwasan0:amd64.
2026-09-26T11:58:04.7440478Z #12 14.49 Preparing to unpack .../45-libhwasan0_14.2.0-4ubuntu2~24.04.1_amd64.deb ...
2026-09-26T11:58:04.8746670Z #12 14.49 Unpacking libhwasan0:amd64 (14.2.0-4ubuntu2~24.04.1) ...
2026-09-26T11:58:04.8747598Z #12 14.52 Selecting previously unselected package libquadmath0:amd64.
2026-09-26T11:58:04.8748365Z #12 14.52 Preparing to unpack .../46-libquadmath0_14.2.0-4ubuntu2~24.04.1_amd64.deb ...
2026-09-26T11:58:04.8749129Z #12 14.52 Unpacking libquadmath0:amd64 (14.2.0-4ubuntu2~24.04.1) ...
2026-09-26T11:58:04.8749804Z #12 14.53 Selecting previously unselected package libgcc-13-dev:amd64.
2026-09-26T11:58:04.8750558Z #12 14.53 Preparing to unpack .../47-libgcc-13-dev_13.3.0-6ubuntu2~24.04.1_amd64.deb ...
2026-09-26T11:58:04.8751302Z #12 14.53 Unpacking libgcc-13-dev:amd64 (13.3.0-6ubuntu2~24.04.1) ...
2026-09-26T11:58:04.8751981Z #12 14.62 Selecting previously unselected package gcc-13-x86-64-linux-gnu.
2026-09-26T11:58:05.0274046Z #12 14.62 Preparing to unpack .../48-gcc-13-x86-64-linux-gnu_13.3.0-6ubuntu2~24.04.1_amd64.deb ...
2026-09-26T11:58:05.0275089Z #12 14.62 Unpacking gcc-13-x86-64-linux-gnu (13.3.0-6ubuntu2~24.04.1) ...
2026-09-26T11:58:05.0969716Z #12 14.84 Selecting previously unselected package gcc-13.
2026-09-26T11:58:05.2959616Z #12 14.84 Preparing to unpack .../49-gcc-13_13.3.0-6ubuntu2~24.04.1_amd64.deb ...
2026-09-26T11:58:05.2960963Z #12 14.84 Unpacking gcc-13 (13.3.0-6ubuntu2~24.04.1) ...
2026-09-26T11:58:05.2961803Z #12 14.86 Selecting previously unselected package gcc-x86-64-linux-gnu.
2026-09-26T11:58:05.2962894Z #12 14.86 Preparing to unpack .../50-gcc-x86-64-linux-gnu_4%3a13.2.0-7ubuntu1_amd64.deb ...
2026-09-26T11:58:05.2963897Z #12 14.86 Unpacking gcc-x86-64-linux-gnu (4:13.2.0-7ubuntu1) ...
2026-09-26T11:58:05.2964673Z #12 14.87 Selecting previously unselected package gcc.
2026-09-26T11:58:05.2965489Z #12 14.87 Preparing to unpack .../51-gcc_4%3a13.2.0-7ubuntu1_amd64.deb ...
2026-09-26T11:58:05.2966414Z #12 14.87 Unpacking gcc (4:13.2.0-7ubuntu1) ...
2026-09-26T11:58:05.2966926Z #12 14.89 Selecting previously unselected package libstdc++-13-dev:amd64.
2026-09-26T11:58:05.2967594Z #12 14.89 Preparing to unpack .../52-libstdc++-13-dev_13.3.0-6ubuntu2~24.04.1_amd64.deb ...
2026-09-26T11:58:05.2968246Z #12 14.89 Unpacking libstdc++-13-dev:amd64 (13.3.0-6ubuntu2~24.04.1) ...
2026-09-26T11:58:05.3342440Z #12 15.08 Selecting previously unselected package g++-13-x86-64-linux-gnu.
2026-09-26T11:58:05.4646745Z #12 15.08 Preparing to unpack .../53-g++-13-x86-64-linux-gnu_13.3.0-6ubuntu2~24.04.1_amd64.deb ...
2026-09-26T11:58:05.4647907Z #12 15.08 Unpacking g++-13-x86-64-linux-gnu (13.3.0-6ubuntu2~24.04.1) ...
2026-09-26T11:58:05.4648422Z #12 15.21 Selecting previously unselected package g++-13.
2026-09-26T11:58:05.5658971Z #12 15.21 Preparing to unpack .../54-g++-13_13.3.0-6ubuntu2~24.04.1_amd64.deb ...
2026-09-26T11:58:05.5659729Z #12 15.21 Unpacking g++-13 (13.3.0-6ubuntu2~24.04.1) ...
2026-09-26T11:58:05.5660391Z #12 15.22 Selecting previously unselected package g++-x86-64-linux-gnu.
2026-09-26T11:58:05.5661227Z #12 15.22 Preparing to unpack .../55-g++-x86-64-linux-gnu_4%3a13.2.0-7ubuntu1_amd64.deb ...
2026-09-26T11:58:05.5662002Z #12 15.22 Unpacking g++-x86-64-linux-gnu (4:13.2.0-7ubuntu1) ...
2026-09-26T11:58:05.5662604Z #12 15.23 Selecting previously unselected package g++.
2026-09-26T11:58:05.5663244Z #12 15.23 Preparing to unpack .../56-g++_4%3a13.2.0-7ubuntu1_amd64.deb ...
2026-09-26T11:58:05.5663881Z #12 15.24 Unpacking g++ (4:13.2.0-7ubuntu1) ...
2026-09-26T11:58:05.5664418Z #12 15.25 Selecting previously unselected package make.
2026-09-26T11:58:05.5665039Z #12 15.25 Preparing to unpack .../57-make_4.3-4.1build2_amd64.deb ...
2026-09-26T11:58:05.5665618Z #12 15.25 Unpacking make (4.3-4.1build2) ...
2026-09-26T11:58:05.5666378Z #12 15.26 Selecting previously unselected package libdpkg-perl.
2026-09-26T11:58:05.5667080Z #12 15.26 Preparing to unpack .../58-libdpkg-perl_1.22.6ubuntu6.6_all.deb ...
2026-09-26T11:58:05.5667740Z #12 15.26 Unpacking libdpkg-perl (1.22.6ubuntu6.6) ...
2026-09-26T11:58:05.5668294Z #12 15.29 Selecting previously unselected package bzip2.
2026-09-26T11:58:05.5668929Z #12 15.30 Preparing to unpack .../59-bzip2_1.0.8-5.1ubuntu0.1_amd64.deb ...
2026-09-26T11:58:05.5669591Z #12 15.30 Unpacking bzip2 (1.0.8-5.1ubuntu0.1) ...
2026-09-26T11:58:05.5670207Z #12 15.31 Selecting previously unselected package patch.
2026-09-26T11:58:05.6691824Z #12 15.31 Preparing to unpack .../60-patch_2.7.6-7build3_amd64.deb ...
2026-09-26T11:58:05.6692535Z #12 15.31 Unpacking patch (2.7.6-7build3) ...
2026-09-26T11:58:05.6693193Z #12 15.32 Selecting previously unselected package lto-disabled-list.
2026-09-26T11:58:05.6693946Z #12 15.32 Preparing to unpack .../61-lto-disabled-list_47_all.deb ...
2026-09-26T11:58:05.6694574Z #12 15.32 Unpacking lto-disabled-list (47) ...
2026-09-26T11:58:05.6695152Z #12 15.34 Selecting previously unselected package dpkg-dev.
2026-09-26T11:58:05.6696015Z #12 15.34 Preparing to unpack .../62-dpkg-dev_1.22.6ubuntu6.6_all.deb ...
2026-09-26T11:58:05.6696667Z #12 15.34 Unpacking dpkg-dev (1.22.6ubuntu6.6) ...
2026-09-26T11:58:05.6697280Z #12 15.37 Selecting previously unselected package build-essential.
2026-09-26T11:58:05.6698037Z #12 15.37 Preparing to unpack .../63-build-essential_12.10ubuntu1_amd64.deb ...
2026-09-26T11:58:05.6698730Z #12 15.37 Unpacking build-essential (12.10ubuntu1) ...
2026-09-26T11:58:05.6699641Z #12 15.38 Selecting previously unselected package libbrotli1:amd64.
2026-09-26T11:58:05.6700372Z #12 15.38 Preparing to unpack .../64-libbrotli1_1.1.0-2build2_amd64.deb ...
2026-09-26T11:58:05.6701051Z #12 15.39 Unpacking libbrotli1:amd64 (1.1.0-2build2) ...
2026-09-26T11:58:05.6701829Z #12 15.40 Selecting previously unselected package libsasl2-modules-db:amd64.
2026-09-26T11:58:05.6702860Z #12 15.40 Preparing to unpack .../65-libsasl2-modules-db_2.1.28+dfsg1-5ubuntu3.1_amd64.deb ...
2026-09-26T11:58:05.6703556Z #12 15.40 Unpacking libsasl2-modules-db:amd64 (2.1.28+dfsg1-5ubuntu3.1) ...
2026-09-26T11:58:05.6704459Z #12 15.41 Selecting previously unselected package libsasl2-2:amd64.
2026-09-26T11:58:05.7958850Z #12 15.41 Preparing to unpack .../66-libsasl2-2_2.1.28+dfsg1-5ubuntu3.1_amd64.deb ...
2026-09-26T11:58:05.7959963Z #12 15.42 Unpacking libsasl2-2:amd64 (2.1.28+dfsg1-5ubuntu3.1) ...
2026-09-26T11:58:05.7960922Z #12 15.43 Selecting previously unselected package libldap2:amd64.
2026-09-26T11:58:05.7961777Z #12 15.43 Preparing to unpack .../67-libldap2_2.6.10+dfsg-0ubuntu0.24.04.1_amd64.deb ...
2026-09-26T11:58:05.7962751Z #12 15.43 Unpacking libldap2:amd64 (2.6.10+dfsg-0ubuntu0.24.04.1) ...
2026-09-26T11:58:05.7963797Z #12 15.44 Selecting previously unselected package librtmp1:amd64.
2026-09-26T11:58:05.7964798Z #12 15.44 Preparing to unpack .../68-librtmp1_2.4+20151223.gitfa8646d.1-2build7_amd64.deb ...
2026-09-26T11:58:05.7966040Z #12 15.45 Unpacking librtmp1:amd64 (2.4+20151223.gitfa8646d.1-2build7) ...
2026-09-26T11:58:05.7966807Z #12 15.46 Selecting previously unselected package libssh-4:amd64.
2026-09-26T11:58:05.7967580Z #12 15.46 Preparing to unpack .../69-libssh-4_0.10.6-2ubuntu0.5_amd64.deb ...
2026-09-26T11:58:05.7968317Z #12 15.46 Unpacking libssh-4:amd64 (0.10.6-2ubuntu0.5) ...
2026-09-26T11:58:05.7969061Z #12 15.47 Selecting previously unselected package libcurl4t64:amd64.
2026-09-26T11:58:05.7969881Z #12 15.47 Preparing to unpack .../70-libcurl4t64_8.5.0-2ubuntu10.15_amd64.deb ...
2026-09-26T11:58:05.7970642Z #12 15.47 Unpacking libcurl4t64:amd64 (8.5.0-2ubuntu10.15) ...
2026-09-26T11:58:05.7971333Z #12 15.49 Selecting previously unselected package curl.
2026-09-26T11:58:05.7972129Z #12 15.49 Preparing to unpack .../71-curl_8.5.0-2ubuntu10.15_amd64.deb ...
2026-09-26T11:58:05.7972799Z #12 15.49 Unpacking curl (8.5.0-2ubuntu10.15) ...
2026-09-26T11:58:05.7973404Z #12 15.50 Selecting previously unselected package unzip.
2026-09-26T11:58:05.7974024Z #12 15.50 Preparing to unpack .../72-unzip_6.0-28ubuntu4.1_amd64.deb ...
2026-09-26T11:58:05.7974510Z #12 15.50 Unpacking unzip (6.0-28ubuntu4.1) ...
2026-09-26T11:58:05.7975003Z #12 15.54 Setting up libkeyutils1:amd64 (1.6.3-3build1) ...
2026-09-26T11:58:05.8971156Z #12 15.54 Setting up lto-disabled-list (47) ...
2026-09-26T11:58:05.8971892Z #12 15.54 Setting up libgdbm6t64:amd64 (1.23-5.1build1) ...
2026-09-26T11:58:05.8972895Z #12 15.55 Setting up libgdbm-compat4t64:amd64 (1.23-5.1build1) ...
2026-09-26T11:58:05.8973825Z #12 15.55 Setting up unzip (6.0-28ubuntu4.1) ...
2026-09-26T11:58:05.8974788Z #12 15.55 Setting up libbrotli1:amd64 (1.1.0-2build2) ...
2026-09-26T11:58:05.8975664Z #12 15.55 Setting up binutils-common:amd64 (2.42-4ubuntu2.10) ...
2026-09-26T11:58:05.8976753Z #12 15.55 Setting up libpsl5t64:amd64 (0.21.2-1.1build1) ...
2026-09-26T11:58:05.8977302Z #12 15.56 Setting up libnghttp2-14:amd64 (1.59.0-1ubuntu0.4) ...
2026-09-26T11:58:05.8978013Z #12 15.56 Setting up linux-libc-dev:amd64 (6.8.0-142.142) ...
2026-09-26T11:58:05.8979349Z #12 15.56 Setting up libctf-nobfd0:amd64 (2.42-4ubuntu2.10) ...
2026-09-26T11:58:05.8979978Z #12 15.56 Setting up libgomp1:amd64 (14.2.0-4ubuntu2~24.04.1) ...
2026-09-26T11:58:05.8980672Z #12 15.56 Setting up bzip2 (1.0.8-5.1ubuntu0.1) ...
2026-09-26T11:58:05.8981366Z #12 15.57 Setting up libsframe1:amd64 (2.42-4ubuntu2.10) ...
2026-09-26T11:58:05.8982146Z #12 15.57 Setting up libjansson4:amd64 (2.14-2build2) ...
2026-09-26T11:58:05.8982870Z #12 15.57 Setting up libkrb5support0:amd64 (1.20.1-6ubuntu2.10) ...
2026-09-26T11:58:05.8983636Z #12 15.57 Setting up libsasl2-modules-db:amd64 (2.1.28+dfsg1-5ubuntu3.1) ...
2026-09-26T11:58:05.8984134Z #12 15.57 Setting up rpcsvc-proto (1.4.2-0ubuntu7) ...
2026-09-26T11:58:05.8984580Z #12 15.57 Setting up gcc-13-base:amd64 (13.3.0-6ubuntu2~24.04.1) ...
2026-09-26T11:58:05.8985001Z #12 15.58 Setting up make (4.3-4.1build2) ...
2026-09-26T11:58:05.8985386Z #12 15.58 Setting up libmpfr6:amd64 (4.2.1-1build1.1) ...
2026-09-26T11:58:05.8986210Z #12 15.58 Setting up librtmp1:amd64 (2.4+20151223.gitfa8646d.1-2build7) ...
2026-09-26T11:58:05.8986651Z #12 15.58 Setting up xz-utils (5.6.1+really5.4.5-1ubuntu0.3) ...
2026-09-26T11:58:05.8987158Z #12 15.59 update-alternatives: using /usr/bin/xz to provide /usr/bin/lzma (lzma) in auto mode
2026-09-26T11:58:05.8988085Z #12 15.59 update-alternatives: warning: skip creation of /usr/share/man/man1/lzma.1.gz because associated file /usr/share/man/man1/xz.1.gz (of link group lzma) doesn't exist
2026-09-26T11:58:05.8989253Z #12 15.59 update-alternatives: warning: skip creation of /usr/share/man/man1/unlzma.1.gz because associated file /usr/share/man/man1/unxz.1.gz (of link group lzma) doesn't exist
2026-09-26T11:58:05.8990565Z #12 15.59 update-alternatives: warning: skip creation of /usr/share/man/man1/lzcat.1.gz because associated file /usr/share/man/man1/xzcat.1.gz (of link group lzma) doesn't exist
2026-09-26T11:58:05.8991754Z #12 15.59 update-alternatives: warning: skip creation of /usr/share/man/man1/lzmore.1.gz because associated file /usr/share/man/man1/xzmore.1.gz (of link group lzma) doesn't exist
2026-09-26T11:58:05.8992929Z #12 15.59 update-alternatives: warning: skip creation of /usr/share/man/man1/lzless.1.gz because associated file /usr/share/man/man1/xzless.1.gz (of link group lzma) doesn't exist
2026-09-26T11:58:05.8994103Z #12 15.59 update-alternatives: warning: skip creation of /usr/share/man/man1/lzdiff.1.gz because associated file /usr/share/man/man1/xzdiff.1.gz (of link group lzma) doesn't exist
2026-09-26T11:58:05.8995268Z #12 15.59 update-alternatives: warning: skip creation of /usr/share/man/man1/lzcmp.1.gz because associated file /usr/share/man/man1/xzcmp.1.gz (of link group lzma) doesn't exist
2026-09-26T11:58:05.8996653Z #12 15.59 update-alternatives: warning: skip creation of /usr/share/man/man1/lzgrep.1.gz because associated file /usr/share/man/man1/xzgrep.1.gz (of link group lzma) doesn't exist
2026-09-26T11:58:05.8997837Z #12 15.59 update-alternatives: warning: skip creation of /usr/share/man/man1/lzegrep.1.gz because associated file /usr/share/man/man1/xzegrep.1.gz (of link group lzma) doesn't exist
2026-09-26T11:58:05.8999027Z #12 15.59 update-alternatives: warning: skip creation of /usr/share/man/man1/lzfgrep.1.gz because associated file /usr/share/man/man1/xzfgrep.1.gz (of link group lzma) doesn't exist
2026-09-26T11:58:05.8999825Z #12 15.59 Setting up perl-modules-5.38 (5.38.2-3.2ubuntu0.6) ...
2026-09-26T11:58:05.9000243Z #12 15.59 Setting up libquadmath0:amd64 (14.2.0-4ubuntu2~24.04.1) ...
2026-09-26T11:58:05.9000653Z #12 15.59 Setting up libmpc3:amd64 (1.3.1-1build1.1) ...
2026-09-26T11:58:05.9001037Z #12 15.60 Setting up libatomic1:amd64 (14.2.0-4ubuntu2~24.04.1) ...
2026-09-26T11:58:05.9001406Z #12 15.60 Setting up patch (2.7.6-7build3) ...
2026-09-26T11:58:05.9001763Z #12 15.60 Setting up libk5crypto3:amd64 (1.20.1-6ubuntu2.10) ...
2026-09-26T11:58:05.9002165Z #12 15.60 Setting up libsasl2-2:amd64 (2.1.28+dfsg1-5ubuntu3.1) ...
2026-09-26T11:58:05.9002572Z #12 15.60 Setting up libubsan1:amd64 (14.2.0-4ubuntu2~24.04.1) ...
2026-09-26T11:58:05.9002967Z #12 15.60 Setting up libhwasan0:amd64 (14.2.0-4ubuntu2~24.04.1) ...
2026-09-26T11:58:05.9003342Z #12 15.61 Setting up libcrypt-dev:amd64 (1:4.4.36-4build1) ...
2026-09-26T11:58:05.9003712Z #12 15.61 Setting up libasan8:amd64 (14.2.0-4ubuntu2~24.04.1) ...
2026-09-26T11:58:05.9004078Z #12 15.61 Setting up libkrb5-3:amd64 (1.20.1-6ubuntu2.10) ...
2026-09-26T11:58:05.9004554Z #12 15.62 Setting up libperl5.38t64:amd64 (5.38.2-3.2ubuntu0.6) ...
2026-09-26T11:58:05.9006765Z #12 15.62 Setting up libtsan2:amd64 (14.2.0-4ubuntu2~24.04.1) ...
2026-09-26T11:58:05.9007153Z #12 15.62 Setting up libbinutils:amd64 (2.42-4ubuntu2.10) ...
2026-09-26T11:58:05.9007790Z #12 15.62 Setting up libisl23:amd64 (0.26-3build1.1) ...
2026-09-26T11:58:05.9008142Z #12 15.63 Setting up libc-dev-bin (2.39-0ubuntu8.9) ...
2026-09-26T11:58:05.9008484Z #12 15.63 Setting up openssl (3.0.13-0ubuntu3.15) ...
2026-09-26T11:58:05.9008996Z #12 15.63 Setting up libcc1-0:amd64 (14.2.0-4ubuntu2~24.04.1) ...
2026-09-26T11:58:05.9009391Z #12 15.63 Setting up libldap2:amd64 (2.6.10+dfsg-0ubuntu0.24.04.1) ...
2026-09-26T11:58:05.9009784Z #12 15.63 Setting up liblsan0:amd64 (14.2.0-4ubuntu2~24.04.1) ...
2026-09-26T11:58:05.9010146Z #12 15.64 Setting up libitm1:amd64 (14.2.0-4ubuntu2~24.04.1) ...
2026-09-26T11:58:05.9010543Z #12 15.64 Setting up libctf0:amd64 (2.42-4ubuntu2.10) ...
2026-09-26T11:58:05.9011245Z #12 15.64 Setting up cpp-13-x86-64-linux-gnu (13.3.0-6ubuntu2~24.04.1) ...
2026-09-26T11:58:05.9011965Z #12 15.64 Setting up ca-certificates (20260601~24.04.1) ...
2026-09-26T11:58:06.1153026Z #12 15.70 debconf: unable to initialize frontend: Dialog
2026-09-26T11:58:06.1154353Z #12 15.70 debconf: (TERM is not set, so the dialog frontend is not usable.)
2026-09-26T11:58:06.1155245Z #12 15.70 debconf: falling back to frontend: Readline
2026-09-26T11:58:06.1156341Z #12 15.71 debconf: unable to initialize frontend: Readline
2026-09-26T11:58:06.1157134Z #12 15.71 debconf: (This frontend requires a controlling tty.)
2026-09-26T11:58:06.1157848Z #12 15.71 debconf: falling back to frontend: Teletype
2026-09-26T11:58:06.2569501Z #12 16.00 Updating certificates in /etc/ssl/certs...
2026-09-26T11:58:06.6693323Z #12 16.41 121 added, 0 removed; done.
2026-09-26T11:58:06.9116175Z #12 16.42 Setting up perl (5.38.2-3.2ubuntu0.6) ...
2026-09-26T11:58:06.9117596Z #12 16.43 Setting up libgprofng0:amd64 (2.42-4ubuntu2.10) ...
2026-09-26T11:58:06.9118279Z #12 16.43 Setting up libgssapi-krb5-2:amd64 (1.20.1-6ubuntu2.10) ...
2026-09-26T11:58:06.9118970Z #12 16.44 Setting up libdpkg-perl (1.22.6ubuntu6.6) ...
2026-09-26T11:58:06.9119494Z #12 16.44 Setting up libssh-4:amd64 (0.10.6-2ubuntu0.5) ...
2026-09-26T11:58:06.9119986Z #12 16.44 Setting up libgcc-13-dev:amd64 (13.3.0-6ubuntu2~24.04.1) ...
2026-09-26T11:58:06.9120451Z #12 16.44 Setting up libc6-dev:amd64 (2.39-0ubuntu8.9) ...
2026-09-26T11:58:06.9120916Z #12 16.44 Setting up libstdc++-13-dev:amd64 (13.3.0-6ubuntu2~24.04.1) ...
2026-09-26T11:58:06.9121435Z #12 16.45 Setting up binutils-x86-64-linux-gnu (2.42-4ubuntu2.10) ...
2026-09-26T11:58:06.9121931Z #12 16.45 Setting up cpp-x86-64-linux-gnu (4:13.2.0-7ubuntu1) ...
2026-09-26T11:58:06.9122371Z #12 16.45 Setting up cpp-13 (13.3.0-6ubuntu2~24.04.1) ...
2026-09-26T11:58:06.9122796Z #12 16.45 Setting up libcurl4t64:amd64 (8.5.0-2ubuntu10.15) ...
2026-09-26T11:58:06.9123287Z #12 16.45 Setting up gcc-13-x86-64-linux-gnu (13.3.0-6ubuntu2~24.04.1) ...
2026-09-26T11:58:06.9123750Z #12 16.46 Setting up binutils (2.42-4ubuntu2.10) ...
2026-09-26T11:58:06.9124137Z #12 16.46 Setting up dpkg-dev (1.22.6ubuntu6.6) ...
2026-09-26T11:58:06.9124526Z #12 16.46 Setting up gcc-13 (13.3.0-6ubuntu2~24.04.1) ...
2026-09-26T11:58:06.9124914Z #12 16.46 Setting up cpp (4:13.2.0-7ubuntu1) ...
2026-09-26T11:58:06.9125279Z #12 16.47 Setting up curl (8.5.0-2ubuntu10.15) ...
2026-09-26T11:58:06.9125661Z #12 16.47 Setting up g++-13-x86-64-linux-gnu (13.3.0-6ubuntu2~24.04.1) ...
2026-09-26T11:58:06.9126459Z #12 16.47 Setting up gcc-x86-64-linux-gnu (4:13.2.0-7ubuntu1) ...
2026-09-26T11:58:06.9127104Z #12 16.48 Setting up gcc (4:13.2.0-7ubuntu1) ...
2026-09-26T11:58:06.9127779Z #12 16.48 Setting up g++-x86-64-linux-gnu (4:13.2.0-7ubuntu1) ...
2026-09-26T11:58:06.9128367Z #12 16.48 Setting up g++-13 (13.3.0-6ubuntu2~24.04.1) ...
2026-09-26T11:58:06.9128692Z #12 16.49 Setting up g++ (4:13.2.0-7ubuntu1) ...
2026-09-26T11:58:06.9129131Z #12 16.49 update-alternatives: using /usr/bin/g++ to provide /usr/bin/c++ (c++) in auto mode
2026-09-26T11:58:06.9130621Z #12 16.49 update-alternatives: warning: skip creation of /usr/share/man/man1/c++.1.gz because associated file /usr/share/man/man1/g++.1.gz (of link group c++) doesn't exist
2026-09-26T11:58:06.9131993Z #12 16.49 Setting up build-essential (12.10ubuntu1) ...
2026-09-26T11:58:06.9132754Z #12 16.49 Processing triggers for libc-bin (2.39-0ubuntu8.9) ...
2026-09-26T11:58:06.9133548Z #12 16.50 Processing triggers for ca-certificates (20260601~24.04.1) ...
2026-09-26T11:58:06.9134276Z #12 16.50 Updating certificates in /etc/ssl/certs...
2026-09-26T11:58:07.0870519Z #12 16.83 0 added, 0 removed; done.
2026-09-26T11:58:07.0871178Z #12 16.83 Running hooks in /etc/ca-certificates/update.d...
2026-09-26T11:58:07.2383544Z #12 16.83 done.
2026-09-26T11:58:08.6526341Z #12 DONE 18.4s
2026-09-26T11:58:08.8037182Z 
2026-09-26T11:58:08.8039053Z #13 [verify  3/11] ADD --checksum=sha256:13d01e134c0620c3b29770874707d16c33b3d227c843a489c8ceb744d43c0a16 https://github.com/verus-lang/verus/releases/download/release/0.2026.09.06.8dea4a2/verus-0.2026.09.06.8dea4a2-x86-linux.zip /tmp/verus.zip
2026-09-26T11:58:09.7442252Z #13 DONE 1.1s
2026-09-26T11:58:09.8953286Z 
2026-09-26T11:58:09.8955627Z #14 [verify  4/11] ADD --checksum=sha256:7288c49a5bd6dbafd7b0b0d1f65956b91672da24b08f09242919af159be3418e https://github.com/Z3Prover/z3/releases/download/z3-4.16.0/z3-4.16.0-x64-glibc-2.39.zip /tmp/z3.zip
2026-09-26T11:58:09.9008768Z #14 DONE 0.2s
2026-09-26T11:58:10.0519543Z 
2026-09-26T11:58:10.0520912Z #15 [verify  5/11] RUN unzip -q /tmp/verus.zip -d /opt && unzip -q /tmp/z3.zip -d /opt     && rm /tmp/verus.zip /tmp/z3.zip     && curl -fsSL https://sh.rustup.rs | sh -s -- -y --default-toolchain 1.98.0        --component rustc-dev --component llvm-tools --component rustfmt
2026-09-26T11:58:21.2236532Z #15 11.32 info: downloading installer
2026-09-26T11:58:21.7992691Z #15 11.90 info: profile set to default
2026-09-26T11:58:21.7993491Z #15 11.90 info: default host tuple is x86_64-unknown-linux-gnu
2026-09-26T11:58:21.9100523Z #15 11.90 info: syncing channel updates for 1.98.0-x86_64-unknown-linux-gnu
2026-09-26T11:58:21.9101524Z #15 12.01 info: latest update on 2026-08-20 for version 1.98.0 (88d9e12ae 2026-08-18)
2026-09-26T11:58:22.0606436Z #15 12.01 info: downloading 8 components
2026-09-26T11:58:44.2854129Z #15 34.38 info: default toolchain set to 1.98.0-x86_64-unknown-linux-gnu
2026-09-26T11:58:44.2854808Z #15 34.38 
2026-09-26T11:58:44.4740220Z #15 34.39   1.98.0-x86_64-unknown-linux-gnu installed - rustc 1.98.0 (88d9e12ae 2026-08-18)
2026-09-26T11:58:44.4741108Z #15 34.39 
2026-09-26T11:58:44.4741399Z #15 34.39 
2026-09-26T11:58:44.4741871Z #15 34.39 Rust is installed now. Great!
2026-09-26T11:58:44.4742314Z #15 34.39 
2026-09-26T11:58:44.4742808Z #15 34.39 To get started you may need to restart your current shell.
2026-09-26T11:58:44.4743699Z #15 34.39 This would reload your PATH environment variable to include
2026-09-26T11:58:44.4744501Z #15 34.39 Cargo's bin directory ($HOME/.cargo/bin).
2026-09-26T11:58:44.4745081Z #15 34.39 
2026-09-26T11:58:44.4745635Z #15 34.39 To configure your current shell, you need to source the
2026-09-26T11:58:44.4746665Z #15 34.39 corresponding env file under $HOME/.cargo.
2026-09-26T11:58:44.4747168Z #15 34.39 
2026-09-26T11:58:44.4747600Z #15 34.39 Consider running the right command for your shell (note the leading DOT):
2026-09-26T11:58:44.4748222Z #15 34.39 . "$HOME/.cargo/env" # For sh/ash/dash/pdksh/bash
2026-09-26T11:58:44.4748731Z #15 34.39 cargo:rerun-if-env-changed=CC_x86_64-unknown-linux-gnu
2026-09-26T11:58:44.4749201Z #15 34.39 CC_x86_64-unknown-linux-gnu = None
2026-09-26T11:58:44.4749654Z #15 34.39 cargo:rerun-if-env-changed=CC_x86_64_unknown_linux_gnu
2026-09-26T11:58:44.4750108Z #15 34.39 CC_x86_64_unknown_linux_gnu = None
2026-09-26T11:58:44.4750492Z #15 34.39 cargo:rerun-if-env-changed=HOST_CC
2026-09-26T11:58:44.4750852Z #15 34.39 HOST_CC = None
2026-09-26T11:58:44.4751159Z #15 34.39 cargo:rerun-if-env-changed=CC
2026-09-26T11:58:44.4751502Z #15 34.39 CC = None
2026-09-26T11:58:44.4751843Z #15 34.39 cargo:rerun-if-env-changed=CC_ENABLE_DEBUG_OUTPUT
2026-09-26T11:58:44.4752679Z #15 34.42 cargo:rerun-if-env-changed=CRATE_CC_NO_DEFAULTS
2026-09-26T11:58:44.4753101Z #15 34.42 CRATE_CC_NO_DEFAULTS = None
2026-09-26T11:58:44.4753472Z #15 34.42 cargo:rerun-if-env-changed=CFLAGS
2026-09-26T11:58:44.4753827Z #15 34.42 CFLAGS = None
2026-09-26T11:58:44.4754153Z #15 34.42 cargo:rerun-if-env-changed=HOST_CFLAGS
2026-09-26T11:58:44.4754532Z #15 34.42 HOST_CFLAGS = None
2026-09-26T11:58:44.4754878Z #15 34.42 cargo:rerun-if-env-changed=CFLAGS_x86_64_unknown_linux_gnu
2026-09-26T11:58:44.4755252Z #15 34.42 CFLAGS_x86_64_unknown_linux_gnu = None
2026-09-26T11:58:44.4755624Z #15 34.42 cargo:rerun-if-env-changed=CFLAGS_x86_64-unknown-linux-gnu
2026-09-26T11:58:44.4756309Z #15 34.42 CFLAGS_x86_64-unknown-linux-gnu = None
2026-09-26T11:58:47.3602538Z #15 DONE 37.5s
2026-09-26T11:58:47.5150918Z 
2026-09-26T11:58:47.5151538Z #16 [verify  6/11] WORKDIR /app
2026-09-26T11:58:47.5151998Z #16 DONE 0.0s
2026-09-26T11:58:47.5152226Z 
2026-09-26T11:58:47.5152460Z #17 [verify  7/11] COPY Cargo.toml Cargo.lock ./
2026-09-26T11:58:47.5152767Z #17 DONE 0.0s
2026-09-26T11:58:47.5152935Z 
2026-09-26T11:58:47.5153121Z #18 [verify  8/11] COPY crates ./crates
2026-09-26T11:58:47.5153656Z #18 DONE 0.1s
2026-09-26T11:58:47.6471562Z 
2026-09-26T11:58:47.6472712Z #19 [verify  9/11] COPY fuzz ./fuzz
2026-09-26T11:58:47.6473305Z #19 DONE 0.0s
2026-09-26T11:58:47.6473532Z 
2026-09-26T11:58:47.6473862Z #20 [verify 10/11] COPY scripts/check_verus.sh ./scripts/check_verus.sh
2026-09-26T11:58:47.6474521Z #20 DONE 0.0s
2026-09-26T11:58:47.6474728Z 
2026-09-26T11:58:47.6474940Z #21 [verify 11/11] RUN sh scripts/check_verus.sh
2026-09-26T11:58:47.6475646Z #21 0.109 == positive: cargo verus verify -p gripsack-policy --locked
2026-09-26T11:59:47.9783720Z #21 60.44 positive: verification results:: 72 verified, 0 errors
2026-09-26T11:59:47.9784529Z #21 60.44 == calibration: semantic mutants must fail their postconditions
2026-09-26T12:00:46.1055110Z #21 118.6 calibration: classifier mutant rejected on its contract
2026-09-26T12:01:44.1252710Z #21 176.6 calibration: merge-splice mutant rejected on its contract
2026-09-26T12:02:41.9842638Z #21 234.4 calibration: graph-closure mutant rejected on its contract
2026-09-26T12:03:39.7939943Z #21 292.3 calibration: graph-validation mutant rejected on its contract
2026-09-26T12:04:37.5168685Z #21 350.0 calibration: graph-name-index mutant rejected on its contract
2026-09-26T12:05:35.7426033Z #21 408.2 calibration: target-abi mutant rejected on its contract
2026-09-26T12:06:34.1482011Z #21 466.6 calibration: scheduler-latch mutant rejected on its contract
2026-09-26T12:06:34.1482679Z #21 466.6 verify gate: OK
2026-09-26T12:06:34.4589476Z #21 DONE 466.9s
2026-09-26T12:06:34.6091819Z 
2026-09-26T12:06:34.6092903Z #22 exporting to image
2026-09-26T12:06:34.6093364Z #22 exporting layers
2026-09-26T12:06:56.5895150Z #22 exporting layers 22.1s done
2026-09-26T12:06:56.6136618Z #22 writing image sha256:b04dd00a5ed05a1c0a20c63d7c80bc921ff76b74ebf4095fae71fa303643c9c8 done
2026-09-26T12:06:56.6137432Z #22 naming to docker.io/library/gripsack-verify done
2026-09-26T12:06:56.6138047Z #22 DONE 22.1s
2026-09-26T12:06:56.6138249Z 
2026-09-26T12:06:56.6138442Z #23 resolving provenance for metadata file
2026-09-26T12:06:56.6138906Z #23 DONE 0.0s
2026-09-26T12:06:56.7417997Z gate passed: cargo verus verify -p gripsack-policy + seeded-mutant calibration (scripts/check_verus.sh)
2026-09-26T12:06:56.8196755Z Post job cleanup.
2026-09-26T12:06:56.9798113Z [command]/usr/bin/git version
2026-09-26T12:06:56.9845808Z git version 2.55.0
2026-09-26T12:06:56.9885031Z Temporarily overriding HOME='/home/runner/work/_temp/4c298e9a-a0d3-484e-a06e-cf33fe91770f' before making global git config changes
2026-09-26T12:06:56.9886635Z Adding repository directory to the temporary git global config as a safe directory
2026-09-26T12:06:56.9890911Z [command]/usr/bin/git config --global --add safe.directory /home/runner/work/gripsack/gripsack
2026-09-26T12:06:56.9923552Z Removing SSH command configuration
2026-09-26T12:06:56.9930560Z [command]/usr/bin/git config --local --name-only --get-regexp core\.sshCommand
2026-09-26T12:06:56.9967101Z [command]/usr/bin/git submodule foreach --recursive sh -c "git config --local --name-only --get-regexp 'core\.sshCommand' && git config --local --unset-all 'core.sshCommand' || :"
2026-09-26T12:06:57.0222862Z Removing HTTP extra header
2026-09-26T12:06:57.0223788Z [command]/usr/bin/git config --local --name-only --get-regexp http\.https\:\/\/github\.com\/\.extraheader
2026-09-26T12:06:57.0261820Z [command]/usr/bin/git submodule foreach --recursive sh -c "git config --local --name-only --get-regexp 'http\.https\:\/\/github\.com\/\.extraheader' && git config --local --unset-all 'http.https://github.com/.extraheader' || :"
2026-09-26T12:06:57.0501775Z Removing includeIf entries pointing to credentials config files
2026-09-26T12:06:57.0509657Z [command]/usr/bin/git config --local --name-only --get-regexp ^includeIf\.gitdir:
2026-09-26T12:06:57.0541811Z includeif.gitdir:/home/runner/work/gripsack/gripsack/.git.path
2026-09-26T12:06:57.0542866Z includeif.gitdir:/home/runner/work/gripsack/gripsack/.git/worktrees/*.path
2026-09-26T12:06:57.0543620Z includeif.gitdir:/github/workspace/.git.path
2026-09-26T12:06:57.0544000Z includeif.gitdir:/github/workspace/.git/worktrees/*.path
2026-09-26T12:06:57.0551555Z [command]/usr/bin/git config --local --get-all includeif.gitdir:/home/runner/work/gripsack/gripsack/.git.path
2026-09-26T12:06:57.0581022Z /home/runner/work/_temp/git-credentials-855cbcfe-7561-461e-96e5-9bebeed83cc6.config
2026-09-26T12:06:57.0592992Z [command]/usr/bin/git config --local --unset includeif.gitdir:/home/runner/work/gripsack/gripsack/.git.path \/home\/runner\/work\/_temp\/git\-credentials\-855cbcfe\-7561\-461e\-96e5\-9bebeed83cc6\.config
2026-09-26T12:06:57.0654753Z [command]/usr/bin/git config --local --get-all includeif.gitdir:/home/runner/work/gripsack/gripsack/.git/worktrees/*.path
2026-09-26T12:06:57.0693242Z /home/runner/work/_temp/git-credentials-855cbcfe-7561-461e-96e5-9bebeed83cc6.config
2026-09-26T12:06:57.0702527Z [command]/usr/bin/git config --local --unset includeif.gitdir:/home/runner/work/gripsack/gripsack/.git/worktrees/*.path \/home\/runner\/work\/_temp\/git\-credentials\-855cbcfe\-7561\-461e\-96e5\-9bebeed83cc6\.config
2026-09-26T12:06:57.0750812Z [command]/usr/bin/git config --local --get-all includeif.gitdir:/github/workspace/.git.path
2026-09-26T12:06:57.0791136Z /github/runner_temp/git-credentials-855cbcfe-7561-461e-96e5-9bebeed83cc6.config
2026-09-26T12:06:57.0800036Z [command]/usr/bin/git config --local --unset includeif.gitdir:/github/workspace/.git.path \/github\/runner_temp\/git\-credentials\-855cbcfe\-7561\-461e\-96e5\-9bebeed83cc6\.config
2026-09-26T12:06:57.0861593Z [command]/usr/bin/git config --local --get-all includeif.gitdir:/github/workspace/.git/worktrees/*.path
2026-09-26T12:06:57.0900887Z /github/runner_temp/git-credentials-855cbcfe-7561-461e-96e5-9bebeed83cc6.config
2026-09-26T12:06:57.0911005Z [command]/usr/bin/git config --local --unset includeif.gitdir:/github/workspace/.git/worktrees/*.path \/github\/runner_temp\/git\-credentials\-855cbcfe\-7561\-461e\-96e5\-9bebeed83cc6\.config
2026-09-26T12:06:57.0958669Z [command]/usr/bin/git submodule foreach --recursive git config --local --show-origin --name-only --get-regexp remote.origin.url
2026-09-26T12:06:57.1235211Z Removing credentials config '/home/runner/work/_temp/git-credentials-855cbcfe-7561-461e-96e5-9bebeed83cc6.config'
2026-09-26T12:06:57.1442657Z Cleaning up orphan processes
