Gripsack native file / boundary continuation: observed local gates
Date: 2026-09-27
Source binding: pre-commit working tree; not an exact-commit CI receipt.
The final TLC run includes the subsequent model scope-comment correction.
Fuzz: NOT RUN, per owner instruction; no corpus replay or fuzz workflow.
Scope: local Linux amd64; no native macOS/VM/launchd or release qualification.

===== docker compose run --build --rm test =====
 Image gripsack-test Building 
#1 [internal] load local bake definitions
#1 reading from stdin 530B done
#1 DONE 0.0s

#2 [internal] load build definition from Dockerfile
#2 transferring dockerfile:
#2 transferring dockerfile: 10.13kB done
#2 DONE 0.0s

#3 resolve image config for docker-image://docker.io/docker/dockerfile:1
#3 DONE 0.8s

#4 docker-image://docker.io/docker/dockerfile:1@sha256:ecfaec9ed6d810b56388c508f4121597bfbba70d41a6dfeee4d8cad5f295fc32
#4 resolve docker.io/docker/dockerfile:1@sha256:ecfaec9ed6d810b56388c508f4121597bfbba70d41a6dfeee4d8cad5f295fc32 0.0s done
#4 CACHED

#5 [internal] load metadata for docker.io/library/rust:alpine@sha256:a10e64dd139b7387337c7fbe8aca31b959b57b2fd4c8ae20a02cf1d6ea424dce
#5 DONE 0.8s

#6 [internal] load .dockerignore
#6 transferring context: 139B done
#6 DONE 0.0s

#7 [internal] load build context
#7 DONE 0.0s

#8 [builder  1/10] FROM docker.io/library/rust:alpine@sha256:a10e64dd139b7387337c7fbe8aca31b959b57b2fd4c8ae20a02cf1d6ea424dce
#8 resolve docker.io/library/rust:alpine@sha256:a10e64dd139b7387337c7fbe8aca31b959b57b2fd4c8ae20a02cf1d6ea424dce 0.0s done
#8 DONE 0.0s

#7 [internal] load build context
#7 transferring context: 2.78MB 0.2s done
#7 DONE 0.3s

#9 [builder  3/10] RUN set -e;     arch="$(uname -m)";     case "$arch" in       x86_64)  sha=3374daaf153e6f82028add5e4bf7cc2deab46537dee24f20be80df831193aeb4 ;;       aarch64) sha=35d90cee9648037eaa4c1a2649fdca9d1b9a9997b972d37be7f8629139ba1294 ;;       *) echo "unsupported arch: $arch" >&2; exit 1 ;;     esac;     curl -fsSL -o /tmp/ca.tar.xz "https://github.com/rust-secure-code/cargo-auditable/releases/download/v0.7.5/cargo-auditable-${arch}-unknown-linux-musl.tar.xz";     echo "$sha  /tmp/ca.tar.xz" | sha256sum -c -;     mkdir -p /tmp/ca && tar -xJf /tmp/ca.tar.xz -C /tmp/ca;     mv /tmp/ca/*/cargo-auditable /usr/local/bin/cargo-auditable;     rm -rf /tmp/ca /tmp/ca.tar.xz
#9 CACHED

#10 [builder  4/10] WORKDIR /app
#10 CACHED

#11 [builder  2/10] RUN apk add --no-cache musl-dev git curl xz     && rustup component add clippy rustfmt
#11 CACHED

#12 [builder  5/10] COPY Cargo.toml Cargo.lock ./
#12 CACHED

#13 [builder  6/10] COPY crates ./crates
#13 DONE 0.5s

#14 [builder  7/10] COPY fuzz ./fuzz
#14 DONE 0.1s

#15 [builder  8/10] COPY schema ./schema
#15 DONE 0.1s

#16 [builder  9/10] COPY typescript ./typescript
#16 DONE 0.1s

#17 [builder 10/10] COPY scripts ./scripts
#17 DONE 0.1s

#18 [builder  8/10] COPY schema ./schema
#18 CACHED

#19 [builder  9/10] COPY typescript ./typescript
#19 CACHED

#20 [builder 10/10] COPY scripts ./scripts
#20 CACHED

#21 [builder  5/10] COPY Cargo.toml Cargo.lock ./
#21 CACHED

#22 [builder  6/10] COPY crates ./crates
#22 CACHED

#23 [builder  7/10] COPY fuzz ./fuzz
#23 CACHED

#24 [test 1/2] RUN cargo fmt --check     && cargo clippy --locked --workspace --all-targets -- -D warnings     && cargo test --locked
#24 1.185     Updating crates.io index
#24 4.146  Downloading crates ...
#24 4.265   Downloaded cap-primitives v4.0.3
#24 4.289   Downloaded zmij v1.0.23
#24 4.295   Downloaded openssl-probe v0.2.1
#24 4.299   Downloaded cpufeatures v0.3.0
#24 4.301   Downloaded block-buffer v0.12.1
#24 4.304   Downloaded zeroize v1.9.0
#24 4.308   Downloaded adler2 v2.0.1
#24 4.319   Downloaded clap_lex v1.1.0
#24 4.334   Downloaded heck v0.5.0
#24 4.345   Downloaded httpdate v1.0.3
#24 4.349   Downloaded crypto-common v0.2.2
#24 4.351   Downloaded borrow-or-share v0.2.4
#24 4.353   Downloaded is_terminal_polyfill v1.70.2
#24 4.357   Downloaded fs-set-times v0.20.3
#24 4.366   Downloaded zerofrom-derive v0.1.7
#24 4.374   Downloaded anstyle-query v1.1.5
#24 4.377   Downloaded num v0.4.3
#24 4.379   Downloaded outref v0.5.2
#24 4.384   Downloaded errno v0.3.14
#24 4.390   Downloaded ref-cast-impl v1.0.27
#24 4.400   Downloaded equivalent v1.0.2
#24 4.403   Downloaded idna_adapter v1.2.2
#24 4.405   Downloaded lazy_static v1.5.0
#24 4.414   Downloaded ambient-authority v0.0.2
#24 4.428   Downloaded form_urlencoded v1.2.2
#24 4.437   Downloaded zerofrom v0.1.8
#24 4.450   Downloaded scopeguard v1.2.0
#24 4.453   Downloaded jsonschema-regex v0.55.0
#24 4.458   Downloaded scoped-tls v1.0.1
#24 4.461   Downloaded matchers v0.2.0
#24 4.464   Downloaded serde_spanned v1.1.1
#24 4.482   Downloaded colorchoice v1.0.5
#24 4.492   Downloaded bit-set v0.8.0
#24 4.496   Downloaded convert_case v0.4.0
#24 4.500   Downloaded itoa v1.0.18
#24 4.537   Downloaded stable_deref_trait v1.2.1
#24 4.541   Downloaded num-cmp v0.1.0
#24 4.552   Downloaded xattr v1.6.1
#24 4.558   Downloaded subtle v2.6.1
#24 4.565   Downloaded anstyle-parse v1.0.0
#24 4.582   Downloaded strum v0.28.0
#24 4.586   Downloaded io-lifetimes v3.0.1
#24 4.589   Downloaded displaydoc v0.2.7
#24 4.594   Downloaded num-integer v0.1.47
#24 4.599   Downloaded autocfg v1.5.1
#24 4.614   Downloaded shell-words v1.1.1
#24 4.617   Downloaded foldhash v0.2.0
#24 4.646   Downloaded find-msvc-tools v0.1.11
#24 4.659   Downloaded webpki-roots v0.26.11
#24 4.669   Downloaded yoke-derive v0.8.2
#24 4.678   Downloaded maybe-owned v0.3.4
#24 4.681   Downloaded bytecount v0.6.9
#24 4.686   Downloaded dialoguer v0.12.0
#24 4.694   Downloaded fastrand v2.5.0
#24 4.697   Downloaded ref-cast v1.0.27
#24 4.702   Downloaded io-lifetimes v2.0.4
#24 4.709   Downloaded potential_utf v0.1.6
#24 4.712   Downloaded num-complex v0.4.6
#24 4.714   Downloaded anstyle v1.0.14
#24 4.717   Downloaded anstream v1.0.0
#24 4.721   Downloaded jobserver v0.1.35
#24 4.732   Downloaded cfg-if v1.0.4
#24 4.742   Downloaded filetime v0.2.29
#24 4.746   Downloaded lock_api v0.4.14
#24 4.749   Downloaded digest v0.11.3
#24 4.755   Downloaded num-iter v0.1.46
#24 4.758   Downloaded console v0.16.4
#24 4.762   Downloaded email_address v0.2.9
#24 4.765   Downloaded nu-ansi-term v0.50.3
#24 4.771   Downloaded cap-std v4.0.3
#24 4.779   Downloaded percent-encoding v2.3.2
#24 4.780   Downloaded hybrid-array v0.4.14
#24 4.786   Downloaded bzip2 v0.6.1
#24 4.790   Downloaded data-encoding v2.11.1
#24 4.793   Downloaded writeable v0.6.4
#24 4.798   Downloaded xz2 v0.1.7
#24 4.803   Downloaded ipnet v2.12.1
#24 4.807   Downloaded litemap v0.8.3
#24 4.816   Downloaded strsim v0.11.1
#24 4.821   Downloaded bit-vec v0.8.0
#24 4.832   Downloaded generator v0.8.10
#24 4.843   Downloaded zstd-safe v7.2.4
#24 4.846   Downloaded ahash v0.8.12
#24 4.854   Downloaded crc32fast v1.5.1
#24 4.864   Downloaded io-extras v0.19.0
#24 4.870   Downloaded tracing-serde v0.2.0
#24 4.872   Downloaded bitflags v2.13.1
#24 4.887   Downloaded thread_local v1.1.10
#24 4.892   Downloaded clap_derive v4.6.4
#24 4.899   Downloaded getrandom v0.2.17
#24 4.908   Downloaded getrandom v0.3.4
#24 4.917   Downloaded icu_provider v2.3.1
#24 4.928   Downloaded jsonschema-value v0.55.0
#24 4.934   Downloaded getrandom v0.4.3
#24 4.951   Downloaded allocator-api2 v0.2.21
#24 4.956   Downloaded micromap v0.3.0
#24 4.975   Downloaded utf8parse v0.2.2
#24 4.978   Downloaded const-oid v0.10.2
#24 4.984   Downloaded clap v4.6.6
#24 5.016   Downloaded untrusted v0.9.0
#24 5.023   Downloaded log v0.4.34
#24 5.031   Downloaded fluent-uri v0.4.1
#24 5.041   Downloaded uuid-simd v0.8.0
#24 5.047   Downloaded utf8_iter v1.0.4
#24 5.053   Downloaded unit-prefix v0.5.2
#24 5.068   Downloaded icu_locale_core v2.3.0
#24 5.098   Downloaded libbz2-rs-sys v0.2.5
#24 5.107   Downloaded miniz_oxide v0.8.9
#24 5.118   Downloaded icu_normalizer_data v2.3.0
#24 5.124   Downloaded loom v0.7.2
#24 5.147   Downloaded indicatif v0.18.6
#24 5.160   Downloaded verus_builtin v0.0.0-2026-09-06-0133
#24 5.164   Downloaded base64 v0.22.1
#24 5.181   Downloaded verus_prettyplease v0.0.0-2026-09-06-0133
#24 5.191   Downloaded icu_collections v2.3.0
#24 5.213   Downloaded bumpalo v3.20.3
#24 5.220   Downloaded flate2 v1.1.9
#24 5.238   Downloaded icu_properties v2.3.0
#24 5.253   Downloaded indexmap v2.14.0
#24 5.270   Downloaded memchr v2.8.3
#24 5.295   Downloaded verus_state_machines_macros v0.0.0-2026-09-06-0133
#24 5.303   Downloaded num-bigint v0.4.8
#24 5.322   Downloaded pkg-config v0.3.34
#24 5.329   Downloaded pin-project-lite v0.2.17
#24 5.354   Downloaded zerovec-derive v0.11.6
#24 5.361   Downloaded cc v1.4.4
#24 5.370   Downloaded quote v1.0.47
#24 5.382   Downloaded fraction v0.17.0
#24 5.415   Downloaded rustix-linux-procfs v0.1.1
#24 5.415   Downloaded rustls-native-certs v0.8.4
#24 5.418   Downloaded verus_builtin_macros v0.0.0-2026-09-06-0133
#24 5.427   Downloaded rustversion v1.0.23
#24 5.437   Downloaded shlex v2.0.1
#24 5.443   Downloaded idna v1.1.0
#24 5.459   Downloaded hashbrown v0.17.1
#24 5.474   Downloaded clap_builder v4.6.6
#24 5.498   Downloaded zstd v0.13.3
#24 5.516   Downloaded aho-corasick v1.1.5
#24 5.527   Downloaded icu_properties_data v2.3.0
#24 5.573   Downloaded winnow v1.0.4
#24 5.612   Downloaded simd-adler32 v0.3.10
#24 5.619   Downloaded fancy-regex v0.19.1
#24 5.637   Downloaded synstructure v0.13.2
#24 5.640   Downloaded version_check v0.9.5
#24 5.649   Downloaded thiserror v2.0.20
#24 5.670   Downloaded toml_datetime v0.7.5+spec-1.1.0
#24 5.674   Downloaded toml_datetime v1.1.1+spec-1.1.0
#24 5.679   Downloaded toml_writer v1.1.2+spec-1.1.0
#24 5.684   Downloaded tracing-log v0.2.0
#24 5.693   Downloaded zerocopy v0.8.56
#24 5.750   Downloaded thiserror-impl v2.0.20
#24 5.755   Downloaded tinystr v0.8.4
#24 5.761   Downloaded vstd v0.0.0-2026-09-06-0133
#24 5.790   Downloaded vsimd v0.8.0
#24 5.803   Downloaded once_cell v1.21.4
#24 5.821   Downloaded verus_syn v0.0.0-2026-09-06-0133
#24 5.850   Downloaded rustls-pki-types v1.15.1
#24 5.857   Downloaded num-rational v0.4.2
#24 5.862   Downloaded smallvec v1.15.2
#24 5.868   Downloaded strum_macros v0.28.0
#24 5.878   Downloaded parking_lot_core v0.9.12
#24 5.888   Downloaded tempfile v3.27.0
#24 5.896   Downloaded owo-colors v4.3.0
#24 5.902   Downloaded parking_lot v0.12.5
#24 5.911   Downloaded sha2 v0.11.0
#24 5.928   Downloaded proc-macro2 v1.0.107
#24 5.943   Downloaded icu_normalizer v2.3.0
#24 5.959   Downloaded tracing-attributes v0.1.31
#24 5.968   Downloaded toml_parser v1.1.3+spec-1.1.0
#24 5.978   Downloaded unicode-general-category v1.1.0
#24 5.982   Downloaded yoke v0.8.3
#24 5.988   Downloaded zopfli v0.8.3
#24 5.999   Downloaded serde_core v1.0.229
#24 6.007   Downloaded sharded-slab v0.1.7
#24 6.015   Downloaded jsonschema v0.55.0
#24 6.061   Downloaded ryu v1.0.23
#24 6.074   Downloaded num-traits v0.2.19
#24 6.081   Downloaded referencing v0.55.0
#24 6.097   Downloaded libc v0.2.189
#24 6.290   Downloaded lzma-sys v0.1.20
#24 6.390   Downloaded zerovec v0.11.8
#24 6.420   Downloaded toml v0.9.12+spec-1.1.0
#24 6.438   Downloaded unsafe-libyaml v0.2.11
#24 6.451   Downloaded tracing-core v0.1.36
#24 6.460   Downloaded toml v1.1.4+spec-1.1.0
#24 6.480   Downloaded unicode-ident v1.0.24
#24 6.494   Downloaded serde_yaml v0.9.34+deprecated
#24 6.505   Downloaded serde_derive v1.0.229
#24 6.516   Downloaded tar v0.4.46
#24 6.528   Downloaded zerotrie v0.2.5
#24 6.541   Downloaded toml_edit v0.25.13+spec-1.1.0
#24 6.553   Downloaded url v2.5.8
#24 6.561   Downloaded serde v1.0.229
#24 6.578   Downloaded rustls-webpki v0.103.15
#24 6.587   Downloaded typed-path v0.12.3
#24 6.615   Downloaded ureq v2.12.1
#24 6.629   Downloaded typenum v1.20.1
#24 6.636   Downloaded linux-raw-sys v0.12.1
#24 6.742   Downloaded regex v1.13.1
#24 6.755   Downloaded zip v8.6.0
#24 6.766   Downloaded serde_json v1.0.151
#24 6.785   Downloaded portable-atomic v1.15.0
#24 6.807   Downloaded winnow v0.7.15
#24 6.839   Downloaded tracing-subscriber v0.3.23
#24 6.863   Downloaded zlib-rs v0.6.7
#24 6.874   Downloaded webpki-roots v1.0.9
#24 6.882   Downloaded unicode-width v0.2.2
#24 6.893   Downloaded syn v3.0.4
#24 6.918   Downloaded syn v2.0.119
#24 6.947   Downloaded regex-syntax v0.8.11
#24 6.959   Downloaded rustls v0.23.45
#24 6.993   Downloaded rustix v1.1.4
#24 7.094   Downloaded tracing v0.1.44
#24 7.123   Downloaded regex-automata v0.4.18
#24 7.152   Downloaded zstd-sys v2.0.16+zstd.1.5.7
#24 7.184   Downloaded ring v0.17.14
#24 7.733    Compiling proc-macro2 v1.0.107
#24 7.733    Compiling quote v1.0.47
#24 7.733    Compiling unicode-ident v1.0.24
#24 7.733    Compiling libc v0.2.189
#24 7.733     Checking cfg-if v1.0.4
#24 7.740    Compiling serde_core v1.0.229
#24 7.741    Compiling serde v1.0.229
#24 7.767     Checking memchr v2.8.3
#24 7.767     Checking once_cell v1.21.4
#24 7.767     Checking equivalent v1.0.2
#24 7.767     Checking foldhash v0.2.0
#24 7.767     Checking allocator-api2 v0.2.21
#24 7.767    Compiling zmij v1.0.23
#24 7.767     Checking itoa v1.0.18
#24 7.767    Compiling serde_json v1.0.151
#24 7.768    Compiling shlex v2.0.1
#24 7.783    Compiling find-msvc-tools v0.1.11
#24 7.796    Compiling verus_prettyplease v0.0.0-2026-09-06-0133
#24 7.810    Compiling hashbrown v0.17.1
#24 7.810    Compiling convert_case v0.4.0
#24 7.810    Compiling vstd v0.0.0-2026-09-06-0133
#24 7.810     Checking verus_builtin v0.0.0-2026-09-06-0133
#24 7.810     Checking smallvec v1.15.2
#24 7.810    Compiling thiserror v2.0.20
#24 7.810    Compiling rustix v1.1.4
#24 7.810     Checking bitflags v2.13.1
#24 7.810     Checking linux-raw-sys v0.12.1
#24 7.810     Checking stable_deref_trait v1.2.1
#24 7.811     Checking winnow v1.0.4
#24 7.811     Checking toml_writer v1.1.2+spec-1.1.0
#24 7.811    Compiling io-lifetimes v3.0.1
#24 7.980     Checking typenum v1.20.1
#24 8.007    Compiling io-lifetimes v2.0.4
#24 8.009    Compiling pkg-config v0.3.34
#24 8.135    Compiling io-extras v0.19.0
#24 8.199     Checking percent-encoding v2.3.2
#24 8.221     Checking log v0.4.34
#24 8.241    Compiling cap-primitives v4.0.3
#24 8.249    Compiling getrandom v0.4.3
#24 8.250     Checking writeable v0.6.4
#24 8.392     Checking ambient-authority v0.0.2
#24 8.409     Checking litemap v0.8.3
#24 8.446     Checking const-oid v0.10.2
#24 8.467     Checking zeroize v1.9.0
#24 8.546     Checking maybe-owned v0.3.4
#24 8.606    Compiling cap-std v4.0.3
#24 8.628     Checking ipnet v2.12.1
#24 8.680     Checking tracing-core v0.1.36
#24 8.782     Checking winnow v0.7.15
#24 8.814     Checking fastrand v2.5.0
#24 8.815     Checking cpufeatures v0.3.0
#24 8.869     Checking utf8_iter v1.0.4
#24 8.871    Compiling icu_normalizer_data v2.3.0
#24 8.921    Compiling icu_properties_data v2.3.0
#24 8.922     Checking rustls-pki-types v1.15.1
#24 8.942     Checking regex-syntax v0.8.11
#24 8.947     Checking pin-project-lite v0.2.17
#24 9.011    Compiling crc32fast v1.5.1
#24 9.034     Checking simd-adler32 v0.3.10
#24 9.060    Compiling zstd-safe v7.2.4
#24 9.125    Compiling autocfg v1.5.1
#24 9.155     Checking untrusted v0.9.0
#24 9.202    Compiling rustls v0.23.45
#24 9.298     Checking adler2 v2.0.1
#24 9.333     Checking base64 v0.22.1
#24 9.335     Checking form_urlencoded v1.2.2
#24 9.369     Checking libbz2-rs-sys v0.2.5
#24 9.369     Checking zlib-rs v0.6.7
#24 9.381     Checking subtle v2.6.1
#24 9.410     Checking bumpalo v3.20.3
#24 9.413     Checking openssl-probe v0.2.1
#24 9.485     Checking miniz_oxide v0.8.9
#24 9.545     Checking typed-path v0.12.3
#24 9.571     Checking httpdate v1.0.3
#24 9.589     Checking aho-corasick v1.1.5
#24 9.611    Compiling heck v0.5.0
#24 9.634    Compiling getrandom v0.3.4
#24 9.654    Compiling zerocopy v0.8.56
#24 9.655    Compiling version_check v0.9.5
#24 9.685    Compiling parking_lot_core v0.9.12
#24 9.685    Compiling ref-cast v1.0.27
#24 9.780     Checking scopeguard v1.2.0
#24 9.791     Checking lazy_static v1.5.0
#24 9.855     Checking tracing-log v0.2.0
#24 9.896     Checking thread_local v1.1.10
#24 9.899    Compiling unicode-general-category v1.1.0
#24 9.910     Checking borrow-or-share v0.2.4
#24 9.910     Checking lock_api v0.4.14
#24 9.911     Checking sharded-slab v0.1.7
#24 10.07     Checking bit-vec v0.8.0
#24 10.07     Checking webpki-roots v1.0.9
#24 10.15    Compiling indexmap v2.14.0
#24 10.18     Checking rustls-native-certs v0.8.4
#24 10.29     Checking nu-ansi-term v0.50.3
#24 10.32    Compiling rustversion v1.0.23
#24 10.36     Checking vsimd v0.8.0
#24 10.38    Compiling num-traits v0.2.19
#24 10.41     Checking num-cmp v0.1.0
#24 10.43     Checking webpki-roots v0.26.11
#24 10.45     Checking hybrid-array v0.4.14
#24 10.45     Checking micromap v0.3.0
#24 10.49     Checking bit-set v0.8.0
#24 10.51    Compiling ahash v0.8.12
#24 10.55     Checking bytecount v0.6.9
#24 10.55     Checking unsafe-libyaml v0.2.11
#24 10.69     Checking zopfli v0.8.3
#24 10.74     Checking outref v0.5.2
#24 10.78     Checking ryu v1.0.23
#24 10.80     Checking data-encoding v2.11.1
#24 10.91     Checking utf8parse v0.2.2
#24 11.00    Compiling syn v3.0.4
#24 11.03    Compiling syn v2.0.119
#24 11.03    Compiling verus_syn v0.0.0-2026-09-06-0133
#24 11.08     Checking anstyle-parse v1.0.0
#24 11.16    Compiling portable-atomic v1.15.0
#24 11.18     Checking bzip2 v0.6.1
#24 11.21     Checking anstyle-query v1.1.5
#24 11.32     Checking anstyle v1.0.14
#24 11.32     Checking colorchoice v1.0.5
#24 11.40     Checking is_terminal_polyfill v1.70.2
#24 11.42     Checking unicode-width v0.2.2
#24 11.47     Checking clap_lex v1.1.0
#24 11.48     Checking strsim v0.11.1
#24 11.52    Compiling owo-colors v4.3.0
#24 11.57     Checking unit-prefix v0.5.2
#24 11.58     Checking shell-words v1.1.1
#24 11.64     Checking scoped-tls v1.0.1
#24 11.71     Checking anstream v1.0.0
#24 11.78     Checking toml_parser v1.1.3+spec-1.1.0
#24 11.88     Checking uuid-simd v0.8.0
#24 11.96     Checking block-buffer v0.12.1
#24 11.96     Checking crypto-common v0.2.2
#24 12.26     Checking getrandom v0.2.17
#24 12.26     Checking gripsack-process v0.42.0 (/app/crates/gripsack-process)
#24 12.26     Checking filetime v0.2.29
#24 12.26     Checking console v0.16.4
#24 12.42     Checking clap_builder v4.6.6
#24 12.52     Checking flate2 v1.1.9
#24 12.80     Checking regex-automata v0.4.18
#24 12.80     Checking jsonschema-regex v0.55.0
#24 12.89    Compiling jobserver v0.1.35
#24 12.97     Checking num-integer v0.1.47
#24 12.97     Checking num-complex v0.4.6
#24 13.01     Checking parking_lot v0.12.5
#24 13.27    Compiling cc v1.4.4
#24 13.49     Checking num-bigint v0.4.8
#24 13.49     Checking num-iter v0.1.46
#24 13.86     Checking indicatif v0.18.6
#24 14.14     Checking digest v0.11.3
#24 14.45     Checking sha2 v0.11.0
#24 14.95     Checking serde_spanned v1.1.1
#24 14.95     Checking toml_datetime v0.7.5+spec-1.1.0
#24 14.95     Checking toml_datetime v1.1.1+spec-1.1.0
#24 15.39     Checking toml v1.1.4+spec-1.1.0
#24 15.39     Checking toml_edit v0.25.13+spec-1.1.0
#24 15.44     Checking toml v0.9.12+spec-1.1.0
#24 15.71     Checking num-rational v0.4.2
#24 15.80     Checking rustix-linux-procfs v0.1.1
#24 15.81     Checking fs-set-times v0.20.3
#24 15.81     Checking tempfile v3.27.0
#24 15.81     Checking xattr v1.6.1
#24 15.86    Compiling zstd-sys v2.0.16+zstd.1.5.7
#24 15.86    Compiling ring v0.17.14
#24 15.87    Compiling lzma-sys v0.1.20
#24 15.87    Compiling generator v0.8.10
#24 16.01     Checking tar v0.4.46
#24 16.20     Checking dialoguer v0.12.0
#24 16.21     Checking num v0.4.3
#24 16.28     Checking fraction v0.17.0
#24 17.13     Checking gripsack-fs v0.42.0 (/app/crates/gripsack-fs)
#24 17.65     Checking xz2 v0.1.7
#24 17.82     Checking matchers v0.2.0
#24 17.82     Checking regex v1.13.1
#24 17.85     Checking fancy-regex v0.19.1
#24 18.87    Compiling synstructure v0.13.2
#24 19.92    Compiling serde_derive v1.0.229
#24 19.92    Compiling thiserror-impl v2.0.20
#24 19.93    Compiling zerovec-derive v0.11.6
#24 19.93    Compiling displaydoc v0.2.7
#24 19.94    Compiling ref-cast-impl v1.0.27
#24 19.94    Compiling clap_derive v4.6.4
#24 20.52     Checking rustls-webpki v0.103.15
#24 20.78     Checking zstd v0.13.3
#24 20.81    Compiling zerofrom-derive v0.1.7
#24 20.81    Compiling yoke-derive v0.8.2
#24 20.81    Compiling tracing-attributes v0.1.31
#24 20.81    Compiling strum_macros v0.28.0
#24 21.06     Checking zip v8.6.0
#24 22.47     Checking zerofrom v0.1.8
#24 22.49     Checking tracing v0.1.44
#24 22.51     Checking clap v4.6.6
#24 22.58     Checking yoke v0.8.3
#24 22.81     Checking zerovec v0.11.8
#24 22.81     Checking zerotrie v0.2.5
#24 23.55    Compiling verus_state_machines_macros v0.0.0-2026-09-06-0133
#24 23.55    Compiling verus_builtin_macros v0.0.0-2026-09-06-0133
#24 23.58     Checking tinystr v0.8.4
#24 23.58     Checking potential_utf v0.1.6
#24 23.64     Checking strum v0.28.0
#24 23.66     Checking icu_collections v2.3.0
#24 23.74     Checking icu_locale_core v2.3.0
#24 24.38     Checking tracing-serde v0.2.0
#24 24.38     Checking fluent-uri v0.4.1
#24 24.38     Checking serde_yaml v0.9.34+deprecated
#24 24.38     Checking email_address v0.2.9
#24 24.38     Checking gripsack-buildkit v0.42.0 (/app/crates/gripsack-buildkit)
#24 24.51     Checking tracing-subscriber v0.3.23
#24 24.66     Checking icu_provider v2.3.1
#24 24.67     Checking jsonschema-value v0.55.0
#24 24.96     Checking icu_properties v2.3.0
#24 24.96     Checking icu_normalizer v2.3.0
#24 25.14     Checking referencing v0.55.0
#24 25.98     Checking jsonschema v0.55.0
#24 26.11     Checking loom v0.7.2
#24 26.57     Checking idna_adapter v1.2.2
#24 26.63     Checking idna v1.1.0
#24 26.82     Checking url v2.5.8
#24 27.29     Checking ureq v2.12.1
#24 33.07     Checking gripsack-policy v0.42.0 (/app/crates/gripsack-policy)
#24 33.29     Checking gripsack-ir v0.42.0 (/app/crates/gripsack-ir)
#24 36.67     Checking gripsack-store v0.42.0 (/app/crates/gripsack-store)
#24 36.67     Checking gripsack-config v0.42.0 (/app/crates/gripsack-config)
#24 36.67     Checking griplint v0.42.0 (/app/crates/griplint)
#24 38.14     Checking gripsack-fetch v0.42.0 (/app/crates/gripsack-fetch)
#24 38.15     Checking gripsack-trace v0.42.0 (/app/crates/gripsack-trace)
#24 39.50     Checking gripsack-exec v0.42.0 (/app/crates/gripsack-exec)
#24 39.50     Checking gripsack-lint v0.42.0 (/app/crates/gripsack-lint)
#24 40.91     Checking gripsack-fuzz v0.0.0 (/app/fuzz)
#24 40.91     Checking gripsack v0.42.0 (/app/crates/gripsack)
#24 42.04     Finished `dev` profile [unoptimized + debuginfo] target(s) in 40.97s
#24 42.72    Compiling cfg-if v1.0.4
#24 42.72    Compiling equivalent v1.0.2
#24 42.72    Compiling memchr v2.8.3
#24 42.72    Compiling allocator-api2 v0.2.21
#24 42.72    Compiling foldhash v0.2.0
#24 42.72    Compiling once_cell v1.21.4
#24 42.73    Compiling itoa v1.0.18
#24 42.74    Compiling verus_builtin v0.0.0-2026-09-06-0133
#24 42.74    Compiling smallvec v1.15.2
#24 42.74    Compiling linux-raw-sys v0.12.1
#24 42.74    Compiling bitflags v2.13.1
#24 42.74    Compiling winnow v1.0.4
#24 42.74    Compiling toml_writer v1.1.2+spec-1.1.0
#24 42.75    Compiling stable_deref_trait v1.2.1
#24 42.76    Compiling typenum v1.20.1
#24 42.76    Compiling ipnet v2.12.1
#24 42.76    Compiling libc v0.2.189
#24 42.76    Compiling serde_core v1.0.229
#24 42.76    Compiling zmij v1.0.23
#24 42.76    Compiling indexmap v2.14.0
#24 42.77    Compiling io-lifetimes v3.0.1
#24 42.77    Compiling io-lifetimes v2.0.4
#24 42.77    Compiling ambient-authority v0.0.2
#24 42.78    Compiling maybe-owned v0.3.4
#24 42.78    Compiling const-oid v0.10.2
#24 42.78    Compiling log v0.4.34
#24 42.79    Compiling percent-encoding v2.3.2
#24 42.80    Compiling fastrand v2.5.0
#24 42.80    Compiling winnow v0.7.15
#24 42.80    Compiling cpufeatures v0.3.0
#24 42.80    Compiling thiserror v2.0.20
#24 42.80    Compiling zerofrom v0.1.8
#24 42.80    Compiling writeable v0.6.4
#24 42.80    Compiling litemap v0.8.3
#24 42.80    Compiling zeroize v1.9.0
#24 42.90    Compiling io-extras v0.19.0
#24 42.91    Compiling utf8_iter v1.0.4
#24 42.93    Compiling regex-syntax v0.8.11
#24 42.94    Compiling tracing-core v0.1.36
#24 42.96    Compiling pin-project-lite v0.2.17
#24 42.97    Compiling icu_normalizer_data v2.3.0
#24 42.98    Compiling icu_properties_data v2.3.0
#24 42.98    Compiling untrusted v0.9.0
#24 43.01    Compiling yoke v0.8.3
#24 43.02    Compiling base64 v0.22.1
#24 43.04    Compiling simd-adler32 v0.3.10
#24 43.06    Compiling rustls-pki-types v1.15.1
#24 43.07    Compiling crc32fast v1.5.1
#24 43.09    Compiling adler2 v2.0.1
#24 43.10    Compiling form_urlencoded v1.2.2
#24 43.11    Compiling libbz2-rs-sys v0.2.5
#24 43.15    Compiling bumpalo v3.20.3
#24 43.16    Compiling subtle v2.6.1
#24 43.16    Compiling zlib-rs v0.6.7
#24 43.17    Compiling openssl-probe v0.2.1
#24 43.17    Compiling typed-path v0.12.3
#24 43.19    Compiling num-traits v0.2.19
#24 43.20    Compiling hashbrown v0.17.1
#24 43.20    Compiling httpdate v1.0.3
#24 43.23    Compiling scopeguard v1.2.0
#24 43.24    Compiling zerocopy v0.8.56
#24 43.26    Compiling lazy_static v1.5.0
#24 43.28    Compiling zerovec v0.11.8
#24 43.32    Compiling zerotrie v0.2.5
#24 43.34    Compiling rustix v1.1.4
#24 43.34    Compiling miniz_oxide v0.8.9
#24 43.35    Compiling lock_api v0.4.14
#24 43.38    Compiling sharded-slab v0.1.7
#24 43.43    Compiling ref-cast v1.0.27
#24 43.45    Compiling thread_local v1.1.10
#24 43.47    Compiling zopfli v0.8.3
#24 43.47    Compiling bit-vec v0.8.0
#24 43.48    Compiling nu-ansi-term v0.50.3
#24 43.51    Compiling borrow-or-share v0.2.4
#24 43.54    Compiling aho-corasick v1.1.5
#24 43.57    Compiling vsimd v0.8.0
#24 43.60    Compiling bytecount v0.6.9
#24 43.61    Compiling num-cmp v0.1.0
#24 43.62    Compiling tracing v0.1.44
#24 43.80    Compiling webpki-roots v1.0.9
#24 43.83    Compiling rustls-native-certs v0.8.4
#24 43.84    Compiling tracing-log v0.2.0
#24 43.89    Compiling bzip2 v0.6.1
#24 43.93    Compiling webpki-roots v0.26.11
#24 43.95    Compiling bit-set v0.8.0
#24 44.01    Compiling outref v0.5.2
#24 44.03    Compiling unsafe-libyaml v0.2.11
#24 44.04    Compiling ryu v1.0.23
#24 44.05    Compiling micromap v0.3.0
#24 44.08    Compiling strum v0.28.0
#24 44.11    Compiling verus_state_machines_macros v0.0.0-2026-09-06-0133
#24 44.12    Compiling unicode-general-category v1.1.0
#24 44.15    Compiling data-encoding v2.11.1
#24 44.16    Compiling utf8parse v0.2.2
#24 44.17    Compiling anstyle-query v1.1.5
#24 44.20    Compiling scoped-tls v1.0.1
#24 44.22    Compiling anstyle v1.0.14
#24 44.24    Compiling unicode-width v0.2.2
#24 44.30    Compiling jobserver v0.1.35
#24 44.31    Compiling hybrid-array v0.4.14
#24 44.32    Compiling getrandom v0.4.3
#24 44.36    Compiling gripsack-process v0.42.0 (/app/crates/gripsack-process)
#24 44.36    Compiling getrandom v0.2.17
#24 44.37    Compiling filetime v0.2.29
#24 44.38    Compiling parking_lot_core v0.9.12
#24 44.44    Compiling getrandom v0.3.4
#24 44.56    Compiling tinystr v0.8.4
#24 44.56    Compiling potential_utf v0.1.6
#24 44.62    Compiling num-integer v0.1.47
#24 44.63    Compiling cc v1.4.4
#24 44.63    Compiling num-complex v0.4.6
#24 44.64    Compiling uuid-simd v0.8.0
#24 44.65    Compiling anstyle-parse v1.0.0
#24 44.67    Compiling parking_lot v0.12.5
#24 44.71    Compiling is_terminal_polyfill v1.70.2
#24 44.73    Compiling toml_parser v1.1.3+spec-1.1.0
#24 44.75    Compiling icu_collections v2.3.0
#24 44.77    Compiling colorchoice v1.0.5
#24 44.81    Compiling icu_locale_core v2.3.0
#24 44.83    Compiling console v0.16.4
#24 44.83    Compiling clap_lex v1.1.0
#24 44.89    Compiling strsim v0.11.1
#24 44.90    Compiling portable-atomic v1.15.0
#24 44.90    Compiling shell-words v1.1.1
#24 44.92    Compiling unit-prefix v0.5.2
#24 45.00    Compiling anstream v1.0.0
#24 45.05    Compiling owo-colors v4.3.0
#24 45.14    Compiling num-bigint v0.4.8
#24 45.15    Compiling num-iter v0.1.46
#24 45.32    Compiling block-buffer v0.12.1
#24 45.33    Compiling crypto-common v0.2.2
#24 45.37    Compiling clap_builder v4.6.6
#24 46.12    Compiling indicatif v0.18.6
#24 46.20    Compiling regex-automata v0.4.18
#24 46.20    Compiling jsonschema-regex v0.55.0
#24 46.30    Compiling icu_provider v2.3.1
#24 46.65    Compiling icu_normalizer v2.3.0
#24 46.65    Compiling icu_properties v2.3.0
#24 46.69    Compiling digest v0.11.3
#24 46.82    Compiling zstd-sys v2.0.16+zstd.1.5.7
#24 46.82    Compiling ring v0.17.14
#24 46.82    Compiling lzma-sys v0.1.20
#24 46.82    Compiling generator v0.8.10
#24 46.85    Compiling sha2 v0.11.0
#24 47.05    Compiling serde v1.0.229
#24 47.05    Compiling serde_json v1.0.151
#24 47.05    Compiling serde_spanned v1.1.1
#24 47.05    Compiling toml_datetime v0.7.5+spec-1.1.0
#24 47.05    Compiling toml_datetime v1.1.1+spec-1.1.0
#24 47.13    Compiling num-rational v0.4.2
#24 47.35    Compiling flate2 v1.1.9
#24 47.35    Compiling toml v1.1.4+spec-1.1.0
#24 47.35    Compiling toml_edit v0.25.13+spec-1.1.0
#24 47.38    Compiling toml v0.9.12+spec-1.1.0
#24 47.80    Compiling num v0.4.3
#24 47.85    Compiling fraction v0.17.0
#24 48.04    Compiling tracing-serde v0.2.0
#24 48.04    Compiling fluent-uri v0.4.1
#24 48.04    Compiling serde_yaml v0.9.34+deprecated
#24 48.05    Compiling email_address v0.2.9
#24 48.67    Compiling idna_adapter v1.2.2
#24 48.76    Compiling clap v4.6.6
#24 48.81    Compiling idna v1.1.0
#24 48.97    Compiling rustix-linux-procfs v0.1.1
#24 49.00    Compiling fs-set-times v0.20.3
#24 49.14    Compiling tempfile v3.27.0
#24 49.20    Compiling cap-primitives v4.0.3
#24 49.25    Compiling rustls v0.23.45
#24 49.27    Compiling xattr v1.6.1
#24 49.40    Compiling url v2.5.8
#24 49.42    Compiling gripsack-buildkit v0.42.0 (/app/crates/gripsack-buildkit)
#24 49.47    Compiling tar v0.4.46
#24 49.61    Compiling dialoguer v0.12.0
#24 50.00    Compiling cap-std v4.0.3
#24 50.41    Compiling gripsack-fs v0.42.0 (/app/crates/gripsack-fs)
#24 50.58    Compiling ahash v0.8.12
#24 50.87    Compiling referencing v0.55.0
#24 50.87    Compiling jsonschema-value v0.55.0
#24 50.99    Compiling zstd-safe v7.2.4
#24 51.05    Compiling xz2 v0.1.7
#24 51.22    Compiling matchers v0.2.0
#24 51.22    Compiling regex v1.13.1
#24 51.22    Compiling fancy-regex v0.19.1
#24 51.26    Compiling zstd v0.13.3
#24 51.28    Compiling vstd v0.0.0-2026-09-06-0133
#24 51.32    Compiling tracing-subscriber v0.3.23
#24 51.52    Compiling zip v8.6.0
#24 51.53    Compiling rustls-webpki v0.103.15
#24 52.61    Compiling jsonschema v0.55.0
#24 53.46    Compiling loom v0.7.2
#24 54.43    Compiling gripsack-policy v0.42.0 (/app/crates/gripsack-policy)
#24 54.67    Compiling gripsack-ir v0.42.0 (/app/crates/gripsack-ir)
#24 56.48    Compiling ureq v2.12.1
#24 58.50    Compiling gripsack-store v0.42.0 (/app/crates/gripsack-store)
#24 58.50    Compiling gripsack-config v0.42.0 (/app/crates/gripsack-config)
#24 58.50    Compiling griplint v0.42.0 (/app/crates/griplint)
#24 60.05    Compiling gripsack-fetch v0.42.0 (/app/crates/gripsack-fetch)
#24 60.05    Compiling gripsack-trace v0.42.0 (/app/crates/gripsack-trace)
#24 62.42    Compiling gripsack-exec v0.42.0 (/app/crates/gripsack-exec)
#24 62.42    Compiling gripsack-lint v0.42.0 (/app/crates/gripsack-lint)
#24 64.71    Compiling gripsack-fuzz v0.0.0 (/app/fuzz)
#24 68.25    Compiling gripsack v0.42.0 (/app/crates/gripsack)
#24 77.78     Finished `test` profile [unoptimized + debuginfo] target(s) in 35.64s
#24 77.83      Running unittests src/lib.rs (target/debug/deps/griplint-649ce6e1a3a65ac3)
#24 77.83 
#24 77.83 running 19 tests
#24 77.84 test admission::tests::explicit_no_table_preserves_coverage_without_parsing ... ok
#24 77.84 test admission::tests::file_loader_has_the_same_admission_boundary ... ok
#24 77.84 test document::tests::error_spans_map_bytes_to_code_point_columns ... ok
#24 77.84 test document::tests::indented_multichar_keys_get_real_columns ... ok
#24 77.84 test checks::tests::version_coverage_is_numeric_not_textual ... ok
#24 77.84 test value::tests::numbers_compare_across_int_and_float ... ok
#24 77.84 test value::tests::typed_matching_keeps_null_and_boolean_distinct ... ok
#24 77.84 test golden::severity_serializes_lowercase ... ok
#24 77.84 test document::tests::json_and_yaml_null_stay_null ... ok
#24 77.84 test difflib::tests::the_fixture_suggestions_hold ... ok
#24 77.84 test admission::tests::free_keys_and_sections_preserve_arbitrary_descendants ... ok
#24 77.84 test admission::tests::whole_rules_check_sections_without_checking_their_members ... ok
#24 77.84 test admission::tests::formats_dispatch_without_extension_assumptions ... ok
#24 77.84 test admission::tests::key_diagnostics_and_leniency_survive_admission ... ok
#24 77.85 test admission::tests::malformed_key_rules_never_turn_sections_free ... ok
#24 77.85 test admission::tests::markers_are_typed_and_exclusive ... ok
#24 77.85 test admission::tests::metadata_and_dispatch_must_be_actionable ... ok
#24 77.90 test admission::tests::every_embedded_pack_is_admitted ... ok
#24 78.11 test golden::golden_corpus_replays ... ok
#24 78.11 
#24 78.11 test result: ok. 19 passed; 0 failed; 0 ignored; 0 measured; 0 filtered out; finished in 0.28s
#24 78.11 
#24 78.11      Running unittests src/main.rs (target/debug/deps/grip-166ca72ad3da3972)
#24 78.12 
#24 78.12 running 22 tests
#24 78.12 test commands::adopt::generate::tests::ident_is_always_a_valid_ts_identifier ... ok
#24 78.12 test commands::adopt::generate::tests::module_source_escapes_hostile_strings ... ok
#24 78.12 test commands::adopt::generate::tests::module_source_shapes ... ok
#24 78.12 test commands::adopt::generate::tests::names_and_idents ... ok
#24 78.12 test commands::adopt::generate::tests::update_host_bails_on_unexpected_shape ... ok
#24 78.12 test commands::adopt::generate::tests::update_host_ignores_the_template_header_comment ... ok
#24 78.12 test commands::adopt::generate::tests::update_host_single_line_arrays ... ok
#24 78.12 test commands::adopt::generate::tests::update_host_multiline_array ... ok
#24 78.12 test render::tests::missing_file_degrades_gracefully ... ok
#24 78.12 test render::tests::renders_header_and_help_without_color ... ok
#24 78.12 test commands::frontend::tests::every_builtin_read_grant_rejects_a_comma_before_deno_spawn ... ok
#24 78.12 test commands::self_update::installation::tests::deleted_suffix_is_only_stripped_for_a_missing_original ... ok
#24 78.12 test render::tests::invalid_diagnostic_coordinates_never_read_a_source_snippet ... ok
#24 78.12 test render::tests::renders_snippet_when_file_exists ... ok
#24 78.12 test render::tests::source_snippets_cannot_escape_the_repo_capability ... ok
#24 78.12 test commands::self_update::installation::tests::parent_drift_does_not_redirect_publication ... ok
#24 78.12 test commands::self_update::installation::tests::replacement_invalidates_installed_version_evidence ... ok
#24 78.12 test commands::self_update::payload::tests::root_and_nested_candidates_are_ambiguous ... ok
#24 78.12 test commands::self_update::payload::tests::symlink_files_and_symlink_directories_are_not_candidates ... ok
#24 78.13 test commands::self_update::payload::tests::probe_requires_success_and_a_single_grip_version ... ok
#24 78.13 test commands::self_update::installation::tests::symlink_install_keeps_target_semantics ... ok
#24 78.13 test commands::self_update::payload::tests::flooding_version_peer_is_rejected ... ok
#24 78.13 
#24 78.13 test result: ok. 22 passed; 0 failed; 0 ignored; 0 measured; 0 filtered out; finished in 0.02s
#24 78.13 
#24 78.13      Running unittests src/lib.rs (target/debug/deps/gripsack_buildkit-17ce832e6f9981aa)
#24 78.14 
#24 78.14 running 23 tests
#24 78.14 test protocol::tests::digests_and_sessions_validate_their_shape ... ok
#24 78.14 test protocol::tests::hostile_headers_reject_before_any_body_is_read ... ok
#24 78.14 test protocol::tests::negotiation_is_one_exact_version_pair ... ok
#24 78.14 test protocol::tests::the_gate_fences_stale_duplicate_and_flooding_events ... ok
#24 78.14 test protocol::tests::every_message_round_trips_byte_exactly ... ok
#24 78.14 test transport::tests::the_real_go_bridge_negotiates_fails_closed_and_cancels_idempotently ... ignored, requires tools/buildkit-bridge/bridge-bin (built by the pinned golang gate)
#24 78.14 test worker::linux::tests::failed_launch_with_no_container_id_never_deletes_by_name ... ok
#24 78.14 test worker::linux::tests::failed_removal_does_not_claim_stopped_and_can_retry ... ok
#24 78.14 test protocol::tests::trailing_bytes_and_unknown_fields_reject ... ok
#24 78.14 test worker::linux::tests::failed_version_probe_cannot_authorize_a_lease ... ok
#24 78.14 test worker::linux::tests::the_real_docker_worker_provisions_leases_and_stops ... ignored, requires a real docker engine with the pinned buildkitd image
#24 78.14 test worker::linux::tests::the_real_docker_worker_refuses_a_foreign_cache_volume ... ignored, requires a real docker engine with the pinned buildkitd image
#24 78.14 test worker::linux::tests::foreign_cache_volume_blocks_provision_without_launch_or_deletion ... ok
#24 78.14 test worker::linux::tests::worker_identity_rejects_unsafe_or_unbounded_docker_names ... ok
#24 78.14 test worker::linux::tests::foreign_container_identity_blocks_deletion_and_stop ... ok
#24 78.14 test worker::tests::a_worker_with_a_live_lease_cannot_stop_or_be_deleted ... ok
#24 78.14 test worker::tests::a_crashed_worker_keeps_its_leases_until_explicit_drain ... ok
#24 78.14 test worker::linux::tests::live_lease_blocks_worker_deletion_until_drained ... ok
#24 78.14 test worker::tests::cleanup_only_deletes_owned_resources_and_never_retained_ones ... ok
#24 78.14 test protocol::tests::log_chunks_are_bounded_after_decode ... ok
#24 78.14 test worker::tests::illegal_transitions_reject_instead_of_guessing ... ok
#24 78.14 test worker::tests::two_clients_lease_one_ready_worker_concurrently ... ok
#24 78.14 test worker::tests::unknown_leases_reject_and_ids_never_repeat ... ok
#24 78.14 
#24 78.14 test result: ok. 20 passed; 0 failed; 3 ignored; 0 measured; 0 filtered out; finished in 0.00s
#24 78.14 
#24 78.14      Running unittests src/lib.rs (target/debug/deps/gripsack_config-98cadf244e260699)
#24 78.14 
#24 78.14 running 12 tests
#24 78.14 test tests::defaults_are_sane ... ok
#24 78.14 test tests::parses_throttle_table ... ok
#24 78.14 test tests::eval_deps_is_gone ... ok
#24 78.14 test tests::python_frontend_is_a_migration_error ... ok
#24 78.14 test tests::parses_env_toml ... ok
#24 78.15 test tests::typescript_frontend_declaration_is_tolerated ... ok
#24 78.15 test tests::typo_key_is_a_span_labeled_diagnostic ... ok
#24 78.15 test tests::unknown_frontend_value_errors_the_same_way ... ok
#24 78.15 test tests::user_value_used_when_repo_silent ... ok
#24 78.15 test tests::unknown_top_level_key_is_an_error ... ok
#24 78.15 test tests::repo_wins_user_fills_gaps ... ok
#24 78.15 test tests::repo_build_env_cannot_claim_operator_credential_routing ... ok
#24 78.15 
#24 78.15 test result: ok. 12 passed; 0 failed; 0 ignored; 0 measured; 0 filtered out; finished in 0.00s
#24 78.15 
#24 78.15      Running unittests src/lib.rs (target/debug/deps/gripsack_exec-3fb30e1e37be02ef)
#24 78.15 
#24 78.15 running 51 tests
#24 78.15 test facts::tests::glibc_version_parses_both_ldd_wordings ... ok
#24 78.15 test facts::tests::facts_match_the_running_host ... ok
#24 78.15 test frontend::tests::path_deno_version_gate_matches_major ... ok
#24 78.15 test lineage_model::a_mid_apply_external_write_is_aborted_never_clobbered ... ok
#24 78.15 test lineage_model::chmod_only_drift_is_preserved_never_silently_reverted ... ok
#24 78.15 test lineage_model::preserved_drift_never_authorizes_an_update ... ok
#24 78.15 test managed_blocks::tests::broken_scanner_utf8_boundary_returns_error_instead_of_panicking ... ok
#24 78.15 test managed_blocks::tests::malformed_markers_never_grant_splice_ranges ... ok
#24 78.15 test managed_blocks::tests::later_hand_edits_are_classified_and_other_modules_stay_untouched ... ok
#24 78.15 test managed_blocks::tests::foreign_bytes_survive_reconcile_and_removal ... ok
#24 78.15 test managed_blocks::tests::markers_roundtrip_across_comment_styles_and_legacy_metadata ... ok
#24 78.15 test report::update_model::every_survey_order_preserves_error_over_change_precedence ... ok
#24 78.15 test deploy::tests::symlinked_ancestor_into_repo_is_detected ... ok
#24 78.15 test template::tests::template_substitutes_and_escapes ... ok
#24 78.15 test resolve::identity_tests::provenance_differences_hash_identically ... ok
#24 78.15 test template::tests::template_undefined_variable_is_a_loud_error ... ok
#24 78.15 test tests::build_edges_constrain_order_too ... ok
#24 78.15 test tests::dependencies_come_first ... ok
#24 78.15 test template::tests::template_unbalanced_braces_error ... ok
#24 78.15 test deploy::tests::restore_never_writes_a_dangling_owned_link ... ok
#24 78.15 test tests::diamond_is_deterministic ... ok
#24 78.15 test tests::waves_levelize_the_dag ... ok
#24 78.15 test managed_blocks::tests::every_mode_record_participates_independently_of_order ... ok
#24 78.16 test tests::cycles_are_named ... ok
#24 78.16 test source::overlay::tests::fetched_link_ancestor_cannot_redirect_an_overlay ... ok
#24 78.17 test source::overlay::tests::leaf_link_is_replaced_without_writing_its_target ... ok
#24 78.17 test lineage_model::ownership_lineage_holds_over_every_sequence ... ok
#24 78.19 test env::tests::duplicate_contributions_render_once ... ok
#24 78.19 test source::overlay::tests::top_level_links_have_the_same_preview_and_staged_identity ... ok
#24 78.19 test ops::model::tests::a_build_only_dep_plans_zero_destination_ops ... ok
#24 78.19 test source::overlay::tests::overlay_pin_and_bytes_belong_to_the_same_snapshot ... ok
#24 78.20 test lockfile::tests::roundtrip ... ok
#24 78.20 test ops::model::tests::a_spelling_change_plans_no_op ... ok
#24 78.20 test env::tests::empty_contributions_remove_the_file ... ok
#24 78.20 test deploy::tests::journaled_mutation_must_reach_its_intended_state ... ok
#24 78.21 test env::tests::renders_set_prepend_append_with_store_resolution ... ok
#24 78.22 test update::tests::check_and_publish_agree_on_metadata_only_pin_changes ... ok
#24 78.23 test gc::tests::keep_generations_prunes_oldest_and_their_paths ... ok
#24 78.23 test gc::tests::never_prunes_the_current_generation ... ok
#24 78.24 test gc::tests::why_owns_finds_the_owner ... ok
#24 78.24 test gc::tests::collects_only_unreferenced_store_paths ... ok
#24 78.25 test mode_model::links_carry_the_payload_mode_without_normalizing_it ... ok
#24 78.28 test gc::tests::a_session_for_another_home_authorizes_nothing_here ... ok
#24 78.30 test gc::tests::unfinished_recovery_blocks_collection ... ok
#24 78.31 test gc::tests::reconciled_journal_unblocks_collection ... ok
#24 78.33 test gc::tests::quarantined_entries_block_collection ... ok
#24 78.49 test frontend::tests::embed_materializes_tree_and_marker ... ok
#24 78.50 test mode_model::merge_host_modes_are_planned_and_drift_never_authorizes_prune ... ok
#24 78.76 test frontend::tests::materialize_flips_the_stable_current_link ... ok
#24 80.11 test ops::model::tests::the_planned_op_matches_the_algebra_and_executes_to_its_intent ... ok
#24 80.54 test mode_model::whole_file_modes_survive_update_restore_drift_and_prune ... ok
#24 80.54 
#24 80.54 test result: ok. 51 passed; 0 failed; 0 ignored; 0 measured; 0 filtered out; finished in 2.40s
#24 80.54 
#24 80.55      Running tests/workspace_execution_gate.rs (target/debug/deps/workspace_execution_gate-5660ec0011ab2b18)
#24 80.55 
#24 80.55 running 1 test
#24 80.55 test every_direct_executor_entry_rejects_before_home_mutation ... ok
#24 80.55 
#24 80.55 test result: ok. 1 passed; 0 failed; 0 ignored; 0 measured; 0 filtered out; finished in 0.00s
#24 80.55 
#24 80.55      Running unittests src/lib.rs (target/debug/deps/gripsack_fetch-3cf5f2114ed20797)
#24 80.55 
#24 80.55 running 68 tests
#24 80.55 test bottle::tests::all_is_a_last_resort_under_a_validated_policy ... ok
#24 80.55 test bottle::tests::apple_silicon_orders_by_chronology_not_spelling ... ok
#24 80.55 test bottle::tests::future_macos_major_admits_its_own_codename ... ok
#24 80.55 test bottle::tests::intel_mac_never_takes_the_linux_bottle ... ok
#24 80.55 test bottle::tests::arm64_linux_is_not_a_mac_bottle ... ok
#24 80.55 test bottle::tests::intel_mac_takes_the_newest_bottle_the_host_can_run ... ok
#24 80.56 test bottle::tests::linux_matches_exact_architecture ... ok
#24 80.56 test bottle::tests::missing_macos_version_fact_refuses_rather_than_guessing ... ok
#24 80.56 test bottle::tests::older_macos_refuses_newer_bottle_with_the_requirement ... ok
#24 80.56 test bottle::tests::unknown_tags_are_reported_not_matched ... ok
#24 80.56 test bottle::tests::unsupported_architecture_fails_clearly ... ok
#24 80.56 test bottle::tests::version_parsing_is_componentwise ... ok
#24 80.56 test host::tests::bundled_releases_have_full_platform_tables ... ok
#24 80.56 test host::tests::deno_urls_use_the_glibc_linux_assets ... ok
#24 80.56 test host::tests::placeholder_table_covers_every_convention ... ok
#24 80.56 test host::tests::resolves_the_host_asset ... ok
#24 80.56 test http::body::tests::a_new_attempt_cannot_reset_consumed_transfer_bytes ... ok
#24 80.56 test http::failure::tests::certificate_failures_are_not_transient_connections ... ok
#24 80.56 test http::retry::tests::real_retry_policy_has_fixed_deadline_and_bounded_attempts ... ok
#24 80.56 test http::failure::tests::rate_limit_advice_is_evidence_based_and_locations_are_redacted ... ok
#24 80.56 test http::retry::tests::terminal_classes_and_upstream_cooldowns_never_get_fast_replays ... ok
#24 80.56 test http::tests::host_binding_survives_url_normalization ... ok
#24 80.56 test http::tests::bound_credentials_require_tls_and_registry_artifact_refuses_cleartext ... ok
#24 80.56 test placeholders::tests::missing_empty_or_escaping_expansions_never_become_paths ... ok
#24 80.56 test http::tests::credential_routing_model_uses_actual_host_selector ... ok
#24 80.56 test plugins::segment_tests::traversal_tags_are_refused ... ok
#24 80.56 test placeholders::tests::explicit_bare_version_is_shared_without_changing_legacy_asset_precedence ... ok
#24 80.56 test plugins::tests::parse_ref_shapes ... ok
#24 80.56 test resolve::atom_tests::no_core_tag_is_none_and_malformed_versions_skip ... ok
#24 80.56 test resolve::atom_tests::picks_the_newest_core_tag_among_mixed_namespaces ... ok
#24 80.56 test resolve::base_url_tests::bare_ghe_host_gets_api_v3 ... ok
#24 80.56 test http::tests::proxy_bypass_preserves_domain_and_port_boundaries ... ok
#24 80.56 test resolve::tests::missing_asset_lists_available ... ok
#24 80.56 test resolve::tests::picks_expanded_asset ... ok
#24 80.56 test resolve::tests::v_prefix_variants_match ... ok
#24 80.56 test tests::exe_naming ... ok
#24 80.56 test throttle::tests::parses_budget_syntax ... ok
#24 80.56 test throttle::tests::unknown_domains_pass_through ... ok
#24 80.56 test throttle::tests::plugin_declaration_replaces_builtin_default ... ok
#24 80.56 test throttle::tests::url_host_extraction ... ok
#24 80.56 test throttle::tests::user_override_beats_plugin_declaration ... ok
#24 80.56 test tests::discovers_executable_on_path ... ok
#24 80.56 test fetch::archive::tests::forward_and_composed_internal_links_remain_usable_in_tar_and_zip ... ok
#24 80.57 test fetch::plugin::tests::no_response_or_nonzero_exit_is_not_a_fetch ... ok
#24 80.57 test fetch::archive::tests::traversal_is_rejected_before_tar_materialization ... ok
#24 80.57 test plugins::tests::receipt_roundtrips_and_current_resolves ... ok
#24 80.57 test fetch::archive::tests::tar_hardlink_before_its_file_uses_the_pinned_payload_root ... ok
#24 80.57 test fetch::archive::tests::zip_crc_cannot_be_bypassed_by_raw_stream_decoding ... ok
#24 80.57 test fetch::archive::tests::link_cycles_and_dangling_targets_reject_before_archive_materialization ... ok
#24 80.57 test fetch::archive::tests::aggregate_tar_path_metadata_is_bounded_before_extraction ... ok
#24 80.57 test fetch::archive::tests::zip_entry_budget_precedes_directory_allocation ... ok
#24 80.57 test fetch::plugin::tests::bounded_tree_is_checked_before_hash ... ok
#24 80.57 test fetch::archive::tests::filesystem_tree_validation_and_copy_share_link_graph ... ok
#24 80.57 test fetch::archive::tests::a_symlink_destination_cannot_redirect_acquisition ... ok
#24 80.57 test fetch::archive::tests::zip_composed_links_cannot_escape_the_payload_root_in_either_order ... ok
#24 80.57 test fetch::tarball::tests::transport_mismatch_never_extracts_payload ... ok
#24 80.57 test fetch::archive::tests::decompressed_limit_is_checked_on_actual_bytes ... ok
#24 80.57 test fetch::plugin::tests::round_trip_and_reported_hash_verification ... ok
#24 80.57 test fetch::archive::tests::xz_tar_extracts_without_a_payload_buffer ... ok
#24 80.57 test fetch::archive::tests::tar_composed_links_cannot_escape_the_payload_root_in_either_order ... ok
#24 80.57 test fetch::archive::tests::bare_and_compressed_binaries_preserve_executability ... ok
#24 80.57 test fetch::file::tests::file_fetch_extracts_tarball ... ok
#24 80.58 test fetch::plugin::tests::simultaneous_pipe_pressure_and_early_response ... ok
#24 80.58 test fetch::plugin::tests::response_does_not_hide_output_failure ... ok
#24 80.64 test fetch::git::tests::git_fetch_clones_at_rev ... ok
#24 80.81 test throttle::tests::bucket_enforces_the_budget ... ok
#24 85.09 test fetch::plugin::tests::silent_and_response_then_linger_both_fail ... ok
#24 85.09 test fetch::plugin::tests::capability_results_require_a_clean_exit ... ok
#24 85.09 
#24 85.09 test result: ok. 68 passed; 0 failed; 0 ignored; 0 measured; 0 filtered out; finished in 4.54s
#24 85.09 
#24 85.09      Running unittests src/lib.rs (target/debug/deps/gripsack_fs-269bf90eee70c137)
#24 85.10 
#24 85.10 running 14 tests
#24 85.10 test streamed::tests::failed_stream_keeps_old_destination_and_cleans_private_temp ... ok
#24 85.11 test tests::copy_dir_preserves_symlinks_and_merges ... ok
#24 85.11 test streamed::tests::publishes_complete_bytes_and_exact_mode_in_real_operation_order ... ok
#24 85.12 test tests::publish_lands_files_read_only ... ok
#24 85.12 test tests::symlink_replace_flips_atomically ... ok
#24 85.12 test persistence_model::streamed_executable_publication_is_ordered_at_every_cut ... ok
#24 85.12 test tests::atomic_write_creates_parent_dirs ... ok
#24 85.12 test tests::publish_refuses_an_existing_dest ... ok
#24 85.12 test tests::atomic_write_preserves_the_destinations_mode ... ok
#24 85.12 test tests::atomic_write_with_mode_lands_exact_permissions ... ok
#24 85.12 test tests::atomic_write_lands_content_without_leftovers ... ok
#24 85.13 test tests::publish_cross_filesystem_preserves_modes ... ok
#24 85.19 test persistence_model::atomic_file_link_and_tree_publication_are_ordered_at_every_cut ... ok
#24 86.29 test tests::writes_stay_on_the_pinned_inode_under_parent_swap ... ok
#24 86.29 
#24 86.29 test result: ok. 14 passed; 0 failed; 0 ignored; 0 measured; 0 filtered out; finished in 1.19s
#24 86.29 
#24 86.29      Running unittests src/lib.rs (target/debug/deps/gripsack_fuzz-e05377e3cbe046cc)
#24 86.29 
#24 86.29 running 0 tests
#24 86.29 
#24 86.29 test result: ok. 0 passed; 0 failed; 0 ignored; 0 measured; 0 filtered out; finished in 0.00s
#24 86.29 
#24 86.29      Running unittests src/bin/replay.rs (target/debug/deps/replay-532660e24642a329)
#24 86.29 
#24 86.29 running 0 tests
#24 86.29 
#24 86.29 test result: ok. 0 passed; 0 failed; 0 ignored; 0 measured; 0 filtered out; finished in 0.00s
#24 86.29 
#24 86.29      Running unittests src/lib.rs (target/debug/deps/gripsack_ir-3b19633ffcb5d796)
#24 86.29 
#24 86.29 running 68 tests
#24 86.30 test host_name::tests::rejects_path_shaped_hosts_before_they_can_name_files ... ok
#24 86.30 test sema::contract_tests::unknown_fields_are_parse_errors_now ... ok
#24 86.30 test sema::destinations::tests::step_entries_obey_destination_rules ... ok
#24 86.30 test sema::destinations::case_tests::case_variant_destinations_fold_on_every_host ... ok
#24 86.30 test sema::steps::tests::single_fetch_step_pins_multiple_refused ... ok
#24 86.30 test sema::placeholders::tests::the_known_set_passes_clean ... ok
#24 86.30 test sema::tests::malformed_json_is_e000 ... ok
#24 86.30 test sema::tests::dotfiles_only_module_needs_no_source ... ok
#24 86.30 test sema::placeholders::tests::a_typo_is_an_error_with_a_span_and_a_suggestion ... ok
#24 86.30 test sema::tests::legacy_ir_is_rejected_before_decoding_renamed_fields ... ok
#24 86.30 test sema::tests::destination_shaped_verify_path_is_e109 ... ok
#24 86.30 test sema::tests::spanless_nodes_still_render ... ok
#24 86.30 test sema::resources::tests::resources_require_an_action_that_actually_acquires_them ... ok
#24 86.30 test sema::tests::rejects_wrong_version ... ok
#24 86.30 test sema::tests::merge_and_template_modes_pass_sema_with_vars_and_marker ... ok
#24 86.30 test sema::tests::explicit_steps_validate ... ok
#24 86.30 test sema::tests::declared_and_builtin_resources_pass ... ok
#24 86.30 test sema::tests::collects_multiple_diagnostics ... ok
#24 86.30 test sema::tests::unknown_edge_kind_is_span_labeled_e122 ... ok
#24 86.30 test sema::tests::undeclared_resource_is_e107 ... ok
#24 86.30 test sema::tests::run_action_parses_with_outputs ... ok
#24 86.30 test sema::tests::steps_plus_declarative_fields_is_e103 ... ok
#24 86.30 test sema::tests::cross_module_ref_into_declarative_module ... ok
#24 86.30 test sema::tests::unknown_dependency_carries_span_and_code ... ok
#24 86.30 test sema::tests::duplicate_and_reserved_step_ids_are_e106 ... ok
#24 86.31 test sema::tests::external_done_barrier_is_valid_but_self_barrier_is_rejected ... ok
#24 86.31 test sema::workspace::destinations::tests::duplicate_profile_destinations_label_every_declaration ... ok
#24 86.31 test sema::workspace::cycles::tests::production_cycles_label_every_member ... ok
#24 86.31 test sema::workspace::cycles::tests::task_dependency_cycles_are_rejected ... ok
#24 86.31 test sema::workspace::destinations::tests::mixed_policies_over_one_path_still_collide ... ok
#24 86.31 test sema::workspace::names::tests::duplicate_output_names_label_both_spans ... ok
#24 86.31 test sema::workspace::cycles::tests::validation_edges_never_close_a_cycle ... ok
#24 86.31 test sema::tests::parses_and_validates_example ... ok
#24 86.31 test sema::workspace::destinations::tests::distinct_markers_over_one_host_file_coexist_but_one_marker_is_one_owner ... ok
#24 86.31 test sema::workspace::policy::tests::omitted_required_validation_and_producer_fail_closed_with_both_sites ... ok
#24 86.31 test sema::workspace::policy::tests::production_closure_excludes_runtime_and_preserves_validation ... ok
#24 86.31 test sema::workspace::refs::tests::check_subject_must_resolve_to_an_output ... ok
#24 86.31 test sema::workspace::policy::tests::omitted_build_input_and_runtime_edges_fail_admission ... ok
#24 86.31 test sema::workspace::policy::tests::catalog_index_corruption_rejects_before_closure ... ok
#24 86.31 test sema::workspace::destinations::tests::same_destination_across_profiles_rejects_and_equal_names_coexist ... ok
#24 86.31 test sema::workspace::refs::tests::selection_target_mismatch_labels_both_sites ... ok
#24 86.31 test sema::workspace::policy::tests::adjacent_local_steps_lower_to_ordering_not_build_edges ... ok
#24 86.31 test sema::workspace::policy::tests::projected_kind_or_binding_reclassification_fails_closed ... ok
#24 86.31 test sema::workspace::tests::envelope_shape_is_version_dispatched ... ok
#24 86.31 test sema::workspace::tests::provider_backed_package_needs_no_recipe_output ... ok
#24 86.31 test workspace::platform::tests::target_floor_and_abi_admit_only_compatible_consumers ... ok
#24 86.31 test sema::paths::tests::path_shape_rules ... ok
#24 86.31 test sema::workspace::tests::profile_with_literal_file_needs_no_synthetic_package ... ok
#24 86.31 test sema::workspace::span_value::tests::decoded_bash_interpolation_rejects_at_original_script_line ... ok
#24 86.31 test sema::workspace::refs::tests::producer_target_mismatch_labels_both_sites ... ok
#24 86.31 test sema::workspace::tests::package_and_recipe_workspace_admits ... ok
#24 86.31 test sema::workspace::refs::tests::artifact_references_reject_non_artifact_kinds ... ok
#24 86.31 test sema::workspace::span_value::tests::invalid_nested_command_coordinates_remain_source_labeled ... ok
#24 86.31 test sema::workspace::tests::unknown_workspace_fields_label_the_declaring_span ... ok
#24 86.31 test sema::workspace::span_value::tests::incompatible_abi_and_unsafe_prefix_label_the_declaration ... ok
#24 86.31 test sema::workspace::span_value::tests::file_content_requires_source_unless_literal ... ok
#24 86.31 test sema::workspace::refs::tests::invalid_references_are_rejected ... ok
#24 86.31 test sema::workspace::policy::tests::projected_reference_site_substitution_fails_closed ... ok
#24 86.31 test sema::workspace::span_value::tests::degenerate_spans_and_values_are_rejected ... ok
#24 86.31 test sema::workspace::tests::provider_fetch_fields_never_drop_silently ... ok
#24 86.32 test sema::workspace::tests::unknown_workspace_fields_never_drop_silently ... ok
#24 86.32 test sema::workspace::policy::tests::substituted_graph_references_fail_closed_at_declaration ... ok
#24 86.32 test sema::workspace::refs::tests::fixed_prefix_packages_cannot_be_selected_without_prefix ... ok
#24 86.32 test sema::workspace::context::tests::command_references_and_contexts_are_admitted ... ok
#24 86.32 test sema::workspace::span_value::tests::decoded_repo_file_origin_rejects_paths_outside_the_captured_repository ... ok
#24 86.32 test sema::workspace::refs::tests::task_schedule_profile_image_refs_are_typed ... ok
#24 86.32 test sema::workspace::span_value::tests::escaping_profile_file_destinations_reject_at_the_declaration ... ok
#24 86.32 test sema::workspace::refs::tests::artifact_selectors_must_be_normalized_relative_paths ... ok
#24 86.32 
#24 86.32 test result: ok. 68 passed; 0 failed; 0 ignored; 0 measured; 0 filtered out; finished in 0.03s
#24 86.32 
#24 86.32      Running tests/schema_acceptance.rs (target/debug/deps/schema_acceptance-1a169573e71c6ca0)
#24 86.32 
#24 86.32 running 3 tests
#24 86.36 test schema_pattern_assertions_execute ... ok
#24 86.36 test valid_documents_are_admitted_by_both_sides ... ok
#24 86.36 test rejected_documents_fail_both_sides ... ok
#24 86.36 
#24 86.36 test result: ok. 3 passed; 0 failed; 0 ignored; 0 measured; 0 filtered out; finished in 0.04s
#24 86.36 
#24 86.36      Running tests/workspace_admission.rs (target/debug/deps/workspace_admission-69161928380216ad)
#24 86.37 
#24 86.37 running 3 tests
#24 86.37 test provider_backed_package_lists_as_single_output ... ok
#24 86.37 test admitted_workspace_exposes_named_outputs ... ok
#24 86.37 test serialization_preserves_each_version_envelope ... ok
#24 86.37 
#24 86.37 test result: ok. 3 passed; 0 failed; 0 ignored; 0 measured; 0 filtered out; finished in 0.00s
#24 86.37 
#24 86.37      Running tests/workspace_v4_compat.rs (target/debug/deps/workspace_v4_compat-b35fac2a52f57c5d)
#24 86.38 
#24 86.38 running 3 tests
#24 86.38 test versions_reject_each_others_fields_and_bad_refs ... ok
#24 86.41 test historical_schema_and_reader_preserve_opaque_platform_strings ... ok
#24 86.41 test historical_recipe_execution_and_fixed_layout_never_gain_new_policy ... ok
#24 86.41 
#24 86.41 test result: ok. 3 passed; 0 failed; 0 ignored; 0 measured; 0 filtered out; finished in 0.04s
#24 86.41 
#24 86.42      Running tests/workspace_v5_acceptance.rs (target/debug/deps/workspace_v5_acceptance-33fcbef4cdc72330)
#24 86.42 
#24 86.42 running 5 tests
#24 86.52 test version_dispatch_asymmetry ... ok
#24 86.53 test schema_authored_constraints_execute ... ok
#24 86.53 test valid_documents_are_admitted_by_both_sides ... ok
#24 86.53 test rejected_documents_fail_both_sides ... ok
#24 86.54 test each_output_kind_rejects_undeclared_authority_with_its_own_span ... ok
#24 86.54 
#24 86.54 test result: ok. 5 passed; 0 failed; 0 ignored; 0 measured; 0 filtered out; finished in 0.11s
#24 86.54 
#24 86.54      Running unittests src/lib.rs (target/debug/deps/gripsack_lint-1e14c7152962f4c8)
#24 86.54 
#24 86.54 running 8 tests
#24 86.54 test exchange::tests::severity_coercion_and_crash_codes ... ok
#24 86.54 test exchange::tests::spawn_failure_is_e01 ... ok
#24 86.54 test exchange::tests::valid_diagnostics_survive_nonzero_exit ... ok
#24 86.54 test exchange::tests::missing_response_retains_only_last_three_stderr_lines ... ok
#24 86.55 test exchange::tests::pressure_before_input_and_response_before_input_completion ... ok
#24 86.56 test exchange::tests::output_failure_after_response_keeps_diagnostics_and_adds_e02 ... ok
#24 86.60 test exchange::tests::input_limit_is_not_a_success ... ok
#24 91.06 test exchange::tests::silence_and_response_then_linger_are_deadline_failures ... ok
#24 91.06 
#24 91.06 test result: ok. 8 passed; 0 failed; 0 ignored; 0 measured; 0 filtered out; finished in 4.52s
#24 91.06 
#24 91.06      Running unittests src/lib.rs (target/debug/deps/gripsack_policy-6fb76687af620f0e)
#24 91.06 
#24 91.06 running 0 tests
#24 91.06 
#24 91.06 test result: ok. 0 passed; 0 failed; 0 ignored; 0 measured; 0 filtered out; finished in 0.00s
#24 91.06 
#24 91.06      Running tests/name_index.rs (target/debug/deps/name_index-b8d7482da2a86275)
#24 91.07 
#24 91.07 running 1 test
#24 91.07 test catalog_indices_cannot_bind_another_name_or_escape_the_catalog ... ok
#24 91.07 
#24 91.07 test result: ok. 1 passed; 0 failed; 0 ignored; 0 measured; 0 filtered out; finished in 0.00s
#24 91.07 
#24 91.07      Running tests/schedule_smoke.rs (target/debug/deps/schedule_smoke-94fdc3e3d650f21b)
#24 91.07 
#24 91.07 running 2 tests
#24 91.07 test pure_scheduler_latches_on_failure ... ok
#24 91.07 test pure_scheduler_runs_a_diamond ... ok
#24 91.07 
#24 91.07 test result: ok. 2 passed; 0 failed; 0 ignored; 0 measured; 0 filtered out; finished in 0.00s
#24 91.07 
#24 91.07      Running unittests src/lib.rs (target/debug/deps/gripsack_process-1808502d2508137d)
#24 91.07 
#24 91.07 running 19 tests
#24 91.08 test tests::defaults_match_contract ... ok
#24 91.08 test tests::input_rejected_before_spawn ... ok
#24 91.08 test tests::lifecycle::no_response_is_a_normal_exit ... ok
#24 91.08 test tests::empty_input_is_closed_immediately ... ok
#24 91.08 test tests::framing_and_input_eof ... ok
#24 91.08 test tests::lifecycle::exit_and_signal_status_are_not_routing_policy ... ok
#24 91.08 test tests::spawn_error_and_zero_budget ... ok
#24 91.08 test tests::tail_is_exact_and_can_be_disabled ... ok
#24 91.08 test tests::pressure::response_still_sends_input_and_preserves_exit_failure ... ok
#24 91.09 test tests::lifecycle::callback_panic_kills_and_reaps_the_leader ... ok
#24 91.09 test tests::lifecycle::inherited_pipes_are_killed_on_leader_exit_not_after_a_linger ... ok
#24 91.09 test tests::pressure::huge_unterminated_line_is_stopped_incrementally ... ok
#24 91.11 test tests::pressure::response_does_not_disable_any_output_bound ... ok
#24 91.11 test tests::exact_line_limit_and_empty_lines ... ok
#24 91.12 test tests::pressure::simultaneous_input_and_output_pressure ... ok
#24 91.14 test tests::pressure::stdout_and_stderr_floods_are_cumulative ... ok
#24 91.21 test tests::pressure::early_stdin_close_is_not_an_io_error ... ok
#24 94.09 test tests::lifecycle::silent_process_with_closed_pipes_still_has_a_deadline ... ok
#24 94.09 test tests::pressure::blocked_input_does_not_block_response_or_deadline ... ok
#24 94.09 
#24 94.09 test result: ok. 19 passed; 0 failed; 0 ignored; 0 measured; 0 filtered out; finished in 3.01s
#24 94.09 
#24 94.09      Running unittests src/lib.rs (target/debug/deps/gripsack_store-2c19b3b534a85ffe)
#24 94.09 
#24 94.09 running 66 tests
#24 94.10 test journal::marker::repeated_model::ambiguous_current_retains_partial_journal_without_touching_destinations ... ok
#24 94.10 test hash::tests::the_two_identity_domains_never_collide ... ok
#24 94.10 test journal::marker::repeated_model::partial_restore_then_second_crash_keeps_new_edit_and_restores_other_dest ... ok
#24 94.10 test journal::tests::cross_variant_identities_never_compare_equal ... ok
#24 94.10 test journal::tests::marker_missing_previous_generation_is_rejected ... ok
#24 94.10 test journal::tests::marker_null_previous_generation_is_a_fresh_machine ... ok
#24 94.10 test hash::tests::canonical_hash_covers_symlink_target ... ok
#24 94.10 test journal::tests::marker_rejects_duplicates_wrong_types_and_overflow ... ok
#24 94.10 test journal::tests::marker_round_trips_through_the_wire ... ok
#24 94.10 test journal::model::tests::every_schedule_satisfies_the_oracle ... ok
#24 94.10 test hash::tests::canonical_hash_ignores_mtime_but_not_exec_bit ... ok
#24 94.10 test activation::tests::a_corrupt_record_fails_closed ... ok
#24 94.10 test journal::marker::repeated_model::numeric_commit_mutant_fails_the_identical_oracle ... ok
#24 94.11 test hash::tests::tree_hash_is_deterministic_and_content_sensitive ... ok
#24 94.11 test journal::tests::wire_admission_rejects_legacy_versions_and_malformed ... ok
#24 94.11 test ownership::tests::workspace_markers_cannot_be_reinterpreted_as_legacy_module_names ... ok
#24 94.11 test hash::reference_vector::pinned_tree_vector ... ok
#24 94.11 test paths::tests::canonical_dest_refuses_parent_traversal ... ok
#24 94.13 test journal::tests::non_utf8_link_targets_are_refused_not_lossy_compared ... ok
#24 94.13 test journal::tests::non_utf8_destinations_are_refused_at_record ... ok
#24 94.13 test paths::tests::canonical_dest_collapses_spelling_aliases ... ok
#24 94.13 test paths::tests::canonical_dest_resolves_a_symlinked_ancestor ... ok
#24 94.13 test paths::tests::generation_layout ... ok
#24 94.13 test paths::tests::hash_is_stable_and_input_sensitive ... ok
#24 94.13 test paths::tests::home_resolution ... ok
#24 94.13 test paths::tests::store_path_format ... ok
#24 94.13 test trust::tests::canonical_key_falls_back_to_absolute ... ok
#24 94.14 test prior::tests::historical_prior_wire_admits_only_hashes_and_permission_bits ... ok
#24 94.14 test hash::tests::overlay_hash_matches_materialized_staging ... ok
#24 94.14 test trust::tests::only_an_explicit_y_trusts ... ok
#24 94.14 test trust::tests::prompt_values_with_control_chars_are_escaped ... ok
#24 94.14 test trust::tests::rfc3339_known_instants ... ok
#24 94.14 test trust::tests::sandbox_summary_survives_wrapping_intact ... ok
#24 94.14 test hash::tests::overlay_hash_of_dir_source_matches_staged_tree ... ok
#24 94.14 test activation::tests::pending_record_round_trips_and_clears ... ok
#24 94.14 test trust::tests::gate_blocks_untrusted_repos_without_a_tty ... ok
#24 94.15 test generations::tests::manifests_are_strictly_validated ... ok
#24 94.15 test trust::tests::trust_is_keyed_on_canonical_path ... ok
#24 94.16 test journal::tests::legacy_untagged_entries_fail_closed_with_evidence_kept ... ok
#24 94.16 test journal::tests::tagged_entries_round_trip_through_the_wire ... ok
#24 94.16 test generations::tests::manifest_roundtrip_and_listing ... ok
#24 94.16 test journal::tests::recovery_cleanup_keeps_the_pinned_journal_after_a_directory_replacement ... ok
#24 94.16 test journal::tests::unsafe_metadata_symlinks_never_read_or_chmod_their_referents ... ok
#24 94.16 test journal::tests::absent_prior_and_symlink_prior_recover ... ok
#24 94.16 test journal::tests::malformed_entries_fail_closed_into_quarantine ... ok
#24 94.16 test trust::tests::concurrent_adds_keep_both_entries ... ok
#24 94.17 test generations::tests::flip_and_current ... ok
#24 94.17 test trust::tests::trust_toml_round_trip ... ok
#24 94.17 test trust::tests::remove_forgets_the_repo ... ok
#24 94.17 test prior::tests::captured_blob_is_private_and_corrupt_bytes_cannot_restore ... ok
#24 94.17 test journal::tests::user_edit_after_crash_wins ... ok
#24 94.17 test journal::tests::crash_between_record_and_write_restores_prior ... ok
#24 94.18 test journal::tests::commit_run_clears_the_window ... ok
#24 94.18 test journal::tests::recovery_restores_the_exact_mode ... ok
#24 94.18 test journal::tests::crash_after_write_restores_prior_bytes ... ok
#24 94.18 test journal::tests::post_crash_sentinel_symlink_is_kept ... ok
#24 94.19 test journal::tests::post_crash_edit_beats_the_landed_mutation ... ok
#24 94.19 test journal::tests::crash_before_flip_restores ... ok
#24 94.20 test journal::tests::a_retained_v1_entry_recovers_without_inventing_an_intermediate_state ... ok
#24 94.20 test journal::tests::an_intervening_foreign_edit_cannot_extend_a_journaled_chain ... ok
#24 94.20 test journal::tests::crash_after_flip_but_before_cleanup_reads_committed ... ok
#24 94.22 test journal::tests::completed_rollback_reads_committed ... ok
#24 94.22 test journal::marker::repeated_model::exhaustive_independent_destinations_and_two_crashes ... ok
#24 94.23 test journal::tests::crashed_rollback_restores_priors ... ok
#24 94.24 test generations::tests::publish_is_atomic_and_allocation_monotonic ... ok
#24 94.27 test journal::tests::repeated_destination_mutations_restore_the_run_original_at_both_crash_windows ... ok
#24 94.27 
#24 94.27 test result: ok. 66 passed; 0 failed; 0 ignored; 0 measured; 0 filtered out; finished in 0.18s
#24 94.27 
#24 94.27      Running unittests src/lib.rs (target/debug/deps/gripsack_trace-d5d9336241a26fcb)
#24 94.28 
#24 94.28 running 0 tests
#24 94.28 
#24 94.28 test result: ok. 0 passed; 0 failed; 0 ignored; 0 measured; 0 filtered out; finished in 0.00s
#24 94.28 
#24 94.28    Doc-tests griplint
#24 94.36 
#24 94.36 running 0 tests
#24 94.36 
#24 94.36 test result: ok. 0 passed; 0 failed; 0 ignored; 0 measured; 0 filtered out; finished in 0.00s
#24 94.36 
#24 94.37    Doc-tests gripsack_buildkit
#24 94.46 
#24 94.46 running 0 tests
#24 94.46 
#24 94.46 test result: ok. 0 passed; 0 failed; 0 ignored; 0 measured; 0 filtered out; finished in 0.00s
#24 94.46 
#24 94.47    Doc-tests gripsack_config
#24 94.52 
#24 94.52 running 0 tests
#24 94.52 
#24 94.52 test result: ok. 0 passed; 0 failed; 0 ignored; 0 measured; 0 filtered out; finished in 0.00s
#24 94.52 
#24 94.53    Doc-tests gripsack_exec
#24 94.67 
#24 94.67 running 0 tests
#24 94.67 
#24 94.67 test result: ok. 0 passed; 0 failed; 0 ignored; 0 measured; 0 filtered out; finished in 0.00s
#24 94.67 
#24 94.68    Doc-tests gripsack_fetch
#24 94.83 
#24 94.83 running 0 tests
#24 94.83 
#24 94.83 test result: ok. 0 passed; 0 failed; 0 ignored; 0 measured; 0 filtered out; finished in 0.00s
#24 94.83 
#24 94.84    Doc-tests gripsack_fs
#24 94.88 
#24 94.88 running 0 tests
#24 94.88 
#24 94.88 test result: ok. 0 passed; 0 failed; 0 ignored; 0 measured; 0 filtered out; finished in 0.00s
#24 94.88 
#24 94.89    Doc-tests gripsack_fuzz
#24 94.94 
#24 94.94 running 0 tests
#24 94.94 
#24 94.94 test result: ok. 0 passed; 0 failed; 0 ignored; 0 measured; 0 filtered out; finished in 0.00s
#24 94.94 
#24 94.95    Doc-tests gripsack_ir
#24 95.34 
#24 95.34 running 0 tests
#24 95.34 
#24 95.34 test result: ok. 0 passed; 0 failed; 0 ignored; 0 measured; 0 filtered out; finished in 0.00s
#24 95.34 
#24 95.34    Doc-tests gripsack_lint
#24 95.39 
#24 95.39 running 0 tests
#24 95.39 
#24 95.39 test result: ok. 0 passed; 0 failed; 0 ignored; 0 measured; 0 filtered out; finished in 0.00s
#24 95.39 
#24 95.39    Doc-tests gripsack_policy
#24 95.54 
#24 95.54 running 0 tests
#24 95.54 
#24 95.54 test result: ok. 0 passed; 0 failed; 0 ignored; 0 measured; 0 filtered out; finished in 0.00s
#24 95.54 
#24 95.54    Doc-tests gripsack_process
#24 95.58 
#24 95.58 running 0 tests
#24 95.58 
#24 95.58 test result: ok. 0 passed; 0 failed; 0 ignored; 0 measured; 0 filtered out; finished in 0.00s
#24 95.58 
#24 95.59    Doc-tests gripsack_store
#24 95.72 
#24 95.72 running 0 tests
#24 95.72 
#24 95.72 test result: ok. 0 passed; 0 failed; 0 ignored; 0 measured; 0 filtered out; finished in 0.00s
#24 95.72 
#24 95.73    Doc-tests gripsack_trace
#24 95.76 
#24 95.76 running 0 tests
#24 95.76 
#24 95.76 test result: ok. 0 passed; 0 failed; 0 ignored; 0 measured; 0 filtered out; finished in 0.00s
#24 95.76 
#24 DONE 95.8s

#25 [test 2/2] RUN apk add --no-cache python3     && cargo package --list -p gripsack-exec | grep -q "embedded_frontend.rs"     && python3 scripts/gen_diagnostic_registry.py --check     && python3 scripts/gen_diagnostic_registry.py --self-check     && python3 scripts/gen_frontend_embed.py --check     && python3 scripts/check_scheduler_loom.py
#25 1.122 ( 1/13) Installing libbz2 (1.0.8-r6)
#25 1.135 ( 2/13) Installing libffi (3.5.2-r1)
#25 1.143 ( 3/13) Installing gdbm (1.26-r0)
#25 1.163 ( 4/13) Installing mpdecimal (4.0.1-r0)
#25 1.177 ( 5/13) Installing ncurses-terminfo-base (6.6_p20260516-r0)
#25 1.193 ( 6/13) Installing libncursesw (6.6_p20260516-r0)
#25 1.214 ( 7/13) Installing libpanelw (6.6_p20260516-r0)
#25 1.223 ( 8/13) Installing readline (8.3.3-r1)
#25 1.244 ( 9/13) Installing sqlite-libs (3.53.4-r0)
#25 1.299 (10/13) Installing python3 (3.14.7-r1)
#25 1.744 (11/13) Installing python3-pycache-pyc0 (3.14.7-r1)
#25 1.987 (12/13) Installing pyc (3.14.7-r1)
#25 1.987 (13/13) Installing python3-pyc (3.14.7-r1)
#25 1.987 Executing busybox-1.37.0-r31.trigger
#25 1.996 OK: 246.6 MiB in 58 packages
#25 2.166 diagnostic registry: 39 unique core codes, 5 frontend allocations; generated files fresh
#25 2.188 calibration: invalid registry version rejected on its named property
#25 2.188 calibration: duplicate diagnostic code rejected on its named property
#25 2.188 calibration: duplicate frontend diagnostic name rejected on its named property
#25 2.188 diagnostic registry calibration: 3 named mutants rejected
#25 2.216 embedded_frontend.rs: fresh (31 files)
#25 2.518 RUNNER_COMMAND=cargo test --locked -p gripsack-exec --features loom-tests --lib schedule::coordination::model::
#25 38.26    Compiling proc-macro2 v1.0.107
#25 38.26    Compiling unicode-ident v1.0.24
#25 38.26    Compiling quote v1.0.47
#25 38.26    Compiling libc v0.2.189
#25 38.26    Compiling find-msvc-tools v0.1.11
#25 38.26    Compiling shlex v2.0.1
#25 38.26    Compiling cfg-if v1.0.4
#25 38.26    Compiling stable_deref_trait v1.2.1
#25 38.26    Compiling serde_core v1.0.229
#25 38.26    Compiling once_cell v1.21.4
#25 38.26    Compiling rustix v1.1.4
#25 38.26    Compiling pkg-config v0.3.34
#25 38.26    Compiling bitflags v2.13.1
#25 38.26    Compiling linux-raw-sys v0.12.1
#25 38.26    Compiling hashbrown v0.17.1
#25 38.26    Compiling log v0.4.34
#25 38.26    Compiling equivalent v1.0.2
#25 38.26    Compiling litemap v0.8.3
#25 38.26    Compiling verus_prettyplease v0.0.0-2026-09-06-0133
#25 38.26    Compiling writeable v0.6.4
#25 38.26    Compiling zmij v1.0.23
#25 38.26    Compiling zeroize v1.9.0
#25 38.26    Compiling smallvec v1.15.2
#25 38.26    Compiling icu_normalizer_data v2.3.0
#25 38.26    Compiling utf8_iter v1.0.4
#25 38.26    Compiling icu_properties_data v2.3.0
#25 38.26    Compiling io-lifetimes v3.0.1
#25 38.26    Compiling io-lifetimes v2.0.4
#25 38.26    Compiling serde v1.0.229
#25 38.26    Compiling vstd v0.0.0-2026-09-06-0133
#25 38.26    Compiling typenum v1.20.1
#25 38.26    Compiling convert_case v0.4.0
#25 38.26    Compiling memchr v2.8.3
#25 38.26    Compiling serde_json v1.0.151
#25 38.26    Compiling io-extras v0.19.0
#25 38.26    Compiling verus_builtin v0.0.0-2026-09-06-0133
#25 38.26    Compiling thiserror v2.0.20
#25 38.26    Compiling crc32fast v1.5.1
#25 38.26    Compiling rustls-pki-types v1.15.1
#25 38.26    Compiling cap-primitives v4.0.3
#25 38.26    Compiling rustversion v1.0.23
#25 38.26    Compiling itoa v1.0.18
#25 38.26    Compiling winnow v1.0.4
#25 38.26    Compiling tracing-core v0.1.36
#25 38.26    Compiling untrusted v0.9.0
#25 38.26    Compiling ipnet v2.12.1
#25 38.26    Compiling zstd-safe v7.2.4
#25 38.26    Compiling toml_writer v1.1.2+spec-1.1.0
#25 38.26    Compiling getrandom v0.4.3
#25 38.26    Compiling cap-std v4.0.3
#25 38.26    Compiling simd-adler32 v0.3.10
#25 38.26    Compiling ambient-authority v0.0.2
#25 38.26    Compiling maybe-owned v0.3.4
#25 38.26    Compiling regex-syntax v0.8.11
#25 38.26    Compiling pin-project-lite v0.2.17
#25 38.26    Compiling rustls v0.23.45
#25 38.26    Compiling adler2 v2.0.1
#25 38.26    Compiling const-oid v0.10.2
#25 38.26    Compiling percent-encoding v2.3.2
#25 38.26    Compiling fastrand v2.5.0
#25 38.26    Compiling winnow v0.7.15
#25 38.26    Compiling miniz_oxide v0.8.9
#25 38.26    Compiling zlib-rs v0.6.7
#25 38.26    Compiling bumpalo v3.20.3
#25 38.26    Compiling lazy_static v1.5.0
#25 38.26    Compiling libbz2-rs-sys v0.2.5
#25 38.26    Compiling cpufeatures v0.3.0
#25 38.26    Compiling form_urlencoded v1.2.2
#25 38.26    Compiling subtle v2.6.1
#25 38.26    Compiling sharded-slab v0.1.7
#25 38.26    Compiling thread_local v1.1.10
#25 38.26    Compiling toml_parser v1.1.3+spec-1.1.0
#25 38.26    Compiling nu-ansi-term v0.50.3
#25 38.26    Compiling webpki-roots v1.0.9
#25 38.26    Compiling typed-path v0.12.3
#25 38.26    Compiling tracing-log v0.2.0
#25 38.26    Compiling indexmap v2.14.0
#25 38.26    Compiling openssl-probe v0.2.1
#25 38.26    Compiling base64 v0.22.1
#25 38.26    Compiling httpdate v1.0.3
#25 38.26    Compiling webpki-roots v0.26.11
#25 38.26    Compiling scoped-tls v1.0.1
#25 38.26    Compiling zopfli v0.8.3
#25 38.26    Compiling rustls-native-certs v0.8.4
#25 38.26    Compiling hybrid-array v0.4.14
#25 38.26    Compiling bzip2 v0.6.1
#25 38.26    Compiling syn v2.0.119
#25 38.26    Compiling syn v3.0.4
#25 38.26    Compiling verus_syn v0.0.0-2026-09-06-0133
#25 38.26    Compiling jobserver v0.1.35
#25 38.26    Compiling getrandom v0.2.17
#25 38.26    Compiling filetime v0.2.29
#25 38.26    Compiling gripsack-process v0.42.0 (/tmp/gripsack-loom-ksdy52ep/source/crates/gripsack-process)
#25 38.26    Compiling crypto-common v0.2.2
#25 38.26    Compiling block-buffer v0.12.1
#25 38.26    Compiling cc v1.4.4
#25 38.26    Compiling regex-automata v0.4.18
#25 38.26    Compiling digest v0.11.3
#25 38.26    Compiling sha2 v0.11.0
#25 38.26    Compiling serde_spanned v1.1.1
#25 38.26    Compiling toml_datetime v0.7.5+spec-1.1.0
#25 38.26    Compiling toml_datetime v1.1.1+spec-1.1.0
#25 38.26    Compiling zstd-sys v2.0.16+zstd.1.5.7
#25 38.26    Compiling ring v0.17.14
#25 38.26    Compiling lzma-sys v0.1.20
#25 38.26    Compiling generator v0.8.10
#25 38.26    Compiling toml v0.9.12+spec-1.1.0
#25 38.26    Compiling toml v1.1.4+spec-1.1.0
#25 38.26    Compiling flate2 v1.1.9
#25 38.26    Compiling matchers v0.2.0
#25 38.26    Compiling fs-set-times v0.20.3
#25 38.26    Compiling rustix-linux-procfs v0.1.1
#25 38.26    Compiling xattr v1.6.1
#25 38.26    Compiling tempfile v3.27.0
#25 38.26    Compiling xz2 v0.1.7
#25 38.26    Compiling tar v0.4.46
#25 38.26    Compiling zerovec-derive v0.11.6
#25 38.26    Compiling displaydoc v0.2.7
#25 38.26    Compiling serde_derive v1.0.229
#25 38.26    Compiling thiserror-impl v2.0.20
#25 38.26    Compiling gripsack-fs v0.42.0 (/tmp/gripsack-loom-ksdy52ep/source/crates/gripsack-fs)
#25 38.26    Compiling synstructure v0.13.2
#25 38.26    Compiling rustls-webpki v0.103.15
#25 38.26    Compiling zstd v0.13.3
#25 38.26    Compiling zip v8.6.0
#25 38.26    Compiling zerofrom-derive v0.1.7
#25 38.26    Compiling yoke-derive v0.8.2
#25 38.26    Compiling tracing-attributes v0.1.31
#25 38.26    Compiling zerofrom v0.1.8
#25 38.26    Compiling yoke v0.8.3
#25 38.26    Compiling tracing v0.1.44
#25 38.26    Compiling zerovec v0.11.8
#25 38.26    Compiling zerotrie v0.2.5
#25 38.26    Compiling tracing-subscriber v0.3.23
#25 38.26    Compiling verus_builtin_macros v0.0.0-2026-09-06-0133
#25 38.26    Compiling verus_state_machines_macros v0.0.0-2026-09-06-0133
#25 38.26    Compiling tinystr v0.8.4
#25 38.26    Compiling potential_utf v0.1.6
#25 38.26    Compiling icu_collections v2.3.0
#25 38.26    Compiling icu_locale_core v2.3.0
#25 38.26    Compiling loom v0.7.2
#25 38.26    Compiling icu_provider v2.3.1
#25 38.26    Compiling icu_normalizer v2.3.0
#25 38.26    Compiling icu_properties v2.3.0
#25 38.26    Compiling idna_adapter v1.2.2
#25 38.26    Compiling idna v1.1.0
#25 38.26    Compiling url v2.5.8
#25 38.26    Compiling ureq v2.12.1
#25 38.26    Compiling gripsack-policy v0.42.0 (/tmp/gripsack-loom-ksdy52ep/source/crates/gripsack-policy)
#25 38.26    Compiling gripsack-ir v0.42.0 (/tmp/gripsack-loom-ksdy52ep/source/crates/gripsack-ir)
#25 38.26    Compiling gripsack-store v0.42.0 (/tmp/gripsack-loom-ksdy52ep/source/crates/gripsack-store)
#25 38.26    Compiling gripsack-config v0.42.0 (/tmp/gripsack-loom-ksdy52ep/source/crates/gripsack-config)
#25 38.26    Compiling gripsack-fetch v0.42.0 (/tmp/gripsack-loom-ksdy52ep/source/crates/gripsack-fetch)
#25 38.26    Compiling gripsack-exec v0.42.0 (/tmp/gripsack-loom-ksdy52ep/source/crates/gripsack-exec)
#25 38.26     Finished `test` profile [unoptimized + debuginfo] target(s) in 35.66s
#25 38.26      Running unittests src/lib.rs (/tmp/gripsack-loom-ksdy52ep/target/debug/deps/gripsack_exec-b7e2f6570f326bed)
#25 38.26 
#25 38.26 running 3 tests
#25 38.26 test schedule::coordination::model::panic_completes_once_and_wakes_waiters ... ok
#25 38.26 test schedule::coordination::model::failure_latches_and_drains_without_lost_notification ... ok
#25 38.26 test schedule::coordination::model::diamond_completion_wakes_waiters_and_publishes_dependencies ... ok
#25 38.26 
#25 38.26 test result: ok. 3 passed; 0 failed; 0 ignored; 0 measured; 51 filtered out; finished in 0.06s
#25 38.26 
#25 38.26 
#25 38.26 LOOM_SCHEDULER=3
#25 38.26 RUNNER_COMMAND=cargo test --locked -p gripsack-exec --features loom-tests --lib schedule::coordination::model::diamond_completion_wakes_waiters_and_publishes_dependencies
#25 42.58    Compiling gripsack-exec v0.42.0 (/tmp/gripsack-loom-ksdy52ep/source/crates/gripsack-exec)
#25 42.58     Finished `test` profile [unoptimized + debuginfo] target(s) in 4.08s
#25 42.58      Running unittests src/lib.rs (/tmp/gripsack-loom-ksdy52ep/target/debug/deps/gripsack_exec-b7e2f6570f326bed)
#25 42.58 
#25 42.58 running 1 test
#25 42.58 
#25 42.58 thread 'schedule::coordination::model::diamond_completion_wakes_waiters_and_publishes_dependencies' (4049) panicked at /usr/local/cargo/registry/src/index.crates.io-1949cf8c6b5b557f/loom-0.7.2/src/rt/execution.rs:216:13:
#25 42.58 deadlock; threads = [(Id(0), Blocked(Location(None))), (Id(1), Terminated), (Id(2), Blocked(Location(None)))]
#25 42.58 note: run with `RUST_BACKTRACE=1` environment variable to display a backtrace
#25 42.58 
#25 42.58 thread 'schedule::coordination::model::diamond_completion_wakes_waiters_and_publishes_dependencies' (4049) panicked at /usr/local/cargo/registry/src/index.crates.io-1949cf8c6b5b557f/loom-0.7.2/src/rt/thread.rs:276:39:
#25 42.58 called `Option::unwrap()` on a `None` value
#25 42.58 stack backtrace:
#25 42.58    0:     0x74cc3cb9dc31 - std[f4f322d5fb81df6e]::backtrace_rs::backtrace::libunwind::trace
#25 42.58                                at /rustc/88d9e12ae178fab0fb5cc050a94da85685d449ea/library/std/src/../../backtrace/src/backtrace/libunwind.rs:117:9
#25 42.58    1:     0x74cc3cb9dc31 - std[f4f322d5fb81df6e]::backtrace_rs::backtrace::trace_unsynchronized::<std[f4f322d5fb81df6e]::sys::backtrace::_print_fmt::{closure#1}>
#25 42.58                                at /rustc/88d9e12ae178fab0fb5cc050a94da85685d449ea/library/std/src/../../backtrace/src/backtrace/mod.rs:66:14
#25 42.58    2:     0x74cc3cb9dc31 - std[f4f322d5fb81df6e]::sys::backtrace::_print_fmt
#25 42.58                                at /rustc/88d9e12ae178fab0fb5cc050a94da85685d449ea/library/std/src/sys/backtrace.rs:74:9
#25 42.58    3:     0x74cc3cb9dc31 - <<std[f4f322d5fb81df6e]::sys::backtrace::BacktraceLock>::print::DisplayBacktrace as core[5d33459993e3d723]::fmt::Display>::fmt
#25 42.58                                at /rustc/88d9e12ae178fab0fb5cc050a94da85685d449ea/library/std/src/sys/backtrace.rs:44:26
#25 42.58    4:     0x74cc3cbd303a - <core[5d33459993e3d723]::fmt::rt::Argument>::fmt
#25 42.58                                at /rustc/88d9e12ae178fab0fb5cc050a94da85685d449ea/library/core/src/fmt/rt.rs:152:76
#25 42.58    5:     0x74cc3cbd303a - core[5d33459993e3d723]::fmt::write
#25 42.58    6:     0x74cc3cba367c - std[f4f322d5fb81df6e]::io::default_write_fmt::<alloc[f3282932177de6b4]::vec::Vec<u8>>
#25 42.58                                at /rustc/88d9e12ae178fab0fb5cc050a94da85685d449ea/library/std/src/io/mod.rs:626:11
#25 42.58    7:     0x74cc3cba367c - <alloc[f3282932177de6b4]::vec::Vec<u8> as std[f4f322d5fb81df6e]::io::Write>::write_fmt
#25 42.58                                at /rustc/88d9e12ae178fab0fb5cc050a94da85685d449ea/library/std/src/io/mod.rs:1730:13
#25 42.58    8:     0x74cc3cb78412 - <std[f4f322d5fb81df6e]::sys::backtrace::BacktraceLock>::print
#25 42.58                                at /rustc/88d9e12ae178fab0fb5cc050a94da85685d449ea/library/std/src/sys/backtrace.rs:47:9
#25 42.58    9:     0x74cc3cb78412 - std[f4f322d5fb81df6e]::panicking::default_hook::{closure#0}
#25 42.58                                at /rustc/88d9e12ae178fab0fb5cc050a94da85685d449ea/library/std/src/panicking.rs:292:27
#25 42.58   10:     0x74cc3cb940c4 - std[f4f322d5fb81df6e]::panicking::default_hook
#25 42.58                                at /rustc/88d9e12ae178fab0fb5cc050a94da85685d449ea/library/std/src/panicking.rs:316:9
#25 42.58   11:     0x74cc3c2453e0 - <alloc[f3282932177de6b4]::boxed::Box<dyn for<'a, 'b> core[5d33459993e3d723]::ops::function::Fn<(&'a std[f4f322d5fb81df6e]::panic::PanicHookInfo<'b>,), Output = ()> + core[5d33459993e3d723]::marker::Send + core[5d33459993e3d723]::marker::Sync> as core[5d33459993e3d723]::ops::function::Fn<(&std[f4f322d5fb81df6e]::panic::PanicHookInfo,)>>::call
#25 42.58                                at /rustc/88d9e12ae178fab0fb5cc050a94da85685d449ea/library/alloc/src/boxed.rs:2333:9
#25 42.58   12:     0x74cc3c2453e0 - test[4256d8fa28ac835e]::test_main_inner::<test[4256d8fa28ac835e]::test_main_static::{closure#0}>::{closure#0}
#25 42.58                                at /rustc/88d9e12ae178fab0fb5cc050a94da85685d449ea/library/test/src/lib.rs:155:21
#25 42.58   13:     0x74cc3c2c9ef3 - <alloc[f3282932177de6b4]::boxed::Box<dyn for<'a, 'b> core[5d33459993e3d723]::ops::function::Fn<(&'a std[f4f322d5fb81df6e]::panic::PanicHookInfo<'b>,), Output = ()> + core[5d33459993e3d723]::marker::Send + core[5d33459993e3d723]::marker::Sync> as core[5d33459993e3d723]::ops::function::Fn<(&std[f4f322d5fb81df6e]::panic::PanicHookInfo,)>>::call
#25 42.58                                at /rustc/88d9e12ae178fab0fb5cc050a94da85685d449ea/library/alloc/src/boxed.rs:2333:9
#25 42.58   14:     0x74cc3c2c54c4 - generator[87b94d97073f9995]::detail::gen::catch_unwind_filter::<generator[87b94d97073f9995]::detail::gen::gen_init_impl::{closure#0}, ()>::{closure#0}::{closure#0}
#25 42.58                                at /usr/local/cargo/registry/src/index.crates.io-1949cf8c6b5b557f/generator-0.8.10/src/detail/gen.rs:19:13
#25 42.58   15:     0x74cc3cb943f2 - <alloc[f3282932177de6b4]::boxed::Box<dyn for<'a, 'b> core[5d33459993e3d723]::ops::function::Fn<(&'a std[f4f322d5fb81df6e]::panic::PanicHookInfo<'b>,), Output = ()> + core[5d33459993e3d723]::marker::Send + core[5d33459993e3d723]::marker::Sync> as core[5d33459993e3d723]::ops::function::Fn<(&std[f4f322d5fb81df6e]::panic::PanicHookInfo,)>>::call
#25 42.58                                at /rustc/88d9e12ae178fab0fb5cc050a94da85685d449ea/library/alloc/src/boxed.rs:2333:9
#25 42.58   16:     0x74cc3cb943f2 - std[f4f322d5fb81df6e]::panicking::panic_with_hook
#25 42.58                                at /rustc/88d9e12ae178fab0fb5cc050a94da85685d449ea/library/std/src/panicking.rs:823:13
#25 42.58   17:     0x74cc3cb784f4 - std[f4f322d5fb81df6e]::panicking::panic_handler::{closure#0}
#25 42.58                                at /rustc/88d9e12ae178fab0fb5cc050a94da85685d449ea/library/std/src/panicking.rs:681:13
#25 42.58   18:     0x74cc3cb6f8f9 - std[f4f322d5fb81df6e]::sys::backtrace::__rust_end_short_backtrace::<std[f4f322d5fb81df6e]::panicking::panic_handler::{closure#0}, !>
#25 42.58                                at /rustc/88d9e12ae178fab0fb5cc050a94da85685d449ea/library/std/src/sys/backtrace.rs:182:18
#25 42.58   19:     0x74cc3cb795cd - __rustc[4b1ee1ef74718a7b]::rust_begin_unwind
#25 42.58                                at /rustc/88d9e12ae178fab0fb5cc050a94da85685d449ea/library/std/src/panicking.rs:679:5
#25 42.58   20:     0x74cc3c0acbac - core[5d33459993e3d723]::panicking::panic_fmt
#25 42.58                                at /rustc/88d9e12ae178fab0fb5cc050a94da85685d449ea/library/core/src/panicking.rs:80:14
#25 42.58   21:     0x74cc3c0acb72 - core[5d33459993e3d723]::panicking::panic
#25 42.58                                at /rustc/88d9e12ae178fab0fb5cc050a94da85685d449ea/library/core/src/panicking.rs:150:5
#25 42.58   22:     0x74cc3c0ac899 - core[5d33459993e3d723]::option::unwrap_failed
#25 42.58                                at /rustc/88d9e12ae178fab0fb5cc050a94da85685d449ea/library/core/src/option.rs:2251:5
#25 42.58   23:     0x74cc3c29c63d - <core[5d33459993e3d723]::option::Option<usize>>::unwrap
#25 42.58                                at /rustc/88d9e12ae178fab0fb5cc050a94da85685d449ea/library/core/src/option.rs:1014:21
#25 42.58   24:     0x74cc3c29c63d - <loom[c97bddb326b4e68f]::rt::thread::Set>::active_mut
#25 42.58                                at /usr/local/cargo/registry/src/index.crates.io-1949cf8c6b5b557f/loom-0.7.2/src/rt/thread.rs:276:39
#25 42.58   25:     0x74cc3c2a86c5 - <loom[c97bddb326b4e68f]::rt::object::Ref<loom[c97bddb326b4e68f]::rt::arc::State>>::set_action
#25 42.58                                at /usr/local/cargo/registry/src/index.crates.io-1949cf8c6b5b557f/loom-0.7.2/src/rt/object.rs:387:27
#25 42.58   26:     0x74cc3c2a61b8 - <loom[c97bddb326b4e68f]::rt::object::Ref<loom[c97bddb326b4e68f]::rt::arc::State>>::branch_action::<loom[c97bddb326b4e68f]::rt::arc::Action>::{closure#0}
#25 42.58                                at /usr/local/cargo/registry/src/index.crates.io-1949cf8c6b5b557f/loom-0.7.2/src/rt/object.rs:354:18
#25 42.58   27:     0x74cc3c280cec - loom[c97bddb326b4e68f]::rt::branch::<<loom[c97bddb326b4e68f]::rt::object::Ref<loom[c97bddb326b4e68f]::rt::arc::State>>::branch_action<loom[c97bddb326b4e68f]::rt::arc::Action>::{closure#0}, ()>::{closure#0}
#25 42.58                                at /usr/local/cargo/registry/src/index.crates.io-1949cf8c6b5b557f/loom-0.7.2/src/rt/mod.rs:122:19
#25 42.58   28:     0x74cc3c27c761 - <loom[c97bddb326b4e68f]::rt::scheduler::Scheduler>::with_execution::<loom[c97bddb326b4e68f]::rt::branch<<loom[c97bddb326b4e68f]::rt::object::Ref<loom[c97bddb326b4e68f]::rt::arc::State>>::branch_action<loom[c97bddb326b4e68f]::rt::arc::Action>::{closure#0}, ()>::{closure#0}, ((), bool)>::{closure#0}
#25 42.58                                at /usr/local/cargo/registry/src/index.crates.io-1949cf8c6b5b557f/loom-0.7.2/src/rt/scheduler.rs:43:34
#25 42.58   29:     0x74cc3c27a7fe - <loom[c97bddb326b4e68f]::rt::scheduler::Scheduler>::with_state::<<loom[c97bddb326b4e68f]::rt::scheduler::Scheduler>::with_execution<loom[c97bddb326b4e68f]::rt::branch<<loom[c97bddb326b4e68f]::rt::object::Ref<loom[c97bddb326b4e68f]::rt::arc::State>>::branch_action<loom[c97bddb326b4e68f]::rt::arc::Action>::{closure#0}, ()>::{closure#0}, ((), bool)>::{closure#0}, ((), bool)>::{closure#0}
#25 42.58                                at /usr/local/cargo/registry/src/index.crates.io-1949cf8c6b5b557f/loom-0.7.2/src/rt/scheduler.rs:131:28
#25 42.58   30:     0x74cc3c27d651 - <scoped_tls[87e03fecbc1fc0b7]::ScopedKey<core[5d33459993e3d723]::cell::RefCell<loom[c97bddb326b4e68f]::rt::scheduler::State>>>::with::<<loom[c97bddb326b4e68f]::rt::scheduler::Scheduler>::with_state<<loom[c97bddb326b4e68f]::rt::scheduler::Scheduler>::with_execution<loom[c97bddb326b4e68f]::rt::branch<<loom[c97bddb326b4e68f]::rt::object::Ref<loom[c97bddb326b4e68f]::rt::arc::State>>::branch_action<loom[c97bddb326b4e68f]::rt::arc::Action>::{closure#0}, ()>::{closure#0}, ((), bool)>::{closure#0}, ((), bool)>::{closure#0}, ((), bool)>
#25 42.58                                at /usr/local/cargo/registry/src/index.crates.io-1949cf8c6b5b557f/scoped-tls-1.0.1/src/lib.rs:171:13
#25 42.58   31:     0x74cc3c278cae - <loom[c97bddb326b4e68f]::rt::scheduler::Scheduler>::with_state::<<loom[c97bddb326b4e68f]::rt::scheduler::Scheduler>::with_execution<loom[c97bddb326b4e68f]::rt::branch<<loom[c97bddb326b4e68f]::rt::object::Ref<loom[c97bddb326b4e68f]::rt::arc::State>>::branch_action<loom[c97bddb326b4e68f]::rt::arc::Action>::{closure#0}, ()>::{closure#0}, ((), bool)>::{closure#0}, ((), bool)>
#25 42.58                                at /usr/local/cargo/registry/src/index.crates.io-1949cf8c6b5b557f/loom-0.7.2/src/rt/scheduler.rs:131:15
#25 42.58   32:     0x74cc3c27a1e6 - <loom[c97bddb326b4e68f]::rt::scheduler::Scheduler>::with_execution::<loom[c97bddb326b4e68f]::rt::branch<<loom[c97bddb326b4e68f]::rt::object::Ref<loom[c97bddb326b4e68f]::rt::arc::State>>::branch_action<loom[c97bddb326b4e68f]::rt::arc::Action>::{closure#0}, ()>::{closure#0}, ((), bool)>
#25 42.58                                at /usr/local/cargo/registry/src/index.crates.io-1949cf8c6b5b557f/loom-0.7.2/src/rt/scheduler.rs:43:9
#25 42.58   33:     0x74cc3c280086 - loom[c97bddb326b4e68f]::rt::execution::<loom[c97bddb326b4e68f]::rt::branch<<loom[c97bddb326b4e68f]::rt::object::Ref<loom[c97bddb326b4e68f]::rt::arc::State>>::branch_action<loom[c97bddb326b4e68f]::rt::arc::Action>::{closure#0}, ()>::{closure#0}, ((), bool)>
#25 42.58                                at /usr/local/cargo/registry/src/index.crates.io-1949cf8c6b5b557f/loom-0.7.2/src/rt/mod.rs:174:5
#25 42.58   34:     0x74cc3c27fd89 - loom[c97bddb326b4e68f]::rt::branch::<<loom[c97bddb326b4e68f]::rt::object::Ref<loom[c97bddb326b4e68f]::rt::arc::State>>::branch_action<loom[c97bddb326b4e68f]::rt::arc::Action>::{closure#0}, ()>
#25 42.58                                at /usr/local/cargo/registry/src/index.crates.io-1949cf8c6b5b557f/loom-0.7.2/src/rt/mod.rs:121:25
#25 42.58   35:     0x74cc3c2a5a98 - <loom[c97bddb326b4e68f]::rt::object::Ref<loom[c97bddb326b4e68f]::rt::arc::State>>::branch_action::<loom[c97bddb326b4e68f]::rt::arc::Action>
#25 42.58                                at /usr/local/cargo/registry/src/index.crates.io-1949cf8c6b5b557f/loom-0.7.2/src/rt/object.rs:351:9
#25 42.58   36:     0x74cc3c2a39b0 - <loom[c97bddb326b4e68f]::rt::arc::Arc>::branch
#25 42.58                                at /usr/local/cargo/registry/src/index.crates.io-1949cf8c6b5b557f/loom-0.7.2/src/rt/arc.rs:160:11
#25 42.58   37:     0x74cc3c2a3a52 - <loom[c97bddb326b4e68f]::rt::arc::Arc>::ref_dec
#25 42.58                                at /usr/local/cargo/registry/src/index.crates.io-1949cf8c6b5b557f/loom-0.7.2/src/rt/arc.rs:113:14
#25 42.58   38:     0x74cc3c109c68 - <loom[c97bddb326b4e68f]::sync::arc::Arc<alloc[f3282932177de6b4]::vec::Vec<loom[c97bddb326b4e68f]::sync::atomic::int::AtomicUsize>> as core[5d33459993e3d723]::ops::drop::Drop>::drop
#25 42.58                                at /usr/local/cargo/registry/src/index.crates.io-1949cf8c6b5b557f/loom-0.7.2/src/sync/arc.rs:247:21
#25 42.58   39:     0x74cc3c102a2a - core[5d33459993e3d723]::ptr::drop_glue::<loom[c97bddb326b4e68f]::sync::arc::Arc<alloc[f3282932177de6b4]::vec::Vec<loom[c97bddb326b4e68f]::sync::atomic::int::AtomicUsize>>>
#25 42.58                                at /rustc/88d9e12ae178fab0fb5cc050a94da85685d449ea/library/core/src/ptr/mod.rs:823:1
#25 42.58   40:     0x74cc3c182a3b - gripsack_exec[55dd2f7f09cf5bfd]::schedule::coordination::model::explore::{closure#0}
#25 42.58                                at /tmp/gripsack-loom-ksdy52ep/source/crates/gripsack-exec/src/schedule/coordination_model.rs:87:5
#25 42.58   41:     0x74cc3c0b2071 - <loom[c97bddb326b4e68f]::model::Builder>::check::<gripsack_exec[55dd2f7f09cf5bfd]::schedule::coordination::model::explore::{closure#0}>::{closure#0}
#25 42.58                                at /usr/local/cargo/registry/src/index.crates.io-1949cf8c6b5b557f/loom-0.7.2/src/model.rs:194:17
#25 42.58   42:     0x74cc3c106301 - <<loom[c97bddb326b4e68f]::model::Builder>::check<gripsack_exec[55dd2f7f09cf5bfd]::schedule::coordination::model::explore::{closure#0}>::{closure#0} as core[5d33459993e3d723]::ops::function::FnOnce<()>>::call_once::{shim:vtable#0}
#25 42.58                                at /rustc/88d9e12ae178fab0fb5cc050a94da85685d449ea/library/core/src/ops/function.rs:250:5
#25 42.58   43:     0x74cc3c28f4e8 - <alloc[f3282932177de6b4]::boxed::Box<dyn core[5d33459993e3d723]::ops::function::FnOnce<(), Output = ()>> as core[5d33459993e3d723]::ops::function::FnOnce<()>>::call_once
#25 42.58                                at /rustc/88d9e12ae178fab0fb5cc050a94da85685d449ea/library/alloc/src/boxed.rs:2319:9
#25 42.58   44:     0x74cc3c27cdeb - loom[c97bddb326b4e68f]::rt::scheduler::spawn_thread::{closure#0}
#25 42.58                                at /usr/local/cargo/registry/src/index.crates.io-1949cf8c6b5b557f/loom-0.7.2/src/rt/scheduler.rs:142:17
#25 42.58   45:     0x74cc3c29557e - <loom[c97bddb326b4e68f]::rt::scheduler::spawn_thread::{closure#0} as core[5d33459993e3d723]::ops::function::FnOnce<()>>::call_once
#25 42.58                                at /rustc/88d9e12ae178fab0fb5cc050a94da85685d449ea/library/core/src/ops/function.rs:250:5
#25 42.58   46:     0x74cc3c291d22 - <generator[87b94d97073f9995]::gen_impl::GeneratorImpl<core[5d33459993e3d723]::option::Option<alloc[f3282932177de6b4]::boxed::Box<dyn core[5d33459993e3d723]::ops::function::FnOnce<(), Output = ()>>>, ()>>::init_code::<loom[c97bddb326b4e68f]::rt::scheduler::spawn_thread::{closure#0}>::{closure#0}
#25 42.58                                at /usr/local/cargo/registry/src/index.crates.io-1949cf8c6b5b557f/generator-0.8.10/src/gen_impl.rs:357:21
#25 42.58   47:     0x74cc3c286541 - <generator[87b94d97073f9995]::stack::StackBox<<generator[87b94d97073f9995]::gen_impl::GeneratorImpl<core[5d33459993e3d723]::option::Option<alloc[f3282932177de6b4]::boxed::Box<dyn core[5d33459993e3d723]::ops::function::FnOnce<(), Output = ()>>>, ()>>::init_code<loom[c97bddb326b4e68f]::rt::scheduler::spawn_thread::{closure#0}>::{closure#0}>>::call_once
#25 42.58                                at /usr/local/cargo/registry/src/index.crates.io-1949cf8c6b5b557f/generator-0.8.10/src/stack/mod.rs:137:13
#25 42.58   48:     0x74cc3c2c702d - <generator[87b94d97073f9995]::stack::Func>::call_once
#25 42.58                                at /usr/local/cargo/registry/src/index.crates.io-1949cf8c6b5b557f/generator-0.8.10/src/stack/mod.rs:119:9
#25 42.58   49:     0x74cc3c2c561e - generator[87b94d97073f9995]::detail::gen::gen_init_impl::{closure#0}
#25 42.58                                at /usr/local/cargo/registry/src/index.crates.io-1949cf8c6b5b557f/generator-0.8.10/src/detail/gen.rs:35:14
#25 42.58   50:     0x74cc3c2ca063 - <generator[87b94d97073f9995]::detail::gen::gen_init_impl::{closure#0} as core[5d33459993e3d723]::ops::function::FnOnce<()>>::call_once
#25 42.58                                at /rustc/88d9e12ae178fab0fb5cc050a94da85685d449ea/library/core/src/ops/function.rs:250:5
#25 42.58   51:     0x74cc3c2c5145 - std[f4f322d5fb81df6e]::panicking::catch_unwind::do_call::<generator[87b94d97073f9995]::detail::gen::gen_init_impl::{closure#0}, ()>
#25 42.58                                at /rustc/88d9e12ae178fab0fb5cc050a94da85685d449ea/library/std/src/panicking.rs:576:43
#25 42.58   52:     0x74cc3c2ca22b - __rust_try
#25 42.58   53:     0x74cc3c2c4626 - std[f4f322d5fb81df6e]::panicking::catch_unwind::<(), generator[87b94d97073f9995]::detail::gen::gen_init_impl::{closure#0}>
#25 42.58                                at /rustc/88d9e12ae178fab0fb5cc050a94da85685d449ea/library/std/src/panicking.rs:544:19
#25 42.58   54:     0x74cc3c2c4626 - std[f4f322d5fb81df6e]::panic::catch_unwind::<generator[87b94d97073f9995]::detail::gen::gen_init_impl::{closure#0}, ()>
#25 42.58                                at /rustc/88d9e12ae178fab0fb5cc050a94da85685d449ea/library/std/src/panic.rs:359:14
#25 42.58   55:     0x74cc3c2c4e4d - generator[87b94d97073f9995]::detail::gen::catch_unwind_filter::<generator[87b94d97073f9995]::detail::gen::gen_init_impl::{closure#0}, ()>
#25 42.58                                at /usr/local/cargo/registry/src/index.crates.io-1949cf8c6b5b557f/generator-0.8.10/src/detail/gen.rs:23:5
#25 42.58   56:     0x74cc3c2c7f27 - generator[87b94d97073f9995]::detail::gen::gen_init_impl
#25 42.58                                at /usr/local/cargo/registry/src/index.crates.io-1949cf8c6b5b557f/generator-0.8.10/src/detail/gen.rs:50:25
#25 42.58   57:     0x74cc3c2c7ef3 - generator[87b94d97073f9995]::detail::asm::gen_init
#25 42.58                                at /usr/local/cargo/registry/src/index.crates.io-1949cf8c6b5b557f/generator-0.8.10/src/detail/x86_64_unix.rs:8:5
#25 42.58 
#25 42.58 thread 'schedule::coordination::model::diamond_completion_wakes_waiters_and_publishes_dependencies' (4049) panicked at /rustc/88d9e12ae178fab0fb5cc050a94da85685d449ea/library/core/src/panicking.rs:233:5:
#25 42.58 panic in a destructor during cleanup
#25 42.58 thread caused non-unwinding panic. aborting.
#25 42.58 error: test failed, to rerun pass `-p gripsack-exec --lib`
#25 42.58 
#25 42.58 Caused by:
#25 42.58   process didn't exit successfully: `/tmp/gripsack-loom-ksdy52ep/target/debug/deps/gripsack_exec-b7e2f6570f326bed 'schedule::coordination::model::diamond_completion_wakes_waiters_and_publishes_dependencies'` (signal: 6, SIGABRT: process abort signal)
#25 42.58 
#25 42.58 calibration: missing-notification rejected by Loom waiter deadlock
#25 42.58 RUNNER_COMMAND=cargo test --locked -p gripsack-exec --features loom-tests --lib schedule::coordination::model::diamond_completion_wakes_waiters_and_publishes_dependencies
#25 46.09    Compiling gripsack-exec v0.42.0 (/tmp/gripsack-loom-ksdy52ep/source/crates/gripsack-exec)
#25 46.09     Finished `test` profile [unoptimized + debuginfo] target(s) in 3.27s
#25 46.09      Running unittests src/lib.rs (/tmp/gripsack-loom-ksdy52ep/target/debug/deps/gripsack_exec-b7e2f6570f326bed)
#25 46.09 
#25 46.09 running 1 test
#25 46.09 
#25 46.09 thread 'schedule::coordination::model::diamond_completion_wakes_waiters_and_publishes_dependencies' (4328) panicked at /usr/local/cargo/registry/src/index.crates.io-1949cf8c6b5b557f/loom-0.7.2/src/rt/execution.rs:216:13:
#25 46.09 deadlock; threads = [(Id(0), Blocked(Location(None))), (Id(1), Blocked(Location(None))), (Id(2), Blocked(Location(None)))]
#25 46.09 note: run with `RUST_BACKTRACE=1` environment variable to display a backtrace
#25 46.09 
#25 46.09 thread 'schedule::coordination::model::diamond_completion_wakes_waiters_and_publishes_dependencies' (4328) panicked at /usr/local/cargo/registry/src/index.crates.io-1949cf8c6b5b557f/loom-0.7.2/src/rt/thread.rs:276:39:
#25 46.09 called `Option::unwrap()` on a `None` value
#25 46.09 stack backtrace:
#25 46.09    0:     0x7b04e8606331 - std[f4f322d5fb81df6e]::backtrace_rs::backtrace::libunwind::trace
#25 46.09                                at /rustc/88d9e12ae178fab0fb5cc050a94da85685d449ea/library/std/src/../../backtrace/src/backtrace/libunwind.rs:117:9
#25 46.09    1:     0x7b04e8606331 - std[f4f322d5fb81df6e]::backtrace_rs::backtrace::trace_unsynchronized::<std[f4f322d5fb81df6e]::sys::backtrace::_print_fmt::{closure#1}>
#25 46.09                                at /rustc/88d9e12ae178fab0fb5cc050a94da85685d449ea/library/std/src/../../backtrace/src/backtrace/mod.rs:66:14
#25 46.09    2:     0x7b04e8606331 - std[f4f322d5fb81df6e]::sys::backtrace::_print_fmt
#25 46.09                                at /rustc/88d9e12ae178fab0fb5cc050a94da85685d449ea/library/std/src/sys/backtrace.rs:74:9
#25 46.09    3:     0x7b04e8606331 - <<std[f4f322d5fb81df6e]::sys::backtrace::BacktraceLock>::print::DisplayBacktrace as core[5d33459993e3d723]::fmt::Display>::fmt
#25 46.09                                at /rustc/88d9e12ae178fab0fb5cc050a94da85685d449ea/library/std/src/sys/backtrace.rs:44:26
#25 46.09    4:     0x7b04e863b73a - <core[5d33459993e3d723]::fmt::rt::Argument>::fmt
#25 46.09                                at /rustc/88d9e12ae178fab0fb5cc050a94da85685d449ea/library/core/src/fmt/rt.rs:152:76
#25 46.09    5:     0x7b04e863b73a - core[5d33459993e3d723]::fmt::write
#25 46.09    6:     0x7b04e860bd7c - std[f4f322d5fb81df6e]::io::default_write_fmt::<alloc[f3282932177de6b4]::vec::Vec<u8>>
#25 46.09                                at /rustc/88d9e12ae178fab0fb5cc050a94da85685d449ea/library/std/src/io/mod.rs:626:11
#25 46.09    7:     0x7b04e860bd7c - <alloc[f3282932177de6b4]::vec::Vec<u8> as std[f4f322d5fb81df6e]::io::Write>::write_fmt
#25 46.09                                at /rustc/88d9e12ae178fab0fb5cc050a94da85685d449ea/library/std/src/io/mod.rs:1730:13
#25 46.09    8:     0x7b04e85e0b12 - <std[f4f322d5fb81df6e]::sys::backtrace::BacktraceLock>::print
#25 46.09                                at /rustc/88d9e12ae178fab0fb5cc050a94da85685d449ea/library/std/src/sys/backtrace.rs:47:9
#25 46.09    9:     0x7b04e85e0b12 - std[f4f322d5fb81df6e]::panicking::default_hook::{closure#0}
#25 46.09                                at /rustc/88d9e12ae178fab0fb5cc050a94da85685d449ea/library/std/src/panicking.rs:292:27
#25 46.09   10:     0x7b04e85fc7c4 - std[f4f322d5fb81df6e]::panicking::default_hook
#25 46.09                                at /rustc/88d9e12ae178fab0fb5cc050a94da85685d449ea/library/std/src/panicking.rs:316:9
#25 46.09   11:     0x7b04e7cab3a0 - <alloc[f3282932177de6b4]::boxed::Box<dyn for<'a, 'b> core[5d33459993e3d723]::ops::function::Fn<(&'a std[f4f322d5fb81df6e]::panic::PanicHookInfo<'b>,), Output = ()> + core[5d33459993e3d723]::marker::Send + core[5d33459993e3d723]::marker::Sync> as core[5d33459993e3d723]::ops::function::Fn<(&std[f4f322d5fb81df6e]::panic::PanicHookInfo,)>>::call
#25 46.09                                at /rustc/88d9e12ae178fab0fb5cc050a94da85685d449ea/library/alloc/src/boxed.rs:2333:9
#25 46.09   12:     0x7b04e7cab3a0 - test[4256d8fa28ac835e]::test_main_inner::<test[4256d8fa28ac835e]::test_main_static::{closure#0}>::{closure#0}
#25 46.09                                at /rustc/88d9e12ae178fab0fb5cc050a94da85685d449ea/library/test/src/lib.rs:155:21
#25 46.09   13:     0x7b04e7d325d3 - <alloc[f3282932177de6b4]::boxed::Box<dyn for<'a, 'b> core[5d33459993e3d723]::ops::function::Fn<(&'a std[f4f322d5fb81df6e]::panic::PanicHookInfo<'b>,), Output = ()> + core[5d33459993e3d723]::marker::Send + core[5d33459993e3d723]::marker::Sync> as core[5d33459993e3d723]::ops::function::Fn<(&std[f4f322d5fb81df6e]::panic::PanicHookInfo,)>>::call
#25 46.09                                at /rustc/88d9e12ae178fab0fb5cc050a94da85685d449ea/library/alloc/src/boxed.rs:2333:9
#25 46.09   14:     0x7b04e7d2dba4 - generator[87b94d97073f9995]::detail::gen::catch_unwind_filter::<generator[87b94d97073f9995]::detail::gen::gen_init_impl::{closure#0}, ()>::{closure#0}::{closure#0}
#25 46.09                                at /usr/local/cargo/registry/src/index.crates.io-1949cf8c6b5b557f/generator-0.8.10/src/detail/gen.rs:19:13
#25 46.09   15:     0x7b04e85fcaf2 - <alloc[f3282932177de6b4]::boxed::Box<dyn for<'a, 'b> core[5d33459993e3d723]::ops::function::Fn<(&'a std[f4f322d5fb81df6e]::panic::PanicHookInfo<'b>,), Output = ()> + core[5d33459993e3d723]::marker::Send + core[5d33459993e3d723]::marker::Sync> as core[5d33459993e3d723]::ops::function::Fn<(&std[f4f322d5fb81df6e]::panic::PanicHookInfo,)>>::call
#25 46.09                                at /rustc/88d9e12ae178fab0fb5cc050a94da85685d449ea/library/alloc/src/boxed.rs:2333:9
#25 46.09   16:     0x7b04e85fcaf2 - std[f4f322d5fb81df6e]::panicking::panic_with_hook
#25 46.09                                at /rustc/88d9e12ae178fab0fb5cc050a94da85685d449ea/library/std/src/panicking.rs:823:13
#25 46.09   17:     0x7b04e85e0bf4 - std[f4f322d5fb81df6e]::panicking::panic_handler::{closure#0}
#25 46.09                                at /rustc/88d9e12ae178fab0fb5cc050a94da85685d449ea/library/std/src/panicking.rs:681:13
#25 46.09   18:     0x7b04e85d7ff9 - std[f4f322d5fb81df6e]::sys::backtrace::__rust_end_short_backtrace::<std[f4f322d5fb81df6e]::panicking::panic_handler::{closure#0}, !>
#25 46.09                                at /rustc/88d9e12ae178fab0fb5cc050a94da85685d449ea/library/std/src/sys/backtrace.rs:182:18
#25 46.09   19:     0x7b04e85e1ccd - __rustc[4b1ee1ef74718a7b]::rust_begin_unwind
#25 46.09                                at /rustc/88d9e12ae178fab0fb5cc050a94da85685d449ea/library/std/src/panicking.rs:679:5
#25 46.09   20:     0x7b04e7b12bac - core[5d33459993e3d723]::panicking::panic_fmt
#25 46.09                                at /rustc/88d9e12ae178fab0fb5cc050a94da85685d449ea/library/core/src/panicking.rs:80:14
#25 46.09   21:     0x7b04e7b12b72 - core[5d33459993e3d723]::panicking::panic
#25 46.09                                at /rustc/88d9e12ae178fab0fb5cc050a94da85685d449ea/library/core/src/panicking.rs:150:5
#25 46.09   22:     0x7b04e7b12899 - core[5d33459993e3d723]::option::unwrap_failed
#25 46.09                                at /rustc/88d9e12ae178fab0fb5cc050a94da85685d449ea/library/core/src/option.rs:2251:5
#25 46.09   23:     0x7b04e7d0497d - <core[5d33459993e3d723]::option::Option<usize>>::unwrap
#25 46.09                                at /rustc/88d9e12ae178fab0fb5cc050a94da85685d449ea/library/core/src/option.rs:1014:21
#25 46.09   24:     0x7b04e7d0497d - <loom[c97bddb326b4e68f]::rt::thread::Set>::active_mut
#25 46.09                                at /usr/local/cargo/registry/src/index.crates.io-1949cf8c6b5b557f/loom-0.7.2/src/rt/thread.rs:276:39
#25 46.09   25:     0x7b04e7d10b45 - <loom[c97bddb326b4e68f]::rt::object::Ref<loom[c97bddb326b4e68f]::rt::arc::State>>::set_action
#25 46.09                                at /usr/local/cargo/registry/src/index.crates.io-1949cf8c6b5b557f/loom-0.7.2/src/rt/object.rs:387:27
#25 46.09   26:     0x7b04e7d0e638 - <loom[c97bddb326b4e68f]::rt::object::Ref<loom[c97bddb326b4e68f]::rt::arc::State>>::branch_action::<loom[c97bddb326b4e68f]::rt::arc::Action>::{closure#0}
#25 46.09                                at /usr/local/cargo/registry/src/index.crates.io-1949cf8c6b5b557f/loom-0.7.2/src/rt/object.rs:354:18
#25 46.09   27:     0x7b04e7ce72bc - loom[c97bddb326b4e68f]::rt::branch::<<loom[c97bddb326b4e68f]::rt::object::Ref<loom[c97bddb326b4e68f]::rt::arc::State>>::branch_action<loom[c97bddb326b4e68f]::rt::arc::Action>::{closure#0}, ()>::{closure#0}
#25 46.09                                at /usr/local/cargo/registry/src/index.crates.io-1949cf8c6b5b557f/loom-0.7.2/src/rt/mod.rs:122:19
#25 46.09   28:     0x7b04e7ce2a71 - <loom[c97bddb326b4e68f]::rt::scheduler::Scheduler>::with_execution::<loom[c97bddb326b4e68f]::rt::branch<<loom[c97bddb326b4e68f]::rt::object::Ref<loom[c97bddb326b4e68f]::rt::arc::State>>::branch_action<loom[c97bddb326b4e68f]::rt::arc::Action>::{closure#0}, ()>::{closure#0}, ((), bool)>::{closure#0}
#25 46.09                                at /usr/local/cargo/registry/src/index.crates.io-1949cf8c6b5b557f/loom-0.7.2/src/rt/scheduler.rs:43:34
#25 46.09   29:     0x7b04e7ce091e - <loom[c97bddb326b4e68f]::rt::scheduler::Scheduler>::with_state::<<loom[c97bddb326b4e68f]::rt::scheduler::Scheduler>::with_execution<loom[c97bddb326b4e68f]::rt::branch<<loom[c97bddb326b4e68f]::rt::object::Ref<loom[c97bddb326b4e68f]::rt::arc::State>>::branch_action<loom[c97bddb326b4e68f]::rt::arc::Action>::{closure#0}, ()>::{closure#0}, ((), bool)>::{closure#0}, ((), bool)>::{closure#0}
#25 46.09                                at /usr/local/cargo/registry/src/index.crates.io-1949cf8c6b5b557f/loom-0.7.2/src/rt/scheduler.rs:131:28
#25 46.09   30:     0x7b04e7ce39a1 - <scoped_tls[87e03fecbc1fc0b7]::ScopedKey<core[5d33459993e3d723]::cell::RefCell<loom[c97bddb326b4e68f]::rt::scheduler::State>>>::with::<<loom[c97bddb326b4e68f]::rt::scheduler::Scheduler>::with_state<<loom[c97bddb326b4e68f]::rt::scheduler::Scheduler>::with_execution<loom[c97bddb326b4e68f]::rt::branch<<loom[c97bddb326b4e68f]::rt::object::Ref<loom[c97bddb326b4e68f]::rt::arc::State>>::branch_action<loom[c97bddb326b4e68f]::rt::arc::Action>::{closure#0}, ()>::{closure#0}, ((), bool)>::{closure#0}, ((), bool)>::{closure#0}, ((), bool)>
#25 46.09                                at /usr/local/cargo/registry/src/index.crates.io-1949cf8c6b5b557f/scoped-tls-1.0.1/src/lib.rs:171:13
#25 46.09   31:     0x7b04e7cdec6e - <loom[c97bddb326b4e68f]::rt::scheduler::Scheduler>::with_state::<<loom[c97bddb326b4e68f]::rt::scheduler::Scheduler>::with_execution<loom[c97bddb326b4e68f]::rt::branch<<loom[c97bddb326b4e68f]::rt::object::Ref<loom[c97bddb326b4e68f]::rt::arc::State>>::branch_action<loom[c97bddb326b4e68f]::rt::arc::Action>::{closure#0}, ()>::{closure#0}, ((), bool)>::{closure#0}, ((), bool)>
#25 46.09                                at /usr/local/cargo/registry/src/index.crates.io-1949cf8c6b5b557f/loom-0.7.2/src/rt/scheduler.rs:131:15
#25 46.09   32:     0x7b04e7ce02e6 - <loom[c97bddb326b4e68f]::rt::scheduler::Scheduler>::with_execution::<loom[c97bddb326b4e68f]::rt::branch<<loom[c97bddb326b4e68f]::rt::object::Ref<loom[c97bddb326b4e68f]::rt::arc::State>>::branch_action<loom[c97bddb326b4e68f]::rt::arc::Action>::{closure#0}, ()>::{closure#0}, ((), bool)>
#25 46.09                                at /usr/local/cargo/registry/src/index.crates.io-1949cf8c6b5b557f/loom-0.7.2/src/rt/scheduler.rs:43:9
#25 46.09   33:     0x7b04e7ce6636 - loom[c97bddb326b4e68f]::rt::execution::<loom[c97bddb326b4e68f]::rt::branch<<loom[c97bddb326b4e68f]::rt::object::Ref<loom[c97bddb326b4e68f]::rt::arc::State>>::branch_action<loom[c97bddb326b4e68f]::rt::arc::Action>::{closure#0}, ()>::{closure#0}, ((), bool)>
#25 46.09                                at /usr/local/cargo/registry/src/index.crates.io-1949cf8c6b5b557f/loom-0.7.2/src/rt/mod.rs:174:5
#25 46.09   34:     0x7b04e7ce6339 - loom[c97bddb326b4e68f]::rt::branch::<<loom[c97bddb326b4e68f]::rt::object::Ref<loom[c97bddb326b4e68f]::rt::arc::State>>::branch_action<loom[c97bddb326b4e68f]::rt::arc::Action>::{closure#0}, ()>
#25 46.09                                at /usr/local/cargo/registry/src/index.crates.io-1949cf8c6b5b557f/loom-0.7.2/src/rt/mod.rs:121:25
#25 46.09   35:     0x7b04e7d0df18 - <loom[c97bddb326b4e68f]::rt::object::Ref<loom[c97bddb326b4e68f]::rt::arc::State>>::branch_action::<loom[c97bddb326b4e68f]::rt::arc::Action>
#25 46.09                                at /usr/local/cargo/registry/src/index.crates.io-1949cf8c6b5b557f/loom-0.7.2/src/rt/object.rs:351:9
#25 46.09   36:     0x7b04e7d0be30 - <loom[c97bddb326b4e68f]::rt::arc::Arc>::branch
#25 46.09                                at /usr/local/cargo/registry/src/index.crates.io-1949cf8c6b5b557f/loom-0.7.2/src/rt/arc.rs:160:11
#25 46.09   37:     0x7b04e7d0bed2 - <loom[c97bddb326b4e68f]::rt::arc::Arc>::ref_dec
#25 46.09                                at /usr/local/cargo/registry/src/index.crates.io-1949cf8c6b5b557f/loom-0.7.2/src/rt/arc.rs:113:14
#25 46.09   38:     0x7b04e7b6fd58 - <loom[c97bddb326b4e68f]::sync::arc::Arc<gripsack_exec[55dd2f7f09cf5bfd]::schedule::coordination::Coordinator<alloc[f3282932177de6b4]::vec::Vec<core[5d33459993e3d723]::option::Option<gripsack_exec[55dd2f7f09cf5bfd]::schedule::coordination::model::ResultKind>>>> as core[5d33459993e3d723]::ops::drop::Drop>::drop
#25 46.09                                at /usr/local/cargo/registry/src/index.crates.io-1949cf8c6b5b557f/loom-0.7.2/src/sync/arc.rs:247:21
#25 46.09   39:     0x7b04e7b68aba - core[5d33459993e3d723]::ptr::drop_glue::<loom[c97bddb326b4e68f]::sync::arc::Arc<gripsack_exec[55dd2f7f09cf5bfd]::schedule::coordination::Coordinator<alloc[f3282932177de6b4]::vec::Vec<core[5d33459993e3d723]::option::Option<gripsack_exec[55dd2f7f09cf5bfd]::schedule::coordination::model::ResultKind>>>>>
#25 46.09                                at /rustc/88d9e12ae178fab0fb5cc050a94da85685d449ea/library/core/src/ptr/mod.rs:823:1
#25 46.09   40:     0x7b04e7b69ad7 - core[5d33459993e3d723]::ptr::drop_glue::<gripsack_exec[55dd2f7f09cf5bfd]::schedule::coordination::model::explore::{closure#0}::{closure#1}>
#25 46.09                                at /rustc/88d9e12ae178fab0fb5cc050a94da85685d449ea/library/core/src/ptr/mod.rs:823:1
#25 46.09   41:     0x7b04e7be8778 - gripsack_exec[55dd2f7f09cf5bfd]::schedule::coordination::model::explore::{closure#0}::{closure#1}
#25 46.09                                at /tmp/gripsack-loom-ksdy52ep/source/crates/gripsack-exec/src/schedule/coordination_model.rs:64:13
#25 46.09   42:     0x7b04e7bc625e - loom[c97bddb326b4e68f]::thread::spawn_internal::<gripsack_exec[55dd2f7f09cf5bfd]::schedule::coordination::model::explore::{closure#0}::{closure#1}, ()>::{closure#0}
#25 46.09                                at /usr/local/cargo/registry/src/index.crates.io-1949cf8c6b5b557f/loom-0.7.2/src/thread.rs:168:47
#25 46.09   43:     0x7b04e7c1c240 - loom[c97bddb326b4e68f]::rt::spawn::<loom[c97bddb326b4e68f]::thread::spawn_internal<gripsack_exec[55dd2f7f09cf5bfd]::schedule::coordination::model::explore::{closure#0}::{closure#1}, ()>::{closure#0}>::{closure#1}
#25 46.09                                at /usr/local/cargo/registry/src/index.crates.io-1949cf8c6b5b557f/loom-0.7.2/src/rt/mod.rs:78:13
#25 46.09   44:     0x7b04e7b6c44e - <loom[c97bddb326b4e68f]::rt::spawn<loom[c97bddb326b4e68f]::thread::spawn_internal<gripsack_exec[55dd2f7f09cf5bfd]::schedule::coordination::model::explore::{closure#0}::{closure#1}, ()>::{closure#0}>::{closure#1} as core[5d33459993e3d723]::ops::function::FnOnce<()>>::call_once::{shim:vtable#0}
#25 46.09                                at /rustc/88d9e12ae178fab0fb5cc050a94da85685d449ea/library/core/src/ops/function.rs:250:5
#25 46.09   45:     0x7b04e7cf6e78 - <alloc[f3282932177de6b4]::boxed::Box<dyn core[5d33459993e3d723]::ops::function::FnOnce<(), Output = ()>> as core[5d33459993e3d723]::ops::function::FnOnce<()>>::call_once
#25 46.09                                at /rustc/88d9e12ae178fab0fb5cc050a94da85685d449ea/library/alloc/src/boxed.rs:2319:9
#25 46.09   46:     0x7b04e7ce313b - loom[c97bddb326b4e68f]::rt::scheduler::spawn_thread::{closure#0}
#25 46.09                                at /usr/local/cargo/registry/src/index.crates.io-1949cf8c6b5b557f/loom-0.7.2/src/rt/scheduler.rs:142:17
#25 46.09   47:     0x7b04e7cfcf2e - <loom[c97bddb326b4e68f]::rt::scheduler::spawn_thread::{closure#0} as core[5d33459993e3d723]::ops::function::FnOnce<()>>::call_once
#25 46.09                                at /rustc/88d9e12ae178fab0fb5cc050a94da85685d449ea/library/core/src/ops/function.rs:250:5
#25 46.09   48:     0x7b04e7cf96d2 - <generator[87b94d97073f9995]::gen_impl::GeneratorImpl<core[5d33459993e3d723]::option::Option<alloc[f3282932177de6b4]::boxed::Box<dyn core[5d33459993e3d723]::ops::function::FnOnce<(), Output = ()>>>, ()>>::init_code::<loom[c97bddb326b4e68f]::rt::scheduler::spawn_thread::{closure#0}>::{closure#0}
#25 46.09                                at /usr/local/cargo/registry/src/index.crates.io-1949cf8c6b5b557f/generator-0.8.10/src/gen_impl.rs:357:21
#25 46.09   49:     0x7b04e7cecb11 - <generator[87b94d97073f9995]::stack::StackBox<<generator[87b94d97073f9995]::gen_impl::GeneratorImpl<core[5d33459993e3d723]::option::Option<alloc[f3282932177de6b4]::boxed::Box<dyn core[5d33459993e3d723]::ops::function::FnOnce<(), Output = ()>>>, ()>>::init_code<loom[c97bddb326b4e68f]::rt::scheduler::spawn_thread::{closure#0}>::{closure#0}>>::call_once
#25 46.09                                at /usr/local/cargo/registry/src/index.crates.io-1949cf8c6b5b557f/generator-0.8.10/src/stack/mod.rs:137:13
#25 46.09   50:     0x7b04e7d2f70d - <generator[87b94d97073f9995]::stack::Func>::call_once
#25 46.09                                at /usr/local/cargo/registry/src/index.crates.io-1949cf8c6b5b557f/generator-0.8.10/src/stack/mod.rs:119:9
#25 46.09   51:     0x7b04e7d2dcfe - generator[87b94d97073f9995]::detail::gen::gen_init_impl::{closure#0}
#25 46.09                                at /usr/local/cargo/registry/src/index.crates.io-1949cf8c6b5b557f/generator-0.8.10/src/detail/gen.rs:35:14
#25 46.09   52:     0x7b04e7d32743 - <generator[87b94d97073f9995]::detail::gen::gen_init_impl::{closure#0} as core[5d33459993e3d723]::ops::function::FnOnce<()>>::call_once
#25 46.09                                at /rustc/88d9e12ae178fab0fb5cc050a94da85685d449ea/library/core/src/ops/function.rs:250:5
#25 46.09   53:     0x7b04e7d2d825 - std[f4f322d5fb81df6e]::panicking::catch_unwind::do_call::<generator[87b94d97073f9995]::detail::gen::gen_init_impl::{closure#0}, ()>
#25 46.09                                at /rustc/88d9e12ae178fab0fb5cc050a94da85685d449ea/library/std/src/panicking.rs:576:43
#25 46.09   54:     0x7b04e7d3290b - __rust_try
#25 46.09   55:     0x7b04e7d2cd06 - std[f4f322d5fb81df6e]::panicking::catch_unwind::<(), generator[87b94d97073f9995]::detail::gen::gen_init_impl::{closure#0}>
#25 46.09                                at /rustc/88d9e12ae178fab0fb5cc050a94da85685d449ea/library/std/src/panicking.rs:544:19
#25 46.09   56:     0x7b04e7d2cd06 - std[f4f322d5fb81df6e]::panic::catch_unwind::<generator[87b94d97073f9995]::detail::gen::gen_init_impl::{closure#0}, ()>
#25 46.09                                at /rustc/88d9e12ae178fab0fb5cc050a94da85685d449ea/library/std/src/panic.rs:359:14
#25 46.09   57:     0x7b04e7d2d52d - generator[87b94d97073f9995]::detail::gen::catch_unwind_filter::<generator[87b94d97073f9995]::detail::gen::gen_init_impl::{closure#0}, ()>
#25 46.09                                at /usr/local/cargo/registry/src/index.crates.io-1949cf8c6b5b557f/generator-0.8.10/src/detail/gen.rs:23:5
#25 46.09   58:     0x7b04e7d30607 - generator[87b94d97073f9995]::detail::gen::gen_init_impl
#25 46.09                                at /usr/local/cargo/registry/src/index.crates.io-1949cf8c6b5b557f/generator-0.8.10/src/detail/gen.rs:50:25
#25 46.09   59:     0x7b04e7d305d3 - generator[87b94d97073f9995]::detail::asm::gen_init
#25 46.09                                at /usr/local/cargo/registry/src/index.crates.io-1949cf8c6b5b557f/generator-0.8.10/src/detail/x86_64_unix.rs:8:5
#25 46.09 
#25 46.09 thread 'schedule::coordination::model::diamond_completion_wakes_waiters_and_publishes_dependencies' (4328) panicked at /usr/local/cargo/registry/src/index.crates.io-1949cf8c6b5b557f/loom-0.7.2/src/rt/thread.rs:276:39:
#25 46.09 called `Option::unwrap()` on a `None` value
#25 46.09 stack backtrace:
#25 46.09    0:     0x7b04e8606331 - std[f4f322d5fb81df6e]::backtrace_rs::backtrace::libunwind::trace
#25 46.09                                at /rustc/88d9e12ae178fab0fb5cc050a94da85685d449ea/library/std/src/../../backtrace/src/backtrace/libunwind.rs:117:9
#25 46.09    1:     0x7b04e8606331 - std[f4f322d5fb81df6e]::backtrace_rs::backtrace::trace_unsynchronized::<std[f4f322d5fb81df6e]::sys::backtrace::_print_fmt::{closure#1}>
#25 46.09                                at /rustc/88d9e12ae178fab0fb5cc050a94da85685d449ea/library/std/src/../../backtrace/src/backtrace/mod.rs:66:14
#25 46.09    2:     0x7b04e8606331 - std[f4f322d5fb81df6e]::sys::backtrace::_print_fmt
#25 46.09                                at /rustc/88d9e12ae178fab0fb5cc050a94da85685d449ea/library/std/src/sys/backtrace.rs:74:9
#25 46.09    3:     0x7b04e8606331 - <<std[f4f322d5fb81df6e]::sys::backtrace::BacktraceLock>::print::DisplayBacktrace as core[5d33459993e3d723]::fmt::Display>::fmt
#25 46.09                                at /rustc/88d9e12ae178fab0fb5cc050a94da85685d449ea/library/std/src/sys/backtrace.rs:44:26
#25 46.09    4:     0x7b04e863b73a - <core[5d33459993e3d723]::fmt::rt::Argument>::fmt
#25 46.09                                at /rustc/88d9e12ae178fab0fb5cc050a94da85685d449ea/library/core/src/fmt/rt.rs:152:76
#25 46.09    5:     0x7b04e863b73a - core[5d33459993e3d723]::fmt::write
#25 46.09    6:     0x7b04e860bd7c - std[f4f322d5fb81df6e]::io::default_write_fmt::<alloc[f3282932177de6b4]::vec::Vec<u8>>
#25 46.09                                at /rustc/88d9e12ae178fab0fb5cc050a94da85685d449ea/library/std/src/io/mod.rs:626:11
#25 46.09    7:     0x7b04e860bd7c - <alloc[f3282932177de6b4]::vec::Vec<u8> as std[f4f322d5fb81df6e]::io::Write>::write_fmt
#25 46.09                                at /rustc/88d9e12ae178fab0fb5cc050a94da85685d449ea/library/std/src/io/mod.rs:1730:13
#25 46.09    8:     0x7b04e85e0b12 - <std[f4f322d5fb81df6e]::sys::backtrace::BacktraceLock>::print
#25 46.09                                at /rustc/88d9e12ae178fab0fb5cc050a94da85685d449ea/library/std/src/sys/backtrace.rs:47:9
#25 46.09    9:     0x7b04e85e0b12 - std[f4f322d5fb81df6e]::panicking::default_hook::{closure#0}
#25 46.09                                at /rustc/88d9e12ae178fab0fb5cc050a94da85685d449ea/library/std/src/panicking.rs:292:27
#25 46.09   10:     0x7b04e85fc7c4 - std[f4f322d5fb81df6e]::panicking::default_hook
#25 46.09                                at /rustc/88d9e12ae178fab0fb5cc050a94da85685d449ea/library/std/src/panicking.rs:316:9
#25 46.09   11:     0x7b04e7cab3a0 - <alloc[f3282932177de6b4]::boxed::Box<dyn for<'a, 'b> core[5d33459993e3d723]::ops::function::Fn<(&'a std[f4f322d5fb81df6e]::panic::PanicHookInfo<'b>,), Output = ()> + core[5d33459993e3d723]::marker::Send + core[5d33459993e3d723]::marker::Sync> as core[5d33459993e3d723]::ops::function::Fn<(&std[f4f322d5fb81df6e]::panic::PanicHookInfo,)>>::call
#25 46.09                                at /rustc/88d9e12ae178fab0fb5cc050a94da85685d449ea/library/alloc/src/boxed.rs:2333:9
#25 46.09   12:     0x7b04e7cab3a0 - test[4256d8fa28ac835e]::test_main_inner::<test[4256d8fa28ac835e]::test_main_static::{closure#0}>::{closure#0}
#25 46.09                                at /rustc/88d9e12ae178fab0fb5cc050a94da85685d449ea/library/test/src/lib.rs:155:21
#25 46.09   13:     0x7b04e7d325d3 - <alloc[f3282932177de6b4]::boxed::Box<dyn for<'a, 'b> core[5d33459993e3d723]::ops::function::Fn<(&'a std[f4f322d5fb81df6e]::panic::PanicHookInfo<'b>,), Output = ()> + core[5d33459993e3d723]::marker::Send + core[5d33459993e3d723]::marker::Sync> as core[5d33459993e3d723]::ops::function::Fn<(&std[f4f322d5fb81df6e]::panic::PanicHookInfo,)>>::call
#25 46.09                                at /rustc/88d9e12ae178fab0fb5cc050a94da85685d449ea/library/alloc/src/boxed.rs:2333:9
#25 46.09   14:     0x7b04e7d2dba4 - generator[87b94d97073f9995]::detail::gen::catch_unwind_filter::<generator[87b94d97073f9995]::detail::gen::gen_init_impl::{closure#0}, ()>::{closure#0}::{closure#0}
#25 46.09                                at /usr/local/cargo/registry/src/index.crates.io-1949cf8c6b5b557f/generator-0.8.10/src/detail/gen.rs:19:13
#25 46.09   15:     0x7b04e85fcaf2 - <alloc[f3282932177de6b4]::boxed::Box<dyn for<'a, 'b> core[5d33459993e3d723]::ops::function::Fn<(&'a std[f4f322d5fb81df6e]::panic::PanicHookInfo<'b>,), Output = ()> + core[5d33459993e3d723]::marker::Send + core[5d33459993e3d723]::marker::Sync> as core[5d33459993e3d723]::ops::function::Fn<(&std[f4f322d5fb81df6e]::panic::PanicHookInfo,)>>::call
#25 46.09                                at /rustc/88d9e12ae178fab0fb5cc050a94da85685d449ea/library/alloc/src/boxed.rs:2333:9
#25 46.09   16:     0x7b04e85fcaf2 - std[f4f322d5fb81df6e]::panicking::panic_with_hook
#25 46.09                                at /rustc/88d9e12ae178fab0fb5cc050a94da85685d449ea/library/std/src/panicking.rs:823:13
#25 46.09   17:     0x7b04e85e0bf4 - std[f4f322d5fb81df6e]::panicking::panic_handler::{closure#0}
#25 46.09                                at /rustc/88d9e12ae178fab0fb5cc050a94da85685d449ea/library/std/src/panicking.rs:681:13
#25 46.09   18:     0x7b04e85d7ff9 - std[f4f322d5fb81df6e]::sys::backtrace::__rust_end_short_backtrace::<std[f4f322d5fb81df6e]::panicking::panic_handler::{closure#0}, !>
#25 46.09                                at /rustc/88d9e12ae178fab0fb5cc050a94da85685d449ea/library/std/src/sys/backtrace.rs:182:18
#25 46.09   19:     0x7b04e85e1ccd - __rustc[4b1ee1ef74718a7b]::rust_begin_unwind
#25 46.09                                at /rustc/88d9e12ae178fab0fb5cc050a94da85685d449ea/library/std/src/panicking.rs:679:5
#25 46.09   20:     0x7b04e7b12bac - core[5d33459993e3d723]::panicking::panic_fmt
#25 46.09                                at /rustc/88d9e12ae178fab0fb5cc050a94da85685d449ea/library/core/src/panicking.rs:80:14
#25 46.09   21:     0x7b04e7b12b72 - core[5d33459993e3d723]::panicking::panic
#25 46.09                                at /rustc/88d9e12ae178fab0fb5cc050a94da85685d449ea/library/core/src/panicking.rs:150:5
#25 46.09   22:     0x7b04e7b12899 - core[5d33459993e3d723]::option::unwrap_failed
#25 46.09                                at /rustc/88d9e12ae178fab0fb5cc050a94da85685d449ea/library/core/src/option.rs:2251:5
#25 46.09   23:     0x7b04e7d0497d - <core[5d33459993e3d723]::option::Option<usize>>::unwrap
#25 46.09                                at /rustc/88d9e12ae178fab0fb5cc050a94da85685d449ea/library/core/src/option.rs:1014:21
#25 46.09   24:     0x7b04e7d0497d - <loom[c97bddb326b4e68f]::rt::thread::Set>::active_mut
#25 46.09                                at /usr/local/cargo/registry/src/index.crates.io-1949cf8c6b5b557f/loom-0.7.2/src/rt/thread.rs:276:39
#25 46.09   25:     0x7b04e7d10b45 - <loom[c97bddb326b4e68f]::rt::object::Ref<loom[c97bddb326b4e68f]::rt::arc::State>>::set_action
#25 46.09                                at /usr/local/cargo/registry/src/index.crates.io-1949cf8c6b5b557f/loom-0.7.2/src/rt/object.rs:387:27
#25 46.09   26:     0x7b04e7d0e638 - <loom[c97bddb326b4e68f]::rt::object::Ref<loom[c97bddb326b4e68f]::rt::arc::State>>::branch_action::<loom[c97bddb326b4e68f]::rt::arc::Action>::{closure#0}
#25 46.09                                at /usr/local/cargo/registry/src/index.crates.io-1949cf8c6b5b557f/loom-0.7.2/src/rt/object.rs:354:18
#25 46.09   27:     0x7b04e7ce72bc - loom[c97bddb326b4e68f]::rt::branch::<<loom[c97bddb326b4e68f]::rt::object::Ref<loom[c97bddb326b4e68f]::rt::arc::State>>::branch_action<loom[c97bddb326b4e68f]::rt::arc::Action>::{closure#0}, ()>::{closure#0}
#25 46.09                                at /usr/local/cargo/registry/src/index.crates.io-1949cf8c6b5b557f/loom-0.7.2/src/rt/mod.rs:122:19
#25 46.09   28:     0x7b04e7ce2a71 - <loom[c97bddb326b4e68f]::rt::scheduler::Scheduler>::with_execution::<loom[c97bddb326b4e68f]::rt::branch<<loom[c97bddb326b4e68f]::rt::object::Ref<loom[c97bddb326b4e68f]::rt::arc::State>>::branch_action<loom[c97bddb326b4e68f]::rt::arc::Action>::{closure#0}, ()>::{closure#0}, ((), bool)>::{closure#0}
#25 46.09                                at /usr/local/cargo/registry/src/index.crates.io-1949cf8c6b5b557f/loom-0.7.2/src/rt/scheduler.rs:43:34
#25 46.09   29:     0x7b04e7ce091e - <loom[c97bddb326b4e68f]::rt::scheduler::Scheduler>::with_state::<<loom[c97bddb326b4e68f]::rt::scheduler::Scheduler>::with_execution<loom[c97bddb326b4e68f]::rt::branch<<loom[c97bddb326b4e68f]::rt::object::Ref<loom[c97bddb326b4e68f]::rt::arc::State>>::branch_action<loom[c97bddb326b4e68f]::rt::arc::Action>::{closure#0}, ()>::{closure#0}, ((), bool)>::{closure#0}, ((), bool)>::{closure#0}
#25 46.09                                at /usr/local/cargo/registry/src/index.crates.io-1949cf8c6b5b557f/loom-0.7.2/src/rt/scheduler.rs:131:28
#25 46.09   30:     0x7b04e7ce39a1 - <scoped_tls[87e03fecbc1fc0b7]::ScopedKey<core[5d33459993e3d723]::cell::RefCell<loom[c97bddb326b4e68f]::rt::scheduler::State>>>::with::<<loom[c97bddb326b4e68f]::rt::scheduler::Scheduler>::with_state<<loom[c97bddb326b4e68f]::rt::scheduler::Scheduler>::with_execution<loom[c97bddb326b4e68f]::rt::branch<<loom[c97bddb326b4e68f]::rt::object::Ref<loom[c97bddb326b4e68f]::rt::arc::State>>::branch_action<loom[c97bddb326b4e68f]::rt::arc::Action>::{closure#0}, ()>::{closure#0}, ((), bool)>::{closure#0}, ((), bool)>::{closure#0}, ((), bool)>
#25 46.09                                at /usr/local/cargo/registry/src/index.crates.io-1949cf8c6b5b557f/scoped-tls-1.0.1/src/lib.rs:171:13
#25 46.09   31:     0x7b04e7cdec6e - <loom[c97bddb326b4e68f]::rt::scheduler::Scheduler>::with_state::<<loom[c97bddb326b4e68f]::rt::scheduler::Scheduler>::with_execution<loom[c97bddb326b4e68f]::rt::branch<<loom[c97bddb326b4e68f]::rt::object::Ref<loom[c97bddb326b4e68f]::rt::arc::State>>::branch_action<loom[c97bddb326b4e68f]::rt::arc::Action>::{closure#0}, ()>::{closure#0}, ((), bool)>::{closure#0}, ((), bool)>
#25 46.09                                at /usr/local/cargo/registry/src/index.crates.io-1949cf8c6b5b557f/loom-0.7.2/src/rt/scheduler.rs:131:15
#25 46.09   32:     0x7b04e7ce02e6 - <loom[c97bddb326b4e68f]::rt::scheduler::Scheduler>::with_execution::<loom[c97bddb326b4e68f]::rt::branch<<loom[c97bddb326b4e68f]::rt::object::Ref<loom[c97bddb326b4e68f]::rt::arc::State>>::branch_action<loom[c97bddb326b4e68f]::rt::arc::Action>::{closure#0}, ()>::{closure#0}, ((), bool)>
#25 46.09                                at /usr/local/cargo/registry/src/index.crates.io-1949cf8c6b5b557f/loom-0.7.2/src/rt/scheduler.rs:43:9
#25 46.09   33:     0x7b04e7ce6636 - loom[c97bddb326b4e68f]::rt::execution::<loom[c97bddb326b4e68f]::rt::branch<<loom[c97bddb326b4e68f]::rt::object::Ref<loom[c97bddb326b4e68f]::rt::arc::State>>::branch_action<loom[c97bddb326b4e68f]::rt::arc::Action>::{closure#0}, ()>::{closure#0}, ((), bool)>
#25 46.09                                at /usr/local/cargo/registry/src/index.crates.io-1949cf8c6b5b557f/loom-0.7.2/src/rt/mod.rs:174:5
#25 46.09   34:     0x7b04e7ce6339 - loom[c97bddb326b4e68f]::rt::branch::<<loom[c97bddb326b4e68f]::rt::object::Ref<loom[c97bddb326b4e68f]::rt::arc::State>>::branch_action<loom[c97bddb326b4e68f]::rt::arc::Action>::{closure#0}, ()>
#25 46.09                                at /usr/local/cargo/registry/src/index.crates.io-1949cf8c6b5b557f/loom-0.7.2/src/rt/mod.rs:121:25
#25 46.09   35:     0x7b04e7d0df18 - <loom[c97bddb326b4e68f]::rt::object::Ref<loom[c97bddb326b4e68f]::rt::arc::State>>::branch_action::<loom[c97bddb326b4e68f]::rt::arc::Action>
#25 46.09                                at /usr/local/cargo/registry/src/index.crates.io-1949cf8c6b5b557f/loom-0.7.2/src/rt/object.rs:351:9
#25 46.09   36:     0x7b04e7d0be30 - <loom[c97bddb326b4e68f]::rt::arc::Arc>::branch
#25 46.09                                at /usr/local/cargo/registry/src/index.crates.io-1949cf8c6b5b557f/loom-0.7.2/src/rt/arc.rs:160:11
#25 46.09   37:     0x7b04e7d0bed2 - <loom[c97bddb326b4e68f]::rt::arc::Arc>::ref_dec
#25 46.09                                at /usr/local/cargo/registry/src/index.crates.io-1949cf8c6b5b557f/loom-0.7.2/src/rt/arc.rs:113:14
#25 46.09   38:     0x7b04e7b6fc68 - <loom[c97bddb326b4e68f]::sync::arc::Arc<alloc[f3282932177de6b4]::vec::Vec<loom[c97bddb326b4e68f]::sync::atomic::int::AtomicUsize>> as core[5d33459993e3d723]::ops::drop::Drop>::drop
#25 46.09                                at /usr/local/cargo/registry/src/index.crates.io-1949cf8c6b5b557f/loom-0.7.2/src/sync/arc.rs:247:21
#25 46.09   39:     0x7b04e7b68a2a - core[5d33459993e3d723]::ptr::drop_glue::<loom[c97bddb326b4e68f]::sync::arc::Arc<alloc[f3282932177de6b4]::vec::Vec<loom[c97bddb326b4e68f]::sync::atomic::int::AtomicUsize>>>
#25 46.09                                at /rustc/88d9e12ae178fab0fb5cc050a94da85685d449ea/library/core/src/ptr/mod.rs:823:1
#25 46.09   40:     0x7b04e7b69b17 - core[5d33459993e3d723]::ptr::drop_glue::<gripsack_exec[55dd2f7f09cf5bfd]::schedule::coordination::model::explore::{closure#0}::{closure#1}>
#25 46.09                                at /rustc/88d9e12ae178fab0fb5cc050a94da85685d449ea/library/core/src/ptr/mod.rs:823:1
#25 46.09   41:     0x7b04e7be8778 - gripsack_exec[55dd2f7f09cf5bfd]::schedule::coordination::model::explore::{closure#0}::{closure#1}
#25 46.09                                at /tmp/gripsack-loom-ksdy52ep/source/crates/gripsack-exec/src/schedule/coordination_model.rs:64:13
#25 46.09   42:     0x7b04e7bc625e - loom[c97bddb326b4e68f]::thread::spawn_internal::<gripsack_exec[55dd2f7f09cf5bfd]::schedule::coordination::model::explore::{closure#0}::{closure#1}, ()>::{closure#0}
#25 46.09                                at /usr/local/cargo/registry/src/index.crates.io-1949cf8c6b5b557f/loom-0.7.2/src/thread.rs:168:47
#25 46.09   43:     0x7b04e7c1c240 - loom[c97bddb326b4e68f]::rt::spawn::<loom[c97bddb326b4e68f]::thread::spawn_internal<gripsack_exec[55dd2f7f09cf5bfd]::schedule::coordination::model::explore::{closure#0}::{closure#1}, ()>::{closure#0}>::{closure#1}
#25 46.09                                at /usr/local/cargo/registry/src/index.crates.io-1949cf8c6b5b557f/loom-0.7.2/src/rt/mod.rs:78:13
#25 46.09   44:     0x7b04e7b6c44e - <loom[c97bddb326b4e68f]::rt::spawn<loom[c97bddb326b4e68f]::thread::spawn_internal<gripsack_exec[55dd2f7f09cf5bfd]::schedule::coordination::model::explore::{closure#0}::{closure#1}, ()>::{closure#0}>::{closure#1} as core[5d33459993e3d723]::ops::function::FnOnce<()>>::call_once::{shim:vtable#0}
#25 46.09                                at /rustc/88d9e12ae178fab0fb5cc050a94da85685d449ea/library/core/src/ops/function.rs:250:5
#25 46.09   45:     0x7b04e7cf6e78 - <alloc[f3282932177de6b4]::boxed::Box<dyn core[5d33459993e3d723]::ops::function::FnOnce<(), Output = ()>> as core[5d33459993e3d723]::ops::function::FnOnce<()>>::call_once
#25 46.09                                at /rustc/88d9e12ae178fab0fb5cc050a94da85685d449ea/library/alloc/src/boxed.rs:2319:9
#25 46.09   46:     0x7b04e7ce313b - loom[c97bddb326b4e68f]::rt::scheduler::spawn_thread::{closure#0}
#25 46.09                                at /usr/local/cargo/registry/src/index.crates.io-1949cf8c6b5b557f/loom-0.7.2/src/rt/scheduler.rs:142:17
#25 46.09   47:     0x7b04e7cfcf2e - <loom[c97bddb326b4e68f]::rt::scheduler::spawn_thread::{closure#0} as core[5d33459993e3d723]::ops::function::FnOnce<()>>::call_once
#25 46.09                                at /rustc/88d9e12ae178fab0fb5cc050a94da85685d449ea/library/core/src/ops/function.rs:250:5
#25 46.09   48:     0x7b04e7cf96d2 - <generator[87b94d97073f9995]::gen_impl::GeneratorImpl<core[5d33459993e3d723]::option::Option<alloc[f3282932177de6b4]::boxed::Box<dyn core[5d33459993e3d723]::ops::function::FnOnce<(), Output = ()>>>, ()>>::init_code::<loom[c97bddb326b4e68f]::rt::scheduler::spawn_thread::{closure#0}>::{closure#0}
#25 46.09                                at /usr/local/cargo/registry/src/index.crates.io-1949cf8c6b5b557f/generator-0.8.10/src/gen_impl.rs:357:21
#25 46.09   49:     0x7b04e7cecb11 - <generator[87b94d97073f9995]::stack::StackBox<<generator[87b94d97073f9995]::gen_impl::GeneratorImpl<core[5d33459993e3d723]::option::Option<alloc[f3282932177de6b4]::boxed::Box<dyn core[5d33459993e3d723]::ops::function::FnOnce<(), Output = ()>>>, ()>>::init_code<loom[c97bddb326b4e68f]::rt::scheduler::spawn_thread::{closure#0}>::{closure#0}>>::call_once
#25 46.09                                at /usr/local/cargo/registry/src/index.crates.io-1949cf8c6b5b557f/generator-0.8.10/src/stack/mod.rs:137:13
#25 46.09   50:     0x7b04e7d2f70d - <generator[87b94d97073f9995]::stack::Func>::call_once
#25 46.09                                at /usr/local/cargo/registry/src/index.crates.io-1949cf8c6b5b557f/generator-0.8.10/src/stack/mod.rs:119:9
#25 46.09   51:     0x7b04e7d2dcfe - generator[87b94d97073f9995]::detail::gen::gen_init_impl::{closure#0}
#25 46.09                                at /usr/local/cargo/registry/src/index.crates.io-1949cf8c6b5b557f/generator-0.8.10/src/detail/gen.rs:35:14
#25 46.09   52:     0x7b04e7d32743 - <generator[87b94d97073f9995]::detail::gen::gen_init_impl::{closure#0} as core[5d33459993e3d723]::ops::function::FnOnce<()>>::call_once
#25 46.09                                at /rustc/88d9e12ae178fab0fb5cc050a94da85685d449ea/library/core/src/ops/function.rs:250:5
#25 46.09   53:     0x7b04e7d2d825 - std[f4f322d5fb81df6e]::panicking::catch_unwind::do_call::<generator[87b94d97073f9995]::detail::gen::gen_init_impl::{closure#0}, ()>
#25 46.09                                at /rustc/88d9e12ae178fab0fb5cc050a94da85685d449ea/library/std/src/panicking.rs:576:43
#25 46.09   54:     0x7b04e7d3290b - __rust_try
#25 46.09   55:     0x7b04e7d2cd06 - std[f4f322d5fb81df6e]::panicking::catch_unwind::<(), generator[87b94d97073f9995]::detail::gen::gen_init_impl::{closure#0}>
#25 46.09                                at /rustc/88d9e12ae178fab0fb5cc050a94da85685d449ea/library/std/src/panicking.rs:544:19
#25 46.09   56:     0x7b04e7d2cd06 - std[f4f322d5fb81df6e]::panic::catch_unwind::<generator[87b94d97073f9995]::detail::gen::gen_init_impl::{closure#0}, ()>
#25 46.09                                at /rustc/88d9e12ae178fab0fb5cc050a94da85685d449ea/library/std/src/panic.rs:359:14
#25 46.09   57:     0x7b04e7d2d52d - generator[87b94d97073f9995]::detail::gen::catch_unwind_filter::<generator[87b94d97073f9995]::detail::gen::gen_init_impl::{closure#0}, ()>
#25 46.09                                at /usr/local/cargo/registry/src/index.crates.io-1949cf8c6b5b557f/generator-0.8.10/src/detail/gen.rs:23:5
#25 46.09   58:     0x7b04e7d30607 - generator[87b94d97073f9995]::detail::gen::gen_init_impl
#25 46.09                                at /usr/local/cargo/registry/src/index.crates.io-1949cf8c6b5b557f/generator-0.8.10/src/detail/gen.rs:50:25
#25 46.09   59:     0x7b04e7d305d3 - generator[87b94d97073f9995]::detail::asm::gen_init
#25 46.09                                at /usr/local/cargo/registry/src/index.crates.io-1949cf8c6b5b557f/generator-0.8.10/src/detail/x86_64_unix.rs:8:5
#25 46.09 
#25 46.09 thread 'schedule::coordination::model::diamond_completion_wakes_waiters_and_publishes_dependencies' (4328) panicked at /rustc/88d9e12ae178fab0fb5cc050a94da85685d449ea/library/core/src/panicking.rs:233:5:
#25 46.09 panic in a destructor during cleanup
#25 46.09 thread caused non-unwinding panic. aborting.
#25 46.09 error: test failed, to rerun pass `-p gripsack-exec --lib`
#25 46.09 
#25 46.09 Caused by:
#25 46.09   process didn't exit successfully: `/tmp/gripsack-loom-ksdy52ep/target/debug/deps/gripsack_exec-b7e2f6570f326bed 'schedule::coordination::model::diamond_completion_wakes_waiters_and_publishes_dependencies'` (signal: 6, SIGABRT: process abort signal)
#25 46.09 
#25 46.09 calibration: missing-completion rejected by Loom waiter deadlock
#25 46.09 LOOM_SCHEDULER_MUTANTS=2
#25 DONE 46.4s

#26 exporting to image
#26 exporting layers
#26 exporting layers 62.5s done
#26 exporting manifest sha256:daf81bd8ed3aada338fab767bd5b893e690df77be85368ef4769709204c52598 0.0s done
#26 exporting config sha256:b312741e9e18c9c2b8887172fe68d796c0cc3380dc215005747f5a2ef4e5afa0 0.0s done
#26 exporting attestation manifest sha256:1a5915304feb92520ca033449175017f863171ee0368a07210427475f56142d0 0.0s done
#26 exporting manifest list sha256:92e5186541efaf4cc2fa43b9d999fe0f86d59c1a4d05ab3bd0c7a3e68e13f5bb 0.0s done
#26 naming to docker.io/library/gripsack-test:latest
#26 naming to docker.io/library/gripsack-test:latest done
#26 unpacking to docker.io/library/gripsack-test:latest
#26 unpacking to docker.io/library/gripsack-test:latest 15.0s done
#26 DONE 77.7s

#27 resolving provenance for metadata file
#27 DONE 0.0s
 Image gripsack-test Built 
 Container gripsack-test-run-129f22c2c279 Creating 
 Container gripsack-test-run-129f22c2c279 Created 
gate passed: fmt + clippy -D warnings + cargo test

===== docker compose run --build --rm ts-test =====
 Image gripsack-ts-test Building 
#1 [internal] load local bake definitions
#1 reading from stdin 545B done
#1 DONE 0.0s

#2 [internal] load build definition from Dockerfile
#2 transferring dockerfile:
#2 transferring dockerfile: 10.13kB done
#2 DONE 0.0s

#3 resolve image config for docker-image://docker.io/docker/dockerfile:1
#3 DONE 0.8s

#4 docker-image://docker.io/docker/dockerfile:1@sha256:ecfaec9ed6d810b56388c508f4121597bfbba70d41a6dfeee4d8cad5f295fc32
#4 resolve docker.io/docker/dockerfile:1@sha256:ecfaec9ed6d810b56388c508f4121597bfbba70d41a6dfeee4d8cad5f295fc32 0.0s done
#4 CACHED

#5 [internal] load metadata for docker.io/denoland/deno:2.9.6@sha256:2014dc167ece617ef7e7ba40631ac2234c59e75ce693e7cc2dc2602b3c87859d
#5 DONE 0.8s

#6 [internal] load .dockerignore
#6 transferring context: 139B done
#6 DONE 0.1s

#7 [ts-test 1/5] FROM docker.io/denoland/deno:2.9.6@sha256:2014dc167ece617ef7e7ba40631ac2234c59e75ce693e7cc2dc2602b3c87859d
#7 resolve docker.io/denoland/deno:2.9.6@sha256:2014dc167ece617ef7e7ba40631ac2234c59e75ce693e7cc2dc2602b3c87859d 0.0s done
#7 DONE 0.0s

#8 [internal] load build context
#8 transferring context: 246.82kB 0.0s done
#8 DONE 0.1s

#9 [ts-test 2/5] WORKDIR /app
#9 CACHED

#10 [ts-test 3/5] COPY typescript ./typescript
#10 DONE 0.1s

#11 [ts-test 4/5] COPY examples ./examples
#11 DONE 0.1s

#12 [ts-test 5/5] RUN cd typescript && deno install && deno task test     && deno run --cached-only --no-remote --allow-all node_modules/typescript/bin/tsc        --project tsconfig.examples.json --noEmit
#12 0.351 Seeded deno.lock from /app/typescript/package-lock.json
#12 0.354 [0m[32mDownload[0m https://registry.npmjs.org/typescript
#12 0.354 [0m[32mDownload[0m https://registry.npmjs.org/@types%2fnode
#12 0.682 [0m[32mDownload[0m https://registry.npmjs.org/undici-types
#12 0.911 [0m[32mDownload[0m https://registry.npmjs.org/@typescript%2ftypescript-aix-ppc64
#12 0.911 [0m[32mDownload[0m https://registry.npmjs.org/@typescript%2ftypescript-darwin-arm64
#12 0.911 [0m[32mDownload[0m https://registry.npmjs.org/@typescript%2ftypescript-darwin-x64
#12 0.911 [0m[32mDownload[0m https://registry.npmjs.org/@typescript%2ftypescript-freebsd-arm64
#12 0.911 [0m[32mDownload[0m https://registry.npmjs.org/@typescript%2ftypescript-freebsd-x64
#12 0.911 [0m[32mDownload[0m https://registry.npmjs.org/@typescript%2ftypescript-linux-arm
#12 0.911 [0m[32mDownload[0m https://registry.npmjs.org/@typescript%2ftypescript-linux-arm64
#12 0.911 [0m[32mDownload[0m https://registry.npmjs.org/@typescript%2ftypescript-linux-loong64
#12 0.911 [0m[32mDownload[0m https://registry.npmjs.org/@typescript%2ftypescript-linux-mips64el
#12 0.911 [0m[32mDownload[0m https://registry.npmjs.org/@typescript%2ftypescript-linux-ppc64
#12 0.911 [0m[32mDownload[0m https://registry.npmjs.org/@typescript%2ftypescript-linux-riscv64
#12 0.911 [0m[32mDownload[0m https://registry.npmjs.org/@typescript%2ftypescript-linux-s390x
#12 0.911 [0m[32mDownload[0m https://registry.npmjs.org/@typescript%2ftypescript-linux-x64
#12 0.911 [0m[32mDownload[0m https://registry.npmjs.org/@typescript%2ftypescript-netbsd-arm64
#12 0.911 [0m[32mDownload[0m https://registry.npmjs.org/@typescript%2ftypescript-netbsd-x64
#12 0.911 [0m[32mDownload[0m https://registry.npmjs.org/@typescript%2ftypescript-openbsd-arm64
#12 0.911 [0m[32mDownload[0m https://registry.npmjs.org/@typescript%2ftypescript-openbsd-x64
#12 0.911 [0m[32mDownload[0m https://registry.npmjs.org/@typescript%2ftypescript-sunos-x64
#12 0.911 [0m[32mDownload[0m https://registry.npmjs.org/@typescript%2ftypescript-win32-arm64
#12 0.911 [0m[32mDownload[0m https://registry.npmjs.org/@typescript%2ftypescript-win32-x64
#12 1.117 [0m[32mDownload[0m https://registry.npmjs.org/typescript/-/typescript-7.0.2.tgz
#12 1.117 [0m[32mDownload[0m https://registry.npmjs.org/@types/node/-/node-26.2.0.tgz
#12 1.117 [0m[32mDownload[0m https://registry.npmjs.org/@typescript/typescript-linux-x64/-/typescript-linux-x64-7.0.2.tgz
#12 1.117 [0m[32mDownload[0m https://registry.npmjs.org/undici-types/-/undici-types-8.3.0.tgz
#12 1.178 [0m[32mInitialize[0m undici-types@8.3.0
#12 1.197 [0m[32mInitialize[0m typescript@7.0.2
#12 1.245 [0m[32mInitialize[0m @types/node@26.2.0
#12 2.320 [0m[32mInitialize[0m @typescript/typescript-linux-x64@7.0.2
#12 2.328 [0m[38;5;245mInstalled[0m 4 [0m[38;5;245mpackages[0m [0m[38;5;245min[0m 1985ms
#12 2.328 [0m[38;5;245mReused[0m 0 [0m[38;5;245mpackages from cache[0m
#12 2.328 [0m[38;5;245mDownloaded[0m 0 [0m[38;5;245mpackages from JSR[0m
#12 2.328 [0m[38;5;245mDownloaded[0m 4 [0m[38;5;245mpackages from npm[0m
#12 2.328 [0m[32m++++[0m
#12 2.328 [0m[36mDev dependencies:[0m
#12 2.328 [0m[32m+[0m [0m[38;5;245mnpm:[0m@types/node [0m[38;5;245m26.2.0[0m
#12 2.328 [0m[32m+[0m [0m[38;5;245mnpm:[0mtypescript [0m[38;5;245m7.0.2[0m
#12 2.352 [0m[32mTask[0m [0m[36mtest[0m deno test --allow-read --allow-write --allow-run --allow-env test/
#12 2.361 [0m[32mCheck[0m test/driver.test.ts
#12 2.361 [0m[32mCheck[0m test/index.test.ts
#12 2.361 [0m[32mCheck[0m test/workspace.test.ts
#12 2.361 [0m[32mCheck[0m test/workspace_graph.test.ts
#12 3.306 [0m[38;5;245mrunning 12 tests from ./test/driver.test.ts[0m
#12 3.306 driver evaluates a host into an envelope under the sandbox flags ... [0m[32mok[0m [0m[38;5;245m(80ms)[0m
#12 3.387 bound probes answer without new requests (stage 2 fixpoint) ... [0m[32mok[0m [0m[38;5;245m(75ms)[0m
#12 3.463 a missing host file lists the available hosts ... [0m[32mok[0m [0m[38;5;245m(35ms)[0m
#12 3.499 a host without a defineEnv default export errors clearly ... [0m[32mok[0m [0m[38;5;245m(37ms)[0m
#12 3.536 duplicate module names surface the frontend error ... [0m[32mok[0m [0m[38;5;245m(33ms)[0m
#12 3.570 the repo's pinned @gripsack/core wins (deliberate pin) ... [0m[32mok[0m [0m[38;5;245m(39ms)[0m
#12 3.610 a src-only pinned package resolves through its types entry (0.40 fallback) ... [0m[32mok[0m [0m[38;5;245m(41ms)[0m
#12 3.652 a stale pin predating defineEnv errors with the fix ... [0m[32mok[0m [0m[38;5;245m(32ms)[0m
#12 3.684 driver evaluates a root gripsack.ts workspace with no fake host ... [0m[32mok[0m [0m[38;5;245m(77ms)[0m
#12 3.762 a root gripsack.ts wins over hosts/<host>.ts ... [0m[32mok[0m [0m[38;5;245m(41ms)[0m
#12 3.803 a gripsack.ts without a defineWorkspace default export errors clearly ... [0m[32mok[0m [0m[38;5;245m(35ms)[0m
#12 3.839 a syntax error in gripsack.ts stays a traceback ... [0m[32mok[0m [0m[38;5;245m(33ms)[0m
#12 3.946 [0m[38;5;245mrunning 21 tests from ./test/index.test.ts[0m
#12 3.946 emitIr emits the IR v5 legacy-modules contract ... [0m[32mok[0m [0m[38;5;245m(1ms)[0m
#12 3.948 host facts keep their key order and never leak the hostname ... [0m[32mok[0m [0m[38;5;245m(349µs)[0m
#12 3.948 undetectable libc is omitted from the IR host ... [0m[32mok[0m [0m[38;5;245m(286µs)[0m
#12 3.949 module() captures spans pointing at this file ... [0m[32mok[0m [0m[38;5;245m(304µs)[0m
#12 3.949 falsy module entries drop out of the environment ... [0m[32mok[0m [0m[38;5;245m(311µs)[0m
#12 3.950 dotfiles-only modules emit no source ... [0m[32mok[0m [0m[38;5;245m(249µs)[0m
#12 3.950 explicit steps emit verbatim ... [0m[32mok[0m [0m[38;5;245m(510µs)[0m
#12 3.951 runStep emits structured argv actions with outputs ... [0m[32mok[0m [0m[38;5;245m(229µs)[0m
#12 3.951 dep rejects legacy and misspelled option shapes ... [0m[32mok[0m [0m[38;5;245m(395µs)[0m
#12 3.952 duplicate module names throw at emit with both sites ... [0m[32mok[0m [0m[38;5;245m(293µs)[0m
#12 3.952 stray objects in modules throw with what they are ... [0m[32mok[0m [0m[38;5;245m(133µs)[0m
#12 3.952 declared resources emit and validate ... [0m[32mok[0m [0m[38;5;245m(255µs)[0m
#12 3.953 undeclared resources throw at eval ... [0m[32mok[0m [0m[38;5;245m(160µs)[0m
#12 3.953 builtin resources pass eval ... [0m[32mok[0m [0m[38;5;245m(93µs)[0m
#12 3.953 mergeTags unions entrypoint and CLI tags in order ... [0m[32mok[0m [0m[38;5;245m(88µs)[0m
#12 3.954 when/hasTag evaluate the injected view ... [0m[32mok[0m [0m[38;5;245m(171µs)[0m
#12 3.954 parseInputs accepts the version 1 envelope ... [0m[32mok[0m [0m[38;5;245m(294µs)[0m
#12 3.954 parseInputs fills absent optionals and null libc ... [0m[32mok[0m [0m[38;5;245m(91µs)[0m
#12 3.955 parseInputs rejects malformed envelopes ... [0m[32mok[0m [0m[38;5;245m(510µs)[0m
#12 3.955 probes answer bound values and record unbound requests ... [0m[32mok[0m [0m[38;5;245m(392µs)[0m
#12 3.956 module() rejects unknown fields — a typo never lowers to an empty desired state ... [0m[32mok[0m [0m[38;5;245m(412µs)[0m
#12 4.037 [0m[38;5;245mrunning 26 tests from ./test/workspace.test.ts[0m
#12 4.037 emitWorkspaceIr emits the v5 workspace envelope ... [0m[32mok[0m [0m[38;5;245m(5ms)[0m
#12 4.043 emitIr legacy path emits the v5 modules envelope, never a workspace ... [0m[32mok[0m [0m[38;5;245m(735µs)[0m
#12 4.044 duplicate output names throw at declaration with both sites ... [0m[32mok[0m [0m[38;5;245m(728µs)[0m
#12 4.044 duplicate output names throw at emit for hand-built values ... [0m[32mok[0m [0m[38;5;245m(426µs)[0m
#12 4.045 Bash body interpolation rejects the literal at its source line ... [0m[32mok[0m [0m[38;5;245m(1ms)[0m
#12 4.047 run_bash requires a declared package interpreter ... [0m[32mok[0m [0m[38;5;245m(750µs)[0m
#12 4.048 run_bash maps dedented lines to the original template, not the call ... [0m[32mok[0m [0m[38;5;245m(1ms)[0m
#12 4.049 Bash fluent and object forms normalize without sharing mutable state ... [0m[32mok[0m [0m[38;5;245m(872µs)[0m
#12 4.051 fluent exec and object form emit the same command, preserving branches ... [0m[32mok[0m [0m[38;5;245m(577µs)[0m
#12 4.051 environment names survive cloning even when shadowing a prototype key ... [0m[32mok[0m [0m[38;5;245m(260µs)[0m
#12 4.052 file origin is optional only for literal content ... [0m[32mok[0m [0m[38;5;245m(453µs)[0m
#12 4.052 repository file origins reject path escapes before file admission ... [0m[32mok[0m [0m[38;5;245m(869µs)[0m
#12 4.053 file destinations reject escapes at authoring, not just in decoded IR ... [0m[32mok[0m [0m[38;5;245m(533µs)[0m
#12 4.054 emit rejects unknown output references with the reference span ... [0m[32mok[0m [0m[38;5;245m(521µs)[0m
#12 4.055 emit rejects wrong-kind references naming both sites ... [0m[32mok[0m [0m[38;5;245m(361µs)[0m
#12 4.055 emit rejects package_command refs to unknown commands ... [0m[32mok[0m [0m[38;5;245m(975µs)[0m
#12 4.056 emit rejects task dependency cycles ... [0m[32mok[0m [0m[38;5;245m(622µs)[0m
#12 4.057 emit rejects producer/artifact cycles but admits validation loops ... [0m[32mok[0m [0m[38;5;245m(1ms)[0m
#12 4.058 a provider-backed package needs no synthetic recipe ... [0m[32mok[0m [0m[38;5;245m(393µs)[0m
#12 4.059 no import-order registry: repeated evals in one process emit identical IR ... [0m[32mok[0m [0m[38;5;245m(1ms)[0m
#12 4.061 constructed values are deeply frozen ... [0m[32mok[0m [0m[38;5;245m(1ms)[0m
#12 4.063 stray objects and empty catalogs are rejected ... [0m[32mok[0m [0m[38;5;245m(373µs)[0m
#12 4.063 spans are mandatory: hand-built nodes without one are rejected ... [0m[32mok[0m [0m[38;5;245m(311µs)[0m
#12 4.064 enum and calendar boundaries reject out-of-grammar values ... [0m[32mok[0m [0m[38;5;245m(468µs)[0m
#12 4.064 treeFiles expands a captured repo directory to explicit per-file entries ... [0m[32mok[0m [0m[38;5;245m(7ms)[0m
#12 4.072 treeFiles never follows symlinks or special entries out of the captured tree ... [0m[32mok[0m [0m[38;5;245m(2ms)[0m
#12 4.153 [0m[38;5;245mrunning 8 tests from ./test/workspace_graph.test.ts[0m
#12 4.153 artifact refs require an actual artifact with both sites reported ... [0m[32mok[0m [0m[38;5;245m(3ms)[0m
#12 4.157 check subjects resolve rather than silently becoming opaque names ... [0m[32mok[0m [0m[38;5;245m(678µs)[0m
#12 4.158 artifact selectors cannot escape or use non-canonical path segments ... [0m[32mok[0m [0m[38;5;245m(1ms)[0m
#12 4.160 environment values are data, never package commands ... [0m[32mok[0m [0m[38;5;245m(372µs)[0m
#12 4.161 targets bind ABI and minimum OS requirements, not the current host ... [0m[32mok[0m [0m[38;5;245m(1ms)[0m
#12 4.162 fixed-prefix selection needs a matching environment location ... [0m[32mok[0m [0m[38;5;245m(1ms)[0m
#12 4.164 ABI mismatch and incompatible minimum OS reject with both declarations ... [0m[32mok[0m [0m[38;5;245m(1ms)[0m
#12 4.166 recipe command lists retain local order without task-prerequisite edges ... [0m[32mok[0m [0m[38;5;245m(529µs)[0m
#12 4.174 
#12 4.174 [0m[32mok[0m | 67 passed | 0 failed [0m[38;5;245m(868ms)[0m
#12 4.174 
#12 DONE 4.4s

#13 exporting to image
#13 exporting layers
#13 exporting layers 1.0s done
#13 exporting manifest sha256:38c55e1c3d18b2b9bf129243d3c0cb46fcf4d25ee7db9d5bcdbb13ad9ce7c107 0.0s done
#13 exporting config sha256:c5cb653fb1213dd516404407c798a7451ba977f03f9970f933c47e5b512204b3 0.0s done
#13 exporting attestation manifest sha256:2f289502267548328dabec6b8aabd519137fa626b72e6f66f3919ab3c187716a 0.0s done
#13 exporting manifest list sha256:77e58b68e7b45a513c2be1abf97d4ffa1bd06a38b538b98a07135a4bce46ab64 0.0s done
#13 naming to docker.io/library/gripsack-ts-test:latest done
#13 unpacking to docker.io/library/gripsack-ts-test:latest
#13 unpacking to docker.io/library/gripsack-ts-test:latest 0.7s done
#13 DONE 1.9s

#14 resolving provenance for metadata file
#14 DONE 0.0s
 Image gripsack-ts-test Built 
 Container gripsack-ts-test-run-1bbc82c3b1e3 Creating 
 Container gripsack-ts-test-run-1bbc82c3b1e3 Created 
gate passed: typescript frontend tests (deno test)

===== docker compose run --build --rm e2e =====
 Image gripsack-e2e Building 
#1 [internal] load local bake definitions
#1 reading from stdin 525B done
#1 DONE 0.0s

#2 [internal] load build definition from Dockerfile
#2 transferring dockerfile:
#2 transferring dockerfile: 10.13kB done
#2 DONE 0.1s

#3 resolve image config for docker-image://docker.io/docker/dockerfile:1
#3 DONE 0.8s

#4 docker-image://docker.io/docker/dockerfile:1@sha256:ecfaec9ed6d810b56388c508f4121597bfbba70d41a6dfeee4d8cad5f295fc32
#4 resolve docker.io/docker/dockerfile:1@sha256:ecfaec9ed6d810b56388c508f4121597bfbba70d41a6dfeee4d8cad5f295fc32 0.0s done
#4 CACHED

#5 [internal] load metadata for docker.io/library/python:3.13-slim@sha256:9d2e5553305c7c7b0097999bb17187c69b921ccd6bc9d40e4bb5ebe652c00285
#5 DONE 0.8s

#6 [internal] load metadata for docker.io/library/rust:alpine@sha256:a10e64dd139b7387337c7fbe8aca31b959b57b2fd4c8ae20a02cf1d6ea424dce
#6 DONE 0.8s

#7 [internal] load .dockerignore
#7 transferring context: 139B done
#7 DONE 0.0s

#8 [internal] load build context
#8 DONE 0.0s

#9 [e2e  4/12] ADD --checksum=sha256:394f07f4da2bebe6ce6f1e7ce0fa16429b29b08c35e3fac3fe25972676dff4b2 https://github.com/denoland/deno/releases/download/v2.9.6/deno-x86_64-unknown-linux-gnu.zip /tmp/deno.zip
#9 DONE 0.0s

#10 [builder  1/10] FROM docker.io/library/rust:alpine@sha256:a10e64dd139b7387337c7fbe8aca31b959b57b2fd4c8ae20a02cf1d6ea424dce
#10 resolve docker.io/library/rust:alpine@sha256:a10e64dd139b7387337c7fbe8aca31b959b57b2fd4c8ae20a02cf1d6ea424dce 0.0s done
#10 DONE 0.0s

#11 [e2e  1/12] FROM docker.io/library/python:3.13-slim@sha256:9d2e5553305c7c7b0097999bb17187c69b921ccd6bc9d40e4bb5ebe652c00285
#11 resolve docker.io/library/python:3.13-slim@sha256:9d2e5553305c7c7b0097999bb17187c69b921ccd6bc9d40e4bb5ebe652c00285 0.0s done
#11 DONE 0.1s

#8 [internal] load build context
#8 transferring context: 743.53kB 0.2s done
#8 DONE 0.2s

#12 [builder  2/10] RUN apk add --no-cache musl-dev git curl xz     && rustup component add clippy rustfmt
#12 CACHED

#13 [builder  3/10] RUN set -e;     arch="$(uname -m)";     case "$arch" in       x86_64)  sha=3374daaf153e6f82028add5e4bf7cc2deab46537dee24f20be80df831193aeb4 ;;       aarch64) sha=35d90cee9648037eaa4c1a2649fdca9d1b9a9997b972d37be7f8629139ba1294 ;;       *) echo "unsupported arch: $arch" >&2; exit 1 ;;     esac;     curl -fsSL -o /tmp/ca.tar.xz "https://github.com/rust-secure-code/cargo-auditable/releases/download/v0.7.5/cargo-auditable-${arch}-unknown-linux-musl.tar.xz";     echo "$sha  /tmp/ca.tar.xz" | sha256sum -c -;     mkdir -p /tmp/ca && tar -xJf /tmp/ca.tar.xz -C /tmp/ca;     mv /tmp/ca/*/cargo-auditable /usr/local/bin/cargo-auditable;     rm -rf /tmp/ca /tmp/ca.tar.xz
#13 CACHED

#14 [builder  4/10] WORKDIR /app
#14 CACHED

#15 [builder  5/10] COPY Cargo.toml Cargo.lock ./
#15 CACHED

#16 [builder  6/10] COPY crates ./crates
#16 DONE 0.5s

#17 [builder  7/10] COPY fuzz ./fuzz
#17 DONE 0.1s

#18 [builder  8/10] COPY schema ./schema
#18 DONE 0.1s

#19 [builder  9/10] COPY typescript ./typescript
#19 DONE 0.1s

#20 [builder 10/10] COPY scripts ./scripts
#20 DONE 0.1s

#21 [bin 1/1] RUN cargo build --locked -p gripsack
#21 0.384     Updating crates.io index
#21 3.000  Downloading crates ...
#21 3.075   Downloaded adler2 v2.0.1
#21 3.082   Downloaded ambient-authority v0.0.2
#21 3.090   Downloaded anstyle v1.0.14
#21 3.093   Downloaded anstyle-parse v1.0.0
#21 3.096   Downloaded anstream v1.0.0
#21 3.101   Downloaded clap_lex v1.1.0
#21 3.104   Downloaded anstyle-query v1.1.5
#21 3.106   Downloaded openssl-probe v0.2.1
#21 3.110   Downloaded potential_utf v0.1.6
#21 3.112   Downloaded cfg-if v1.0.4
#21 3.115   Downloaded block-buffer v0.12.1
#21 3.118   Downloaded colorchoice v1.0.5
#21 3.120   Downloaded crypto-common v0.2.2
#21 3.122   Downloaded equivalent v1.0.2
#21 3.124   Downloaded convert_case v0.4.0
#21 3.126   Downloaded heck v0.5.0
#21 3.128   Downloaded fs-set-times v0.20.3
#21 3.130   Downloaded idna_adapter v1.2.2
#21 3.132   Downloaded httpdate v1.0.3
#21 3.138   Downloaded itoa v1.0.18
#21 3.142   Downloaded form_urlencoded v1.2.2
#21 3.144   Downloaded percent-encoding v2.3.2
#21 3.146   Downloaded matchers v0.2.0
#21 3.149   Downloaded maybe-owned v0.3.4
#21 3.152   Downloaded is_terminal_polyfill v1.70.2
#21 3.154   Downloaded serde_spanned v1.1.1
#21 3.159   Downloaded errno v0.3.14
#21 3.162   Downloaded lazy_static v1.5.0
#21 3.166   Downloaded displaydoc v0.2.7
#21 3.171   Downloaded dialoguer v0.12.0
#21 3.178   Downloaded filetime v0.2.29
#21 3.182   Downloaded shell-words v1.1.1
#21 3.183   Downloaded cpufeatures v0.3.0
#21 3.186   Downloaded find-msvc-tools v0.1.11
#21 3.189   Downloaded digest v0.11.3
#21 3.194   Downloaded jobserver v0.1.35
#21 3.199   Downloaded ipnet v2.12.1
#21 3.202   Downloaded io-lifetimes v3.0.1
#21 3.205   Downloaded pkg-config v0.3.34
#21 3.208   Downloaded rustix-linux-procfs v0.1.1
#21 3.211   Downloaded io-lifetimes v2.0.4
#21 3.213   Downloaded rustls-native-certs v0.8.4
#21 3.216   Downloaded thread_local v1.1.10
#21 3.220   Downloaded crc32fast v1.5.1
#21 3.225   Downloaded bzip2 v0.6.1
#21 3.228   Downloaded clap_derive v4.6.4
#21 3.232   Downloaded hybrid-array v0.4.14
#21 3.236   Downloaded fastrand v2.5.0
#21 3.239   Downloaded io-extras v0.19.0
#21 3.243   Downloaded shlex v2.0.1
#21 3.246   Downloaded getrandom v0.2.17
#21 3.251   Downloaded once_cell v1.21.4
#21 3.256   Downloaded console v0.16.4
#21 3.259   Downloaded litemap v0.8.3
#21 3.264   Downloaded pin-project-lite v0.2.17
#21 3.276   Downloaded quote v1.0.47
#21 3.283   Downloaded owo-colors v4.3.0
#21 3.286   Downloaded nu-ansi-term v0.50.3
#21 3.292   Downloaded tracing-serde v0.2.0
#21 3.294   Downloaded zerofrom-derive v0.1.7
#21 3.296   Downloaded smallvec v1.15.2
#21 3.299   Downloaded bitflags v2.13.1
#21 3.306   Downloaded cap-std v4.0.3
#21 3.313   Downloaded clap v4.6.6
#21 3.328   Downloaded yoke-derive v0.8.2
#21 3.334   Downloaded base64 v0.22.1
#21 3.342   Downloaded getrandom v0.4.3
#21 3.349   Downloaded serde_core v1.0.229
#21 3.354   Downloaded rustls-pki-types v1.15.1
#21 3.358   Downloaded icu_provider v2.3.1
#21 3.364   Downloaded log v0.4.34
#21 3.369   Downloaded strsim v0.11.1
#21 3.372   Downloaded serde_derive v1.0.229
#21 3.376   Downloaded stable_deref_trait v1.2.1
#21 3.378   Downloaded proc-macro2 v1.0.107
#21 3.383   Downloaded libbz2-rs-sys v0.2.5
#21 3.386   Downloaded sharded-slab v0.1.7
#21 3.393   Downloaded const-oid v0.10.2
#21 3.397   Downloaded indicatif v0.18.6
#21 3.402   Downloaded miniz_oxide v0.8.9
#21 3.407   Downloaded icu_locale_core v2.3.0
#21 3.424   Downloaded xattr v1.6.1
#21 3.430   Downloaded ryu v1.0.23
#21 3.437   Downloaded serde_yaml v0.9.34+deprecated
#21 3.444   Downloaded icu_collections v2.3.0
#21 3.457   Downloaded icu_normalizer_data v2.3.0
#21 3.461   Downloaded flate2 v1.1.9
#21 3.471   Downloaded rustls-webpki v0.103.15
#21 3.476   Downloaded utf8_iter v1.0.4
#21 3.478   Downloaded cap-primitives v4.0.3
#21 3.500   Downloaded bumpalo v3.20.3
#21 3.505   Downloaded icu_properties v2.3.0
#21 3.511   Downloaded serde v1.0.229
#21 3.520   Downloaded memchr v2.8.3
#21 3.533   Downloaded cc v1.4.4
#21 3.537   Downloaded aho-corasick v1.1.5
#21 3.546   Downloaded indexmap v2.14.0
#21 3.555   Downloaded utf8parse v0.2.2
#21 3.558   Downloaded subtle v2.6.1
#21 3.561   Downloaded idna v1.1.0
#21 3.567   Downloaded webpki-roots v0.26.11
#21 3.571   Downloaded hashbrown v0.17.1
#21 3.582   Downloaded serde_json v1.0.151
#21 3.594   Downloaded clap_builder v4.6.6
#21 3.604   Downloaded icu_properties_data v2.3.0
#21 3.616   Downloaded verus_builtin v0.0.0-2026-09-06-0133
#21 3.618   Downloaded portable-atomic v1.15.0
#21 3.631   Downloaded zerofrom v0.1.8
#21 3.633   Downloaded untrusted v0.9.0
#21 3.637   Downloaded regex-syntax v0.8.11
#21 3.648   Downloaded tracing-log v0.2.0
#21 3.651   Downloaded rustls v0.23.45
#21 3.672   Downloaded thiserror-impl v2.0.20
#21 3.674   Downloaded synstructure v0.13.2
#21 3.676   Downloaded tinystr v0.8.4
#21 3.682   Downloaded toml_datetime v1.1.1+spec-1.1.0
#21 3.684   Downloaded rustix v1.1.4
#21 3.741   Downloaded toml_writer v1.1.2+spec-1.1.0
#21 3.743   Downloaded toml_datetime v0.7.5+spec-1.1.0
#21 3.746   Downloaded icu_normalizer v2.3.0
#21 3.759   Downloaded regex-automata v0.4.18
#21 3.785   Downloaded xz2 v0.1.7
#21 3.790   Downloaded zerovec-derive v0.11.6
#21 3.795   Downloaded lzma-sys v0.1.20
#21 3.854   Downloaded zstd v0.13.3
#21 3.862   Downloaded libc v0.2.189
#21 3.997   Downloaded unit-prefix v0.5.2
#21 4.000   Downloaded zeroize v1.9.0
#21 4.003   Downloaded ring v0.17.14
#21 4.073   Downloaded zstd-safe v7.2.4
#21 4.076   Downloaded zmij v1.0.23
#21 4.081   Downloaded writeable v0.6.4
#21 4.086   Downloaded thiserror v2.0.20
#21 4.101   Downloaded toml_parser v1.1.3+spec-1.1.0
#21 4.105   Downloaded sha2 v0.11.0
#21 4.115   Downloaded tracing-attributes v0.1.31
#21 4.121   Downloaded linux-raw-sys v0.12.1
#21 4.207   Downloaded simd-adler32 v0.3.10
#21 4.211   Downloaded tracing-core v0.1.36
#21 4.216   Downloaded toml v0.9.12+spec-1.1.0
#21 4.226   Downloaded tempfile v3.27.0
#21 4.231   Downloaded yoke v0.8.3
#21 4.235   Downloaded unicode-ident v1.0.24
#21 4.242   Downloaded unsafe-libyaml v0.2.11
#21 4.251   Downloaded zopfli v0.8.3
#21 4.256   Downloaded toml v1.1.4+spec-1.1.0
#21 4.265   Downloaded verus_prettyplease v0.0.0-2026-09-06-0133
#21 4.273   Downloaded tar v0.4.46
#21 4.279   Downloaded toml_edit v0.25.13+spec-1.1.0
#21 4.287   Downloaded zerotrie v0.2.5
#21 4.297   Downloaded url v2.5.8
#21 4.301   Downloaded typed-path v0.12.3
#21 4.323   Downloaded verus_state_machines_macros v0.0.0-2026-09-06-0133
#21 4.329   Downloaded typenum v1.20.1
#21 4.335   Downloaded ureq v2.12.1
#21 4.345   Downloaded zerovec v0.11.8
#21 4.358   Downloaded verus_builtin_macros v0.0.0-2026-09-06-0133
#21 4.364   Downloaded zip v8.6.0
#21 4.373   Downloaded winnow v0.7.15
#21 4.395   Downloaded winnow v1.0.4
#21 4.413   Downloaded tracing-subscriber v0.3.23
#21 4.430   Downloaded zlib-rs v0.6.7
#21 4.439   Downloaded webpki-roots v1.0.9
#21 4.444   Downloaded unicode-width v0.2.2
#21 4.450   Downloaded syn v2.0.119
#21 4.468   Downloaded syn v3.0.4
#21 4.484   Downloaded vstd v0.0.0-2026-09-06-0133
#21 4.503   Downloaded verus_syn v0.0.0-2026-09-06-0133
#21 4.519   Downloaded tracing v0.1.44
#21 4.539   Downloaded zstd-sys v2.0.16+zstd.1.5.7
#21 4.777    Compiling proc-macro2 v1.0.107
#21 4.777    Compiling quote v1.0.47
#21 4.777    Compiling unicode-ident v1.0.24
#21 4.777    Compiling libc v0.2.189
#21 4.777    Compiling serde_core v1.0.229
#21 4.777    Compiling shlex v2.0.1
#21 4.783    Compiling find-msvc-tools v0.1.11
#21 4.783    Compiling cfg-if v1.0.4
#21 4.783    Compiling hashbrown v0.17.1
#21 4.786    Compiling equivalent v1.0.2
#21 4.786    Compiling once_cell v1.21.4
#21 4.786    Compiling stable_deref_trait v1.2.1
#21 4.787    Compiling rustix v1.1.4
#21 4.790    Compiling bitflags v2.13.1
#21 4.790    Compiling linux-raw-sys v0.12.1
#21 4.790    Compiling serde v1.0.229
#21 4.791    Compiling pkg-config v0.3.34
#21 4.791    Compiling zmij v1.0.23
#21 4.807    Compiling verus_prettyplease v0.0.0-2026-09-06-0133
#21 4.807    Compiling itoa v1.0.18
#21 4.815    Compiling memchr v2.8.3
#21 4.823    Compiling serde_json v1.0.151
#21 4.828    Compiling litemap v0.8.3
#21 4.832    Compiling winnow v1.0.4
#21 4.833    Compiling writeable v0.6.4
#21 4.833    Compiling vstd v0.0.0-2026-09-06-0133
#21 4.834    Compiling zeroize v1.9.0
#21 4.834    Compiling convert_case v0.4.0
#21 4.834    Compiling io-lifetimes v2.0.4
#21 4.834    Compiling io-lifetimes v3.0.1
#21 4.834    Compiling icu_properties_data v2.3.0
#21 4.834    Compiling utf8_iter v1.0.4
#21 4.860    Compiling smallvec v1.15.2
#21 4.860    Compiling io-extras v0.19.0
#21 4.911    Compiling icu_normalizer_data v2.3.0
#21 4.953    Compiling toml_writer v1.1.2+spec-1.1.0
#21 5.088    Compiling log v0.4.34
#21 5.236    Compiling typenum v1.20.1
#21 5.246    Compiling verus_builtin v0.0.0-2026-09-06-0133
#21 5.257    Compiling thiserror v2.0.20
#21 5.266    Compiling cap-primitives v4.0.3
#21 5.308    Compiling getrandom v0.4.3
#21 5.341    Compiling rustls-pki-types v1.15.1
#21 5.356    Compiling tracing-core v0.1.36
#21 5.388    Compiling maybe-owned v0.3.4
#21 5.388    Compiling ipnet v2.12.1
#21 5.419    Compiling ambient-authority v0.0.2
#21 5.421    Compiling cap-std v4.0.3
#21 5.468    Compiling crc32fast v1.5.1
#21 5.476    Compiling const-oid v0.10.2
#21 5.494    Compiling zstd-safe v7.2.4
#21 5.495    Compiling winnow v0.7.15
#21 5.502    Compiling simd-adler32 v0.3.10
#21 5.559    Compiling fastrand v2.5.0
#21 5.666    Compiling untrusted v0.9.0
#21 5.667    Compiling cpufeatures v0.3.0
#21 5.696    Compiling adler2 v2.0.1
#21 5.700    Compiling rustls v0.23.45
#21 5.731    Compiling pin-project-lite v0.2.17
#21 5.731    Compiling percent-encoding v2.3.2
#21 5.766    Compiling subtle v2.6.1
#21 5.822    Compiling bumpalo v3.20.3
#21 5.833    Compiling zlib-rs v0.6.7
#21 5.893    Compiling libbz2-rs-sys v0.2.5
#21 5.912    Compiling regex-syntax v0.8.11
#21 5.925    Compiling miniz_oxide v0.8.9
#21 5.945    Compiling openssl-probe v0.2.1
#21 6.000    Compiling base64 v0.22.1
#21 6.011    Compiling utf8parse v0.2.2
#21 6.032    Compiling typed-path v0.12.3
#21 6.124    Compiling form_urlencoded v1.2.2
#21 6.136    Compiling anstyle-parse v1.0.0
#21 6.166    Compiling portable-atomic v1.15.0
#21 6.215    Compiling indexmap v2.14.0
#21 6.231    Compiling webpki-roots v1.0.9
#21 6.248    Compiling rustls-native-certs v0.8.4
#21 6.290    Compiling anstyle-query v1.1.5
#21 6.305    Compiling is_terminal_polyfill v1.70.2
#21 6.323    Compiling colorchoice v1.0.5
#21 6.324    Compiling ryu v1.0.23
#21 6.408    Compiling zopfli v0.8.3
#21 6.420    Compiling webpki-roots v0.26.11
#21 6.434    Compiling unsafe-libyaml v0.2.11
#21 6.436    Compiling unicode-width v0.2.2
#21 6.463    Compiling anstyle v1.0.14
#21 6.465    Compiling lazy_static v1.5.0
#21 6.474    Compiling httpdate v1.0.3
#21 6.494    Compiling tracing-log v0.2.0
#21 6.500    Compiling thread_local v1.1.10
#21 6.526    Compiling nu-ansi-term v0.50.3
#21 6.545    Compiling clap_lex v1.1.0
#21 6.562    Compiling owo-colors v4.3.0
#21 6.666    Compiling sharded-slab v0.1.7
#21 6.674    Compiling strsim v0.11.1
#21 6.703    Compiling heck v0.5.0
#21 6.758    Compiling anstream v1.0.0
#21 6.767    Compiling shell-words v1.1.1
#21 6.825    Compiling unit-prefix v0.5.2
#21 6.969    Compiling bzip2 v0.6.1
#21 7.193    Compiling clap_builder v4.6.6
#21 7.299    Compiling syn v3.0.4
#21 7.299    Compiling syn v2.0.119
#21 7.299    Compiling verus_syn v0.0.0-2026-09-06-0133
#21 7.433    Compiling hybrid-array v0.4.14
#21 7.598    Compiling jobserver v0.1.35
#21 7.599    Compiling getrandom v0.2.17
#21 7.608    Compiling filetime v0.2.29
#21 7.608    Compiling gripsack-process v0.42.0 (/app/crates/gripsack-process)
#21 7.608    Compiling console v0.16.4
#21 7.834    Compiling toml_parser v1.1.3+spec-1.1.0
#21 8.054    Compiling cc v1.4.4
#21 8.413    Compiling regex-automata v0.4.18
#21 8.447    Compiling crypto-common v0.2.2
#21 8.447    Compiling block-buffer v0.12.1
#21 8.477    Compiling indicatif v0.18.6
#21 10.64    Compiling digest v0.11.3
#21 10.81    Compiling flate2 v1.1.9
#21 10.93    Compiling sha2 v0.11.0
#21 11.01    Compiling zstd-sys v2.0.16+zstd.1.5.7
#21 11.01    Compiling ring v0.17.14
#21 11.01    Compiling lzma-sys v0.1.20
#21 11.35    Compiling serde_spanned v1.1.1
#21 11.35    Compiling toml_datetime v0.7.5+spec-1.1.0
#21 11.35    Compiling toml_datetime v1.1.1+spec-1.1.0
#21 11.73    Compiling toml v0.9.12+spec-1.1.0
#21 11.88    Compiling toml v1.1.4+spec-1.1.0
#21 11.88    Compiling toml_edit v0.25.13+spec-1.1.0
#21 12.27    Compiling fs-set-times v0.20.3
#21 12.29    Compiling rustix-linux-procfs v0.1.1
#21 12.29    Compiling tempfile v3.27.0
#21 12.31    Compiling xattr v1.6.1
#21 12.80    Compiling tar v0.4.46
#21 13.06    Compiling dialoguer v0.12.0
#21 13.27    Compiling matchers v0.2.0
#21 14.27    Compiling gripsack-fs v0.42.0 (/app/crates/gripsack-fs)
#21 15.84    Compiling xz2 v0.1.7
#21 16.45    Compiling synstructure v0.13.2
#21 17.15    Compiling zstd v0.13.3
#21 17.27    Compiling zerovec-derive v0.11.6
#21 17.27    Compiling displaydoc v0.2.7
#21 17.27    Compiling serde_derive v1.0.229
#21 17.27    Compiling thiserror-impl v2.0.20
#21 17.27    Compiling clap_derive v4.6.4
#21 17.52    Compiling zip v8.6.0
#21 17.90    Compiling rustls-webpki v0.103.15
#21 18.43    Compiling zerofrom-derive v0.1.7
#21 18.43    Compiling yoke-derive v0.8.2
#21 18.43    Compiling tracing-attributes v0.1.31
#21 20.18    Compiling clap v4.6.6
#21 20.25    Compiling zerofrom v0.1.8
#21 20.37    Compiling yoke v0.8.3
#21 20.51    Compiling tracing v0.1.44
#21 20.60    Compiling zerovec v0.11.8
#21 20.60    Compiling zerotrie v0.2.5
#21 20.63    Compiling verus_state_machines_macros v0.0.0-2026-09-06-0133
#21 20.63    Compiling verus_builtin_macros v0.0.0-2026-09-06-0133
#21 21.48    Compiling tinystr v0.8.4
#21 21.48    Compiling potential_utf v0.1.6
#21 21.61    Compiling icu_collections v2.3.0
#21 21.70    Compiling icu_locale_core v2.3.0
#21 22.64    Compiling serde_yaml v0.9.34+deprecated
#21 22.64    Compiling tracing-serde v0.2.0
#21 22.78    Compiling tracing-subscriber v0.3.23
#21 23.04    Compiling icu_provider v2.3.1
#21 23.41    Compiling icu_properties v2.3.0
#21 23.41    Compiling icu_normalizer v2.3.0
#21 25.00    Compiling idna_adapter v1.2.2
#21 25.09    Compiling idna v1.1.0
#21 25.52    Compiling url v2.5.8
#21 26.20    Compiling ureq v2.12.1
#21 31.13    Compiling gripsack-policy v0.42.0 (/app/crates/gripsack-policy)
#21 31.37    Compiling gripsack-ir v0.42.0 (/app/crates/gripsack-ir)
#21 34.49    Compiling gripsack-store v0.42.0 (/app/crates/gripsack-store)
#21 34.49    Compiling gripsack-config v0.42.0 (/app/crates/gripsack-config)
#21 34.49    Compiling griplint v0.42.0 (/app/crates/griplint)
#21 36.62    Compiling gripsack-fetch v0.42.0 (/app/crates/gripsack-fetch)
#21 36.62    Compiling gripsack-trace v0.42.0 (/app/crates/gripsack-trace)
#21 39.03    Compiling gripsack-exec v0.42.0 (/app/crates/gripsack-exec)
#21 39.03    Compiling gripsack-lint v0.42.0 (/app/crates/gripsack-lint)
#21 45.06    Compiling gripsack v0.42.0 (/app/crates/gripsack)
#21 55.14     Finished `dev` profile [unoptimized + debuginfo] target(s) in 54.89s
#21 DONE 55.5s

#22 [e2e  2/12] WORKDIR /app
#22 CACHED

#23 [e2e  3/12] RUN apt-get update -qq && apt-get install -y -qq --no-install-recommends git     && rm -rf /var/lib/apt/lists/*
#23 CACHED

#24 [e2e  4/12] ADD --checksum=sha256:394f07f4da2bebe6ce6f1e7ce0fa16429b29b08c35e3fac3fe25972676dff4b2 https://github.com/denoland/deno/releases/download/v2.9.6/deno-x86_64-unknown-linux-gnu.zip /tmp/deno.zip
#24 CACHED

#25 [e2e  5/12] RUN python3 -m zipfile -e /tmp/deno.zip /tmp/deno     && mkdir -p /root/.local/share/gripsack/tools/deno-2.9.6     && mv /tmp/deno/deno /root/.local/share/gripsack/tools/deno-2.9.6/deno     && chmod 755 /root/.local/share/gripsack/tools/deno-2.9.6/deno     && rm -rf /tmp/deno.zip /tmp/deno
#25 CACHED

#26 [e2e  6/12] RUN printf 'uv==%s --hash=sha256:f7d6248ad9f2d282fea795f248da8fa666ab382df50d8385bd98e01049440a0c --hash=sha256:bd0afae6918795c6a61a649e64d735e339f3d62f8310235da6f19eb3f66f323b\n' "0.12.10" > /tmp/uv.req     && pip install --no-cache-dir --no-deps --require-hashes -r /tmp/uv.req     && uv --version     && rm -f /tmp/uv.req
#26 CACHED

#27 [e2e  7/12] COPY --from=bin /app/target/debug/grip /usr/local/bin/grip
#27 DONE 0.2s

#28 [e2e  8/12] COPY e2e/pyproject.toml e2e/uv.lock ./e2e/
#28 DONE 0.1s

#29 [e2e  9/12] RUN cd e2e && uv sync --locked
#29 0.462 Using CPython 3.13.15 interpreter at: /usr/local/bin/python3
#29 0.462 Creating virtual environment at: .venv
#29 0.470 Resolved 10 packages in 4ms
#29 0.554 Downloading pygments (1.2MiB)
#29 0.643  Downloaded pygments
#29 0.643 Prepared 5 packages in 172ms
#29 0.662 Installed 5 packages in 18ms
#29 0.662  + iniconfig==2.3.0
#29 0.662  + packaging==26.3
#29 0.662  + pluggy==1.6.0
#29 0.662  + pygments==2.21.0
#29 0.662  + pytest==9.1.1
#29 DONE 0.7s

#30 [e2e 10/12] COPY e2e ./e2e
#30 DONE 0.1s

#31 [e2e 11/12] COPY examples ./examples
#31 DONE 0.1s

#32 [e2e 12/12] WORKDIR /app/e2e
#32 DONE 0.1s

#33 exporting to image
#33 exporting layers
#33 exporting layers 3.6s done
#33 exporting manifest sha256:8329c82c7314bd9d84f6bf30367609c6c1aba2bba15b56cea56ea94406fe084c 0.0s done
#33 exporting config sha256:50befb0e2caccfc0b8959e97824087491a481adb4f63a02552b8db011e3193db 0.0s done
#33 exporting attestation manifest sha256:96c50da955cefdd74056704feb56163c9e184ae905753dae550d4987eeeb89cf 0.0s done
#33 exporting manifest list sha256:fe86aad53ebf10645f5433e2ecdbcd84f229701d565e73f5c485f3d6ec21cec4 0.0s done
#33 naming to docker.io/library/gripsack-e2e:latest
#33 naming to docker.io/library/gripsack-e2e:latest done
#33 unpacking to docker.io/library/gripsack-e2e:latest
#33 unpacking to docker.io/library/gripsack-e2e:latest 1.0s done
#33 DONE 4.7s

#34 resolving provenance for metadata file
#34 DONE 0.1s
 Image gripsack-e2e Built 
 Container gripsack-e2e-run-ecea237903ac Creating 
 Container gripsack-e2e-run-ecea237903ac Created 
============================= test session starts ==============================
platform linux -- Python 3.13.15, pytest-9.1.1, pluggy-1.6.0
rootdir: /app/e2e
configfile: pyproject.toml
collected 342 items

test_activation_lifecycle.py ...........                                 [  3%]
test_adopt.py .............                                              [  7%]
test_apply_lifecycle.py ........                                         [  9%]
test_build_closures.py .......                                           [ 11%]
test_complete_pins.py ...........                                        [ 14%]
test_contract_fidelity.py ..........................                     [ 22%]
test_destination_ownership.py .............                              [ 26%]
test_eval_gate.py ................................                       [ 35%]
test_execution_contracts.py ..........                                   [ 38%]
test_fetchers.py ............                                            [ 41%]
test_gc_admission.py .................                                   [ 46%]
test_generation_history.py ..........                                    [ 49%]
test_golden.py .....                                                     [ 51%]
test_http_policy.py ............                                         [ 54%]
test_journey.py .....                                                    [ 56%]
test_journey_contracts.py ...                                            [ 57%]
test_linters.py ............                                             [ 60%]
test_merge_boundaries.py .......                                         [ 62%]
test_migration_feedback.py .........                                     [ 65%]
test_ownership_modes.py ................                                 [ 69%]
test_persistence_matrix.py ......                                        [ 71%]
test_plan_operations.py ...                                              [ 72%]
test_self_update.py .....                                                [ 73%]
test_store_hygiene.py ........                                           [ 76%]
test_trace_context.py ..                                                 [ 76%]
test_transaction_recovery.py ..........                                  [ 79%]
test_update_surveys.py ........                                          [ 82%]
test_workspace_contract.py .......................                       [ 88%]
test_workspace_diagnostics.py ..............................             [ 97%]
test_workspace_files.py ........                                         [100%]

======================= 342 passed in 917.26s (0:15:17) ========================

===== docker compose run --build --rm model =====
 Image gripsack-model Building 
#1 [internal] load local bake definitions
#1 reading from stdin 535B done
#1 DONE 0.0s

#2 [internal] load build definition from Dockerfile
#2 transferring dockerfile: 10.13kB done
#2 DONE 0.0s

#3 resolve image config for docker-image://docker.io/docker/dockerfile:1
#3 DONE 0.7s

#4 docker-image://docker.io/docker/dockerfile:1@sha256:ecfaec9ed6d810b56388c508f4121597bfbba70d41a6dfeee4d8cad5f295fc32
#4 resolve docker.io/docker/dockerfile:1@sha256:ecfaec9ed6d810b56388c508f4121597bfbba70d41a6dfeee4d8cad5f295fc32 0.0s done
#4 CACHED

#5 [internal] load metadata for docker.io/library/eclipse-temurin:21-jre@sha256:7a65df4b22d2de92d4e04056e884f3b9122d70b21e2847fd66084278bd0ce037
#5 DONE 0.6s

#6 [internal] load .dockerignore
#6 transferring context: 139B done
#6 DONE 0.0s

#7 [model 2/6] ADD --checksum=sha256:936a262061c914694dfd669a543be24573c45d5aa0ff20a8b96b23d01e050e88 https://github.com/tlaplus/tlaplus/releases/download/v1.7.4/tla2tools.jar /tla/tla2tools.jar
#7 DONE 0.0s

#8 [model 1/6] FROM docker.io/library/eclipse-temurin:21-jre@sha256:7a65df4b22d2de92d4e04056e884f3b9122d70b21e2847fd66084278bd0ce037
#8 resolve docker.io/library/eclipse-temurin:21-jre@sha256:7a65df4b22d2de92d4e04056e884f3b9122d70b21e2847fd66084278bd0ce037 0.0s done
#8 DONE 0.0s

#9 [internal] load build context
#9 transferring context: 15.27kB done
#9 DONE 0.0s

#10 [model 2/6] ADD --checksum=sha256:936a262061c914694dfd669a543be24573c45d5aa0ff20a8b96b23d01e050e88 https://github.com/tlaplus/tlaplus/releases/download/v1.7.4/tla2tools.jar /tla/tla2tools.jar
#10 CACHED

#11 [model 3/6] WORKDIR /work
#11 CACHED

#12 [model 4/6] COPY specs ./specs
#12 DONE 0.1s

#13 [model 5/6] COPY scripts/check_models.sh ./scripts/check_models.sh
#13 DONE 0.0s

#14 [model 6/6] RUN sh scripts/check_models.sh /tla/tla2tools.jar
#14 1.147 cfg/ownership.cfg: clean
#14 1.843 cfg/apply-deploy.cfg: clean
#14 2.638 cfg/repeated-apply-deploy.cfg: clean
#14 3.311 cfg/apply-prune.cfg: clean
#14 4.114 cfg/repeated-apply-prune.cfg: clean
#14 4.761 cfg/rollback-deploy.cfg: clean
#14 5.525 cfg/repeated-rollback-deploy.cfg: clean
#14 6.206 cfg/rollback-prune.cfg: clean
#14 6.987 cfg/repeated-rollback-prune.cfg: clean
#14 7.651 cfg/activation.cfg: clean
#14 8.347 cfg/repeated-activation.cfg: clean
#14 9.046 cfg/repeated-activation-repeated-generation.cfg: clean
#14 9.745 cfg/repeated-transaction-premature-cleanup.cfg: RestoreBeforeCleanup
#14 10.40 cfg/repeated-activation-lost-pending.cfg: NoSilentSkip
#14 11.06 cfg/destination-writes.cfg: clean
#14 11.74 cfg/destination-writes-lost-prior.cfg: OriginalPriorPreserved
#14 12.40 cfg/destination-writes-lost-before.cfg: NoPartialRecovery
#14 13.08 cfg/destination-writes-witness.cfg: NeverTwoWrites
#14 14.64 ProcessSupervision.cfg: clean
#14 15.75 ProcessSupervision.ignore-deadline.cfg: temporal:Terminates
#14 16.96 ProcessSupervision.inherited-pipe.cfg: temporal:Terminates
#14 17.76 ProcessSupervision.reap-first.cfg: PidAuthority
#14 18.53 ProcessSupervision.cleanup-failure-witness.cfg: NeverCleanupFailure
#14 19.30 ProcessSupervision.inherited-witness.cfg: NeverInherited
#14 20.07 ProcessSupervision.linger-witness.cfg: NeverLinger
#14 21.02 UpdatePublication.cfg: clean
#14 21.84 UpdatePublication.stale-recheck.cfg: NoDowngrade
#14 22.56 UpdatePublication.premature-rename.cfg: AtomicReady
#14 23.29 UpdatePublication.rollback.cfg: NoDowngrade
#14 24.02 UpdatePublication.post-failure-witness.cfg: NeverPostFailure
#14 24.79 UpdatePublication.concurrent-witness.cfg: NeverIndependentLocks
#14 25.54 UpdatePublication.recheck-witness.cfg: NeverRecheckSkip
#14 26.25 cfg/filemode-copy-m0644.cfg: clean
#14 26.97 cfg/filemode-copy-m0755.cfg: clean
#14 27.67 cfg/filemode-copy-m0600.cfg: clean
#14 28.37 cfg/filemode-template-m0644.cfg: clean
#14 29.10 cfg/filemode-template-m0755.cfg: clean
#14 29.81 cfg/filemode-template-m0600.cfg: clean
#14 30.52 cfg/filemode-merge-m0644.cfg: clean
#14 31.26 cfg/filemode-merge-m0755.cfg: clean
#14 32.01 cfg/filemode-merge-m0600.cfg: clean
#14 32.71 cfg/filemode-link-m0644.cfg: clean
#14 33.40 cfg/filemode-link-m0755.cfg: clean
#14 34.09 cfg/filemode-link-m0600.cfg: clean
#14 34.76 cfg/filemode-mutant-template-fixed0644.cfg: ExecSurvivesDeploy
#14 35.49 cfg/filemode-mutant-bytes-only.cfg: ChmodIsDrift
#14 36.23 cfg/filemode-mutant-prune.cfg: PruneRespectsDrift
#14 36.93 cfg/filemode-mutant-rollback.cfg: RollbackIsExact
#14 37.65 cfg/update-survey.cfg: clean
#14 38.34 cfg/update-survey-empty.cfg: clean
#14 39.01 cfg/update-survey-stop-first.cfg: CompleteSurvey
#14 39.69 cfg/update-survey-exit-conflation.cfg: HonestExit
#14 40.40 cfg/update-survey-publication.cfg: NoPublication
#14 41.13 cfg/http-retry.cfg: clean
#14 41.82 cfg/http-retry-terminal-replay.cfg: NoTerminalReplay
#14 42.53 cfg/http-retry-deadline-reset.cfg: FixedDeadline
#14 43.24 cfg/http-retry-attempt-overflow.cfg: BoundedAttempts
#14 44.08 cfg/credential-routing.cfg: clean
#14 44.80 cfg/credential-routing-base-authority.cfg: TokensStayBound
#14 45.51 cfg/credential-routing-redirect-forwarding.cfg: NoRedirectDisclosure
#14 46.20 cfg/credential-routing-repo-audience.cfg: TokensStayBound
#14 47.07 cfg/merge-boundary.cfg: clean
#14 47.80 cfg/merge-boundary-unclosed-marker.cfg: ForeignTextPreserved
#14 48.51 cfg/merge-boundary-first-mode.cfg: AllModeEvidenceRequired
#14 49.23 cfg/merge-boundary-first-prune.cfg: PruneNeedsWholeEvidence
#14 49.93 cfg/worker-lease.cfg: clean
#14 50.63 cfg/worker-lease-early-stop.cfg: NoStopWithLiveLease
#14 51.34 cfg/worker-lease-crash-wipes.cfg: NoSilentLeaseVanish
#14 DONE 51.4s

#15 exporting to image
#15 exporting layers
#15 exporting layers 0.2s done
#15 exporting manifest sha256:49c9a5227b2fe981dd2e83f8a4be8c3f5c571beef1c45900a64ea44dc12c4341 0.0s done
#15 exporting config sha256:7b65c8cfb0bb3dad799c0c70649d440e47e665d199d84d0a87c726d1056ac10d 0.0s done
#15 exporting attestation manifest sha256:da34b9efe7303dfc5bf7421a9b1a9d6e15ea0b3991a96ee8a889152a68d77854 0.0s done
#15 exporting manifest list sha256:596f81261510b9cb0cbb887d2f1f266f6543689b74b54a5274c604ddb5ad0d0d 0.0s done
#15 naming to docker.io/library/gripsack-model:latest done
#15 unpacking to docker.io/library/gripsack-model:latest 0.1s done
#15 DONE 0.4s

#16 resolving provenance for metadata file
#16 DONE 0.0s
 Image gripsack-model Built 
 Container gripsack-model-run-bcab2fe528b3 Creating 
 Container gripsack-model-run-bcab2fe528b3 Created 
gate passed: model checks via scripts/check_models.sh (TLC, positive + calibrated negative configs)

===== docker compose run --build --rm verify =====
 Image gripsack-verify Building 
#1 [internal] load local bake definitions
#1 reading from stdin 540B done
#1 DONE 0.0s

#2 [internal] load build definition from Dockerfile
#2 transferring dockerfile:
#2 transferring dockerfile: 10.13kB done
#2 DONE 0.0s

#3 resolve image config for docker-image://docker.io/docker/dockerfile:1
#3 DONE 0.8s

#4 docker-image://docker.io/docker/dockerfile:1@sha256:ecfaec9ed6d810b56388c508f4121597bfbba70d41a6dfeee4d8cad5f295fc32
#4 resolve docker.io/docker/dockerfile:1@sha256:ecfaec9ed6d810b56388c508f4121597bfbba70d41a6dfeee4d8cad5f295fc32 0.0s done
#4 CACHED

#5 [internal] load metadata for docker.io/library/ubuntu:24.04@sha256:224a1869083a311ef3f13648a154ba79832fbef6364d31493642ca03082da254
#5 DONE 0.8s

#6 [internal] load .dockerignore
#6 transferring context: 139B done
#6 DONE 0.0s

#7 [verify  3/11] ADD --checksum=sha256:13d01e134c0620c3b29770874707d16c33b3d227c843a489c8ceb744d43c0a16 https://github.com/verus-lang/verus/releases/download/release/0.2026.09.06.8dea4a2/verus-0.2026.09.06.8dea4a2-x86-linux.zip /tmp/verus.zip
#7 DONE 0.0s

#8 [internal] load build context
#8 DONE 0.0s

#9 [verify  4/11] ADD --checksum=sha256:7288c49a5bd6dbafd7b0b0d1f65956b91672da24b08f09242919af159be3418e https://github.com/Z3Prover/z3/releases/download/z3-4.16.0/z3-4.16.0-x64-glibc-2.39.zip /tmp/z3.zip
#9 DONE 0.0s

#10 [verify  1/11] FROM docker.io/library/ubuntu:24.04@sha256:224a1869083a311ef3f13648a154ba79832fbef6364d31493642ca03082da254
#10 resolve docker.io/library/ubuntu:24.04@sha256:224a1869083a311ef3f13648a154ba79832fbef6364d31493642ca03082da254 0.0s done
#10 DONE 0.0s

#8 [internal] load build context
#8 transferring context: 190.53kB 0.2s done
#8 DONE 0.2s

#11 [verify  2/11] RUN apt-get update -qq && apt-get install -y -qq --no-install-recommends     curl ca-certificates unzip build-essential python3     && rm -rf /var/lib/apt/lists/*
#11 CACHED

#12 [verify  3/11] ADD --checksum=sha256:13d01e134c0620c3b29770874707d16c33b3d227c843a489c8ceb744d43c0a16 https://github.com/verus-lang/verus/releases/download/release/0.2026.09.06.8dea4a2/verus-0.2026.09.06.8dea4a2-x86-linux.zip /tmp/verus.zip
#12 CACHED

#13 [verify  4/11] ADD --checksum=sha256:7288c49a5bd6dbafd7b0b0d1f65956b91672da24b08f09242919af159be3418e https://github.com/Z3Prover/z3/releases/download/z3-4.16.0/z3-4.16.0-x64-glibc-2.39.zip /tmp/z3.zip
#13 CACHED

#14 [verify  5/11] RUN unzip -q /tmp/verus.zip -d /opt && unzip -q /tmp/z3.zip -d /opt     && rm /tmp/verus.zip /tmp/z3.zip     && curl -fsSL https://sh.rustup.rs | sh -s -- -y --default-toolchain 1.98.0        --component rustc-dev --component llvm-tools --component rustfmt
#14 CACHED

#15 [verify  6/11] WORKDIR /app
#15 CACHED

#16 [verify  7/11] COPY Cargo.toml Cargo.lock ./
#16 CACHED

#17 [verify  8/11] COPY crates ./crates
#17 DONE 0.5s

#18 [verify  9/11] COPY fuzz ./fuzz
#18 DONE 0.1s

#19 [verify 10/11] COPY scripts/check_verus.sh scripts/check_verus.py scripts/verus_evidence.py ./scripts/
#19 DONE 0.1s

#20 [verify 11/11] RUN sh scripts/check_verus.sh
#20 0.305 VERUS_GATE_NEGATIVES=10
#20 0.306 RUNNER_COMMAND=cargo verus verify --manifest-path /app/crates/gripsack-policy/Cargo.toml -p gripsack-policy --locked --message-format=json -- --output-json --time-expanded
#20 50.53 VERUS_RESULT={"encountered-error": false, "encountered-vir-error": false, "errors": 0, "is-verifying-entire-crate": true, "success": true, "verified": 72}
#20 50.53 positive: verification results:: 72 verified, 0 errors
#20 50.53 VERUS_FAMILY=recovery checked=1 functions=classify
#20 50.53 VERUS_FAMILY=ownership checked=2 functions=ownership::plan_copy,ownership::plan_link
#20 50.53 VERUS_FAMILY=retention checked=7 functions=retention::admit_gc,retention::contains_generation,retention::contains_identity,retention::plan_prune,retention::plan_delete,retention::lemma_delete_monotone,retention::lemma_delete_monotone_prefix
#20 50.53 VERUS_FAMILY=merge checked=6 functions=merge::splice_bytes,merge::lemma_rest_is_gaps,merge::lemma_splice_canonical,merge::lemma_splice_identity,merge::lemma_gaps_end_with_tail,merge::lemma_splice_preserves_edges
#20 50.53 VERUS_FAMILY=graph checked=3 functions=graph::build_closure,graph::build_only_members,graph::lemma_reachable_visited
#20 50.53 VERUS_FAMILY=graph-roles checked=2 functions=graph::roles::project_graph_roles,graph::roles::GraphRole::is_dependency
#20 50.53 VERUS_FAMILY=graph-name-index checked=3 functions=graph::name_index::bind_output_index,graph::name_index::BoundOutputIndex::position,graph::name_index::distinct_names_have_distinct_indices
#20 50.53 VERUS_FAMILY=target checked=2 functions=target::release_at_most,target::supports_target
#20 50.53 VERUS_FAMILY=scheduler checked=11 functions=schedule::PureScheduler::new,schedule::PureScheduler::start_next,schedule::PureScheduler::finish_ok,schedule::PureScheduler::finish_fail,schedule::PureScheduler::failed,schedule::lemma_unfinished_count_zero,schedule::lemma_unfinished_count_zero_reverse,schedule::lemma_unfinished_count_decrement,schedule::lemma_unfinished_count_none_finished,schedule::lemma_fresh_entry,schedule::lemma_cast_collapse
#20 51.16 RUNNER_COMMAND=cargo verus verify --manifest-path /tmp/gripsack-verus-idm8hlrp/classifier/crates/gripsack-policy/Cargo.toml -p gripsack-policy --locked --message-format=json -- --output-json --time-expanded
#20 86.09 VERUS_RESULT={"encountered-error": true, "encountered-vir-error": false, "errors": 1, "is-verifying-entire-crate": true, "success": false, "verified": 71}
#20 86.09 VERUS_DIAGNOSTIC={"$message_type": "diagnostic", "children": [], "code": null, "level": "error", "message": "postcondition not satisfied", "rendered": "error: postcondition not satisfied\n  --> crates/gripsack-policy/src/lib.rs:66:9\n   |\n66 |           (result == Classification::Committed) <==> facts.current == Some(facts.target),\n   |           ^^^^^^^^^^^^^^^^^^^^^^^^^^^^^^^^^^^^^^^^^^^^^^^^^^^^^^^^^^^^^^^^^^^^^^^^^^^^^^ failed this postcondition\n...\n82 | /     match (facts.previous, facts.current) {\n83 | |         (Some(_), Some(c)) if c == facts.target => Classification::Committed,\n84 | |         (Some(prev), Some(c)) if c == prev => Classification::Uncommitted,\n85 | |         (Some(_), _) => Classification::Committed,\n...  |\n90 | |         (None, Some(_)) => Classification::Ambiguous,\n91 | |     }\n   | |_____- at the end of the function body\n\n", "spans": [{"byte_end": 4105, "byte_start": 3552, "column_end": 6, "column_start": 5, "expansion": null, "file_name": "crates/gripsack-policy/src/lib.rs", "is_primary": false, "label": "at the end of the function body", "line_end": 91, "line_start": 82, "suggested_replacement": null, "suggestion_applicability": null, "text": [{"highlight_end": 44, "highlight_start": 5, "text": "    match (facts.previous, facts.current) {"}, {"highlight_end": 78, "highlight_start": 1, "text": "        (Some(_), Some(c)) if c == facts.target => Classification::Committed,"}, {"highlight_end": 75, "highlight_start": 1, "text": "        (Some(prev), Some(c)) if c == prev => Classification::Uncommitted,"}, {"highlight_end": 51, "highlight_start": 1, "text": "        (Some(_), _) => Classification::Committed,"}, {"highlight_end": 72, "highlight_start": 1, "text": "        // a fresh machine's first run: current at the target means the"}, {"highlight_end": 50, "highlight_start": 1, "text": "        // flip landed; absent means it never did"}, {"highlight_end": 75, "highlight_start": 1, "text": "        (None, Some(c)) if c == facts.target => Classification::Committed,"}, {"highlight_end": 53, "highlight_start": 1, "text": "        (None, None) => Classification::Uncommitted,"}, {"highlight_end": 54, "highlight_start": 1, "text": "        (None, Some(_)) => Classification::Ambiguous,"}, {"highlight_end": 6, "highlight_start": 1, "text": "    }"}]}, {"byte_end": 2800, "byte_start": 2722, "column_end": 87, "column_start": 9, "expansion": null, "file_name": "crates/gripsack-policy/src/lib.rs", "is_primary": true, "label": "failed this postcondition", "line_end": 66, "line_start": 66, "suggested_replacement": null, "suggestion_applicability": null, "text": [{"highlight_end": 87, "highlight_start": 9, "text": "        (result == Classification::Committed) <==> facts.current == Some(facts.target),"}]}]}
#20 86.09 VERUS_DIAGNOSTIC={"$message_type": "diagnostic", "children": [], "code": null, "level": "error", "message": "postcondition not satisfied", "rendered": "error: postcondition not satisfied\n  --> crates/gripsack-policy/src/lib.rs:76:9\n   |\n76 | /         (result == Classification::Ambiguous) <==> (\n77 | |             facts.current != Some(facts.target)\n78 | |             && !(facts.current.is_none() && facts.previous.is_none())\n79 | |             && !(facts.previous.is_some() && facts.current == facts.previous)\n80 | |         ),\n   | |_________^ failed this postcondition\n81 |   {\n82 | /     match (facts.previous, facts.current) {\n83 | |         (Some(_), Some(c)) if c == facts.target => Classification::Committed,\n84 | |         (Some(prev), Some(c)) if c == prev => Classification::Uncommitted,\n85 | |         (Some(_), _) => Classification::Committed,\n...  |\n90 | |         (None, Some(_)) => Classification::Ambiguous,\n91 | |     }\n   | |_____- at the end of the function body\n\n", "spans": [{"byte_end": 4105, "byte_start": 3552, "column_end": 6, "column_start": 5, "expansion": null, "file_name": "crates/gripsack-policy/src/lib.rs", "is_primary": false, "label": "at the end of the function body", "line_end": 91, "line_start": 82, "suggested_replacement": null, "suggestion_applicability": null, "text": [{"highlight_end": 44, "highlight_start": 5, "text": "    match (facts.previous, facts.current) {"}, {"highlight_end": 78, "highlight_start": 1, "text": "        (Some(_), Some(c)) if c == facts.target => Classification::Committed,"}, {"highlight_end": 75, "highlight_start": 1, "text": "        (Some(prev), Some(c)) if c == prev => Classification::Uncommitted,"}, {"highlight_end": 51, "highlight_start": 1, "text": "        (Some(_), _) => Classification::Committed,"}, {"highlight_end": 72, "highlight_start": 1, "text": "        // a fresh machine's first run: current at the target means the"}, {"highlight_end": 50, "highlight_start": 1, "text": "        // flip landed; absent means it never did"}, {"highlight_end": 75, "highlight_start": 1, "text": "        (None, Some(c)) if c == facts.target => Classification::Committed,"}, {"highlight_end": 53, "highlight_start": 1, "text": "        (None, None) => Classification::Uncommitted,"}, {"highlight_end": 54, "highlight_start": 1, "text": "        (None, Some(_)) => Classification::Ambiguous,"}, {"highlight_end": 6, "highlight_start": 1, "text": "    }"}]}, {"byte_end": 3544, "byte_start": 3294, "column_end": 10, "column_start": 9, "expansion": null, "file_name": "crates/gripsack-policy/src/lib.rs", "is_primary": true, "label": "failed this postcondition", "line_end": 80, "line_start": 76, "suggested_replacement": null, "suggestion_applicability": null, "text": [{"highlight_end": 53, "highlight_start": 9, "text": "        (result == Classification::Ambiguous) <==> ("}, {"highlight_end": 48, "highlight_start": 1, "text": "            facts.current != Some(facts.target)"}, {"highlight_end": 70, "highlight_start": 1, "text": "            && !(facts.current.is_none() && facts.previous.is_none())"}, {"highlight_end": 78, "highlight_start": 1, "text": "            && !(facts.previous.is_some() && facts.current == facts.previous)"}, {"highlight_end": 10, "highlight_start": 1, "text": "        ),"}]}]}
#20 86.09 calibration: classifier rejected in classify
#20 86.57 RUNNER_COMMAND=cargo verus verify --manifest-path /tmp/gripsack-verus-idm8hlrp/ownership-drift/crates/gripsack-policy/Cargo.toml -p gripsack-policy --locked --message-format=json -- --output-json --time-expanded
#20 118.9 VERUS_RESULT={"encountered-error": true, "encountered-vir-error": false, "errors": 1, "is-verifying-entire-crate": true, "success": false, "verified": 71}
#20 118.9 VERUS_DIAGNOSTIC={"$message_type": "diagnostic", "children": [], "code": null, "level": "error", "message": "postcondition not satisfied", "rendered": "error: postcondition not satisfied\n  --> crates/gripsack-policy/src/ownership.rs:55:9\n   |\n55 | /         (result == CopyPlan::Update) <==>\n56 | |             (!take_over && live.is_some() && live.unwrap()@ != desired@\n57 | |             && prev.is_some() && !prev.unwrap().1\n58 | |             && live.unwrap()@ == prev.unwrap().0@),\n   | |__________________________________________________^ failed this postcondition\n...\n78 |           Some((written, true)) if live == written => CopyPlan::Update,\n   |           --------------------- at the end of the function body\n\n", "spans": [{"byte_end": 3224, "byte_start": 3203, "column_end": 30, "column_start": 9, "expansion": null, "file_name": "crates/gripsack-policy/src/ownership.rs", "is_primary": false, "label": "at the end of the function body", "line_end": 78, "line_start": 78, "suggested_replacement": null, "suggestion_applicability": null, "text": [{"highlight_end": 30, "highlight_start": 9, "text": "        Some((written, true)) if live == written => CopyPlan::Update,"}]}, {"byte_end": 2499, "byte_start": 2293, "column_end": 51, "column_start": 9, "expansion": null, "file_name": "crates/gripsack-policy/src/ownership.rs", "is_primary": true, "label": "failed this postcondition", "line_end": 58, "line_start": 55, "suggested_replacement": null, "suggestion_applicability": null, "text": [{"highlight_end": 42, "highlight_start": 9, "text": "        (result == CopyPlan::Update) <==>"}, {"highlight_end": 72, "highlight_start": 1, "text": "            (!take_over && live.is_some() && live.unwrap()@ != desired@"}, {"highlight_end": 50, "highlight_start": 1, "text": "            && prev.is_some() && !prev.unwrap().1"}, {"highlight_end": 51, "highlight_start": 1, "text": "            && live.unwrap()@ == prev.unwrap().0@),"}]}]}
#20 118.9 VERUS_DIAGNOSTIC={"$message_type": "diagnostic", "children": [], "code": null, "level": "error", "message": "postcondition not satisfied", "rendered": "error: postcondition not satisfied\n  --> crates/gripsack-policy/src/ownership.rs:61:9\n   |\n61 | /         (result == CopyPlan::Preserve) <==>\n62 | |             (!take_over && live.is_some() && live.unwrap()@ != desired@\n63 | |             && !(prev.is_some() && !prev.unwrap().1\n64 | |                 && live.unwrap()@ == prev.unwrap().0@)),\n   | |_______________________________________________________^ failed this postcondition\n...\n78 |           Some((written, true)) if live == written => CopyPlan::Update,\n   |           --------------------- at the end of the function body\n\n", "spans": [{"byte_end": 3224, "byte_start": 3203, "column_end": 30, "column_start": 9, "expansion": null, "file_name": "crates/gripsack-policy/src/ownership.rs", "is_primary": false, "label": "at the end of the function body", "line_end": 78, "line_start": 78, "suggested_replacement": null, "suggestion_applicability": null, "text": [{"highlight_end": 30, "highlight_start": 9, "text": "        Some((written, true)) if live == written => CopyPlan::Update,"}]}, {"byte_end": 2839, "byte_start": 2624, "column_end": 56, "column_start": 9, "expansion": null, "file_name": "crates/gripsack-policy/src/ownership.rs", "is_primary": true, "label": "failed this postcondition", "line_end": 64, "line_start": 61, "suggested_replacement": null, "suggestion_applicability": null, "text": [{"highlight_end": 44, "highlight_start": 9, "text": "        (result == CopyPlan::Preserve) <==>"}, {"highlight_end": 72, "highlight_start": 1, "text": "            (!take_over && live.is_some() && live.unwrap()@ != desired@"}, {"highlight_end": 52, "highlight_start": 1, "text": "            && !(prev.is_some() && !prev.unwrap().1"}, {"highlight_end": 56, "highlight_start": 1, "text": "                && live.unwrap()@ == prev.unwrap().0@)),"}]}]}
#20 118.9 calibration: ownership-drift rejected in ownership::plan_copy
#20 119.1 RUNNER_COMMAND=cargo verus verify --manifest-path /tmp/gripsack-verus-idm8hlrp/gc-roots-in-deletion/crates/gripsack-policy/Cargo.toml -p gripsack-policy --locked --message-format=json -- --output-json --time-expanded
#20 146.6 VERUS_RESULT={"encountered-error": true, "encountered-vir-error": false, "errors": 1, "is-verifying-entire-crate": true, "success": false, "verified": 71}
#20 146.6 VERUS_DIAGNOSTIC={"$message_type": "diagnostic", "children": [], "code": null, "level": "error", "message": "invariant not satisfied at end of loop body", "rendered": "error: invariant not satisfied at end of loop body\n   --> crates/gripsack-policy/src/retention.rs:167:13\n    |\n167 | /             out@.map(|_i, s: &str| s@) == spec_delete_prefix(\n168 | |                 referenced@.map(|_i, s: &str| s@),\n169 | |                 candidates@.map(|_i, s: &str| s@),\n170 | |                 i as int,\n171 | |             ),\n    | |_____________^\n\n", "spans": [{"byte_end": 6459, "byte_start": 6268, "column_end": 14, "column_start": 13, "expansion": null, "file_name": "crates/gripsack-policy/src/retention.rs", "is_primary": true, "label": null, "line_end": 171, "line_start": 167, "suggested_replacement": null, "suggestion_applicability": null, "text": [{"highlight_end": 62, "highlight_start": 13, "text": "            out@.map(|_i, s: &str| s@) == spec_delete_prefix("}, {"highlight_end": 51, "highlight_start": 1, "text": "                referenced@.map(|_i, s: &str| s@),"}, {"highlight_end": 51, "highlight_start": 1, "text": "                candidates@.map(|_i, s: &str| s@),"}, {"highlight_end": 26, "highlight_start": 1, "text": "                i as int,"}, {"highlight_end": 14, "highlight_start": 1, "text": "            ),"}]}]}
#20 146.6 calibration: gc-roots-in-deletion rejected in retention::plan_delete
#20 146.8 RUNNER_COMMAND=cargo verus verify --manifest-path /tmp/gripsack-verus-idm8hlrp/merge-splice/crates/gripsack-policy/Cargo.toml -p gripsack-policy --locked --message-format=json -- --output-json --time-expanded
#20 173.3 VERUS_RESULT={"encountered-error": true, "encountered-vir-error": false, "errors": 1, "is-verifying-entire-crate": true, "success": false, "verified": 71}
#20 173.3 VERUS_DIAGNOSTIC={"$message_type": "diagnostic", "children": [], "code": null, "level": "error", "message": "postcondition not satisfied", "rendered": "error: postcondition not satisfied\n  --> crates/gripsack-policy/src/merge.rs:57:9\n   |\n57 |         result@ == spec_splice(text@, spans@, replacement@),\n   |         ^^^^^^^^^^^^^^^^^^^^^^^^^^^^^^^^^^^^^^^^^^^^^^^^^^^ failed this postcondition\n...\n81 |     out\n   |     --- at the end of the function body\n\n", "spans": [{"byte_end": 2859, "byte_start": 2856, "column_end": 8, "column_start": 5, "expansion": null, "file_name": "crates/gripsack-policy/src/merge.rs", "is_primary": false, "label": "at the end of the function body", "line_end": 81, "line_start": 81, "suggested_replacement": null, "suggestion_applicability": null, "text": [{"highlight_end": 8, "highlight_start": 5, "text": "    out"}]}, {"byte_end": 2130, "byte_start": 2079, "column_end": 60, "column_start": 9, "expansion": null, "file_name": "crates/gripsack-policy/src/merge.rs", "is_primary": true, "label": "failed this postcondition", "line_end": 57, "line_start": 57, "suggested_replacement": null, "suggestion_applicability": null, "text": [{"highlight_end": 60, "highlight_start": 9, "text": "        result@ == spec_splice(text@, spans@, replacement@),"}]}]}
#20 173.3 calibration: merge-splice rejected in merge::splice_bytes
#20 173.5 RUNNER_COMMAND=cargo verus verify --manifest-path /tmp/gripsack-verus-idm8hlrp/graph-closure/crates/gripsack-policy/Cargo.toml -p gripsack-policy --locked --message-format=json -- --output-json --time-expanded
#20 200.8 VERUS_RESULT={"encountered-error": true, "encountered-vir-error": false, "errors": 1, "is-verifying-entire-crate": true, "success": false, "verified": 71}
#20 200.8 VERUS_DIAGNOSTIC={"$message_type": "diagnostic", "children": [], "code": null, "level": "error", "message": "invariant not satisfied at end of loop body", "rendered": "error: invariant not satisfied at end of loop body\n   --> crates/gripsack-policy/src/graph.rs:199:17\n    |\n199 | /                 forall|j: usize| result@.contains(j) <==>\n200 | |                     (j as int) < n_nodes && visited@[j as int] && j != root,\n    | |___________________________________________________________________________^\n\n", "spans": [{"byte_end": 9557, "byte_start": 9440, "column_end": 76, "column_start": 17, "expansion": null, "file_name": "crates/gripsack-policy/src/graph.rs", "is_primary": true, "label": null, "line_end": 200, "line_start": 199, "suggested_replacement": null, "suggestion_applicability": null, "text": [{"highlight_end": 58, "highlight_start": 17, "text": "                forall|j: usize| result@.contains(j) <==>"}, {"highlight_end": 76, "highlight_start": 1, "text": "                    (j as int) < n_nodes && visited@[j as int] && j != root,"}]}]}
#20 200.8 calibration: graph-closure rejected in graph::build_closure
#20 201.0 RUNNER_COMMAND=cargo verus verify --manifest-path /tmp/gripsack-verus-idm8hlrp/graph-validation/crates/gripsack-policy/Cargo.toml -p gripsack-policy --locked --message-format=json -- --output-json --time-expanded
#20 227.8 VERUS_RESULT={"encountered-error": true, "encountered-vir-error": false, "errors": 1, "is-verifying-entire-crate": true, "success": false, "verified": 71}
#20 227.8 VERUS_DIAGNOSTIC={"$message_type": "diagnostic", "children": [], "code": null, "level": "error", "message": "assertion failed", "rendered": "error: assertion failed\n  --> crates/gripsack-policy/src/graph/roles.rs:80:20\n   |\n80 |             assert(decision.required_validation == (role == GraphRole::Validation));\n   |                    ^^^^^^^^^^^^^^^^^^^^^^^^^^^^^^^^^^^^^^^^^^^^^^^^^^^^^^^^^^^^^^^ assertion failed\n\n", "spans": [{"byte_end": 3092, "byte_start": 3029, "column_end": 83, "column_start": 20, "expansion": null, "file_name": "crates/gripsack-policy/src/graph/roles.rs", "is_primary": true, "label": "assertion failed", "line_end": 80, "line_start": 80, "suggested_replacement": null, "suggestion_applicability": null, "text": [{"highlight_end": 83, "highlight_start": 20, "text": "            assert(decision.required_validation == (role == GraphRole::Validation));"}]}]}
#20 227.8 calibration: graph-validation rejected in graph::roles::project_graph_roles
#20 228.0 RUNNER_COMMAND=cargo verus verify --manifest-path /tmp/gripsack-verus-idm8hlrp/graph-name-index/crates/gripsack-policy/Cargo.toml -p gripsack-policy --locked --message-format=json -- --output-json --time-expanded
#20 253.8 VERUS_RESULT={"encountered-error": true, "encountered-vir-error": false, "errors": 1, "is-verifying-entire-crate": true, "success": false, "verified": 71}
#20 253.8 VERUS_DIAGNOSTIC={"$message_type": "diagnostic", "children": [], "code": null, "level": "error", "message": "assertion failed", "rendered": "error: assertion failed\n  --> crates/gripsack-policy/src/graph/name_index.rs:70:16\n   |\n70 |         assert(same_name == (names@[position as int]@ == declared@));\n   |                ^^^^^^^^^^^^^^^^^^^^^^^^^^^^^^^^^^^^^^^^^^^^^^^^^^^^ assertion failed\n\n", "spans": [{"byte_end": 2325, "byte_start": 2273, "column_end": 68, "column_start": 16, "expansion": null, "file_name": "crates/gripsack-policy/src/graph/name_index.rs", "is_primary": true, "label": "assertion failed", "line_end": 70, "line_start": 70, "suggested_replacement": null, "suggestion_applicability": null, "text": [{"highlight_end": 68, "highlight_start": 16, "text": "        assert(same_name == (names@[position as int]@ == declared@));"}]}]}
#20 253.8 calibration: graph-name-index rejected in graph::name_index::bind_output_index
#20 254.0 RUNNER_COMMAND=cargo verus verify --manifest-path /tmp/gripsack-verus-idm8hlrp/target-abi/crates/gripsack-policy/Cargo.toml -p gripsack-policy --locked --message-format=json -- --output-json --time-expanded
#20 280.9 VERUS_RESULT={"encountered-error": true, "encountered-vir-error": false, "errors": 1, "is-verifying-entire-crate": true, "success": false, "verified": 71}
#20 280.9 VERUS_DIAGNOSTIC={"$message_type": "diagnostic", "children": [], "code": null, "level": "error", "message": "assertion failed", "rendered": "error: assertion failed\n   --> crates/gripsack-policy/src/target.rs:106:16\n    |\n106 |         assert(abi_matches == (provider.abi == consumer.abi));\n    |                ^^^^^^^^^^^^^^^^^^^^^^^^^^^^^^^^^^^^^^^^^^^^^ assertion failed\n\n", "spans": [{"byte_end": 3644, "byte_start": 3599, "column_end": 61, "column_start": 16, "expansion": null, "file_name": "crates/gripsack-policy/src/target.rs", "is_primary": true, "label": "assertion failed", "line_end": 106, "line_start": 106, "suggested_replacement": null, "suggestion_applicability": null, "text": [{"highlight_end": 61, "highlight_start": 16, "text": "        assert(abi_matches == (provider.abi == consumer.abi));"}]}]}
#20 280.9 calibration: target-abi rejected in target::supports_target
#20 281.1 RUNNER_COMMAND=cargo verus verify --manifest-path /tmp/gripsack-verus-idm8hlrp/scheduler-latch/crates/gripsack-policy/Cargo.toml -p gripsack-policy --locked --message-format=json -- --output-json --time-expanded
#20 307.7 VERUS_RESULT={"encountered-error": true, "encountered-vir-error": false, "errors": 1, "is-verifying-entire-crate": true, "success": false, "verified": 71}
#20 307.7 VERUS_DIAGNOSTIC={"$message_type": "diagnostic", "children": [], "code": null, "level": "error", "message": "postcondition not satisfied", "rendered": "error: postcondition not satisfied\n   --> crates/gripsack-policy/src/schedule.rs:562:13\n    |\n562 |               old(self).failed ==> result.is_none(),\n    |               ^^^^^^^^^^^^^^^^^^^^^^^^^^^^^^^^^^^^^ failed this postcondition\n563 |               old(self).failed ==> final(self).failed,\n564 | /     {\n565 | |         if self.head >= self.ready.len() {\n566 | |             return None;\n...   |\n637 | |         Some(module)\n638 | |     }\n    | |_____- at the end of the function body\n\n", "spans": [{"byte_end": 26982, "byte_start": 23366, "column_end": 6, "column_start": 5, "expansion": null, "file_name": "crates/gripsack-policy/src/schedule.rs", "is_primary": false, "label": "at the end of the function body", "line_end": 638, "line_start": 564, "suggested_replacement": null, "suggestion_applicability": null, "text": [{"highlight_end": 6, "highlight_start": 5, "text": "    {"}, {"highlight_end": 43, "highlight_start": 1, "text": "        if self.head >= self.ready.len() {"}, {"highlight_end": 25, "highlight_start": 1, "text": "            return None;"}, {"highlight_end": 10, "highlight_start": 1, "text": "        }"}, {"highlight_end": 66, "highlight_start": 1, "text": "        // entry snapshots: post-mutation reasoning never touches"}, {"highlight_end": 56, "highlight_start": 1, "text": "        // old(self) \u2014 local ghosts cannot be re-seated"}, {"highlight_end": 47, "highlight_start": 1, "text": "        let ghost pre_started = self.started@;"}, {"highlight_end": 51, "highlight_start": 1, "text": "        let ghost pre_remaining = self.remaining@;"}, {"highlight_end": 45, "highlight_start": 1, "text": "        let ghost pre_queued = self.queued@;"}, {"highlight_end": 43, "highlight_start": 1, "text": "        let ghost pre_ready = self.ready@;"}, {"highlight_end": 47, "highlight_start": 1, "text": "        let ghost pre_head = self.head as int;"}, {"highlight_end": 44, "highlight_start": 1, "text": "        let module = self.ready[self.head];"}, {"highlight_end": 16, "highlight_start": 1, "text": "        proof {"}, {"highlight_end": 70, "highlight_start": 1, "text": "            // queue-readiness: the popped module is fully unblocked,"}, {"highlight_end": 67, "highlight_start": 1, "text": "            // so every dependency finished (the exact-count link)"}, {"highlight_end": 51, "highlight_start": 1, "text": "            assert(!self.started@[module as int]);"}, {"highlight_end": 57, "highlight_start": 1, "text": "            assert(self.remaining@[module as int] == 0);"}, {"highlight_end": 85, "highlight_start": 1, "text": "            lemma_unfinished_count_zero(self.deps@[module as int]@, self.finished@);"}, {"highlight_end": 10, "highlight_start": 1, "text": "        }"}, {"highlight_end": 24, "highlight_start": 1, "text": "        self.head += 1;"}, {"highlight_end": 37, "highlight_start": 1, "text": "        self.started[module] = true;"}, {"highlight_end": 16, "highlight_start": 1, "text": "        proof {"}, {"highlight_end": 71, "highlight_start": 1, "text": "            // the entry readiness clause, restated over the snapshots"}, {"highlight_end": 79, "highlight_start": 1, "text": "            assert(forall|i: int| #![trigger pre_started[i], pre_remaining[i]]"}, {"highlight_end": 61, "highlight_start": 1, "text": "                0 <= i < self.deps@.len() && !pre_started[i]"}, {"highlight_end": 61, "highlight_start": 1, "text": "                    && pre_remaining[i] == 0 && !self.failed"}, {"highlight_end": 54, "highlight_start": 1, "text": "                ==> pre_queued.contains(i as usize));"}, {"highlight_end": 44, "highlight_start": 1, "text": "            // the popped module was queued"}, {"highlight_end": 53, "highlight_start": 1, "text": "            assert(pre_queued.contains(module)) by {"}, {"highlight_end": 99, "highlight_start": 1, "text": "                assert(pre_ready.subrange(pre_head, pre_ready.len() as int).contains(module)) by {"}, {"highlight_end": 59, "highlight_start": 1, "text": "                    assert(pre_ready[pre_head] == module);"}, {"highlight_end": 19, "highlight_start": 1, "text": "                };"}, {"highlight_end": 15, "highlight_start": 1, "text": "            };"}, {"highlight_end": 60, "highlight_start": 1, "text": "            self.queued = Ghost(pre_queued.remove(module));"}, {"highlight_end": 62, "highlight_start": 1, "text": "            // the entry window was [module] plus the new one"}, {"highlight_end": 72, "highlight_start": 1, "text": "            assert(pre_ready.subrange(pre_head, pre_ready.len() as int)"}, {"highlight_end": 101, "highlight_start": 1, "text": "                == seq![module] + self.ready@.subrange(self.head as int, self.ready@.len() as int));"}, {"highlight_end": 34, "highlight_start": 1, "text": "            assert forall|i: int|"}, {"highlight_end": 60, "highlight_start": 1, "text": "                #![trigger pre_queued.contains(i as usize)]"}, {"highlight_end": 46, "highlight_start": 1, "text": "                0 <= i < self.deps@.len() ==>"}, {"highlight_end": 51, "highlight_start": 1, "text": "                (self.queued@.contains(i as usize)"}, {"highlight_end": 84, "highlight_start": 1, "text": "                    <==> (pre_queued.contains(i as usize) && i as usize != module))"}, {"highlight_end": 17, "highlight_start": 1, "text": "            by {"}, {"highlight_end": 15, "highlight_start": 1, "text": "            };"}, {"highlight_end": 93, "highlight_start": 1, "text": "            assert(self.ready@.subrange(self.head as int, self.ready@.len() as int).to_set()"}, {"highlight_end": 35, "highlight_start": 1, "text": "                =~= self.queued@);"}, {"highlight_end": 61, "highlight_start": 1, "text": "            assert forall|k: int| #![trigger self.ready@[k]]"}, {"highlight_end": 59, "highlight_start": 1, "text": "                self.head <= k < self.ready@.len() implies"}, {"highlight_end": 54, "highlight_start": 1, "text": "                !self.started@[self.ready@[k] as int]"}, {"highlight_end": 63, "highlight_start": 1, "text": "                && self.remaining@[self.ready@[k] as int] == 0"}, {"highlight_end": 17, "highlight_start": 1, "text": "            by {"}, {"highlight_end": 61, "highlight_start": 1, "text": "                assert(pre_queued.contains(self.ready@[k]));"}, {"highlight_end": 50, "highlight_start": 1, "text": "                assert(self.ready@[k] != module);"}, {"highlight_end": 15, "highlight_start": 1, "text": "            };"}, {"highlight_end": 83, "highlight_start": 1, "text": "            assert forall|i: int| #![trigger self.started@[i], self.remaining@[i]]"}, {"highlight_end": 63, "highlight_start": 1, "text": "                0 <= i < self.deps@.len() && !self.started@[i]"}, {"highlight_end": 63, "highlight_start": 1, "text": "                    && self.remaining@[i] == 0 && !self.failed"}, {"highlight_end": 58, "highlight_start": 1, "text": "                implies self.queued@.contains(i as usize)"}, {"highlight_end": 17, "highlight_start": 1, "text": "            by {"}, {"highlight_end": 41, "highlight_start": 1, "text": "                assert(!pre_started[i]);"}, {"highlight_end": 47, "highlight_start": 1, "text": "                assert(pre_remaining[i] == 0);"}, {"highlight_end": 57, "highlight_start": 1, "text": "                assert(pre_queued.contains(i as usize));"}, {"highlight_end": 67, "highlight_start": 1, "text": "                assert(self.deps@.len() <= usize::MAX as int) by {"}, {"highlight_end": 103, "highlight_start": 1, "text": "                    assert(self.deps@.len() == vstd::std_specs::vec::spec_vec_len(&self.deps) as int);"}, {"highlight_end": 19, "highlight_start": 1, "text": "                };"}, {"highlight_end": 48, "highlight_start": 1, "text": "                lemma_cast_collapse(i, module);"}, {"highlight_end": 42, "highlight_start": 1, "text": "                if i as usize == module {"}, {"highlight_end": 71, "highlight_start": 1, "text": "                    assert(self.started@[module as int]); // the write"}, {"highlight_end": 70, "highlight_start": 1, "text": "                    assert(false); // i == module, but module started"}, {"highlight_end": 18, "highlight_start": 1, "text": "                }"}, {"highlight_end": 59, "highlight_start": 1, "text": "                assert(self.queued@.contains(i as usize));"}, {"highlight_end": 15, "highlight_start": 1, "text": "            };"}, {"highlight_end": 10, "highlight_start": 1, "text": "        }"}, {"highlight_end": 21, "highlight_start": 1, "text": "        Some(module)"}, {"highlight_end": 6, "highlight_start": 1, "text": "    }"}]}, {"byte_end": 23307, "byte_start": 23270, "column_end": 50, "column_start": 13, "expansion": null, "file_name": "crates/gripsack-policy/src/schedule.rs", "is_primary": true, "label": "failed this postcondition", "line_end": 562, "line_start": 562, "suggested_replacement": null, "suggestion_applicability": null, "text": [{"highlight_end": 50, "highlight_start": 13, "text": "            old(self).failed ==> result.is_none(),"}]}]}
#20 307.7 calibration: scheduler-latch rejected in schedule::PureScheduler::start_next
#20 308.1 RUNNER_COMMAND=cargo verus verify --manifest-path /tmp/gripsack-verus-idm8hlrp/unrelated-lemma/crates/gripsack-policy/Cargo.toml -p gripsack-policy --locked --message-format=json -- --output-json --time-expanded
#20 334.3 VERUS_RESULT={"encountered-error": true, "encountered-vir-error": false, "errors": 1, "is-verifying-entire-crate": true, "success": false, "verified": 72}
#20 334.3 VERUS_DIAGNOSTIC={"$message_type": "diagnostic", "children": [], "code": null, "level": "error", "message": "postcondition not satisfied", "rendered": "error: postcondition not satisfied\n  --> crates/gripsack-policy/src/lib.rs:94:54\n   |\n94 | pub proof fn unrelated_calibration_failure() ensures false {}\n   | --------------------------------------------         ^^^^^ failed this postcondition\n   | |\n   | at the end of the function body\n\n", "spans": [{"byte_end": 4153, "byte_start": 4109, "column_end": 45, "column_start": 1, "expansion": null, "file_name": "crates/gripsack-policy/src/lib.rs", "is_primary": false, "label": "at the end of the function body", "line_end": 94, "line_start": 94, "suggested_replacement": null, "suggestion_applicability": null, "text": [{"highlight_end": 45, "highlight_start": 1, "text": "pub proof fn unrelated_calibration_failure() ensures false {}"}]}, {"byte_end": 4167, "byte_start": 4162, "column_end": 59, "column_start": 54, "expansion": null, "file_name": "crates/gripsack-policy/src/lib.rs", "is_primary": true, "label": "failed this postcondition", "line_end": 94, "line_start": 94, "suggested_replacement": null, "suggestion_applicability": null, "text": [{"highlight_end": 59, "highlight_start": 54, "text": "pub proof fn unrelated_calibration_failure() ensures false {}"}]}]}
#20 334.3 calibration: unrelated lemma refused as classifier evidence
#20 334.3 VERUS_CALIBRATIONS=10
#20 334.3 verify gate: OK
#20 DONE 335.0s

#21 exporting to image
#21 exporting layers
#21 exporting layers 6.7s done
#21 exporting manifest sha256:8de08135d6c934be6a670688cee89248330f6428b7b456d03a07360c19cb01fc 0.0s done
#21 exporting config sha256:325168e25efd687b1347f02936d36785a4af699cdb775610b94c419297ba6039 0.0s done
#21 exporting attestation manifest sha256:ceec079a227251bf43b7da29fcac48aac8494cbbe03a49a2d47c457b21e175fc 0.0s done
#21 exporting manifest list sha256:a447299725afb034e0156f7b014cb693230d1a99c1f0e8a7e668f4e2bb61e5f6 0.0s done
#21 naming to docker.io/library/gripsack-verify:latest done
#21 unpacking to docker.io/library/gripsack-verify:latest
#21 unpacking to docker.io/library/gripsack-verify:latest 3.9s done
#21 DONE 10.7s

#22 resolving provenance for metadata file
#22 DONE 0.1s
 Image gripsack-verify Built 
 Container gripsack-verify-run-5bde9689b000 Creating 
 Container gripsack-verify-run-5bde9689b000 Created 
gate passed: cargo verus verify -p gripsack-policy + seeded-mutant calibration (scripts/check_verus.sh)

===== Real documented dotfile example smoke (isolated HOME) =====
COMMAND ('check',) EXIT 0
check: ok 1 named outputs · host linux/x86_64
  dotfiles (profile)

COMMAND ('plan',) EXIT 0
host inputs: linux/x86_64 · glibc-2.39 · workstation
changes: no current generation (first apply)
  dotfiles
  + 73de9a9f5fcf3ab206d320d99fc485681e6ea17960e953a0b0f0c008e0d1ff54/output → ~/.config/editor/config.toml (new)
  ~ b237d03f0cd1460e481983866c688d888a2dbe8729d901ba22074a1795d2acf8/output → ~/.profile (update)
  "dotfiles" (profile)

COMMAND ('apply',) EXIT 0
  dotfiles ✓ profile content published
  dotfiles ✓ copied dotfiles → ~/.config/editor/config.toml
  dotfiles ✓ merged dotfiles → ~/.profile
[1m[32mapplied —[39m[0m generation 1 active ([2m0.1s[0m)

COMMAND ('why-owns', '~/.profile') EXIT 0
dotfiles ~/.profile (b237d03f0cd1460e481983866c688d888a2dbe8729d901ba22074a1795d2acf8/output → ~/.profile, Merge block w1-d89ff85fd3f987020d8cb3310071ed784a8457431166a45cb026301ffbf1dd0c)

DOTFILE_EXAMPLE=passed exact rendered bytes, installed managed block, ownership inspection
