BASE_COMMIT=c92e84e60c31f13a544e00f7d2f6f3c8b94ce4cd
SOURCE_FILES_SHA256=581f470d6761f6e4e6c839f9dbb91a61604c3ef2dd883e10db196ad9e92a63f6
TRACKED_PATCH_SHA256=87b991bc888af8342823771505a2d30bdadd3526c8cc81b5524967d751d6b5e2
SOURCE_STATE=working_tree_with_new_sources
SOURCE_HASH_ALGORITHM=SHA256 of sorted repository-relative source paths, NUL, ASCII file SHA256, newline; tracked and nonignored untracked SOURCE_ROOTS files
ENVIRONMENT=local Docker 29.7.2 linux/amd64; Compose 5.5.0; pinned Rust 1.98.0 musl image
RUNNER_COMMAND=docker compose run --build --rm test
FUZZ=not_run_owner_instruction; workspace harness callers compiled only
EXCLUSIONS=three existing BuildKit real-Go/Docker integration tests ignored; these are not M-V5 cases or a qualified B1 lane

 Image gripsack-test Building 
#1 [internal] load local bake definitions
#1 reading from stdin 530B done
#1 DONE 0.0s

#2 [internal] load build definition from Dockerfile
#2 transferring dockerfile: 11.08kB done
#2 DONE 0.0s

#3 resolve image config for docker-image://docker.io/docker/dockerfile:1
#3 DONE 0.6s

#4 docker-image://docker.io/docker/dockerfile:1@sha256:ecfaec9ed6d810b56388c508f4121597bfbba70d41a6dfeee4d8cad5f295fc32
#4 resolve docker.io/docker/dockerfile:1@sha256:ecfaec9ed6d810b56388c508f4121597bfbba70d41a6dfeee4d8cad5f295fc32 0.0s done
#4 CACHED

#5 [internal] load metadata for docker.io/library/rust:alpine@sha256:a10e64dd139b7387337c7fbe8aca31b959b57b2fd4c8ae20a02cf1d6ea424dce
#5 DONE 0.0s

#6 [internal] load .dockerignore
#6 transferring context: 139B done
#6 DONE 0.0s

#7 [internal] load build context
#7 DONE 0.0s

#8 [builder  1/10] FROM docker.io/library/rust:alpine@sha256:a10e64dd139b7387337c7fbe8aca31b959b57b2fd4c8ae20a02cf1d6ea424dce
#8 resolve docker.io/library/rust:alpine@sha256:a10e64dd139b7387337c7fbe8aca31b959b57b2fd4c8ae20a02cf1d6ea424dce 0.0s done
#8 DONE 0.0s

#7 [internal] load build context
#7 transferring context: 102.30kB 0.1s done
#7 DONE 0.1s

#9 [builder  3/10] RUN set -e;     arch="$(uname -m)";     case "$arch" in       x86_64)  sha=3374daaf153e6f82028add5e4bf7cc2deab46537dee24f20be80df831193aeb4 ;;       aarch64) sha=35d90cee9648037eaa4c1a2649fdca9d1b9a9997b972d37be7f8629139ba1294 ;;       *) echo "unsupported arch: $arch" >&2; exit 1 ;;     esac;     curl -fsSL -o /tmp/ca.tar.xz "https://github.com/rust-secure-code/cargo-auditable/releases/download/v0.7.5/cargo-auditable-${arch}-unknown-linux-musl.tar.xz";     echo "$sha  /tmp/ca.tar.xz" | sha256sum -c -;     mkdir -p /tmp/ca && tar -xJf /tmp/ca.tar.xz -C /tmp/ca;     mv /tmp/ca/*/cargo-auditable /usr/local/bin/cargo-auditable;     rm -rf /tmp/ca /tmp/ca.tar.xz
#9 CACHED

#10 [builder  4/10] WORKDIR /app
#10 CACHED

#11 [builder  2/10] RUN apk add --no-cache musl-dev git curl xz     && rustup component add clippy rustfmt
#11 CACHED

#12 [builder  5/10] COPY Cargo.toml Cargo.lock ./
#12 CACHED

#13 [builder  6/10] COPY crates ./crates
#13 DONE 0.5s

#14 [builder  7/10] COPY fuzz ./fuzz
#14 DONE 0.1s

#15 [builder  8/10] COPY schema ./schema
#15 DONE 0.1s

#16 [builder  9/10] COPY typescript ./typescript
#16 DONE 0.1s

#17 [builder 10/10] COPY scripts ./scripts
#17 DONE 0.1s

#18 [test 1/2] RUN cargo fmt --check     && cargo clippy --locked --workspace --all-targets -- -D warnings     && cargo test --locked
#18 1.456     Updating crates.io index
#18 4.734  Downloading crates ...
#18 4.817   Downloaded adler2 v2.0.1
#18 4.828   Downloaded ambient-authority v0.0.2
#18 4.844   Downloaded bit-set v0.8.0
#18 4.857   Downloaded cfg-if v1.0.4
#18 4.863   Downloaded convert_case v0.4.0
#18 4.868   Downloaded equivalent v1.0.2
#18 4.872   Downloaded clap_lex v1.1.0
#18 4.881   Downloaded crypto-common v0.2.2
#18 4.887   Downloaded colorchoice v1.0.5
#18 4.894   Downloaded block-buffer v0.12.1
#18 4.901   Downloaded anstyle-query v1.1.5
#18 4.911   Downloaded borrow-or-share v0.2.4
#18 4.920   Downloaded errno v0.3.14
#18 4.926   Downloaded jsonschema-regex v0.55.0
#18 4.930   Downloaded maybe-owned v0.3.4
#18 4.938   Downloaded num-cmp v0.1.0
#18 4.943   Downloaded num-iter v0.1.46
#18 4.948   Downloaded zstd v0.13.3
#18 4.968   Downloaded lazy_static v1.5.0
#18 4.983   Downloaded itoa v1.0.18
#18 4.992   Downloaded num v0.4.3
#18 4.996   Downloaded zmij v1.0.23
#18 5.012   Downloaded zopfli v0.8.3
#18 5.019   Downloaded zstd-safe v7.2.4
#18 5.025   Downloaded cpufeatures v0.3.0
#18 5.032   Downloaded form_urlencoded v1.2.2
#18 5.035   Downloaded heck v0.5.0
#18 5.039   Downloaded is_terminal_polyfill v1.70.2
#18 5.043   Downloaded anstyle v1.0.14
#18 5.049   Downloaded ahash v0.8.12
#18 5.058   Downloaded anstream v1.0.0
#18 5.066   Downloaded httpdate v1.0.3
#18 5.070   Downloaded thread_local v1.1.10
#18 5.076   Downloaded zerofrom v0.1.8
#18 5.081   Downloaded rustix-linux-procfs v0.1.1
#18 5.086   Downloaded tracing-attributes v0.1.31
#18 5.095   Downloaded digest v0.11.3
#18 5.105   Downloaded potential_utf v0.1.6
#18 5.109   Downloaded dialoguer v0.12.0
#18 5.126   Downloaded anstyle-parse v1.0.0
#18 5.130   Downloaded ref-cast-impl v1.0.27
#18 5.133   Downloaded strum v0.28.0
#18 5.136   Downloaded email_address v0.2.9
#18 5.145   Downloaded openssl-probe v0.2.1
#18 5.152   Downloaded bit-vec v0.8.0
#18 5.160   Downloaded fs-set-times v0.20.3
#18 5.167   Downloaded jobserver v0.1.35
#18 5.175   Downloaded shell-words v1.1.1
#18 5.179   Downloaded verus_builtin v0.0.0-2026-09-06-0133
#18 5.183   Downloaded autocfg v1.5.1
#18 5.191   Downloaded data-encoding v2.11.1
#18 5.196   Downloaded displaydoc v0.2.7
#18 5.204   Downloaded idna_adapter v1.2.2
#18 5.209   Downloaded io-lifetimes v2.0.4
#18 5.215   Downloaded io-lifetimes v3.0.1
#18 5.220   Downloaded lock_api v0.4.14
#18 5.223   Downloaded serde_spanned v1.1.1
#18 5.226   Downloaded ipnet v2.12.1
#18 5.232   Downloaded version_check v0.9.5
#18 5.240   Downloaded scopeguard v1.2.0
#18 5.243   Downloaded filetime v0.2.29
#18 5.249   Downloaded foldhash v0.2.0
#18 5.253   Downloaded untrusted v0.9.0
#18 5.261   Downloaded num-complex v0.4.6
#18 5.269   Downloaded find-msvc-tools v0.1.11
#18 5.278   Downloaded num-integer v0.1.47
#18 5.284   Downloaded stable_deref_trait v1.2.1
#18 5.287   Downloaded zerofrom-derive v0.1.7
#18 5.294   Downloaded fastrand v2.5.0
#18 5.300   Downloaded bzip2 v0.6.1
#18 5.308   Downloaded console v0.16.4
#18 5.319   Downloaded outref v0.5.2
#18 5.325   Downloaded cap-std v4.0.3
#18 5.341   Downloaded bytecount v0.6.9
#18 5.351   Downloaded nu-ansi-term v0.50.3
#18 5.363   Downloaded clap_derive v4.6.4
#18 5.369   Downloaded litemap v0.8.3
#18 5.378   Downloaded scoped-tls v1.0.1
#18 5.384   Downloaded ref-cast v1.0.27
#18 5.400   Downloaded generator v0.8.10
#18 5.414   Downloaded zeroize v1.9.0
#18 5.419   Downloaded subtle v2.6.1
#18 5.424   Downloaded webpki-roots v0.26.11
#18 5.430   Downloaded clap v4.6.6
#18 5.458   Downloaded owo-colors v4.3.0
#18 5.463   Downloaded rustversion v1.0.23
#18 5.474   Downloaded bitflags v2.13.1
#18 5.490   Downloaded tracing-serde v0.2.0
#18 5.495   Downloaded unit-prefix v0.5.2
#18 5.502   Downloaded icu_provider v2.3.1
#18 5.513   Downloaded libbz2-rs-sys v0.2.5
#18 5.521   Downloaded uuid-simd v0.8.0
#18 5.527   Downloaded getrandom v0.2.17
#18 5.536   Downloaded getrandom v0.4.3
#18 5.551   Downloaded jsonschema-value v0.55.0
#18 5.557   Downloaded allocator-api2 v0.2.21
#18 5.565   Downloaded matchers v0.2.0
#18 5.570   Downloaded fluent-uri v0.4.1
#18 5.582   Downloaded hybrid-array v0.4.14
#18 5.591   Downloaded io-extras v0.19.0
#18 5.599   Downloaded log v0.4.34
#18 5.611   Downloaded micromap v0.3.0
#18 5.629   Downloaded crc32fast v1.5.1
#18 5.638   Downloaded percent-encoding v2.3.2
#18 5.643   Downloaded const-oid v0.10.2
#18 5.649   Downloaded loom v0.7.2
#18 5.667   Downloaded icu_locale_core v2.3.0
#18 5.698   Downloaded utf8parse v0.2.2
#18 5.704   Downloaded strsim v0.11.1
#18 5.710   Downloaded xz2 v0.1.7
#18 5.715   Downloaded toml_writer v1.1.2+spec-1.1.0
#18 5.722   Downloaded writeable v0.6.4
#18 5.732   Downloaded rustls-native-certs v0.8.4
#18 5.737   Downloaded pin-project-lite v0.2.17
#18 5.771   Downloaded tracing-log v0.2.0
#18 5.781   Downloaded tinystr v0.8.4
#18 5.791   Downloaded icu_normalizer_data v2.3.0
#18 5.797   Downloaded indicatif v0.18.6
#18 5.811   Downloaded utf8_iter v1.0.4
#18 5.815   Downloaded thiserror v2.0.20
#18 5.841   Downloaded toml_datetime v1.1.1+spec-1.1.0
#18 5.847   Downloaded shlex v2.0.1
#18 5.853   Downloaded thiserror-impl v2.0.20
#18 5.858   Downloaded base64 v0.22.1
#18 5.876   Downloaded strum_macros v0.28.0
#18 5.886   Downloaded toml_datetime v0.7.5+spec-1.1.0
#18 5.890   Downloaded num-rational v0.4.2
#18 5.893   Downloaded pkg-config v0.3.34
#18 5.898   Downloaded synstructure v0.13.2
#18 5.903   Downloaded vsimd v0.8.0
#18 5.909   Downloaded sha2 v0.11.0
#18 5.922   Downloaded simd-adler32 v0.3.10
#18 5.929   Downloaded parking_lot v0.12.5
#18 5.938   Downloaded rustls-pki-types v1.15.1
#18 5.945   Downloaded unicode-general-category v1.1.0
#18 5.950   Downloaded once_cell v1.21.4
#18 5.960   Downloaded quote v1.0.47
#18 5.969   Downloaded yoke v0.8.3
#18 5.973   Downloaded yoke-derive v0.8.2
#18 5.977   Downloaded smallvec v1.15.2
#18 5.982   Downloaded bumpalo v3.20.3
#18 5.988   Downloaded icu_collections v2.3.0
#18 6.006   Downloaded getrandom v0.3.4
#18 6.015   Downloaded indexmap v2.14.0
#18 6.030   Downloaded memchr v2.8.3
#18 6.052   Downloaded miniz_oxide v0.8.9
#18 6.059   Downloaded proc-macro2 v1.0.107
#18 6.069   Downloaded unicode-ident v1.0.24
#18 6.080   Downloaded flate2 v1.1.9
#18 6.093   Downloaded icu_properties v2.3.0
#18 6.102   Downloaded tempfile v3.27.0
#18 6.109   Downloaded referencing v0.55.0
#18 6.125   Downloaded ryu v1.0.23
#18 6.136   Downloaded unsafe-libyaml v0.2.11
#18 6.147   Downloaded num-traits v0.2.19
#18 6.155   Downloaded toml v0.9.12+spec-1.1.0
#18 6.168   Downloaded toml v1.1.4+spec-1.1.0
#18 6.182   Downloaded cc v1.4.4
#18 6.193   Downloaded num-bigint v0.4.8
#18 6.207   Downloaded sharded-slab v0.1.7
#18 6.218   Downloaded xattr v1.6.1
#18 6.227   Downloaded serde_derive v1.0.229
#18 6.234   Downloaded parking_lot_core v0.9.12
#18 6.239   Downloaded serde_core v1.0.229
#18 6.246   Downloaded zerovec-derive v0.11.6
#18 6.251   Downloaded serde_yaml v0.9.34+deprecated
#18 6.260   Downloaded fraction v0.17.0
#18 6.274   Downloaded tar v0.4.46
#18 6.283   Downloaded verus_prettyplease v0.0.0-2026-09-06-0133
#18 6.292   Downloaded zerotrie v0.2.5
#18 6.305   Downloaded cap-primitives v4.0.3
#18 6.335   Downloaded tracing-core v0.1.36
#18 6.343   Downloaded zerovec v0.11.8
#18 6.360   Downloaded toml_edit v0.25.13+spec-1.1.0
#18 6.371   Downloaded rustls-webpki v0.103.15
#18 6.381   Downloaded toml_parser v1.1.3+spec-1.1.0
#18 6.387   Downloaded verus_state_machines_macros v0.0.0-2026-09-06-0133
#18 6.394   Downloaded idna v1.1.0
#18 6.401   Downloaded icu_properties_data v2.3.0
#18 6.422   Downloaded serde v1.0.229
#18 6.433   Downloaded typed-path v0.12.3
#18 6.460   Downloaded url v2.5.8
#18 6.468   Downloaded typenum v1.20.1
#18 6.477   Downloaded hashbrown v0.17.1
#18 6.490   Downloaded aho-corasick v1.1.5
#18 6.505   Downloaded ureq v2.12.1
#18 6.521   Downloaded clap_builder v4.6.6
#18 6.537   Downloaded winnow v1.0.4
#18 6.568   Downloaded verus_builtin_macros v0.0.0-2026-09-06-0133
#18 6.582   Downloaded winnow v0.7.15
#18 6.613   Downloaded fancy-regex v0.19.1
#18 6.631   Downloaded zlib-rs v0.6.7
#18 6.645   Downloaded zip v8.6.0
#18 6.658   Downloaded regex v1.13.1
#18 6.675   Downloaded serde_json v1.0.151
#18 6.696   Downloaded zerocopy v0.8.56
#18 6.732   Downloaded portable-atomic v1.15.0
#18 6.751   Downloaded webpki-roots v1.0.9
#18 6.757   Downloaded tracing-subscriber v0.3.23
#18 6.780   Downloaded unicode-width v0.2.2
#18 6.789   Downloaded syn v3.0.4
#18 6.812   Downloaded vstd v0.0.0-2026-09-06-0133
#18 6.838   Downloaded syn v2.0.119
#18 6.861   Downloaded icu_normalizer v2.3.0
#18 6.878   Downloaded regex-syntax v0.8.11
#18 6.891   Downloaded jsonschema v0.55.0
#18 6.940   Downloaded verus_syn v0.0.0-2026-09-06-0133
#18 6.968   Downloaded rustls v0.23.45
#18 7.000   Downloaded lzma-sys v0.1.20
#18 7.079   Downloaded libc v0.2.189
#18 7.258   Downloaded rustix v1.1.4
#18 7.355   Downloaded tracing v0.1.44
#18 7.384   Downloaded regex-automata v0.4.18
#18 7.422   Downloaded zstd-sys v2.0.16+zstd.1.5.7
#18 7.454   Downloaded ring v0.17.14
#18 7.550   Downloaded linux-raw-sys v0.12.1
#18 8.039    Compiling proc-macro2 v1.0.107
#18 8.039    Compiling unicode-ident v1.0.24
#18 8.039    Compiling quote v1.0.47
#18 8.039    Compiling libc v0.2.189
#18 8.039     Checking cfg-if v1.0.4
#18 8.044    Compiling serde_core v1.0.229
#18 8.047     Checking memchr v2.8.3
#18 8.047    Compiling serde v1.0.229
#18 8.048     Checking allocator-api2 v0.2.21
#18 8.048     Checking once_cell v1.21.4
#18 8.068     Checking foldhash v0.2.0
#18 8.068     Checking equivalent v1.0.2
#18 8.069    Compiling zmij v1.0.23
#18 8.069    Compiling serde_json v1.0.151
#18 8.085     Checking itoa v1.0.18
#18 8.100    Compiling verus_prettyplease v0.0.0-2026-09-06-0133
#18 8.100    Compiling find-msvc-tools v0.1.11
#18 8.101    Compiling shlex v2.0.1
#18 8.101    Compiling hashbrown v0.17.1
#18 8.101    Compiling vstd v0.0.0-2026-09-06-0133
#18 8.121    Compiling convert_case v0.4.0
#18 8.122     Checking verus_builtin v0.0.0-2026-09-06-0133
#18 8.122    Compiling thiserror v2.0.20
#18 8.127     Checking smallvec v1.15.2
#18 8.158    Compiling rustix v1.1.4
#18 8.160     Checking bitflags v2.13.1
#18 8.160     Checking linux-raw-sys v0.12.1
#18 8.160     Checking stable_deref_trait v1.2.1
#18 8.160     Checking winnow v1.0.4
#18 8.160     Checking toml_writer v1.1.2+spec-1.1.0
#18 8.171    Compiling pkg-config v0.3.34
#18 8.209    Compiling io-lifetimes v2.0.4
#18 8.209     Checking typenum v1.20.1
#18 8.242    Compiling io-lifetimes v3.0.1
#18 8.287    Compiling io-extras v0.19.0
#18 8.287     Checking percent-encoding v2.3.2
#18 8.325     Checking log v0.4.34
#18 8.326    Compiling getrandom v0.4.3
#18 8.367    Compiling cap-primitives v4.0.3
#18 8.406     Checking const-oid v0.10.2
#18 8.441     Checking ambient-authority v0.0.2
#18 8.489     Checking litemap v0.8.3
#18 8.533    Compiling cap-std v4.0.3
#18 8.559     Checking writeable v0.6.4
#18 8.595     Checking maybe-owned v0.3.4
#18 8.633     Checking ipnet v2.12.1
#18 8.655     Checking zeroize v1.9.0
#18 8.681     Checking tracing-core v0.1.36
#18 8.742    Compiling icu_properties_data v2.3.0
#18 8.757     Checking utf8_iter v1.0.4
#18 8.782     Checking cpufeatures v0.3.0
#18 8.838     Checking winnow v0.7.15
#18 8.865     Checking fastrand v2.5.0
#18 8.887    Compiling icu_normalizer_data v2.3.0
#18 8.907     Checking regex-syntax v0.8.11
#18 8.907     Checking aho-corasick v1.1.5
#18 8.950    Compiling crc32fast v1.5.1
#18 8.983     Checking pin-project-lite v0.2.17
#18 8.983    Compiling zstd-safe v7.2.4
#18 9.042     Checking rustls-pki-types v1.15.1
#18 9.047    Compiling autocfg v1.5.1
#18 9.066     Checking simd-adler32 v0.3.10
#18 9.075     Checking untrusted v0.9.0
#18 9.135     Checking adler2 v2.0.1
#18 9.205     Checking base64 v0.22.1
#18 9.206    Compiling rustls v0.23.45
#18 9.270     Checking form_urlencoded v1.2.2
#18 9.285     Checking libbz2-rs-sys v0.2.5
#18 9.322     Checking bumpalo v3.20.3
#18 9.402     Checking subtle v2.6.1
#18 9.404     Checking zlib-rs v0.6.7
#18 9.427     Checking typed-path v0.12.3
#18 9.427     Checking openssl-probe v0.2.1
#18 9.481     Checking httpdate v1.0.3
#18 9.599    Compiling heck v0.5.0
#18 9.628    Compiling getrandom v0.3.4
#18 9.643    Compiling version_check v0.9.5
#18 9.689    Compiling parking_lot_core v0.9.12
#18 9.690    Compiling zerocopy v0.8.56
#18 9.718    Compiling ref-cast v1.0.27
#18 9.759     Checking scopeguard v1.2.0
#18 9.811    Compiling indexmap v2.14.0
#18 9.854     Checking miniz_oxide v0.8.9
#18 9.880     Checking webpki-roots v1.0.9
#18 9.895     Checking lazy_static v1.5.0
#18 9.941     Checking tracing-log v0.2.0
#18 9.945     Checking lock_api v0.4.14
#18 9.958     Checking zopfli v0.8.3
#18 9.961     Checking rustls-native-certs v0.8.4
#18 10.03     Checking sharded-slab v0.1.7
#18 10.06     Checking thread_local v1.1.10
#18 10.08     Checking bit-vec v0.8.0
#18 10.16     Checking webpki-roots v0.26.11
#18 10.22     Checking nu-ansi-term v0.50.3
#18 10.23    Compiling num-traits v0.2.19
#18 10.23     Checking borrow-or-share v0.2.4
#18 10.26    Compiling rustversion v1.0.23
#18 10.26    Compiling unicode-general-category v1.1.0
#18 10.34     Checking bytecount v0.6.9
#18 10.38     Checking outref v0.5.2
#18 10.39     Checking hybrid-array v0.4.14
#18 10.41    Compiling ahash v0.8.12
#18 10.50     Checking bit-set v0.8.0
#18 10.50     Checking bzip2 v0.6.1
#18 10.55     Checking micromap v0.3.0
#18 10.56     Checking unsafe-libyaml v0.2.11
#18 10.59     Checking vsimd v0.8.0
#18 10.62     Checking ryu v1.0.23
#18 10.65     Checking toml_parser v1.1.3+spec-1.1.0
#18 10.68     Checking num-cmp v0.1.0
#18 10.74     Checking data-encoding v2.11.1
#18 10.85     Checking utf8parse v0.2.2
#18 10.85     Checking is_terminal_polyfill v1.70.2
#18 10.88    Compiling syn v3.0.4
#18 10.91    Compiling syn v2.0.119
#18 11.07    Compiling verus_syn v0.0.0-2026-09-06-0133
#18 11.07     Checking colorchoice v1.0.5
#18 11.11     Checking anstyle-parse v1.0.0
#18 11.11    Compiling portable-atomic v1.15.0
#18 11.11     Checking anstyle v1.0.14
#18 11.15     Checking unicode-width v0.2.2
#18 11.24     Checking anstyle-query v1.1.5
#18 11.29     Checking clap_lex v1.1.0
#18 11.37    Compiling owo-colors v4.3.0
#18 11.37     Checking strsim v0.11.1
#18 11.39     Checking unit-prefix v0.5.2
#18 11.47     Checking scoped-tls v1.0.1
#18 11.49     Checking shell-words v1.1.1
#18 11.51     Checking anstream v1.0.0
#18 11.71     Checking uuid-simd v0.8.0
#18 11.83    Compiling jobserver v0.1.35
#18 12.00     Checking getrandom v0.2.17
#18 12.00     Checking gripsack-process v0.42.0 (/app/crates/gripsack-process)
#18 12.00     Checking filetime v0.2.29
#18 12.00     Checking console v0.16.4
#18 12.05     Checking clap_builder v4.6.6
#18 12.34    Compiling cc v1.4.4
#18 12.52     Checking parking_lot v0.12.5
#18 12.56     Checking flate2 v1.1.9
#18 12.57     Checking block-buffer v0.12.1
#18 12.57     Checking crypto-common v0.2.2
#18 12.88     Checking num-integer v0.1.47
#18 12.88     Checking num-complex v0.4.6
#18 13.17     Checking regex-automata v0.4.18
#18 13.17     Checking jsonschema-regex v0.55.0
#18 13.68     Checking num-bigint v0.4.8
#18 13.68     Checking num-iter v0.1.46
#18 13.85     Checking indicatif v0.18.6
#18 14.23     Checking digest v0.11.3
#18 14.40     Checking serde_spanned v1.1.1
#18 14.41     Checking toml_datetime v0.7.5+spec-1.1.0
#18 14.41     Checking toml_datetime v1.1.1+spec-1.1.0
#18 14.57     Checking sha2 v0.11.0
#18 14.82     Checking toml v0.9.12+spec-1.1.0
#18 14.86     Checking toml v1.1.4+spec-1.1.0
#18 14.86     Checking toml_edit v0.25.13+spec-1.1.0
#18 15.55    Compiling ring v0.17.14
#18 15.55    Compiling zstd-sys v2.0.16+zstd.1.5.7
#18 15.55    Compiling lzma-sys v0.1.20
#18 15.55    Compiling generator v0.8.10
#18 15.75     Checking num-rational v0.4.2
#18 16.24     Checking num v0.4.3
#18 16.31     Checking fraction v0.17.0
#18 16.76     Checking fs-set-times v0.20.3
#18 16.76     Checking rustix-linux-procfs v0.1.1
#18 16.76     Checking tempfile v3.27.0
#18 16.78     Checking xattr v1.6.1
#18 17.02     Checking tar v0.4.46
#18 17.11     Checking dialoguer v0.12.0
#18 17.28     Checking xz2 v0.1.7
#18 18.27     Checking gripsack-fs v0.42.0 (/app/crates/gripsack-fs)
#18 18.29     Checking matchers v0.2.0
#18 18.29     Checking fancy-regex v0.19.1
#18 18.29     Checking regex v1.13.1
#18 19.77    Compiling synstructure v0.13.2
#18 20.34    Compiling serde_derive v1.0.229
#18 20.34    Compiling thiserror-impl v2.0.20
#18 20.34    Compiling zerovec-derive v0.11.6
#18 20.35    Compiling displaydoc v0.2.7
#18 20.35    Compiling ref-cast-impl v1.0.27
#18 20.35    Compiling clap_derive v4.6.4
#18 20.41     Checking zstd v0.13.3
#18 20.75     Checking zip v8.6.0
#18 21.02     Checking rustls-webpki v0.103.15
#18 22.63    Compiling zerofrom-derive v0.1.7
#18 22.63    Compiling yoke-derive v0.8.2
#18 22.64    Compiling tracing-attributes v0.1.31
#18 22.65    Compiling strum_macros v0.28.0
#18 23.93     Checking clap v4.6.6
#18 24.89     Checking zerofrom v0.1.8
#18 24.96     Checking tracing v0.1.44
#18 25.03     Checking yoke v0.8.3
#18 25.04    Compiling verus_builtin_macros v0.0.0-2026-09-06-0133
#18 25.04    Compiling verus_state_machines_macros v0.0.0-2026-09-06-0133
#18 25.28     Checking zerovec v0.11.8
#18 25.28     Checking zerotrie v0.2.5
#18 25.90     Checking strum v0.28.0
#18 26.04     Checking tinystr v0.8.4
#18 26.04     Checking potential_utf v0.1.6
#18 26.17     Checking icu_collections v2.3.0
#18 26.25     Checking icu_locale_core v2.3.0
#18 26.40     Checking tracing-serde v0.2.0
#18 26.40     Checking fluent-uri v0.4.1
#18 26.40     Checking serde_yaml v0.9.34+deprecated
#18 26.41     Checking email_address v0.2.9
#18 26.41     Checking gripsack-buildkit v0.42.0 (/app/crates/gripsack-buildkit)
#18 26.58     Checking tracing-subscriber v0.3.23
#18 26.73     Checking jsonschema-value v0.55.0
#18 27.25     Checking referencing v0.55.0
#18 27.39     Checking icu_provider v2.3.1
#18 27.68     Checking icu_properties v2.3.0
#18 27.68     Checking icu_normalizer v2.3.0
#18 28.01     Checking jsonschema v0.55.0
#18 28.31     Checking loom v0.7.2
#18 29.09     Checking idna_adapter v1.2.2
#18 29.16     Checking idna v1.1.0
#18 29.45     Checking url v2.5.8
#18 29.90     Checking ureq v2.12.1
#18 35.61     Checking gripsack-policy v0.42.0 (/app/crates/gripsack-policy)
#18 35.91     Checking gripsack-ir v0.42.0 (/app/crates/gripsack-ir)
#18 38.67     Checking gripsack-store v0.42.0 (/app/crates/gripsack-store)
#18 38.67     Checking gripsack-config v0.42.0 (/app/crates/gripsack-config)
#18 38.68     Checking griplint v0.42.0 (/app/crates/griplint)
#18 40.18     Checking gripsack-fetch v0.42.0 (/app/crates/gripsack-fetch)
#18 40.18     Checking gripsack-trace v0.42.0 (/app/crates/gripsack-trace)
#18 41.60     Checking gripsack-exec v0.42.0 (/app/crates/gripsack-exec)
#18 41.60     Checking gripsack-lint v0.42.0 (/app/crates/gripsack-lint)
#18 43.19     Checking gripsack-fuzz v0.0.0 (/app/fuzz)
#18 43.19     Checking gripsack v0.42.0 (/app/crates/gripsack)
#18 44.35     Finished `dev` profile [unoptimized + debuginfo] target(s) in 42.99s
#18 45.16    Compiling cfg-if v1.0.4
#18 45.16    Compiling equivalent v1.0.2
#18 45.16    Compiling memchr v2.8.3
#18 45.16    Compiling allocator-api2 v0.2.21
#18 45.16    Compiling foldhash v0.2.0
#18 45.16    Compiling once_cell v1.21.4
#18 45.17    Compiling itoa v1.0.18
#18 45.18    Compiling verus_builtin v0.0.0-2026-09-06-0133
#18 45.18    Compiling smallvec v1.15.2
#18 45.18    Compiling linux-raw-sys v0.12.1
#18 45.18    Compiling bitflags v2.13.1
#18 45.18    Compiling winnow v1.0.4
#18 45.18    Compiling toml_writer v1.1.2+spec-1.1.0
#18 45.18    Compiling typenum v1.20.1
#18 45.20    Compiling stable_deref_trait v1.2.1
#18 45.20    Compiling libc v0.2.189
#18 45.20    Compiling serde_core v1.0.229
#18 45.20    Compiling zmij v1.0.23
#18 45.20    Compiling indexmap v2.14.0
#18 45.21    Compiling io-lifetimes v2.0.4
#18 45.21    Compiling io-lifetimes v3.0.1
#18 45.21    Compiling log v0.4.34
#18 45.21    Compiling ambient-authority v0.0.2
#18 45.22    Compiling percent-encoding v2.3.2
#18 45.23    Compiling const-oid v0.10.2
#18 45.23    Compiling ipnet v2.12.1
#18 45.23    Compiling maybe-owned v0.3.4
#18 45.23    Compiling fastrand v2.5.0
#18 45.23    Compiling cpufeatures v0.3.0
#18 45.23    Compiling winnow v0.7.15
#18 45.23    Compiling thiserror v2.0.20
#18 45.23    Compiling zerofrom v0.1.8
#18 45.23    Compiling writeable v0.6.4
#18 45.23    Compiling zeroize v1.9.0
#18 45.24    Compiling litemap v0.8.3
#18 45.31    Compiling io-extras v0.19.0
#18 45.31    Compiling utf8_iter v1.0.4
#18 45.35    Compiling pin-project-lite v0.2.17
#18 45.37    Compiling regex-syntax v0.8.11
#18 45.41    Compiling tracing-core v0.1.36
#18 45.42    Compiling yoke v0.8.3
#18 45.43    Compiling icu_properties_data v2.3.0
#18 45.44    Compiling icu_normalizer_data v2.3.0
#18 45.45    Compiling untrusted v0.9.0
#18 45.48    Compiling simd-adler32 v0.3.10
#18 45.50    Compiling base64 v0.22.1
#18 45.52    Compiling crc32fast v1.5.1
#18 45.54    Compiling adler2 v2.0.1
#18 45.56    Compiling form_urlencoded v1.2.2
#18 45.56    Compiling subtle v2.6.1
#18 45.57    Compiling bumpalo v3.20.3
#18 45.57    Compiling zlib-rs v0.6.7
#18 45.60    Compiling rustls-pki-types v1.15.1
#18 45.60    Compiling libbz2-rs-sys v0.2.5
#18 45.62    Compiling typed-path v0.12.3
#18 45.62    Compiling openssl-probe v0.2.1
#18 45.66    Compiling num-traits v0.2.19
#18 45.69    Compiling zerovec v0.11.8
#18 45.70    Compiling zerotrie v0.2.5
#18 45.71    Compiling hashbrown v0.17.1
#18 45.71    Compiling httpdate v1.0.3
#18 45.71    Compiling scopeguard v1.2.0
#18 45.73    Compiling zerocopy v0.8.56
#18 45.75    Compiling lazy_static v1.5.0
#18 45.78    Compiling rustix v1.1.4
#18 45.80    Compiling miniz_oxide v0.8.9
#18 45.80    Compiling lock_api v0.4.14
#18 45.82    Compiling sharded-slab v0.1.7
#18 45.83    Compiling ref-cast v1.0.27
#18 45.85    Compiling thread_local v1.1.10
#18 45.87    Compiling borrow-or-share v0.2.4
#18 45.89    Compiling nu-ansi-term v0.50.3
#18 45.92    Compiling bit-vec v0.8.0
#18 45.93    Compiling bytecount v0.6.9
#18 45.97    Compiling aho-corasick v1.1.5
#18 45.99    Compiling micromap v0.3.0
#18 46.13    Compiling zopfli v0.8.3
#18 46.14    Compiling vsimd v0.8.0
#18 46.20    Compiling unsafe-libyaml v0.2.11
#18 46.27    Compiling ryu v1.0.23
#18 46.29    Compiling num-cmp v0.1.0
#18 46.30    Compiling outref v0.5.2
#18 46.41    Compiling tracing v0.1.44
#18 46.42    Compiling webpki-roots v1.0.9
#18 46.42    Compiling bzip2 v0.6.1
#18 46.46    Compiling rustls-native-certs v0.8.4
#18 46.49    Compiling tracing-log v0.2.0
#18 46.52    Compiling bit-set v0.8.0
#18 46.56    Compiling webpki-roots v0.26.11
#18 46.64    Compiling strum v0.28.0
#18 46.67    Compiling unicode-general-category v1.1.0
#18 46.75    Compiling hybrid-array v0.4.14
#18 46.77    Compiling data-encoding v2.11.1
#18 46.78    Compiling jobserver v0.1.35
#18 46.79    Compiling getrandom v0.4.3
#18 46.84    Compiling tinystr v0.8.4
#18 46.85    Compiling potential_utf v0.1.6
#18 46.85    Compiling gripsack-process v0.42.0 (/app/crates/gripsack-process)
#18 46.87    Compiling getrandom v0.2.17
#18 46.87    Compiling verus_state_machines_macros v0.0.0-2026-09-06-0133
#18 46.88    Compiling filetime v0.2.29
#18 46.93    Compiling parking_lot_core v0.9.12
#18 46.95    Compiling getrandom v0.3.4
#18 47.01    Compiling uuid-simd v0.8.0
#18 47.03    Compiling utf8parse v0.2.2
#18 47.03    Compiling icu_collections v2.3.0
#18 47.11    Compiling icu_locale_core v2.3.0
#18 47.13    Compiling anstyle-parse v1.0.0
#18 47.15    Compiling unicode-width v0.2.2
#18 47.16    Compiling scoped-tls v1.0.1
#18 47.17    Compiling num-integer v0.1.47
#18 47.23    Compiling cc v1.4.4
#18 47.25    Compiling num-complex v0.4.6
#18 47.26    Compiling anstyle-query v1.1.5
#18 47.26    Compiling anstyle v1.0.14
#18 47.30    Compiling parking_lot v0.12.5
#18 47.32    Compiling is_terminal_polyfill v1.70.2
#18 47.38    Compiling colorchoice v1.0.5
#18 47.40    Compiling strsim v0.11.1
#18 47.43    Compiling clap_lex v1.1.0
#18 47.45    Compiling portable-atomic v1.15.0
#18 47.47    Compiling unit-prefix v0.5.2
#18 47.49    Compiling toml_parser v1.1.3+spec-1.1.0
#18 47.50    Compiling console v0.16.4
#18 47.56    Compiling anstream v1.0.0
#18 47.62    Compiling num-bigint v0.4.8
#18 47.66    Compiling num-iter v0.1.46
#18 47.69    Compiling shell-words v1.1.1
#18 47.73    Compiling owo-colors v4.3.0
#18 47.92    Compiling clap_builder v4.6.6
#18 47.99    Compiling crypto-common v0.2.2
#18 48.00    Compiling block-buffer v0.12.1
#18 48.56    Compiling indicatif v0.18.6
#18 48.70    Compiling regex-automata v0.4.18
#18 48.70    Compiling jsonschema-regex v0.55.0
#18 48.77    Compiling icu_provider v2.3.1
#18 49.18    Compiling icu_normalizer v2.3.0
#18 49.19    Compiling icu_properties v2.3.0
#18 49.47    Compiling digest v0.11.3
#18 49.66    Compiling sha2 v0.11.0
#18 49.67    Compiling flate2 v1.1.9
#18 49.69    Compiling zstd-sys v2.0.16+zstd.1.5.7
#18 49.69    Compiling ring v0.17.14
#18 49.69    Compiling lzma-sys v0.1.20
#18 49.69    Compiling generator v0.8.10
#18 49.79    Compiling serde v1.0.229
#18 49.79    Compiling serde_json v1.0.151
#18 49.79    Compiling serde_spanned v1.1.1
#18 49.79    Compiling toml_datetime v0.7.5+spec-1.1.0
#18 49.80    Compiling toml_datetime v1.1.1+spec-1.1.0
#18 49.93    Compiling num-rational v0.4.2
#18 50.13    Compiling toml v0.9.12+spec-1.1.0
#18 50.15    Compiling toml v1.1.4+spec-1.1.0
#18 50.15    Compiling toml_edit v0.25.13+spec-1.1.0
#18 50.58    Compiling num v0.4.3
#18 50.65    Compiling fraction v0.17.0
#18 50.71    Compiling tracing-serde v0.2.0
#18 50.74    Compiling fluent-uri v0.4.1
#18 50.74    Compiling email_address v0.2.9
#18 50.74    Compiling serde_yaml v0.9.34+deprecated
#18 51.21    Compiling idna_adapter v1.2.2
#18 51.33    Compiling idna v1.1.0
#18 51.48    Compiling clap v4.6.6
#18 51.67    Compiling rustix-linux-procfs v0.1.1
#18 51.67    Compiling fs-set-times v0.20.3
#18 51.68    Compiling tempfile v3.27.0
#18 51.70    Compiling xattr v1.6.1
#18 51.73    Compiling gripsack-buildkit v0.42.0 (/app/crates/gripsack-buildkit)
#18 51.80    Compiling url v2.5.8
#18 51.89    Compiling tar v0.4.46
#18 52.07    Compiling cap-primitives v4.0.3
#18 52.11    Compiling dialoguer v0.12.0
#18 52.68    Compiling xz2 v0.1.7
#18 52.89    Compiling cap-std v4.0.3
#18 53.23    Compiling ahash v0.8.12
#18 53.28    Compiling gripsack-fs v0.42.0 (/app/crates/gripsack-fs)
#18 53.52    Compiling rustls v0.23.45
#18 53.56    Compiling referencing v0.55.0
#18 53.56    Compiling jsonschema-value v0.55.0
#18 53.79    Compiling matchers v0.2.0
#18 53.79    Compiling fancy-regex v0.19.1
#18 53.79    Compiling regex v1.13.1
#18 53.84    Compiling zstd-safe v7.2.4
#18 53.88    Compiling tracing-subscriber v0.3.23
#18 54.10    Compiling vstd v0.0.0-2026-09-06-0133
#18 54.14    Compiling zstd v0.13.3
#18 54.42    Compiling zip v8.6.0
#18 55.21    Compiling jsonschema v0.55.0
#18 55.56    Compiling rustls-webpki v0.103.15
#18 55.80    Compiling loom v0.7.2
#18 57.16    Compiling gripsack-policy v0.42.0 (/app/crates/gripsack-policy)
#18 57.47    Compiling gripsack-ir v0.42.0 (/app/crates/gripsack-ir)
#18 60.31    Compiling ureq v2.12.1
#18 62.03    Compiling gripsack-store v0.42.0 (/app/crates/gripsack-store)
#18 62.03    Compiling gripsack-config v0.42.0 (/app/crates/gripsack-config)
#18 62.03    Compiling griplint v0.42.0 (/app/crates/griplint)
#18 64.47    Compiling gripsack-fetch v0.42.0 (/app/crates/gripsack-fetch)
#18 64.47    Compiling gripsack-trace v0.42.0 (/app/crates/gripsack-trace)
#18 67.11    Compiling gripsack-exec v0.42.0 (/app/crates/gripsack-exec)
#18 67.11    Compiling gripsack-lint v0.42.0 (/app/crates/gripsack-lint)
#18 69.62    Compiling gripsack-fuzz v0.0.0 (/app/fuzz)
#18 73.33    Compiling gripsack v0.42.0 (/app/crates/gripsack)
#18 82.27     Finished `test` profile [unoptimized + debuginfo] target(s) in 37.82s
#18 82.31      Running unittests src/lib.rs (target/debug/deps/griplint-649ce6e1a3a65ac3)
#18 82.32 
#18 82.32 running 19 tests
#18 82.32 test admission::tests::explicit_no_table_preserves_coverage_without_parsing ... ok
#18 82.32 test document::tests::error_spans_map_bytes_to_code_point_columns ... ok
#18 82.32 test admission::tests::file_loader_has_the_same_admission_boundary ... ok
#18 82.32 test document::tests::indented_multichar_keys_get_real_columns ... ok
#18 82.32 test golden::severity_serializes_lowercase ... ok
#18 82.32 test value::tests::numbers_compare_across_int_and_float ... ok
#18 82.32 test value::tests::typed_matching_keeps_null_and_boolean_distinct ... ok
#18 82.32 test checks::tests::version_coverage_is_numeric_not_textual ... ok
#18 82.32 test document::tests::json_and_yaml_null_stay_null ... ok
#18 82.32 test difflib::tests::the_fixture_suggestions_hold ... ok
#18 82.33 test admission::tests::formats_dispatch_without_extension_assumptions ... ok
#18 82.33 test admission::tests::whole_rules_check_sections_without_checking_their_members ... ok
#18 82.33 test admission::tests::key_diagnostics_and_leniency_survive_admission ... ok
#18 82.33 test admission::tests::free_keys_and_sections_preserve_arbitrary_descendants ... ok
#18 82.33 test admission::tests::markers_are_typed_and_exclusive ... ok
#18 82.33 test admission::tests::malformed_key_rules_never_turn_sections_free ... ok
#18 82.33 test admission::tests::metadata_and_dispatch_must_be_actionable ... ok
#18 82.37 test admission::tests::every_embedded_pack_is_admitted ... ok
#18 82.62 test golden::golden_corpus_replays ... ok
#18 82.62 
#18 82.62 test result: ok. 19 passed; 0 failed; 0 ignored; 0 measured; 0 filtered out; finished in 0.30s
#18 82.62 
#18 82.62      Running unittests src/main.rs (target/debug/deps/grip-85d61296dd07cae5)
#18 82.62 
#18 82.62 running 22 tests
#18 82.62 test commands::adopt::generate::tests::ident_is_always_a_valid_ts_identifier ... ok
#18 82.62 test commands::adopt::generate::tests::module_source_escapes_hostile_strings ... ok
#18 82.62 test commands::adopt::generate::tests::module_source_shapes ... ok
#18 82.62 test commands::adopt::generate::tests::names_and_idents ... ok
#18 82.62 test commands::adopt::generate::tests::update_host_bails_on_unexpected_shape ... ok
#18 82.62 test commands::adopt::generate::tests::update_host_multiline_array ... ok
#18 82.62 test commands::adopt::generate::tests::update_host_ignores_the_template_header_comment ... ok
#18 82.62 test commands::adopt::generate::tests::update_host_single_line_arrays ... ok
#18 82.62 test render::tests::missing_file_degrades_gracefully ... ok
#18 82.62 test render::tests::renders_header_and_help_without_color ... ok
#18 82.63 test commands::self_update::installation::tests::deleted_suffix_is_only_stripped_for_a_missing_original ... ok
#18 82.63 test commands::frontend::tests::every_builtin_read_grant_rejects_a_comma_before_deno_spawn ... ok
#18 82.63 test commands::self_update::installation::tests::parent_drift_does_not_redirect_publication ... ok
#18 82.63 test commands::self_update::installation::tests::replacement_invalidates_installed_version_evidence ... ok
#18 82.63 test render::tests::invalid_diagnostic_coordinates_never_read_a_source_snippet ... ok
#18 82.63 test commands::self_update::payload::tests::root_and_nested_candidates_are_ambiguous ... ok
#18 82.63 test render::tests::renders_snippet_when_file_exists ... ok
#18 82.63 test commands::self_update::payload::tests::probe_requires_success_and_a_single_grip_version ... ok
#18 82.63 test commands::self_update::payload::tests::symlink_files_and_symlink_directories_are_not_candidates ... ok
#18 82.63 test render::tests::source_snippets_cannot_escape_the_repo_capability ... ok
#18 82.63 test commands::self_update::installation::tests::symlink_install_keeps_target_semantics ... ok
#18 82.64 test commands::self_update::payload::tests::flooding_version_peer_is_rejected ... ok
#18 82.64 
#18 82.64 test result: ok. 22 passed; 0 failed; 0 ignored; 0 measured; 0 filtered out; finished in 0.02s
#18 82.64 
#18 82.64      Running unittests src/lib.rs (target/debug/deps/gripsack_buildkit-17ce832e6f9981aa)
#18 82.64 
#18 82.64 running 23 tests
#18 82.64 test protocol::tests::digests_and_sessions_validate_their_shape ... ok
#18 82.64 test protocol::tests::hostile_headers_reject_before_any_body_is_read ... ok
#18 82.64 test transport::tests::the_real_go_bridge_negotiates_fails_closed_and_cancels_idempotently ... ignored, requires tools/buildkit-bridge/bridge-bin (built by the pinned golang gate)
#18 82.64 test protocol::tests::the_gate_fences_stale_duplicate_and_flooding_events ... ok
#18 82.64 test protocol::tests::negotiation_is_one_exact_version_pair ... ok
#18 82.64 test protocol::tests::trailing_bytes_and_unknown_fields_reject ... ok
#18 82.64 test protocol::tests::every_message_round_trips_byte_exactly ... ok
#18 82.64 test worker::linux::tests::failed_launch_with_no_container_id_never_deletes_by_name ... ok
#18 82.64 test worker::linux::tests::failed_removal_does_not_claim_stopped_and_can_retry ... ok
#18 82.64 test worker::linux::tests::failed_version_probe_cannot_authorize_a_lease ... ok
#18 82.64 test worker::linux::tests::the_real_docker_worker_provisions_leases_and_stops ... ignored, requires a real docker engine with the pinned buildkitd image
#18 82.64 test worker::linux::tests::the_real_docker_worker_refuses_a_foreign_cache_volume ... ignored, requires a real docker engine with the pinned buildkitd image
#18 82.64 test worker::linux::tests::foreign_cache_volume_blocks_provision_without_launch_or_deletion ... ok
#18 82.64 test worker::linux::tests::worker_identity_rejects_unsafe_or_unbounded_docker_names ... ok
#18 82.64 test worker::tests::a_crashed_worker_keeps_its_leases_until_explicit_drain ... ok
#18 82.64 test worker::tests::a_worker_with_a_live_lease_cannot_stop_or_be_deleted ... ok
#18 82.64 test worker::tests::cleanup_only_deletes_owned_resources_and_never_retained_ones ... ok
#18 82.64 test worker::linux::tests::live_lease_blocks_worker_deletion_until_drained ... ok
#18 82.64 test worker::linux::tests::foreign_container_identity_blocks_deletion_and_stop ... ok
#18 82.64 test worker::tests::illegal_transitions_reject_instead_of_guessing ... ok
#18 82.64 test protocol::tests::log_chunks_are_bounded_after_decode ... ok
#18 82.64 test worker::tests::two_clients_lease_one_ready_worker_concurrently ... ok
#18 82.64 test worker::tests::unknown_leases_reject_and_ids_never_repeat ... ok
#18 82.64 
#18 82.64 test result: ok. 20 passed; 0 failed; 3 ignored; 0 measured; 0 filtered out; finished in 0.00s
#18 82.64 
#18 82.64      Running unittests src/lib.rs (target/debug/deps/gripsack_config-98cadf244e260699)
#18 82.65 
#18 82.65 running 12 tests
#18 82.65 test tests::defaults_are_sane ... ok
#18 82.65 test tests::eval_deps_is_gone ... ok
#18 82.65 test tests::parses_throttle_table ... ok
#18 82.65 test tests::parses_env_toml ... ok
#18 82.65 test tests::python_frontend_is_a_migration_error ... ok
#18 82.65 test tests::typescript_frontend_declaration_is_tolerated ... ok
#18 82.65 test tests::typo_key_is_a_span_labeled_diagnostic ... ok
#18 82.65 test tests::repo_wins_user_fills_gaps ... ok
#18 82.65 test tests::unknown_frontend_value_errors_the_same_way ... ok
#18 82.65 test tests::user_value_used_when_repo_silent ... ok
#18 82.65 test tests::unknown_top_level_key_is_an_error ... ok
#18 82.65 test tests::repo_build_env_cannot_claim_operator_credential_routing ... ok
#18 82.65 
#18 82.65 test result: ok. 12 passed; 0 failed; 0 ignored; 0 measured; 0 filtered out; finished in 0.00s
#18 82.65 
#18 82.65      Running unittests src/lib.rs (target/debug/deps/gripsack_exec-002bae5063eca4d0)
#18 82.65 
#18 82.65 running 55 tests
#18 82.65 test facts::tests::glibc_version_parses_both_ldd_wordings ... ok
#18 82.65 test facts::tests::facts_match_the_running_host ... ok
#18 82.65 test frontend::tests::path_deno_version_gate_matches_major ... ok
#18 82.65 test lineage_model::a_mid_apply_external_write_is_aborted_never_clobbered ... ok
#18 82.65 test lineage_model::chmod_only_drift_is_preserved_never_silently_reverted ... ok
#18 82.65 test lineage_model::preserved_drift_never_authorizes_an_update ... ok
#18 82.65 test managed_blocks::tests::broken_scanner_utf8_boundary_returns_error_instead_of_panicking ... ok
#18 82.65 test managed_blocks::tests::malformed_markers_never_grant_splice_ranges ... ok
#18 82.65 test managed_blocks::tests::later_hand_edits_are_classified_and_other_modules_stay_untouched ... ok
#18 82.65 test managed_blocks::tests::foreign_bytes_survive_reconcile_and_removal ... ok
#18 82.65 test managed_blocks::tests::only_the_first_body_line_can_be_a_legacy_header ... ok
#18 82.65 test managed_blocks::tests::markers_roundtrip_across_comment_styles_and_legacy_metadata ... ok
#18 82.65 test report::update_model::every_survey_order_preserves_error_over_change_precedence ... ok
#18 82.66 test resolve::identity_tests::provenance_differences_hash_identically ... ok
#18 82.66 test managed_blocks::tests::every_mode_record_participates_independently_of_order ... ok
#18 82.66 test template::tests::template_substitutes_and_escapes ... ok
#18 82.66 test template::tests::template_unbalanced_braces_error ... ok
#18 82.66 test template::tests::template_undefined_variable_is_a_loud_error ... ok
#18 82.66 test tests::build_edges_constrain_order_too ... ok
#18 82.66 test tests::cycles_are_named ... ok
#18 82.66 test tests::dependencies_come_first ... ok
#18 82.66 test tests::diamond_is_deterministic ... ok
#18 82.66 test tests::waves_levelize_the_dag ... ok
#18 82.66 test deploy::tests::symlinked_ancestor_into_repo_is_detected ... ok
#18 82.66 test gc::root_model::pinned_collection_survives_root_replacement ... ok
#18 82.67 test deploy::tests::restore_never_writes_a_dangling_owned_link ... ok
#18 82.67 test lineage_model::ownership_lineage_holds_over_every_sequence ... ok
#18 82.70 test lockfile::tests::roundtrip ... ok
#18 82.70 test source::overlay::tests::leaf_link_is_replaced_without_writing_its_target ... ok
#18 82.70 test ops::model::tests::a_build_only_dep_plans_zero_destination_ops ... ok
#18 82.70 test source::overlay::tests::fetched_link_ancestor_cannot_redirect_an_overlay ... ok
#18 82.70 test source::overlay::tests::overlay_pin_and_bytes_belong_to_the_same_snapshot ... ok
#18 82.71 test env::tests::duplicate_contributions_render_once ... ok
#18 82.71 test env::tests::renders_set_prepend_append_with_store_resolution ... ok
#18 82.71 test env::tests::empty_contributions_remove_the_file ... ok
#18 82.71 test source::overlay::tests::top_level_links_have_the_same_preview_and_staged_identity ... ok
#18 82.72 test deploy::tests::journaled_mutation_must_reach_its_intended_state ... ok
#18 82.72 test ops::model::tests::a_spelling_change_plans_no_op ... ok
#18 82.75 test gc::tests::collects_only_unreferenced_store_paths ... ok
#18 82.75 test gc::tests::keep_generations_prunes_oldest_and_their_paths ... ok
#18 82.75 test gc::tests::never_prunes_the_current_generation ... ok
#18 82.75 test gc::tests::why_owns_finds_the_owner ... ok
#18 82.76 test update::tests::check_and_publish_agree_on_metadata_only_pin_changes ... ok
#18 82.76 test mode_model::links_carry_the_payload_mode_without_normalizing_it ... ok
#18 82.80 test gc::tests::a_session_for_another_home_authorizes_nothing_here ... ok
#18 82.80 test gc::tests::unfinished_recovery_blocks_collection ... ok
#18 82.82 test gc::tests::quarantined_entries_block_collection ... ok
#18 82.82 test gc::tests::reconciled_journal_unblocks_collection ... ok
#18 82.99 test frontend::tests::embed_materializes_tree_and_marker ... ok
#18 82.99 test mode_model::merge_host_modes_are_planned_and_drift_never_authorizes_prune ... ok
#18 83.10 test gc::root_model::unfinished_recovery_preserves_every_history_object ... ok
#18 83.31 test gc::root_model::retained_histories_protect_complete_roots ... ok
#18 83.33 test frontend::tests::materialize_flips_the_stable_current_link ... ok
#18 84.88 test ops::model::tests::the_planned_op_matches_the_algebra_and_executes_to_its_intent ... ok
#18 85.41 test mode_model::whole_file_modes_survive_update_restore_drift_and_prune ... ok
#18 85.41 
#18 85.41 test result: ok. 55 passed; 0 failed; 0 ignored; 0 measured; 0 filtered out; finished in 2.76s
#18 85.41 
#18 85.41      Running tests/workspace_execution_gate.rs (target/debug/deps/workspace_execution_gate-e97233b432130964)
#18 85.41 
#18 85.41 running 1 test
#18 85.42 test every_direct_executor_entry_rejects_before_home_mutation ... ok
#18 85.42 
#18 85.42 test result: ok. 1 passed; 0 failed; 0 ignored; 0 measured; 0 filtered out; finished in 0.00s
#18 85.42 
#18 85.42      Running unittests src/lib.rs (target/debug/deps/gripsack_fetch-a70d1a7feed20a6a)
#18 85.42 
#18 85.42 running 70 tests
#18 85.42 test bottle::tests::apple_silicon_orders_by_chronology_not_spelling ... ok
#18 85.42 test bottle::tests::all_is_a_last_resort_under_a_validated_policy ... ok
#18 85.42 test bottle::tests::arm64_linux_is_not_a_mac_bottle ... ok
#18 85.42 test bottle::tests::future_macos_major_admits_its_own_codename ... ok
#18 85.43 test bottle::tests::intel_mac_never_takes_the_linux_bottle ... ok
#18 85.43 test bottle::tests::intel_mac_takes_the_newest_bottle_the_host_can_run ... ok
#18 85.43 test bottle::tests::linux_matches_exact_architecture ... ok
#18 85.43 test bottle::tests::missing_macos_version_fact_refuses_rather_than_guessing ... ok
#18 85.43 test bottle::tests::older_macos_refuses_newer_bottle_with_the_requirement ... ok
#18 85.43 test bottle::tests::unknown_tags_are_reported_not_matched ... ok
#18 85.43 test bottle::tests::unsupported_architecture_fails_clearly ... ok
#18 85.43 test bottle::tests::version_parsing_is_componentwise ... ok
#18 85.43 test host::tests::bundled_releases_have_full_platform_tables ... ok
#18 85.43 test host::tests::deno_urls_use_the_glibc_linux_assets ... ok
#18 85.43 test host::tests::placeholder_table_covers_every_convention ... ok
#18 85.43 test host::tests::resolves_the_host_asset ... ok
#18 85.43 test http::body::tests::a_new_attempt_cannot_reset_consumed_transfer_bytes ... ok
#18 85.43 test http::failure::tests::certificate_failures_are_not_transient_connections ... ok
#18 85.43 test http::retry::tests::real_retry_policy_has_fixed_deadline_and_bounded_attempts ... ok
#18 85.43 test http::failure::tests::rate_limit_advice_is_evidence_based_and_locations_are_redacted ... ok
#18 85.43 test http::retry::tests::terminal_classes_and_upstream_cooldowns_never_get_fast_replays ... ok
#18 85.43 test http::tests::host_binding_survives_url_normalization ... ok
#18 85.43 test http::tests::credential_routing_model_uses_actual_host_selector ... ok
#18 85.43 test fetch::archive::tests::traversal_is_rejected_before_tar_materialization ... ok
#18 85.43 test http::tests::bound_credentials_require_tls_and_registry_artifact_refuses_cleartext ... ok
#18 85.43 test http::tests::proxy_bypass_preserves_domain_and_port_boundaries ... ok
#18 85.43 test placeholders::tests::explicit_bare_version_is_shared_without_changing_legacy_asset_precedence ... ok
#18 85.43 test placeholders::tests::missing_empty_or_escaping_expansions_never_become_paths ... ok
#18 85.43 test plugins::segment_tests::traversal_tags_are_refused ... ok
#18 85.43 test fetch::archive::tests::link_cycles_and_dangling_targets_reject_before_archive_materialization ... ok
#18 85.43 test plugins::tests::parse_ref_shapes ... ok
#18 85.43 test fetch::archive::tests::zip_entry_budget_precedes_directory_allocation ... ok
#18 85.43 test fetch::archive::tests::filesystem_tree_validation_and_copy_share_link_graph ... ok
#18 85.43 test fetch::archive::tests::aggregate_tar_path_metadata_is_bounded_before_extraction ... ok
#18 85.43 test fetch::plugin::tests::bounded_tree_is_checked_before_hash ... ok
#18 85.43 test resolve::atom_tests::no_core_tag_is_none_and_malformed_versions_skip ... ok
#18 85.43 test resolve::base_url_tests::bare_ghe_host_gets_api_v3 ... ok
#18 85.43 test resolve::tests::missing_asset_lists_available ... ok
#18 85.43 test resolve::atom_tests::picks_the_newest_core_tag_among_mixed_namespaces ... ok
#18 85.43 test resolve::tests::picks_expanded_asset ... ok
#18 85.43 test resolve::tests::v_prefix_variants_match ... ok
#18 85.43 test tests::exe_naming ... ok
#18 85.43 test throttle::tests::parses_budget_syntax ... ok
#18 85.43 test throttle::tests::plugin_declaration_replaces_builtin_default ... ok
#18 85.43 test throttle::tests::rate_admission_rejects_nonfinite_and_unfillable_buckets ... ok
#18 85.43 test throttle::tests::token_wait_cannot_outlive_or_reset_an_operation_deadline ... ok
#18 85.44 test fetch::archive::tests::zip_crc_cannot_be_bypassed_by_raw_stream_decoding ... ok
#18 85.44 test fetch::archive::tests::tar_hardlink_before_its_file_uses_the_pinned_payload_root ... ok
#18 85.44 test fetch::archive::tests::zip_composed_links_cannot_escape_the_payload_root_in_either_order ... ok
#18 85.44 test throttle::tests::url_host_extraction ... ok
#18 85.44 test throttle::tests::user_override_beats_plugin_declaration ... ok
#18 85.44 test fetch::archive::tests::forward_and_composed_internal_links_remain_usable_in_tar_and_zip ... ok
#18 85.44 test fetch::plugin::tests::no_response_or_nonzero_exit_is_not_a_fetch ... ok
#18 85.44 test tests::discovers_executable_on_path ... ok
#18 85.44 test throttle::tests::persisted_token_and_time_bounds_cannot_panic_or_mint_extra_tokens ... ok
#18 85.44 test fetch::plugin::tests::round_trip_and_reported_hash_verification ... ok
#18 85.44 test plugins::tests::receipt_roundtrips_and_current_resolves ... ok
#18 85.44 test fetch::archive::tests::tar_composed_links_cannot_escape_the_payload_root_in_either_order ... ok
#18 85.44 test fetch::archive::tests::a_symlink_destination_cannot_redirect_acquisition ... ok
#18 85.44 test fetch::archive::tests::bare_and_compressed_binaries_preserve_executability ... ok
#18 85.44 test fetch::archive::tests::xz_tar_extracts_without_a_payload_buffer ... ok
#18 85.44 test fetch::tarball::tests::transport_mismatch_never_extracts_payload ... ok
#18 85.44 test fetch::archive::tests::decompressed_limit_is_checked_on_actual_bytes ... ok
#18 85.44 test fetch::file::tests::file_fetch_extracts_tarball ... ok
#18 85.44 test fetch::plugin::tests::response_does_not_hide_output_failure ... ok
#18 85.45 test fetch::plugin::tests::simultaneous_pipe_pressure_and_early_response ... ok
#18 85.52 test fetch::git::tests::git_fetch_clones_at_rev ... ok
#18 85.68 test throttle::tests::bucket_enforces_the_budget ... ok
#18 89.92 test fetch::plugin::tests::silent_and_response_then_linger_both_fail ... ok
#18 89.92 test fetch::plugin::tests::capability_results_require_a_clean_exit ... ok
#18 89.92 
#18 89.92 test result: ok. 70 passed; 0 failed; 0 ignored; 0 measured; 0 filtered out; finished in 4.54s
#18 89.92 
#18 89.92      Running unittests src/lib.rs (target/debug/deps/gripsack_fs-269bf90eee70c137)
#18 89.92 
#18 89.92 running 14 tests
#18 89.93 test tests::copy_dir_preserves_symlinks_and_merges ... ok
#18 89.93 test streamed::tests::failed_stream_keeps_old_destination_and_cleans_private_temp ... ok
#18 89.94 test streamed::tests::publishes_complete_bytes_and_exact_mode_in_real_operation_order ... ok
#18 89.94 test persistence_model::streamed_executable_publication_is_ordered_at_every_cut ... ok
#18 89.94 test tests::symlink_replace_flips_atomically ... ok
#18 89.94 test tests::atomic_write_creates_parent_dirs ... ok
#18 89.95 test tests::atomic_write_with_mode_lands_exact_permissions ... ok
#18 89.95 test tests::atomic_write_lands_content_without_leftovers ... ok
#18 89.95 test tests::atomic_write_preserves_the_destinations_mode ... ok
#18 89.95 test tests::publish_lands_files_read_only ... ok
#18 89.95 test tests::publish_refuses_an_existing_dest ... ok
#18 89.95 test tests::publish_cross_filesystem_preserves_modes ... ok
#18 90.02 test persistence_model::atomic_file_link_and_tree_publication_are_ordered_at_every_cut ... ok
#18 91.62 test tests::writes_stay_on_the_pinned_inode_under_parent_swap ... ok
#18 91.62 
#18 91.62 test result: ok. 14 passed; 0 failed; 0 ignored; 0 measured; 0 filtered out; finished in 1.70s
#18 91.62 
#18 91.62      Running unittests src/lib.rs (target/debug/deps/gripsack_fuzz-a5cf999b54f2f21b)
#18 91.63 
#18 91.63 running 0 tests
#18 91.63 
#18 91.63 test result: ok. 0 passed; 0 failed; 0 ignored; 0 measured; 0 filtered out; finished in 0.00s
#18 91.63 
#18 91.63      Running unittests src/bin/replay.rs (target/debug/deps/replay-7db08cd6dddfb04c)
#18 91.63 
#18 91.63 running 0 tests
#18 91.63 
#18 91.63 test result: ok. 0 passed; 0 failed; 0 ignored; 0 measured; 0 filtered out; finished in 0.00s
#18 91.63 
#18 91.63      Running unittests src/lib.rs (target/debug/deps/gripsack_ir-3b19633ffcb5d796)
#18 91.63 
#18 91.63 running 68 tests
#18 91.63 test host_name::tests::rejects_path_shaped_hosts_before_they_can_name_files ... ok
#18 91.63 test sema::contract_tests::unknown_fields_are_parse_errors_now ... ok
#18 91.63 test sema::destinations::case_tests::case_variant_destinations_fold_on_every_host ... ok
#18 91.63 test sema::destinations::tests::step_entries_obey_destination_rules ... ok
#18 91.63 test sema::steps::tests::single_fetch_step_pins_multiple_refused ... ok
#18 91.63 test sema::placeholders::tests::the_known_set_passes_clean ... ok
#18 91.63 test sema::placeholders::tests::a_typo_is_an_error_with_a_span_and_a_suggestion ... ok
#18 91.64 test sema::tests::dotfiles_only_module_needs_no_source ... ok
#18 91.64 test sema::tests::malformed_json_is_e000 ... ok
#18 91.64 test sema::tests::destination_shaped_verify_path_is_e109 ... ok
#18 91.64 test sema::resources::tests::resources_require_an_action_that_actually_acquires_them ... ok
#18 91.64 test sema::tests::legacy_ir_is_rejected_before_decoding_renamed_fields ... ok
#18 91.64 test sema::tests::spanless_nodes_still_render ... ok
#18 91.64 test sema::tests::declared_and_builtin_resources_pass ... ok
#18 91.64 test sema::tests::rejects_wrong_version ... ok
#18 91.64 test sema::tests::explicit_steps_validate ... ok
#18 91.64 test sema::tests::merge_and_template_modes_pass_sema_with_vars_and_marker ... ok
#18 91.64 test sema::tests::collects_multiple_diagnostics ... ok
#18 91.64 test sema::tests::unknown_edge_kind_is_span_labeled_e122 ... ok
#18 91.64 test sema::tests::run_action_parses_with_outputs ... ok
#18 91.64 test sema::tests::duplicate_and_reserved_step_ids_are_e106 ... ok
#18 91.64 test sema::tests::undeclared_resource_is_e107 ... ok
#18 91.64 test sema::tests::steps_plus_declarative_fields_is_e103 ... ok
#18 91.64 test sema::tests::external_done_barrier_is_valid_but_self_barrier_is_rejected ... ok
#18 91.64 test sema::tests::cross_module_ref_into_declarative_module ... ok
#18 91.64 test sema::workspace::destinations::tests::duplicate_profile_destinations_label_every_declaration ... ok
#18 91.64 test sema::tests::unknown_dependency_carries_span_and_code ... ok
#18 91.64 test sema::workspace::cycles::tests::production_cycles_label_every_member ... ok
#18 91.64 test sema::workspace::destinations::tests::mixed_policies_over_one_path_still_collide ... ok
#18 91.64 test sema::workspace::names::tests::duplicate_output_names_label_both_spans ... ok
#18 91.64 test sema::workspace::cycles::tests::validation_edges_never_close_a_cycle ... ok
#18 91.64 test sema::workspace::cycles::tests::task_dependency_cycles_are_rejected ... ok
#18 91.64 test sema::workspace::destinations::tests::distinct_markers_over_one_host_file_coexist_but_one_marker_is_one_owner ... ok
#18 91.65 test sema::tests::parses_and_validates_example ... ok
#18 91.65 test sema::workspace::destinations::tests::same_destination_across_profiles_rejects_and_equal_names_coexist ... ok
#18 91.65 test sema::workspace::policy::tests::omitted_required_validation_and_producer_fail_closed_with_both_sites ... ok
#18 91.65 test sema::workspace::policy::tests::omitted_build_input_and_runtime_edges_fail_admission ... ok
#18 91.65 test sema::workspace::refs::tests::selection_target_mismatch_labels_both_sites ... ok
#18 91.65 test sema::workspace::policy::tests::catalog_index_corruption_rejects_before_closure ... ok
#18 91.65 test workspace::platform::tests::target_floor_and_abi_admit_only_compatible_consumers ... ok
#18 91.65 test sema::workspace::tests::profile_with_literal_file_needs_no_synthetic_package ... ok
#18 91.65 test sema::workspace::refs::tests::check_subject_must_resolve_to_an_output ... ok
#18 91.65 test sema::workspace::policy::tests::production_closure_excludes_runtime_and_preserves_validation ... ok
#18 91.65 test sema::workspace::policy::tests::projected_kind_or_binding_reclassification_fails_closed ... ok
#18 91.65 test sema::workspace::policy::tests::adjacent_local_steps_lower_to_ordering_not_build_edges ... ok
#18 91.65 test sema::workspace::tests::provider_backed_package_needs_no_recipe_output ... ok
#18 91.65 test sema::workspace::span_value::tests::decoded_bash_interpolation_rejects_at_original_script_line ... ok
#18 91.65 test sema::workspace::tests::envelope_shape_is_version_dispatched ... ok
#18 91.65 test sema::paths::tests::path_shape_rules ... ok
#18 91.65 test sema::workspace::refs::tests::producer_target_mismatch_labels_both_sites ... ok
#18 91.65 test sema::workspace::tests::unknown_workspace_fields_label_the_declaring_span ... ok
#18 91.65 test sema::workspace::refs::tests::artifact_references_reject_non_artifact_kinds ... ok
#18 91.65 test sema::workspace::span_value::tests::invalid_nested_command_coordinates_remain_source_labeled ... ok
#18 91.65 test sema::workspace::span_value::tests::incompatible_abi_and_unsafe_prefix_label_the_declaration ... ok
#18 91.65 test sema::workspace::span_value::tests::file_content_requires_source_unless_literal ... ok
#18 91.65 test sema::workspace::tests::package_and_recipe_workspace_admits ... ok
#18 91.65 test sema::workspace::tests::provider_fetch_fields_never_drop_silently ... ok
#18 91.65 test sema::workspace::span_value::tests::degenerate_spans_and_values_are_rejected ... ok
#18 91.65 test sema::workspace::policy::tests::projected_reference_site_substitution_fails_closed ... ok
#18 91.65 test sema::workspace::refs::tests::invalid_references_are_rejected ... ok
#18 91.65 test sema::workspace::tests::unknown_workspace_fields_never_drop_silently ... ok
#18 91.65 test sema::workspace::policy::tests::substituted_graph_references_fail_closed_at_declaration ... ok
#18 91.65 test sema::workspace::context::tests::command_references_and_contexts_are_admitted ... ok
#18 91.65 test sema::workspace::refs::tests::task_schedule_profile_image_refs_are_typed ... ok
#18 91.65 test sema::workspace::refs::tests::fixed_prefix_packages_cannot_be_selected_without_prefix ... ok
#18 91.65 test sema::workspace::span_value::tests::escaping_profile_file_destinations_reject_at_the_declaration ... ok
#18 91.66 test sema::workspace::span_value::tests::decoded_repo_file_origin_rejects_paths_outside_the_captured_repository ... ok
#18 91.66 test sema::workspace::refs::tests::artifact_selectors_must_be_normalized_relative_paths ... ok
#18 91.66 
#18 91.66 test result: ok. 68 passed; 0 failed; 0 ignored; 0 measured; 0 filtered out; finished in 0.03s
#18 91.66 
#18 91.66      Running tests/schema_acceptance.rs (target/debug/deps/schema_acceptance-1a169573e71c6ca0)
#18 91.66 
#18 91.66 running 3 tests
#18 91.69 test schema_pattern_assertions_execute ... ok
#18 91.69 test valid_documents_are_admitted_by_both_sides ... ok
#18 91.70 test rejected_documents_fail_both_sides ... ok
#18 91.70 
#18 91.70 test result: ok. 3 passed; 0 failed; 0 ignored; 0 measured; 0 filtered out; finished in 0.04s
#18 91.70 
#18 91.70      Running tests/workspace_admission.rs (target/debug/deps/workspace_admission-69161928380216ad)
#18 91.70 
#18 91.70 running 3 tests
#18 91.70 test provider_backed_package_lists_as_single_output ... ok
#18 91.70 test admitted_workspace_exposes_named_outputs ... ok
#18 91.70 test serialization_preserves_each_version_envelope ... ok
#18 91.70 
#18 91.70 test result: ok. 3 passed; 0 failed; 0 ignored; 0 measured; 0 filtered out; finished in 0.00s
#18 91.70 
#18 91.70      Running tests/workspace_v4_compat.rs (target/debug/deps/workspace_v4_compat-b35fac2a52f57c5d)
#18 91.70 
#18 91.70 running 3 tests
#18 91.71 test versions_reject_each_others_fields_and_bad_refs ... ok
#18 91.74 test historical_recipe_execution_and_fixed_layout_never_gain_new_policy ... ok
#18 91.74 test historical_schema_and_reader_preserve_opaque_platform_strings ... ok
#18 91.74 
#18 91.74 test result: ok. 3 passed; 0 failed; 0 ignored; 0 measured; 0 filtered out; finished in 0.04s
#18 91.74 
#18 91.74      Running tests/workspace_v5_acceptance.rs (target/debug/deps/workspace_v5_acceptance-33fcbef4cdc72330)
#18 91.74 
#18 91.74 running 5 tests
#18 91.83 test version_dispatch_asymmetry ... ok
#18 91.84 test schema_authored_constraints_execute ... ok
#18 91.85 test valid_documents_are_admitted_by_both_sides ... ok
#18 91.85 test rejected_documents_fail_both_sides ... ok
#18 91.85 test each_output_kind_rejects_undeclared_authority_with_its_own_span ... ok
#18 91.85 
#18 91.85 test result: ok. 5 passed; 0 failed; 0 ignored; 0 measured; 0 filtered out; finished in 0.11s
#18 91.85 
#18 91.86      Running unittests src/lib.rs (target/debug/deps/gripsack_lint-548fb042b5698953)
#18 91.86 
#18 91.86 running 8 tests
#18 91.86 test exchange::tests::severity_coercion_and_crash_codes ... ok
#18 91.86 test exchange::tests::spawn_failure_is_e01 ... ok
#18 91.86 test exchange::tests::valid_diagnostics_survive_nonzero_exit ... ok
#18 91.86 test exchange::tests::missing_response_retains_only_last_three_stderr_lines ... ok
#18 91.87 test exchange::tests::pressure_before_input_and_response_before_input_completion ... ok
#18 91.87 test exchange::tests::output_failure_after_response_keeps_diagnostics_and_adds_e02 ... ok
#18 91.92 test exchange::tests::input_limit_is_not_a_success ... ok
#18 96.38 test exchange::tests::silence_and_response_then_linger_are_deadline_failures ... ok
#18 96.38 
#18 96.38 test result: ok. 8 passed; 0 failed; 0 ignored; 0 measured; 0 filtered out; finished in 4.52s
#18 96.38 
#18 96.38      Running unittests src/lib.rs (target/debug/deps/gripsack_policy-6fb76687af620f0e)
#18 96.38 
#18 96.38 running 0 tests
#18 96.38 
#18 96.38 test result: ok. 0 passed; 0 failed; 0 ignored; 0 measured; 0 filtered out; finished in 0.00s
#18 96.38 
#18 96.38      Running tests/name_index.rs (target/debug/deps/name_index-b8d7482da2a86275)
#18 96.38 
#18 96.38 running 1 test
#18 96.38 test catalog_indices_cannot_bind_another_name_or_escape_the_catalog ... ok
#18 96.38 
#18 96.38 test result: ok. 1 passed; 0 failed; 0 ignored; 0 measured; 0 filtered out; finished in 0.00s
#18 96.38 
#18 96.38      Running tests/retention.rs (target/debug/deps/retention-f5332f07ee7f6f7c)
#18 96.39 
#18 96.39 running 2 tests
#18 96.39 test exact_pruning_boundaries_preserve_current_without_shifting_the_prefix ... ok
#18 96.39 test inventory_admits_only_strictly_ascending_identities ... ok
#18 96.39 
#18 96.39 test result: ok. 2 passed; 0 failed; 0 ignored; 0 measured; 0 filtered out; finished in 0.00s
#18 96.39 
#18 96.39      Running tests/schedule_smoke.rs (target/debug/deps/schedule_smoke-94fdc3e3d650f21b)
#18 96.39 
#18 96.39 running 2 tests
#18 96.39 test pure_scheduler_latches_on_failure ... ok
#18 96.39 test pure_scheduler_runs_a_diamond ... ok
#18 96.39 
#18 96.39 test result: ok. 2 passed; 0 failed; 0 ignored; 0 measured; 0 filtered out; finished in 0.00s
#18 96.39 
#18 96.39      Running unittests src/lib.rs (target/debug/deps/gripsack_process-1808502d2508137d)
#18 96.40 
#18 96.40 running 20 tests
#18 96.40 test tests::expired_operation_rejects_spawn_without_overriding_input_failure ... ok
#18 96.40 test tests::input_rejected_before_spawn ... ok
#18 96.40 test tests::lifecycle::no_response_is_a_normal_exit ... ok
#18 96.40 test tests::empty_input_is_closed_immediately ... ok
#18 96.40 test tests::framing_and_input_eof ... ok
#18 96.40 test tests::exact_line_limit_and_empty_lines ... ok
#18 96.40 test tests::lifecycle::exit_and_signal_status_are_not_routing_policy ... ok
#18 96.41 test tests::lifecycle::callback_panic_kills_and_reaps_the_leader ... ok
#18 96.41 test tests::lifecycle::inherited_pipes_are_killed_on_leader_exit_not_after_a_linger ... ok
#18 96.42 test tests::pressure::stdout_and_stderr_floods_are_cumulative ... ok
#18 96.43 test tests::pressure::response_does_not_disable_any_output_bound ... ok
#18 96.43 test tests::spawn_error_and_zero_budget ... ok
#18 96.43 test tests::pressure::response_still_sends_input_and_preserves_exit_failure ... ok
#18 96.44 test tests::tail_is_exact_and_can_be_disabled ... ok
#18 96.44 test tests::pressure::huge_unterminated_line_is_stopped_incrementally ... ok
#18 96.45 test tests::pressure::simultaneous_input_and_output_pressure ... ok
#18 96.53 test tests::pressure::early_stdin_close_is_not_an_io_error ... ok
#18 97.92 test tests::operation_and_exchange_deadlines_each_bound_cleanup ... ok
#18 99.41 test tests::lifecycle::silent_process_with_closed_pipes_still_has_a_deadline ... ok
#18 99.41 test tests::pressure::blocked_input_does_not_block_response_or_deadline ... ok
#18 99.41 
#18 99.41 test result: ok. 20 passed; 0 failed; 0 ignored; 0 measured; 0 filtered out; finished in 3.01s
#18 99.41 
#18 99.41      Running unittests src/lib.rs (target/debug/deps/gripsack_store-565ba7d1566be399)
#18 99.41 
#18 99.41 running 69 tests
#18 99.41 test hash::tests::the_two_identity_domains_never_collide ... ok
#18 99.41 test journal::marker::repeated_model::ambiguous_current_retains_partial_journal_without_touching_destinations ... ok
#18 99.41 test journal::admission_tests::marker_scalar_boundaries_roundtrip_without_identity_loss ... ok
#18 99.41 test journal::admission_tests::required_marker_fields_never_default_to_fresh_state ... ok
#18 99.42 test journal::marker::repeated_model::partial_restore_then_second_crash_keeps_new_edit_and_restores_other_dest ... ok
#18 99.42 test journal::tests::cross_variant_identities_never_compare_equal ... ok
#18 99.42 test journal::admission_tests::marker_wrong_types_duplicates_and_overflow_do_not_admit_facts ... ok
#18 99.42 test hash::tests::canonical_hash_covers_symlink_target ... ok
#18 99.42 test hash::tests::canonical_hash_ignores_mtime_but_not_exec_bit ... ok
#18 99.42 test activation::tests::a_corrupt_record_fails_closed ... ok
#18 99.42 test journal::tests::non_utf8_link_targets_are_refused_not_lossy_compared ... ok
#18 99.42 test hash::reference_vector::pinned_tree_vector ... ok
#18 99.42 test hash::tests::tree_hash_is_deterministic_and_content_sensitive ... ok
#18 99.43 test journal::tests::non_utf8_destinations_are_refused_at_record ... ok
#18 99.43 test journal::model::tests::every_schedule_satisfies_the_oracle ... ok
#18 99.43 test journal::admission_tests::truncation_and_invalid_framing_never_admit_partial_records ... ok
#18 99.43 test activation::tests::pending_record_round_trips_and_clears ... ok
#18 99.43 test journal::tests::wire_admission_rejects_legacy_versions_and_malformed ... ok
#18 99.43 test journal::admission_tests::entry_versions_and_distinct_prior_states_roundtrip ... ok
#18 99.43 test ownership::tests::workspace_markers_cannot_be_reinterpreted_as_legacy_module_names ... ok
#18 99.43 test paths::tests::canonical_dest_refuses_parent_traversal ... ok
#18 99.43 test journal::marker::repeated_model::numeric_commit_mutant_fails_the_identical_oracle ... ok
#18 99.43 test paths::tests::generation_layout ... ok
#18 99.43 test paths::tests::hash_is_stable_and_input_sensitive ... ok
#18 99.43 test paths::tests::home_resolution ... ok
#18 99.43 test journal::admission_tests::entry_missing_duplicate_version_and_scalar_bytes_are_rejected ... ok
#18 99.43 test paths::tests::store_path_format ... ok
#18 99.43 test prior::tests::historical_prior_wire_admits_only_hashes_and_permission_bits ... ok
#18 99.43 test trust::tests::canonical_key_falls_back_to_absolute ... ok
#18 99.46 test paths::tests::canonical_dest_collapses_spelling_aliases ... ok
#18 99.46 test paths::tests::canonical_dest_resolves_a_symlinked_ancestor ... ok
#18 99.46 test hash::tests::overlay_hash_matches_materialized_staging ... ok
#18 99.46 test trust::tests::only_an_explicit_y_trusts ... ok
#18 99.46 test trust::tests::prompt_values_with_control_chars_are_escaped ... ok
#18 99.46 test hash::tests::overlay_hash_of_dir_source_matches_staged_tree ... ok
#18 99.46 test trust::tests::rfc3339_known_instants ... ok
#18 99.46 test trust::tests::sandbox_summary_survives_wrapping_intact ... ok
#18 99.46 test trust::tests::gate_blocks_untrusted_repos_without_a_tty ... ok
#18 99.47 test journal::tests::legacy_untagged_entries_fail_closed_with_evidence_kept ... ok
#18 99.47 test generations::tests::manifests_are_strictly_validated ... ok
#18 99.48 test journal::tests::unsafe_metadata_symlinks_never_read_or_chmod_their_referents ... ok
#18 99.48 test trust::tests::trust_is_keyed_on_canonical_path ... ok
#18 99.48 test journal::tests::malformed_entries_fail_closed_into_quarantine ... ok
#18 99.48 test trust::tests::concurrent_adds_keep_both_entries ... ok
#18 99.49 test trust::tests::remove_forgets_the_repo ... ok
#18 99.49 test generations::tests::manifest_roundtrip_and_listing ... ok
#18 99.49 test prior::tests::captured_blob_is_private_and_corrupt_bytes_cannot_restore ... ok
#18 99.49 test trust::tests::trust_toml_round_trip ... ok
#18 99.49 test generations::tests::flip_and_current ... ok
#18 99.50 test journal::tests::absent_prior_and_symlink_prior_recover ... ok
#18 99.50 test journal::tests::post_crash_edit_beats_the_landed_mutation ... ok
#18 99.50 test journal::tests::recovery_cleanup_keeps_the_pinned_journal_after_a_directory_replacement ... ok
#18 99.50 test journal::tests::tagged_entries_round_trip_through_the_wire ... ok
#18 99.50 test journal::tests::user_edit_after_crash_wins ... ok
#18 99.50 test journal::tests::commit_run_clears_the_window ... ok
#18 99.50 test journal::tests::crash_after_write_restores_prior_bytes ... ok
#18 99.50 test journal::tests::crash_between_record_and_write_restores_prior ... ok
#18 99.51 test journal::tests::post_crash_sentinel_symlink_is_kept ... ok
#18 99.51 test journal::tests::a_retained_v1_entry_recovers_without_inventing_an_intermediate_state ... ok
#18 99.51 test journal::tests::recovery_restores_the_exact_mode ... ok
#18 99.51 test journal::tests::crash_before_flip_restores ... ok
#18 99.53 test journal::tests::crash_after_flip_but_before_cleanup_reads_committed ... ok
#18 99.53 test journal::tests::an_intervening_foreign_edit_cannot_extend_a_journaled_chain ... ok
#18 99.55 test journal::marker::repeated_model::exhaustive_independent_destinations_and_two_crashes ... ok
#18 99.55 test journal::tests::crashed_rollback_restores_priors ... ok
#18 99.56 test journal::tests::completed_rollback_reads_committed ... ok
#18 99.58 test generations::tests::publish_is_atomic_and_allocation_monotonic ... ok
#18 99.65 test journal::tests::repeated_destination_mutations_restore_the_run_original_at_both_crash_windows ... ok
#18 101.6 test journal::admission_tests::rejected_metadata_cannot_reach_destination_effects ... ok
#18 101.6 
#18 101.6 test result: ok. 69 passed; 0 failed; 0 ignored; 0 measured; 0 filtered out; finished in 2.21s
#18 101.6 
#18 101.6      Running unittests src/lib.rs (target/debug/deps/gripsack_trace-5f9edfcb191b89c2)
#18 101.6 
#18 101.6 running 0 tests
#18 101.6 
#18 101.6 test result: ok. 0 passed; 0 failed; 0 ignored; 0 measured; 0 filtered out; finished in 0.00s
#18 101.6 
#18 101.6    Doc-tests griplint
#18 101.7 
#18 101.7 running 0 tests
#18 101.7 
#18 101.7 test result: ok. 0 passed; 0 failed; 0 ignored; 0 measured; 0 filtered out; finished in 0.00s
#18 101.7 
#18 101.7    Doc-tests gripsack_buildkit
#18 101.8 
#18 101.8 running 0 tests
#18 101.8 
#18 101.8 test result: ok. 0 passed; 0 failed; 0 ignored; 0 measured; 0 filtered out; finished in 0.00s
#18 101.8 
#18 101.8    Doc-tests gripsack_config
#18 101.9 
#18 101.9 running 0 tests
#18 101.9 
#18 101.9 test result: ok. 0 passed; 0 failed; 0 ignored; 0 measured; 0 filtered out; finished in 0.00s
#18 101.9 
#18 101.9    Doc-tests gripsack_exec
#18 102.0 
#18 102.0 running 0 tests
#18 102.0 
#18 102.0 test result: ok. 0 passed; 0 failed; 0 ignored; 0 measured; 0 filtered out; finished in 0.00s
#18 102.0 
#18 102.0    Doc-tests gripsack_fetch
#18 102.2 
#18 102.2 running 0 tests
#18 102.2 
#18 102.2 test result: ok. 0 passed; 0 failed; 0 ignored; 0 measured; 0 filtered out; finished in 0.00s
#18 102.2 
#18 102.2    Doc-tests gripsack_fs
#18 102.2 
#18 102.2 running 0 tests
#18 102.2 
#18 102.2 test result: ok. 0 passed; 0 failed; 0 ignored; 0 measured; 0 filtered out; finished in 0.00s
#18 102.2 
#18 102.2    Doc-tests gripsack_fuzz
#18 102.3 
#18 102.3 running 0 tests
#18 102.3 
#18 102.3 test result: ok. 0 passed; 0 failed; 0 ignored; 0 measured; 0 filtered out; finished in 0.00s
#18 102.3 
#18 102.3    Doc-tests gripsack_ir
#18 102.7 
#18 102.7 running 0 tests
#18 102.7 
#18 102.7 test result: ok. 0 passed; 0 failed; 0 ignored; 0 measured; 0 filtered out; finished in 0.00s
#18 102.7 
#18 102.7    Doc-tests gripsack_lint
#18 102.7 
#18 102.7 running 0 tests
#18 102.7 
#18 102.7 test result: ok. 0 passed; 0 failed; 0 ignored; 0 measured; 0 filtered out; finished in 0.00s
#18 102.7 
#18 102.8    Doc-tests gripsack_policy
#18 102.9 
#18 102.9 running 1 test
#18 103.0 test crates/gripsack-policy/src/generation.rs - generation::GenerationInventory (line 56) - compile fail ... ok
#18 103.0 
#18 103.0 test result: ok. 1 passed; 0 failed; 0 ignored; 0 measured; 0 filtered out; finished in 0.08s
#18 103.0 
#18 103.0    Doc-tests gripsack_process
#18 103.0 
#18 103.0 running 0 tests
#18 103.0 
#18 103.0 test result: ok. 0 passed; 0 failed; 0 ignored; 0 measured; 0 filtered out; finished in 0.00s
#18 103.0 
#18 103.0    Doc-tests gripsack_store
#18 103.2 
#18 103.2 running 0 tests
#18 103.2 
#18 103.2 test result: ok. 0 passed; 0 failed; 0 ignored; 0 measured; 0 filtered out; finished in 0.00s
#18 103.2 
#18 103.2    Doc-tests gripsack_trace
#18 103.2 
#18 103.2 running 0 tests
#18 103.2 
#18 103.2 test result: ok. 0 passed; 0 failed; 0 ignored; 0 measured; 0 filtered out; finished in 0.00s
#18 103.2 
#18 DONE 103.4s

#19 [test 2/2] RUN apk add --no-cache python3     && cargo package --list -p gripsack-exec | grep -q "embedded_frontend.rs"     && python3 scripts/gen_diagnostic_registry.py --check     && python3 scripts/gen_diagnostic_registry.py --self-check     && python3 scripts/gen_frontend_embed.py --check     && python3 scripts/check_scheduler_loom.py     && python3 scripts/check_journal_admission.py     && python3 scripts/check_gc_roots.py
#19 1.228 ( 1/13) Installing libbz2 (1.0.8-r6)
#19 1.244 ( 2/13) Installing libffi (3.5.2-r1)
#19 1.256 ( 3/13) Installing gdbm (1.26-r0)
#19 1.289 ( 4/13) Installing mpdecimal (4.0.1-r0)
#19 1.305 ( 5/13) Installing ncurses-terminfo-base (6.6_p20260516-r0)
#19 1.323 ( 6/13) Installing libncursesw (6.6_p20260516-r0)
#19 1.339 ( 7/13) Installing libpanelw (6.6_p20260516-r0)
#19 1.351 ( 8/13) Installing readline (8.3.3-r1)
#19 1.368 ( 9/13) Installing sqlite-libs (3.53.4-r0)
#19 1.440 (10/13) Installing python3 (3.14.7-r1)
#19 1.875 (11/13) Installing python3-pycache-pyc0 (3.14.7-r1)
#19 2.119 (12/13) Installing pyc (3.14.7-r1)
#19 2.119 (13/13) Installing python3-pyc (3.14.7-r1)
#19 2.119 Executing busybox-1.37.0-r31.trigger
#19 2.129 OK: 246.6 MiB in 58 packages
#19 2.279 diagnostic registry: 39 unique core codes, 5 frontend allocations; generated files fresh
#19 2.304 calibration: invalid registry version rejected on its named property
#19 2.304 calibration: duplicate diagnostic code rejected on its named property
#19 2.304 calibration: duplicate frontend diagnostic name rejected on its named property
#19 2.304 diagnostic registry calibration: 3 named mutants rejected
#19 2.342 embedded_frontend.rs: fresh (31 files)
#19 2.677 RUNNER_COMMAND=cargo test --locked -p gripsack-exec --features loom-tests --lib schedule::coordination::model::
#19 40.40    Compiling proc-macro2 v1.0.107
#19 40.40    Compiling quote v1.0.47
#19 40.40    Compiling unicode-ident v1.0.24
#19 40.40    Compiling libc v0.2.189
#19 40.40    Compiling find-msvc-tools v0.1.11
#19 40.40    Compiling shlex v2.0.1
#19 40.40    Compiling cfg-if v1.0.4
#19 40.40    Compiling stable_deref_trait v1.2.1
#19 40.40    Compiling once_cell v1.21.4
#19 40.40    Compiling serde_core v1.0.229
#19 40.40    Compiling rustix v1.1.4
#19 40.40    Compiling pkg-config v0.3.34
#19 40.40    Compiling bitflags v2.13.1
#19 40.40    Compiling linux-raw-sys v0.12.1
#19 40.40    Compiling verus_prettyplease v0.0.0-2026-09-06-0133
#19 40.40    Compiling hashbrown v0.17.1
#19 40.40    Compiling log v0.4.34
#19 40.40    Compiling writeable v0.6.4
#19 40.40    Compiling litemap v0.8.3
#19 40.40    Compiling equivalent v1.0.2
#19 40.40    Compiling zmij v1.0.23
#19 40.40    Compiling icu_normalizer_data v2.3.0
#19 40.40    Compiling icu_properties_data v2.3.0
#19 40.40    Compiling zeroize v1.9.0
#19 40.40    Compiling smallvec v1.15.2
#19 40.40    Compiling io-lifetimes v3.0.1
#19 40.40    Compiling io-lifetimes v2.0.4
#19 40.40    Compiling utf8_iter v1.0.4
#19 40.40    Compiling serde_json v1.0.151
#19 40.40    Compiling io-extras v0.19.0
#19 40.40    Compiling typenum v1.20.1
#19 40.40    Compiling vstd v0.0.0-2026-09-06-0133
#19 40.40    Compiling serde v1.0.229
#19 40.40    Compiling convert_case v0.4.0
#19 40.40    Compiling memchr v2.8.3
#19 40.40    Compiling verus_builtin v0.0.0-2026-09-06-0133
#19 40.40    Compiling itoa v1.0.18
#19 40.40    Compiling rustls-pki-types v1.15.1
#19 40.40    Compiling crc32fast v1.5.1
#19 40.40    Compiling rustversion v1.0.23
#19 40.40    Compiling winnow v1.0.4
#19 40.40    Compiling cap-primitives v4.0.3
#19 40.40    Compiling thiserror v2.0.20
#19 40.40    Compiling tracing-core v0.1.36
#19 40.40    Compiling simd-adler32 v0.3.10
#19 40.40    Compiling untrusted v0.9.0
#19 40.40    Compiling cap-std v4.0.3
#19 40.40    Compiling zstd-safe v7.2.4
#19 40.40    Compiling maybe-owned v0.3.4
#19 40.40    Compiling getrandom v0.4.3
#19 40.40    Compiling ambient-authority v0.0.2
#19 40.40    Compiling ipnet v2.12.1
#19 40.40    Compiling toml_writer v1.1.2+spec-1.1.0
#19 40.40    Compiling adler2 v2.0.1
#19 40.40    Compiling const-oid v0.10.2
#19 40.40    Compiling percent-encoding v2.3.2
#19 40.40    Compiling pin-project-lite v0.2.17
#19 40.40    Compiling regex-syntax v0.8.11
#19 40.40    Compiling rustls v0.23.45
#19 40.40    Compiling form_urlencoded v1.2.2
#19 40.40    Compiling miniz_oxide v0.8.9
#19 40.40    Compiling libbz2-rs-sys v0.2.5
#19 40.40    Compiling winnow v0.7.15
#19 40.40    Compiling bumpalo v3.20.3
#19 40.40    Compiling lazy_static v1.5.0
#19 40.40    Compiling zlib-rs v0.6.7
#19 40.40    Compiling cpufeatures v0.3.0
#19 40.40    Compiling fastrand v2.5.0
#19 40.40    Compiling subtle v2.6.1
#19 40.40    Compiling webpki-roots v1.0.9
#19 40.40    Compiling sharded-slab v0.1.7
#19 40.40    Compiling thread_local v1.1.10
#19 40.40    Compiling nu-ansi-term v0.50.3
#19 40.40    Compiling openssl-probe v0.2.1
#19 40.40    Compiling toml_parser v1.1.3+spec-1.1.0
#19 40.40    Compiling typed-path v0.12.3
#19 40.40    Compiling base64 v0.22.1
#19 40.40    Compiling webpki-roots v0.26.11
#19 40.40    Compiling tracing-log v0.2.0
#19 40.40    Compiling rustls-native-certs v0.8.4
#19 40.40    Compiling httpdate v1.0.3
#19 40.40    Compiling scoped-tls v1.0.1
#19 40.40    Compiling zopfli v0.8.3
#19 40.40    Compiling indexmap v2.14.0
#19 40.40    Compiling bzip2 v0.6.1
#19 40.40    Compiling hybrid-array v0.4.14
#19 40.40    Compiling syn v2.0.119
#19 40.40    Compiling syn v3.0.4
#19 40.40    Compiling verus_syn v0.0.0-2026-09-06-0133
#19 40.40    Compiling jobserver v0.1.35
#19 40.40    Compiling getrandom v0.2.17
#19 40.40    Compiling filetime v0.2.29
#19 40.40    Compiling gripsack-process v0.42.0 (/tmp/gripsack-loom-6l1lebel/source/crates/gripsack-process)
#19 40.40    Compiling block-buffer v0.12.1
#19 40.40    Compiling crypto-common v0.2.2
#19 40.40    Compiling cc v1.4.4
#19 40.40    Compiling regex-automata v0.4.18
#19 40.40    Compiling digest v0.11.3
#19 40.40    Compiling sha2 v0.11.0
#19 40.40    Compiling serde_spanned v1.1.1
#19 40.40    Compiling toml_datetime v0.7.5+spec-1.1.0
#19 40.40    Compiling toml_datetime v1.1.1+spec-1.1.0
#19 40.40    Compiling ring v0.17.14
#19 40.40    Compiling zstd-sys v2.0.16+zstd.1.5.7
#19 40.40    Compiling lzma-sys v0.1.20
#19 40.40    Compiling generator v0.8.10
#19 40.40    Compiling toml v1.1.4+spec-1.1.0
#19 40.40    Compiling flate2 v1.1.9
#19 40.40    Compiling toml v0.9.12+spec-1.1.0
#19 40.40    Compiling matchers v0.2.0
#19 40.40    Compiling rustix-linux-procfs v0.1.1
#19 40.40    Compiling fs-set-times v0.20.3
#19 40.40    Compiling xattr v1.6.1
#19 40.40    Compiling tempfile v3.27.0
#19 40.40    Compiling zerovec-derive v0.11.6
#19 40.40    Compiling displaydoc v0.2.7
#19 40.40    Compiling serde_derive v1.0.229
#19 40.40    Compiling thiserror-impl v2.0.20
#19 40.40    Compiling xz2 v0.1.7
#19 40.40    Compiling tar v0.4.46
#19 40.40    Compiling gripsack-fs v0.42.0 (/tmp/gripsack-loom-6l1lebel/source/crates/gripsack-fs)
#19 40.40    Compiling synstructure v0.13.2
#19 40.40    Compiling rustls-webpki v0.103.15
#19 40.40    Compiling zstd v0.13.3
#19 40.40    Compiling zip v8.6.0
#19 40.40    Compiling zerofrom-derive v0.1.7
#19 40.40    Compiling yoke-derive v0.8.2
#19 40.40    Compiling tracing-attributes v0.1.31
#19 40.40    Compiling zerofrom v0.1.8
#19 40.40    Compiling tracing v0.1.44
#19 40.40    Compiling yoke v0.8.3
#19 40.40    Compiling tracing-subscriber v0.3.23
#19 40.40    Compiling zerovec v0.11.8
#19 40.40    Compiling zerotrie v0.2.5
#19 40.40    Compiling verus_builtin_macros v0.0.0-2026-09-06-0133
#19 40.40    Compiling verus_state_machines_macros v0.0.0-2026-09-06-0133
#19 40.40    Compiling tinystr v0.8.4
#19 40.40    Compiling potential_utf v0.1.6
#19 40.40    Compiling icu_collections v2.3.0
#19 40.40    Compiling icu_locale_core v2.3.0
#19 40.40    Compiling loom v0.7.2
#19 40.40    Compiling icu_provider v2.3.1
#19 40.40    Compiling icu_normalizer v2.3.0
#19 40.40    Compiling icu_properties v2.3.0
#19 40.40    Compiling idna_adapter v1.2.2
#19 40.40    Compiling idna v1.1.0
#19 40.40    Compiling url v2.5.8
#19 40.40    Compiling ureq v2.12.1
#19 40.40    Compiling gripsack-policy v0.42.0 (/tmp/gripsack-loom-6l1lebel/source/crates/gripsack-policy)
#19 40.40    Compiling gripsack-ir v0.42.0 (/tmp/gripsack-loom-6l1lebel/source/crates/gripsack-ir)
#19 40.40    Compiling gripsack-store v0.42.0 (/tmp/gripsack-loom-6l1lebel/source/crates/gripsack-store)
#19 40.40    Compiling gripsack-config v0.42.0 (/tmp/gripsack-loom-6l1lebel/source/crates/gripsack-config)
#19 40.40    Compiling gripsack-fetch v0.42.0 (/tmp/gripsack-loom-6l1lebel/source/crates/gripsack-fetch)
#19 40.40    Compiling gripsack-exec v0.42.0 (/tmp/gripsack-loom-6l1lebel/source/crates/gripsack-exec)
#19 40.40     Finished `test` profile [unoptimized + debuginfo] target(s) in 37.67s
#19 40.40      Running unittests src/lib.rs (/tmp/gripsack-loom-6l1lebel/target/debug/deps/gripsack_exec-cdf4089161a5c5c5)
#19 40.40 
#19 40.40 running 3 tests
#19 40.40 test schedule::coordination::model::panic_completes_once_and_wakes_waiters ... ok
#19 40.40 test schedule::coordination::model::failure_latches_and_drains_without_lost_notification ... ok
#19 40.40 test schedule::coordination::model::diamond_completion_wakes_waiters_and_publishes_dependencies ... ok
#19 40.40 
#19 40.40 test result: ok. 3 passed; 0 failed; 0 ignored; 0 measured; 55 filtered out; finished in 0.06s
#19 40.40 
#19 40.40 
#19 40.40 LOOM_SCHEDULER=3
#19 40.40 RUNNER_COMMAND=cargo test --locked -p gripsack-exec --features loom-tests --lib schedule::coordination::model::diamond_completion_wakes_waiters_and_publishes_dependencies
#19 43.96    Compiling gripsack-exec v0.42.0 (/tmp/gripsack-loom-6l1lebel/source/crates/gripsack-exec)
#19 43.96     Finished `test` profile [unoptimized + debuginfo] target(s) in 3.38s
#19 43.96      Running unittests src/lib.rs (/tmp/gripsack-loom-6l1lebel/target/debug/deps/gripsack_exec-cdf4089161a5c5c5)
#19 43.96 
#19 43.96 running 1 test
#19 43.96 
#19 43.96 thread 'schedule::coordination::model::diamond_completion_wakes_waiters_and_publishes_dependencies' (4071) panicked at /usr/local/cargo/registry/src/index.crates.io-1949cf8c6b5b557f/loom-0.7.2/src/rt/execution.rs:216:13:
#19 43.96 deadlock; threads = [(Id(0), Blocked(Location(None))), (Id(1), Terminated), (Id(2), Blocked(Location(None)))]
#19 43.96 note: run with `RUST_BACKTRACE=1` environment variable to display a backtrace
#19 43.96 
#19 43.96 thread 'schedule::coordination::model::diamond_completion_wakes_waiters_and_publishes_dependencies' (4071) panicked at /usr/local/cargo/registry/src/index.crates.io-1949cf8c6b5b557f/loom-0.7.2/src/rt/thread.rs:276:39:
#19 43.96 called `Option::unwrap()` on a `None` value
#19 43.96 stack backtrace:
#19 43.96    0:     0x76fe0cfc7d01 - std[f4f322d5fb81df6e]::backtrace_rs::backtrace::libunwind::trace
#19 43.96                                at /rustc/88d9e12ae178fab0fb5cc050a94da85685d449ea/library/std/src/../../backtrace/src/backtrace/libunwind.rs:117:9
#19 43.96    1:     0x76fe0cfc7d01 - std[f4f322d5fb81df6e]::backtrace_rs::backtrace::trace_unsynchronized::<std[f4f322d5fb81df6e]::sys::backtrace::_print_fmt::{closure#1}>
#19 43.96                                at /rustc/88d9e12ae178fab0fb5cc050a94da85685d449ea/library/std/src/../../backtrace/src/backtrace/mod.rs:66:14
#19 43.96    2:     0x76fe0cfc7d01 - std[f4f322d5fb81df6e]::sys::backtrace::_print_fmt
#19 43.96                                at /rustc/88d9e12ae178fab0fb5cc050a94da85685d449ea/library/std/src/sys/backtrace.rs:74:9
#19 43.96    3:     0x76fe0cfc7d01 - <<std[f4f322d5fb81df6e]::sys::backtrace::BacktraceLock>::print::DisplayBacktrace as core[5d33459993e3d723]::fmt::Display>::fmt
#19 43.96                                at /rustc/88d9e12ae178fab0fb5cc050a94da85685d449ea/library/std/src/sys/backtrace.rs:44:26
#19 43.96    4:     0x76fe0cffd0aa - <core[5d33459993e3d723]::fmt::rt::Argument>::fmt
#19 43.96                                at /rustc/88d9e12ae178fab0fb5cc050a94da85685d449ea/library/core/src/fmt/rt.rs:152:76
#19 43.96    5:     0x76fe0cffd0aa - core[5d33459993e3d723]::fmt::write
#19 43.96    6:     0x76fe0cfcd74c - std[f4f322d5fb81df6e]::io::default_write_fmt::<alloc[f3282932177de6b4]::vec::Vec<u8>>
#19 43.96                                at /rustc/88d9e12ae178fab0fb5cc050a94da85685d449ea/library/std/src/io/mod.rs:626:11
#19 43.96    7:     0x76fe0cfcd74c - <alloc[f3282932177de6b4]::vec::Vec<u8> as std[f4f322d5fb81df6e]::io::Write>::write_fmt
#19 43.96                                at /rustc/88d9e12ae178fab0fb5cc050a94da85685d449ea/library/std/src/io/mod.rs:1730:13
#19 43.96    8:     0x76fe0cfa24e2 - <std[f4f322d5fb81df6e]::sys::backtrace::BacktraceLock>::print
#19 43.96                                at /rustc/88d9e12ae178fab0fb5cc050a94da85685d449ea/library/std/src/sys/backtrace.rs:47:9
#19 43.96    9:     0x76fe0cfa24e2 - std[f4f322d5fb81df6e]::panicking::default_hook::{closure#0}
#19 43.96                                at /rustc/88d9e12ae178fab0fb5cc050a94da85685d449ea/library/std/src/panicking.rs:292:27
#19 43.96   10:     0x76fe0cfbe194 - std[f4f322d5fb81df6e]::panicking::default_hook
#19 43.96                                at /rustc/88d9e12ae178fab0fb5cc050a94da85685d449ea/library/std/src/panicking.rs:316:9
#19 43.96   11:     0x76fe0c66a810 - <alloc[f3282932177de6b4]::boxed::Box<dyn for<'a, 'b> core[5d33459993e3d723]::ops::function::Fn<(&'a std[f4f322d5fb81df6e]::panic::PanicHookInfo<'b>,), Output = ()> + core[5d33459993e3d723]::marker::Send + core[5d33459993e3d723]::marker::Sync> as core[5d33459993e3d723]::ops::function::Fn<(&std[f4f322d5fb81df6e]::panic::PanicHookInfo,)>>::call
#19 43.96                                at /rustc/88d9e12ae178fab0fb5cc050a94da85685d449ea/library/alloc/src/boxed.rs:2333:9
#19 43.96   12:     0x76fe0c66a810 - test[4256d8fa28ac835e]::test_main_inner::<test[4256d8fa28ac835e]::test_main_static::{closure#0}>::{closure#0}
#19 43.96                                at /rustc/88d9e12ae178fab0fb5cc050a94da85685d449ea/library/test/src/lib.rs:155:21
#19 43.96   13:     0x76fe0c6eefe3 - <alloc[f3282932177de6b4]::boxed::Box<dyn for<'a, 'b> core[5d33459993e3d723]::ops::function::Fn<(&'a std[f4f322d5fb81df6e]::panic::PanicHookInfo<'b>,), Output = ()> + core[5d33459993e3d723]::marker::Send + core[5d33459993e3d723]::marker::Sync> as core[5d33459993e3d723]::ops::function::Fn<(&std[f4f322d5fb81df6e]::panic::PanicHookInfo,)>>::call
#19 43.96                                at /rustc/88d9e12ae178fab0fb5cc050a94da85685d449ea/library/alloc/src/boxed.rs:2333:9
#19 43.96   14:     0x76fe0c6ea5b4 - generator[87b94d97073f9995]::detail::gen::catch_unwind_filter::<generator[87b94d97073f9995]::detail::gen::gen_init_impl::{closure#0}, ()>::{closure#0}::{closure#0}
#19 43.96                                at /usr/local/cargo/registry/src/index.crates.io-1949cf8c6b5b557f/generator-0.8.10/src/detail/gen.rs:19:13
#19 43.96   15:     0x76fe0cfbe4c2 - <alloc[f3282932177de6b4]::boxed::Box<dyn for<'a, 'b> core[5d33459993e3d723]::ops::function::Fn<(&'a std[f4f322d5fb81df6e]::panic::PanicHookInfo<'b>,), Output = ()> + core[5d33459993e3d723]::marker::Send + core[5d33459993e3d723]::marker::Sync> as core[5d33459993e3d723]::ops::function::Fn<(&std[f4f322d5fb81df6e]::panic::PanicHookInfo,)>>::call
#19 43.96                                at /rustc/88d9e12ae178fab0fb5cc050a94da85685d449ea/library/alloc/src/boxed.rs:2333:9
#19 43.96   16:     0x76fe0cfbe4c2 - std[f4f322d5fb81df6e]::panicking::panic_with_hook
#19 43.96                                at /rustc/88d9e12ae178fab0fb5cc050a94da85685d449ea/library/std/src/panicking.rs:823:13
#19 43.96   17:     0x76fe0cfa25c4 - std[f4f322d5fb81df6e]::panicking::panic_handler::{closure#0}
#19 43.96                                at /rustc/88d9e12ae178fab0fb5cc050a94da85685d449ea/library/std/src/panicking.rs:681:13
#19 43.96   18:     0x76fe0cf999c9 - std[f4f322d5fb81df6e]::sys::backtrace::__rust_end_short_backtrace::<std[f4f322d5fb81df6e]::panicking::panic_handler::{closure#0}, !>
#19 43.96                                at /rustc/88d9e12ae178fab0fb5cc050a94da85685d449ea/library/std/src/sys/backtrace.rs:182:18
#19 43.96   19:     0x76fe0cfa369d - __rustc[4b1ee1ef74718a7b]::rust_begin_unwind
#19 43.96                                at /rustc/88d9e12ae178fab0fb5cc050a94da85685d449ea/library/std/src/panicking.rs:679:5
#19 43.96   20:     0x76fe0c4c6bac - core[5d33459993e3d723]::panicking::panic_fmt
#19 43.96                                at /rustc/88d9e12ae178fab0fb5cc050a94da85685d449ea/library/core/src/panicking.rs:80:14
#19 43.96   21:     0x76fe0c4c6b72 - core[5d33459993e3d723]::panicking::panic
#19 43.96                                at /rustc/88d9e12ae178fab0fb5cc050a94da85685d449ea/library/core/src/panicking.rs:150:5
#19 43.96   22:     0x76fe0c4c6899 - core[5d33459993e3d723]::option::unwrap_failed
#19 43.96                                at /rustc/88d9e12ae178fab0fb5cc050a94da85685d449ea/library/core/src/option.rs:2251:5
#19 43.96   23:     0x76fe0c6c1a6d - <core[5d33459993e3d723]::option::Option<usize>>::unwrap
#19 43.96                                at /rustc/88d9e12ae178fab0fb5cc050a94da85685d449ea/library/core/src/option.rs:1014:21
#19 43.96   24:     0x76fe0c6c1a6d - <loom[c97bddb326b4e68f]::rt::thread::Set>::active_mut
#19 43.96                                at /usr/local/cargo/registry/src/index.crates.io-1949cf8c6b5b557f/loom-0.7.2/src/rt/thread.rs:276:39
#19 43.96   25:     0x76fe0c6cdaf5 - <loom[c97bddb326b4e68f]::rt::object::Ref<loom[c97bddb326b4e68f]::rt::arc::State>>::set_action
#19 43.96                                at /usr/local/cargo/registry/src/index.crates.io-1949cf8c6b5b557f/loom-0.7.2/src/rt/object.rs:387:27
#19 43.96   26:     0x76fe0c6cb5e8 - <loom[c97bddb326b4e68f]::rt::object::Ref<loom[c97bddb326b4e68f]::rt::arc::State>>::branch_action::<loom[c97bddb326b4e68f]::rt::arc::Action>::{closure#0}
#19 43.96                                at /usr/local/cargo/registry/src/index.crates.io-1949cf8c6b5b557f/loom-0.7.2/src/rt/object.rs:354:18
#19 43.96   27:     0x76fe0c6a611c - loom[c97bddb326b4e68f]::rt::branch::<<loom[c97bddb326b4e68f]::rt::object::Ref<loom[c97bddb326b4e68f]::rt::arc::State>>::branch_action<loom[c97bddb326b4e68f]::rt::arc::Action>::{closure#0}, ()>::{closure#0}
#19 43.96                                at /usr/local/cargo/registry/src/index.crates.io-1949cf8c6b5b557f/loom-0.7.2/src/rt/mod.rs:122:19
#19 43.96   28:     0x76fe0c6a1b91 - <loom[c97bddb326b4e68f]::rt::scheduler::Scheduler>::with_execution::<loom[c97bddb326b4e68f]::rt::branch<<loom[c97bddb326b4e68f]::rt::object::Ref<loom[c97bddb326b4e68f]::rt::arc::State>>::branch_action<loom[c97bddb326b4e68f]::rt::arc::Action>::{closure#0}, ()>::{closure#0}, ((), bool)>::{closure#0}
#19 43.96                                at /usr/local/cargo/registry/src/index.crates.io-1949cf8c6b5b557f/loom-0.7.2/src/rt/scheduler.rs:43:34
#19 43.96   29:     0x76fe0c69fc2e - <loom[c97bddb326b4e68f]::rt::scheduler::Scheduler>::with_state::<<loom[c97bddb326b4e68f]::rt::scheduler::Scheduler>::with_execution<loom[c97bddb326b4e68f]::rt::branch<<loom[c97bddb326b4e68f]::rt::object::Ref<loom[c97bddb326b4e68f]::rt::arc::State>>::branch_action<loom[c97bddb326b4e68f]::rt::arc::Action>::{closure#0}, ()>::{closure#0}, ((), bool)>::{closure#0}, ((), bool)>::{closure#0}
#19 43.96                                at /usr/local/cargo/registry/src/index.crates.io-1949cf8c6b5b557f/loom-0.7.2/src/rt/scheduler.rs:131:28
#19 43.96   30:     0x76fe0c6a2a81 - <scoped_tls[87e03fecbc1fc0b7]::ScopedKey<core[5d33459993e3d723]::cell::RefCell<loom[c97bddb326b4e68f]::rt::scheduler::State>>>::with::<<loom[c97bddb326b4e68f]::rt::scheduler::Scheduler>::with_state<<loom[c97bddb326b4e68f]::rt::scheduler::Scheduler>::with_execution<loom[c97bddb326b4e68f]::rt::branch<<loom[c97bddb326b4e68f]::rt::object::Ref<loom[c97bddb326b4e68f]::rt::arc::State>>::branch_action<loom[c97bddb326b4e68f]::rt::arc::Action>::{closure#0}, ()>::{closure#0}, ((), bool)>::{closure#0}, ((), bool)>::{closure#0}, ((), bool)>
#19 43.96                                at /usr/local/cargo/registry/src/index.crates.io-1949cf8c6b5b557f/scoped-tls-1.0.1/src/lib.rs:171:13
#19 43.96   31:     0x76fe0c69e0de - <loom[c97bddb326b4e68f]::rt::scheduler::Scheduler>::with_state::<<loom[c97bddb326b4e68f]::rt::scheduler::Scheduler>::with_execution<loom[c97bddb326b4e68f]::rt::branch<<loom[c97bddb326b4e68f]::rt::object::Ref<loom[c97bddb326b4e68f]::rt::arc::State>>::branch_action<loom[c97bddb326b4e68f]::rt::arc::Action>::{closure#0}, ()>::{closure#0}, ((), bool)>::{closure#0}, ((), bool)>
#19 43.96                                at /usr/local/cargo/registry/src/index.crates.io-1949cf8c6b5b557f/loom-0.7.2/src/rt/scheduler.rs:131:15
#19 43.96   32:     0x76fe0c69f616 - <loom[c97bddb326b4e68f]::rt::scheduler::Scheduler>::with_execution::<loom[c97bddb326b4e68f]::rt::branch<<loom[c97bddb326b4e68f]::rt::object::Ref<loom[c97bddb326b4e68f]::rt::arc::State>>::branch_action<loom[c97bddb326b4e68f]::rt::arc::Action>::{closure#0}, ()>::{closure#0}, ((), bool)>
#19 43.96                                at /usr/local/cargo/registry/src/index.crates.io-1949cf8c6b5b557f/loom-0.7.2/src/rt/scheduler.rs:43:9
#19 43.96   33:     0x76fe0c6a54b6 - loom[c97bddb326b4e68f]::rt::execution::<loom[c97bddb326b4e68f]::rt::branch<<loom[c97bddb326b4e68f]::rt::object::Ref<loom[c97bddb326b4e68f]::rt::arc::State>>::branch_action<loom[c97bddb326b4e68f]::rt::arc::Action>::{closure#0}, ()>::{closure#0}, ((), bool)>
#19 43.96                                at /usr/local/cargo/registry/src/index.crates.io-1949cf8c6b5b557f/loom-0.7.2/src/rt/mod.rs:174:5
#19 43.96   34:     0x76fe0c6a51b9 - loom[c97bddb326b4e68f]::rt::branch::<<loom[c97bddb326b4e68f]::rt::object::Ref<loom[c97bddb326b4e68f]::rt::arc::State>>::branch_action<loom[c97bddb326b4e68f]::rt::arc::Action>::{closure#0}, ()>
#19 43.96                                at /usr/local/cargo/registry/src/index.crates.io-1949cf8c6b5b557f/loom-0.7.2/src/rt/mod.rs:121:25
#19 43.96   35:     0x76fe0c6caec8 - <loom[c97bddb326b4e68f]::rt::object::Ref<loom[c97bddb326b4e68f]::rt::arc::State>>::branch_action::<loom[c97bddb326b4e68f]::rt::arc::Action>
#19 43.96                                at /usr/local/cargo/registry/src/index.crates.io-1949cf8c6b5b557f/loom-0.7.2/src/rt/object.rs:351:9
#19 43.96   36:     0x76fe0c6c8de0 - <loom[c97bddb326b4e68f]::rt::arc::Arc>::branch
#19 43.96                                at /usr/local/cargo/registry/src/index.crates.io-1949cf8c6b5b557f/loom-0.7.2/src/rt/arc.rs:160:11
#19 43.96   37:     0x76fe0c6c8e82 - <loom[c97bddb326b4e68f]::rt::arc::Arc>::ref_dec
#19 43.96                                at /usr/local/cargo/registry/src/index.crates.io-1949cf8c6b5b557f/loom-0.7.2/src/rt/arc.rs:113:14
#19 43.96   38:     0x76fe0c532e48 - <loom[c97bddb326b4e68f]::sync::arc::Arc<alloc[f3282932177de6b4]::vec::Vec<loom[c97bddb326b4e68f]::sync::atomic::int::AtomicUsize>> as core[5d33459993e3d723]::ops::drop::Drop>::drop
#19 43.96                                at /usr/local/cargo/registry/src/index.crates.io-1949cf8c6b5b557f/loom-0.7.2/src/sync/arc.rs:247:21
#19 43.96   39:     0x76fe0c52ba5a - core[5d33459993e3d723]::ptr::drop_glue::<loom[c97bddb326b4e68f]::sync::arc::Arc<alloc[f3282932177de6b4]::vec::Vec<loom[c97bddb326b4e68f]::sync::atomic::int::AtomicUsize>>>
#19 43.96                                at /rustc/88d9e12ae178fab0fb5cc050a94da85685d449ea/library/core/src/ptr/mod.rs:823:1
#19 43.96   40:     0x76fe0c53c61b - gripsack_exec[5c66142f6d82a231]::schedule::coordination::model::explore::{closure#0}
#19 43.96                                at /tmp/gripsack-loom-6l1lebel/source/crates/gripsack-exec/src/schedule/coordination_model.rs:87:5
#19 43.96   41:     0x76fe0c651271 - <loom[c97bddb326b4e68f]::model::Builder>::check::<gripsack_exec[5c66142f6d82a231]::schedule::coordination::model::explore::{closure#0}>::{closure#0}
#19 43.96                                at /usr/local/cargo/registry/src/index.crates.io-1949cf8c6b5b557f/loom-0.7.2/src/model.rs:194:17
#19 43.96   42:     0x76fe0c52f441 - <<loom[c97bddb326b4e68f]::model::Builder>::check<gripsack_exec[5c66142f6d82a231]::schedule::coordination::model::explore::{closure#0}>::{closure#0} as core[5d33459993e3d723]::ops::function::FnOnce<()>>::call_once::{shim:vtable#0}
#19 43.96                                at /rustc/88d9e12ae178fab0fb5cc050a94da85685d449ea/library/core/src/ops/function.rs:250:5
#19 43.96   43:     0x76fe0c6b4918 - <alloc[f3282932177de6b4]::boxed::Box<dyn core[5d33459993e3d723]::ops::function::FnOnce<(), Output = ()>> as core[5d33459993e3d723]::ops::function::FnOnce<()>>::call_once
#19 43.96                                at /rustc/88d9e12ae178fab0fb5cc050a94da85685d449ea/library/alloc/src/boxed.rs:2319:9
#19 43.96   44:     0x76fe0c6a221b - loom[c97bddb326b4e68f]::rt::scheduler::spawn_thread::{closure#0}
#19 43.96                                at /usr/local/cargo/registry/src/index.crates.io-1949cf8c6b5b557f/loom-0.7.2/src/rt/scheduler.rs:142:17
#19 43.96   45:     0x76fe0c6ba9ae - <loom[c97bddb326b4e68f]::rt::scheduler::spawn_thread::{closure#0} as core[5d33459993e3d723]::ops::function::FnOnce<()>>::call_once
#19 43.96                                at /rustc/88d9e12ae178fab0fb5cc050a94da85685d449ea/library/core/src/ops/function.rs:250:5
#19 43.96   46:     0x76fe0c6b7152 - <generator[87b94d97073f9995]::gen_impl::GeneratorImpl<core[5d33459993e3d723]::option::Option<alloc[f3282932177de6b4]::boxed::Box<dyn core[5d33459993e3d723]::ops::function::FnOnce<(), Output = ()>>>, ()>>::init_code::<loom[c97bddb326b4e68f]::rt::scheduler::spawn_thread::{closure#0}>::{closure#0}
#19 43.96                                at /usr/local/cargo/registry/src/index.crates.io-1949cf8c6b5b557f/generator-0.8.10/src/gen_impl.rs:357:21
#19 43.96   47:     0x76fe0c6ab971 - <generator[87b94d97073f9995]::stack::StackBox<<generator[87b94d97073f9995]::gen_impl::GeneratorImpl<core[5d33459993e3d723]::option::Option<alloc[f3282932177de6b4]::boxed::Box<dyn core[5d33459993e3d723]::ops::function::FnOnce<(), Output = ()>>>, ()>>::init_code<loom[c97bddb326b4e68f]::rt::scheduler::spawn_thread::{closure#0}>::{closure#0}>>::call_once
#19 43.96                                at /usr/local/cargo/registry/src/index.crates.io-1949cf8c6b5b557f/generator-0.8.10/src/stack/mod.rs:137:13
#19 43.96   48:     0x76fe0c6ec11d - <generator[87b94d97073f9995]::stack::Func>::call_once
#19 43.96                                at /usr/local/cargo/registry/src/index.crates.io-1949cf8c6b5b557f/generator-0.8.10/src/stack/mod.rs:119:9
#19 43.96   49:     0x76fe0c6ea70e - generator[87b94d97073f9995]::detail::gen::gen_init_impl::{closure#0}
#19 43.96                                at /usr/local/cargo/registry/src/index.crates.io-1949cf8c6b5b557f/generator-0.8.10/src/detail/gen.rs:35:14
#19 43.96   50:     0x76fe0c6ef153 - <generator[87b94d97073f9995]::detail::gen::gen_init_impl::{closure#0} as core[5d33459993e3d723]::ops::function::FnOnce<()>>::call_once
#19 43.96                                at /rustc/88d9e12ae178fab0fb5cc050a94da85685d449ea/library/core/src/ops/function.rs:250:5
#19 43.96   51:     0x76fe0c6ea235 - std[f4f322d5fb81df6e]::panicking::catch_unwind::do_call::<generator[87b94d97073f9995]::detail::gen::gen_init_impl::{closure#0}, ()>
#19 43.96                                at /rustc/88d9e12ae178fab0fb5cc050a94da85685d449ea/library/std/src/panicking.rs:576:43
#19 43.96   52:     0x76fe0c6ef31b - __rust_try
#19 43.96   53:     0x76fe0c6e9716 - std[f4f322d5fb81df6e]::panicking::catch_unwind::<(), generator[87b94d97073f9995]::detail::gen::gen_init_impl::{closure#0}>
#19 43.96                                at /rustc/88d9e12ae178fab0fb5cc050a94da85685d449ea/library/std/src/panicking.rs:544:19
#19 43.96   54:     0x76fe0c6e9716 - std[f4f322d5fb81df6e]::panic::catch_unwind::<generator[87b94d97073f9995]::detail::gen::gen_init_impl::{closure#0}, ()>
#19 43.96                                at /rustc/88d9e12ae178fab0fb5cc050a94da85685d449ea/library/std/src/panic.rs:359:14
#19 43.96   55:     0x76fe0c6e9f3d - generator[87b94d97073f9995]::detail::gen::catch_unwind_filter::<generator[87b94d97073f9995]::detail::gen::gen_init_impl::{closure#0}, ()>
#19 43.96                                at /usr/local/cargo/registry/src/index.crates.io-1949cf8c6b5b557f/generator-0.8.10/src/detail/gen.rs:23:5
#19 43.96   56:     0x76fe0c6ed017 - generator[87b94d97073f9995]::detail::gen::gen_init_impl
#19 43.96                                at /usr/local/cargo/registry/src/index.crates.io-1949cf8c6b5b557f/generator-0.8.10/src/detail/gen.rs:50:25
#19 43.96   57:     0x76fe0c6ecfe3 - generator[87b94d97073f9995]::detail::asm::gen_init
#19 43.96                                at /usr/local/cargo/registry/src/index.crates.io-1949cf8c6b5b557f/generator-0.8.10/src/detail/x86_64_unix.rs:8:5
#19 43.96 
#19 43.96 thread 'schedule::coordination::model::diamond_completion_wakes_waiters_and_publishes_dependencies' (4071) panicked at /rustc/88d9e12ae178fab0fb5cc050a94da85685d449ea/library/core/src/panicking.rs:233:5:
#19 43.96 panic in a destructor during cleanup
#19 43.96 thread caused non-unwinding panic. aborting.
#19 43.96 error: test failed, to rerun pass `-p gripsack-exec --lib`
#19 43.96 
#19 43.96 Caused by:
#19 43.96   process didn't exit successfully: `/tmp/gripsack-loom-6l1lebel/target/debug/deps/gripsack_exec-cdf4089161a5c5c5 'schedule::coordination::model::diamond_completion_wakes_waiters_and_publishes_dependencies'` (signal: 6, SIGABRT: process abort signal)
#19 43.96 
#19 43.96 calibration: missing-notification rejected by Loom waiter deadlock
#19 43.96 RUNNER_COMMAND=cargo test --locked -p gripsack-exec --features loom-tests --lib schedule::coordination::model::diamond_completion_wakes_waiters_and_publishes_dependencies
#19 47.85    Compiling gripsack-exec v0.42.0 (/tmp/gripsack-loom-6l1lebel/source/crates/gripsack-exec)
#19 47.85     Finished `test` profile [unoptimized + debuginfo] target(s) in 3.65s
#19 47.85      Running unittests src/lib.rs (/tmp/gripsack-loom-6l1lebel/target/debug/deps/gripsack_exec-cdf4089161a5c5c5)
#19 47.85 
#19 47.85 running 1 test
#19 47.85 
#19 47.85 thread 'schedule::coordination::model::diamond_completion_wakes_waiters_and_publishes_dependencies' (4350) panicked at /usr/local/cargo/registry/src/index.crates.io-1949cf8c6b5b557f/loom-0.7.2/src/rt/execution.rs:216:13:
#19 47.85 deadlock; threads = [(Id(0), Blocked(Location(None))), (Id(1), Blocked(Location(None))), (Id(2), Blocked(Location(None)))]
#19 47.85 note: run with `RUST_BACKTRACE=1` environment variable to display a backtrace
#19 47.85 
#19 47.85 thread 'schedule::coordination::model::diamond_completion_wakes_waiters_and_publishes_dependencies' (4350) panicked at /usr/local/cargo/registry/src/index.crates.io-1949cf8c6b5b557f/loom-0.7.2/src/rt/thread.rs:276:39:
#19 47.85 called `Option::unwrap()` on a `None` value
#19 47.85 stack backtrace:
#19 47.85    0:     0x75ad1bb3d3c1 - std[f4f322d5fb81df6e]::backtrace_rs::backtrace::libunwind::trace
#19 47.85                                at /rustc/88d9e12ae178fab0fb5cc050a94da85685d449ea/library/std/src/../../backtrace/src/backtrace/libunwind.rs:117:9
#19 47.85    1:     0x75ad1bb3d3c1 - std[f4f322d5fb81df6e]::backtrace_rs::backtrace::trace_unsynchronized::<std[f4f322d5fb81df6e]::sys::backtrace::_print_fmt::{closure#1}>
#19 47.85                                at /rustc/88d9e12ae178fab0fb5cc050a94da85685d449ea/library/std/src/../../backtrace/src/backtrace/mod.rs:66:14
#19 47.85    2:     0x75ad1bb3d3c1 - std[f4f322d5fb81df6e]::sys::backtrace::_print_fmt
#19 47.85                                at /rustc/88d9e12ae178fab0fb5cc050a94da85685d449ea/library/std/src/sys/backtrace.rs:74:9
#19 47.85    3:     0x75ad1bb3d3c1 - <<std[f4f322d5fb81df6e]::sys::backtrace::BacktraceLock>::print::DisplayBacktrace as core[5d33459993e3d723]::fmt::Display>::fmt
#19 47.85                                at /rustc/88d9e12ae178fab0fb5cc050a94da85685d449ea/library/std/src/sys/backtrace.rs:44:26
#19 47.85    4:     0x75ad1bb7276a - <core[5d33459993e3d723]::fmt::rt::Argument>::fmt
#19 47.85                                at /rustc/88d9e12ae178fab0fb5cc050a94da85685d449ea/library/core/src/fmt/rt.rs:152:76
#19 47.85    5:     0x75ad1bb7276a - core[5d33459993e3d723]::fmt::write
#19 47.85    6:     0x75ad1bb42e0c - std[f4f322d5fb81df6e]::io::default_write_fmt::<alloc[f3282932177de6b4]::vec::Vec<u8>>
#19 47.85                                at /rustc/88d9e12ae178fab0fb5cc050a94da85685d449ea/library/std/src/io/mod.rs:626:11
#19 47.85    7:     0x75ad1bb42e0c - <alloc[f3282932177de6b4]::vec::Vec<u8> as std[f4f322d5fb81df6e]::io::Write>::write_fmt
#19 47.85                                at /rustc/88d9e12ae178fab0fb5cc050a94da85685d449ea/library/std/src/io/mod.rs:1730:13
#19 47.85    8:     0x75ad1bb17ba2 - <std[f4f322d5fb81df6e]::sys::backtrace::BacktraceLock>::print
#19 47.85                                at /rustc/88d9e12ae178fab0fb5cc050a94da85685d449ea/library/std/src/sys/backtrace.rs:47:9
#19 47.85    9:     0x75ad1bb17ba2 - std[f4f322d5fb81df6e]::panicking::default_hook::{closure#0}
#19 47.85                                at /rustc/88d9e12ae178fab0fb5cc050a94da85685d449ea/library/std/src/panicking.rs:292:27
#19 47.85   10:     0x75ad1bb33854 - std[f4f322d5fb81df6e]::panicking::default_hook
#19 47.85                                at /rustc/88d9e12ae178fab0fb5cc050a94da85685d449ea/library/std/src/panicking.rs:316:9
#19 47.85   11:     0x75ad1b1dd7d0 - <alloc[f3282932177de6b4]::boxed::Box<dyn for<'a, 'b> core[5d33459993e3d723]::ops::function::Fn<(&'a std[f4f322d5fb81df6e]::panic::PanicHookInfo<'b>,), Output = ()> + core[5d33459993e3d723]::marker::Send + core[5d33459993e3d723]::marker::Sync> as core[5d33459993e3d723]::ops::function::Fn<(&std[f4f322d5fb81df6e]::panic::PanicHookInfo,)>>::call
#19 47.85                                at /rustc/88d9e12ae178fab0fb5cc050a94da85685d449ea/library/alloc/src/boxed.rs:2333:9
#19 47.85   12:     0x75ad1b1dd7d0 - test[4256d8fa28ac835e]::test_main_inner::<test[4256d8fa28ac835e]::test_main_static::{closure#0}>::{closure#0}
#19 47.85                                at /rustc/88d9e12ae178fab0fb5cc050a94da85685d449ea/library/test/src/lib.rs:155:21
#19 47.85   13:     0x75ad1b2646c3 - <alloc[f3282932177de6b4]::boxed::Box<dyn for<'a, 'b> core[5d33459993e3d723]::ops::function::Fn<(&'a std[f4f322d5fb81df6e]::panic::PanicHookInfo<'b>,), Output = ()> + core[5d33459993e3d723]::marker::Send + core[5d33459993e3d723]::marker::Sync> as core[5d33459993e3d723]::ops::function::Fn<(&std[f4f322d5fb81df6e]::panic::PanicHookInfo,)>>::call
#19 47.85                                at /rustc/88d9e12ae178fab0fb5cc050a94da85685d449ea/library/alloc/src/boxed.rs:2333:9
#19 47.85   14:     0x75ad1b25fc94 - generator[87b94d97073f9995]::detail::gen::catch_unwind_filter::<generator[87b94d97073f9995]::detail::gen::gen_init_impl::{closure#0}, ()>::{closure#0}::{closure#0}
#19 47.85                                at /usr/local/cargo/registry/src/index.crates.io-1949cf8c6b5b557f/generator-0.8.10/src/detail/gen.rs:19:13
#19 47.85   15:     0x75ad1bb33b82 - <alloc[f3282932177de6b4]::boxed::Box<dyn for<'a, 'b> core[5d33459993e3d723]::ops::function::Fn<(&'a std[f4f322d5fb81df6e]::panic::PanicHookInfo<'b>,), Output = ()> + core[5d33459993e3d723]::marker::Send + core[5d33459993e3d723]::marker::Sync> as core[5d33459993e3d723]::ops::function::Fn<(&std[f4f322d5fb81df6e]::panic::PanicHookInfo,)>>::call
#19 47.85                                at /rustc/88d9e12ae178fab0fb5cc050a94da85685d449ea/library/alloc/src/boxed.rs:2333:9
#19 47.85   16:     0x75ad1bb33b82 - std[f4f322d5fb81df6e]::panicking::panic_with_hook
#19 47.85                                at /rustc/88d9e12ae178fab0fb5cc050a94da85685d449ea/library/std/src/panicking.rs:823:13
#19 47.85   17:     0x75ad1bb17c84 - std[f4f322d5fb81df6e]::panicking::panic_handler::{closure#0}
#19 47.85                                at /rustc/88d9e12ae178fab0fb5cc050a94da85685d449ea/library/std/src/panicking.rs:681:13
#19 47.85   18:     0x75ad1bb0f089 - std[f4f322d5fb81df6e]::sys::backtrace::__rust_end_short_backtrace::<std[f4f322d5fb81df6e]::panicking::panic_handler::{closure#0}, !>
#19 47.85                                at /rustc/88d9e12ae178fab0fb5cc050a94da85685d449ea/library/std/src/sys/backtrace.rs:182:18
#19 47.85   19:     0x75ad1bb18d5d - __rustc[4b1ee1ef74718a7b]::rust_begin_unwind
#19 47.85                                at /rustc/88d9e12ae178fab0fb5cc050a94da85685d449ea/library/std/src/panicking.rs:679:5
#19 47.85   20:     0x75ad1b039bac - core[5d33459993e3d723]::panicking::panic_fmt
#19 47.85                                at /rustc/88d9e12ae178fab0fb5cc050a94da85685d449ea/library/core/src/panicking.rs:80:14
#19 47.85   21:     0x75ad1b039b72 - core[5d33459993e3d723]::panicking::panic
#19 47.85                                at /rustc/88d9e12ae178fab0fb5cc050a94da85685d449ea/library/core/src/panicking.rs:150:5
#19 47.85   22:     0x75ad1b039899 - core[5d33459993e3d723]::option::unwrap_failed
#19 47.85                                at /rustc/88d9e12ae178fab0fb5cc050a94da85685d449ea/library/core/src/option.rs:2251:5
#19 47.85   23:     0x75ad1b236dad - <core[5d33459993e3d723]::option::Option<usize>>::unwrap
#19 47.85                                at /rustc/88d9e12ae178fab0fb5cc050a94da85685d449ea/library/core/src/option.rs:1014:21
#19 47.85   24:     0x75ad1b236dad - <loom[c97bddb326b4e68f]::rt::thread::Set>::active_mut
#19 47.85                                at /usr/local/cargo/registry/src/index.crates.io-1949cf8c6b5b557f/loom-0.7.2/src/rt/thread.rs:276:39
#19 47.85   25:     0x75ad1b242f75 - <loom[c97bddb326b4e68f]::rt::object::Ref<loom[c97bddb326b4e68f]::rt::arc::State>>::set_action
#19 47.85                                at /usr/local/cargo/registry/src/index.crates.io-1949cf8c6b5b557f/loom-0.7.2/src/rt/object.rs:387:27
#19 47.85   26:     0x75ad1b240a68 - <loom[c97bddb326b4e68f]::rt::object::Ref<loom[c97bddb326b4e68f]::rt::arc::State>>::branch_action::<loom[c97bddb326b4e68f]::rt::arc::Action>::{closure#0}
#19 47.85                                at /usr/local/cargo/registry/src/index.crates.io-1949cf8c6b5b557f/loom-0.7.2/src/rt/object.rs:354:18
#19 47.85   27:     0x75ad1b2196ec - loom[c97bddb326b4e68f]::rt::branch::<<loom[c97bddb326b4e68f]::rt::object::Ref<loom[c97bddb326b4e68f]::rt::arc::State>>::branch_action<loom[c97bddb326b4e68f]::rt::arc::Action>::{closure#0}, ()>::{closure#0}
#19 47.85                                at /usr/local/cargo/registry/src/index.crates.io-1949cf8c6b5b557f/loom-0.7.2/src/rt/mod.rs:122:19
#19 47.85   28:     0x75ad1b214ea1 - <loom[c97bddb326b4e68f]::rt::scheduler::Scheduler>::with_execution::<loom[c97bddb326b4e68f]::rt::branch<<loom[c97bddb326b4e68f]::rt::object::Ref<loom[c97bddb326b4e68f]::rt::arc::State>>::branch_action<loom[c97bddb326b4e68f]::rt::arc::Action>::{closure#0}, ()>::{closure#0}, ((), bool)>::{closure#0}
#19 47.85                                at /usr/local/cargo/registry/src/index.crates.io-1949cf8c6b5b557f/loom-0.7.2/src/rt/scheduler.rs:43:34
#19 47.85   29:     0x75ad1b212d4e - <loom[c97bddb326b4e68f]::rt::scheduler::Scheduler>::with_state::<<loom[c97bddb326b4e68f]::rt::scheduler::Scheduler>::with_execution<loom[c97bddb326b4e68f]::rt::branch<<loom[c97bddb326b4e68f]::rt::object::Ref<loom[c97bddb326b4e68f]::rt::arc::State>>::branch_action<loom[c97bddb326b4e68f]::rt::arc::Action>::{closure#0}, ()>::{closure#0}, ((), bool)>::{closure#0}, ((), bool)>::{closure#0}
#19 47.85                                at /usr/local/cargo/registry/src/index.crates.io-1949cf8c6b5b557f/loom-0.7.2/src/rt/scheduler.rs:131:28
#19 47.85   30:     0x75ad1b215dd1 - <scoped_tls[87e03fecbc1fc0b7]::ScopedKey<core[5d33459993e3d723]::cell::RefCell<loom[c97bddb326b4e68f]::rt::scheduler::State>>>::with::<<loom[c97bddb326b4e68f]::rt::scheduler::Scheduler>::with_state<<loom[c97bddb326b4e68f]::rt::scheduler::Scheduler>::with_execution<loom[c97bddb326b4e68f]::rt::branch<<loom[c97bddb326b4e68f]::rt::object::Ref<loom[c97bddb326b4e68f]::rt::arc::State>>::branch_action<loom[c97bddb326b4e68f]::rt::arc::Action>::{closure#0}, ()>::{closure#0}, ((), bool)>::{closure#0}, ((), bool)>::{closure#0}, ((), bool)>
#19 47.85                                at /usr/local/cargo/registry/src/index.crates.io-1949cf8c6b5b557f/scoped-tls-1.0.1/src/lib.rs:171:13
#19 47.85   31:     0x75ad1b21109e - <loom[c97bddb326b4e68f]::rt::scheduler::Scheduler>::with_state::<<loom[c97bddb326b4e68f]::rt::scheduler::Scheduler>::with_execution<loom[c97bddb326b4e68f]::rt::branch<<loom[c97bddb326b4e68f]::rt::object::Ref<loom[c97bddb326b4e68f]::rt::arc::State>>::branch_action<loom[c97bddb326b4e68f]::rt::arc::Action>::{closure#0}, ()>::{closure#0}, ((), bool)>::{closure#0}, ((), bool)>
#19 47.85                                at /usr/local/cargo/registry/src/index.crates.io-1949cf8c6b5b557f/loom-0.7.2/src/rt/scheduler.rs:131:15
#19 47.85   32:     0x75ad1b212716 - <loom[c97bddb326b4e68f]::rt::scheduler::Scheduler>::with_execution::<loom[c97bddb326b4e68f]::rt::branch<<loom[c97bddb326b4e68f]::rt::object::Ref<loom[c97bddb326b4e68f]::rt::arc::State>>::branch_action<loom[c97bddb326b4e68f]::rt::arc::Action>::{closure#0}, ()>::{closure#0}, ((), bool)>
#19 47.85                                at /usr/local/cargo/registry/src/index.crates.io-1949cf8c6b5b557f/loom-0.7.2/src/rt/scheduler.rs:43:9
#19 47.85   33:     0x75ad1b218a66 - loom[c97bddb326b4e68f]::rt::execution::<loom[c97bddb326b4e68f]::rt::branch<<loom[c97bddb326b4e68f]::rt::object::Ref<loom[c97bddb326b4e68f]::rt::arc::State>>::branch_action<loom[c97bddb326b4e68f]::rt::arc::Action>::{closure#0}, ()>::{closure#0}, ((), bool)>
#19 47.85                                at /usr/local/cargo/registry/src/index.crates.io-1949cf8c6b5b557f/loom-0.7.2/src/rt/mod.rs:174:5
#19 47.85   34:     0x75ad1b218769 - loom[c97bddb326b4e68f]::rt::branch::<<loom[c97bddb326b4e68f]::rt::object::Ref<loom[c97bddb326b4e68f]::rt::arc::State>>::branch_action<loom[c97bddb326b4e68f]::rt::arc::Action>::{closure#0}, ()>
#19 47.85                                at /usr/local/cargo/registry/src/index.crates.io-1949cf8c6b5b557f/loom-0.7.2/src/rt/mod.rs:121:25
#19 47.85   35:     0x75ad1b240348 - <loom[c97bddb326b4e68f]::rt::object::Ref<loom[c97bddb326b4e68f]::rt::arc::State>>::branch_action::<loom[c97bddb326b4e68f]::rt::arc::Action>
#19 47.85                                at /usr/local/cargo/registry/src/index.crates.io-1949cf8c6b5b557f/loom-0.7.2/src/rt/object.rs:351:9
#19 47.85   36:     0x75ad1b23e260 - <loom[c97bddb326b4e68f]::rt::arc::Arc>::branch
#19 47.85                                at /usr/local/cargo/registry/src/index.crates.io-1949cf8c6b5b557f/loom-0.7.2/src/rt/arc.rs:160:11
#19 47.85   37:     0x75ad1b23e302 - <loom[c97bddb326b4e68f]::rt::arc::Arc>::ref_dec
#19 47.85                                at /usr/local/cargo/registry/src/index.crates.io-1949cf8c6b5b557f/loom-0.7.2/src/rt/arc.rs:113:14
#19 47.85   38:     0x75ad1b0a5f38 - <loom[c97bddb326b4e68f]::sync::arc::Arc<gripsack_exec[5c66142f6d82a231]::schedule::coordination::Coordinator<alloc[f3282932177de6b4]::vec::Vec<core[5d33459993e3d723]::option::Option<gripsack_exec[5c66142f6d82a231]::schedule::coordination::model::ResultKind>>>> as core[5d33459993e3d723]::ops::drop::Drop>::drop
#19 47.85                                at /usr/local/cargo/registry/src/index.crates.io-1949cf8c6b5b557f/loom-0.7.2/src/sync/arc.rs:247:21
#19 47.85   39:     0x75ad1b09eaea - core[5d33459993e3d723]::ptr::drop_glue::<loom[c97bddb326b4e68f]::sync::arc::Arc<gripsack_exec[5c66142f6d82a231]::schedule::coordination::Coordinator<alloc[f3282932177de6b4]::vec::Vec<core[5d33459993e3d723]::option::Option<gripsack_exec[5c66142f6d82a231]::schedule::coordination::model::ResultKind>>>>>
#19 47.85                                at /rustc/88d9e12ae178fab0fb5cc050a94da85685d449ea/library/core/src/ptr/mod.rs:823:1
#19 47.85   40:     0x75ad1b09fb37 - core[5d33459993e3d723]::ptr::drop_glue::<gripsack_exec[5c66142f6d82a231]::schedule::coordination::model::explore::{closure#0}::{closure#1}>
#19 47.85                                at /rustc/88d9e12ae178fab0fb5cc050a94da85685d449ea/library/core/src/ptr/mod.rs:823:1
#19 47.85   41:     0x75ad1b0af358 - gripsack_exec[5c66142f6d82a231]::schedule::coordination::model::explore::{closure#0}::{closure#1}
#19 47.85                                at /tmp/gripsack-loom-6l1lebel/source/crates/gripsack-exec/src/schedule/coordination_model.rs:64:13
#19 47.85   42:     0x75ad1b0ca6be - loom[c97bddb326b4e68f]::thread::spawn_internal::<gripsack_exec[5c66142f6d82a231]::schedule::coordination::model::explore::{closure#0}::{closure#1}, ()>::{closure#0}
#19 47.85                                at /usr/local/cargo/registry/src/index.crates.io-1949cf8c6b5b557f/loom-0.7.2/src/thread.rs:168:47
#19 47.85   43:     0x75ad1b139bb0 - loom[c97bddb326b4e68f]::rt::spawn::<loom[c97bddb326b4e68f]::thread::spawn_internal<gripsack_exec[5c66142f6d82a231]::schedule::coordination::model::explore::{closure#0}::{closure#1}, ()>::{closure#0}>::{closure#1}
#19 47.85                                at /usr/local/cargo/registry/src/index.crates.io-1949cf8c6b5b557f/loom-0.7.2/src/rt/mod.rs:78:13
#19 47.85   44:     0x75ad1b0a258e - <loom[c97bddb326b4e68f]::rt::spawn<loom[c97bddb326b4e68f]::thread::spawn_internal<gripsack_exec[5c66142f6d82a231]::schedule::coordination::model::explore::{closure#0}::{closure#1}, ()>::{closure#0}>::{closure#1} as core[5d33459993e3d723]::ops::function::FnOnce<()>>::call_once::{shim:vtable#0}
#19 47.85                                at /rustc/88d9e12ae178fab0fb5cc050a94da85685d449ea/library/core/src/ops/function.rs:250:5
#19 47.85   45:     0x75ad1b2292a8 - <alloc[f3282932177de6b4]::boxed::Box<dyn core[5d33459993e3d723]::ops::function::FnOnce<(), Output = ()>> as core[5d33459993e3d723]::ops::function::FnOnce<()>>::call_once
#19 47.85                                at /rustc/88d9e12ae178fab0fb5cc050a94da85685d449ea/library/alloc/src/boxed.rs:2319:9
#19 47.85   46:     0x75ad1b21556b - loom[c97bddb326b4e68f]::rt::scheduler::spawn_thread::{closure#0}
#19 47.85                                at /usr/local/cargo/registry/src/index.crates.io-1949cf8c6b5b557f/loom-0.7.2/src/rt/scheduler.rs:142:17
#19 47.85   47:     0x75ad1b22f35e - <loom[c97bddb326b4e68f]::rt::scheduler::spawn_thread::{closure#0} as core[5d33459993e3d723]::ops::function::FnOnce<()>>::call_once
#19 47.85                                at /rustc/88d9e12ae178fab0fb5cc050a94da85685d449ea/library/core/src/ops/function.rs:250:5
#19 47.85   48:     0x75ad1b22bb02 - <generator[87b94d97073f9995]::gen_impl::GeneratorImpl<core[5d33459993e3d723]::option::Option<alloc[f3282932177de6b4]::boxed::Box<dyn core[5d33459993e3d723]::ops::function::FnOnce<(), Output = ()>>>, ()>>::init_code::<loom[c97bddb326b4e68f]::rt::scheduler::spawn_thread::{closure#0}>::{closure#0}
#19 47.85                                at /usr/local/cargo/registry/src/index.crates.io-1949cf8c6b5b557f/generator-0.8.10/src/gen_impl.rs:357:21
#19 47.85   49:     0x75ad1b21ef41 - <generator[87b94d97073f9995]::stack::StackBox<<generator[87b94d97073f9995]::gen_impl::GeneratorImpl<core[5d33459993e3d723]::option::Option<alloc[f3282932177de6b4]::boxed::Box<dyn core[5d33459993e3d723]::ops::function::FnOnce<(), Output = ()>>>, ()>>::init_code<loom[c97bddb326b4e68f]::rt::scheduler::spawn_thread::{closure#0}>::{closure#0}>>::call_once
#19 47.85                                at /usr/local/cargo/registry/src/index.crates.io-1949cf8c6b5b557f/generator-0.8.10/src/stack/mod.rs:137:13
#19 47.85   50:     0x75ad1b2617fd - <generator[87b94d97073f9995]::stack::Func>::call_once
#19 47.85                                at /usr/local/cargo/registry/src/index.crates.io-1949cf8c6b5b557f/generator-0.8.10/src/stack/mod.rs:119:9
#19 47.85   51:     0x75ad1b25fdee - generator[87b94d97073f9995]::detail::gen::gen_init_impl::{closure#0}
#19 47.85                                at /usr/local/cargo/registry/src/index.crates.io-1949cf8c6b5b557f/generator-0.8.10/src/detail/gen.rs:35:14
#19 47.85   52:     0x75ad1b264833 - <generator[87b94d97073f9995]::detail::gen::gen_init_impl::{closure#0} as core[5d33459993e3d723]::ops::function::FnOnce<()>>::call_once
#19 47.85                                at /rustc/88d9e12ae178fab0fb5cc050a94da85685d449ea/library/core/src/ops/function.rs:250:5
#19 47.85   53:     0x75ad1b25f915 - std[f4f322d5fb81df6e]::panicking::catch_unwind::do_call::<generator[87b94d97073f9995]::detail::gen::gen_init_impl::{closure#0}, ()>
#19 47.85                                at /rustc/88d9e12ae178fab0fb5cc050a94da85685d449ea/library/std/src/panicking.rs:576:43
#19 47.85   54:     0x75ad1b2649fb - __rust_try
#19 47.85   55:     0x75ad1b25edf6 - std[f4f322d5fb81df6e]::panicking::catch_unwind::<(), generator[87b94d97073f9995]::detail::gen::gen_init_impl::{closure#0}>
#19 47.85                                at /rustc/88d9e12ae178fab0fb5cc050a94da85685d449ea/library/std/src/panicking.rs:544:19
#19 47.85   56:     0x75ad1b25edf6 - std[f4f322d5fb81df6e]::panic::catch_unwind::<generator[87b94d97073f9995]::detail::gen::gen_init_impl::{closure#0}, ()>
#19 47.85                                at /rustc/88d9e12ae178fab0fb5cc050a94da85685d449ea/library/std/src/panic.rs:359:14
#19 47.85   57:     0x75ad1b25f61d - generator[87b94d97073f9995]::detail::gen::catch_unwind_filter::<generator[87b94d97073f9995]::detail::gen::gen_init_impl::{closure#0}, ()>
#19 47.85                                at /usr/local/cargo/registry/src/index.crates.io-1949cf8c6b5b557f/generator-0.8.10/src/detail/gen.rs:23:5
#19 47.85   58:     0x75ad1b2626f7 - generator[87b94d97073f9995]::detail::gen::gen_init_impl
#19 47.85                                at /usr/local/cargo/registry/src/index.crates.io-1949cf8c6b5b557f/generator-0.8.10/src/detail/gen.rs:50:25
#19 47.85   59:     0x75ad1b2626c3 - generator[87b94d97073f9995]::detail::asm::gen_init
#19 47.85                                at /usr/local/cargo/registry/src/index.crates.io-1949cf8c6b5b557f/generator-0.8.10/src/detail/x86_64_unix.rs:8:5
#19 47.85 
#19 47.85 thread 'schedule::coordination::model::diamond_completion_wakes_waiters_and_publishes_dependencies' (4350) panicked at /usr/local/cargo/registry/src/index.crates.io-1949cf8c6b5b557f/loom-0.7.2/src/rt/thread.rs:276:39:
#19 47.85 called `Option::unwrap()` on a `None` value
#19 47.85 stack backtrace:
#19 47.85    0:     0x75ad1bb3d3c1 - std[f4f322d5fb81df6e]::backtrace_rs::backtrace::libunwind::trace
#19 47.85                                at /rustc/88d9e12ae178fab0fb5cc050a94da85685d449ea/library/std/src/../../backtrace/src/backtrace/libunwind.rs:117:9
#19 47.85    1:     0x75ad1bb3d3c1 - std[f4f322d5fb81df6e]::backtrace_rs::backtrace::trace_unsynchronized::<std[f4f322d5fb81df6e]::sys::backtrace::_print_fmt::{closure#1}>
#19 47.85                                at /rustc/88d9e12ae178fab0fb5cc050a94da85685d449ea/library/std/src/../../backtrace/src/backtrace/mod.rs:66:14
#19 47.85    2:     0x75ad1bb3d3c1 - std[f4f322d5fb81df6e]::sys::backtrace::_print_fmt
#19 47.85                                at /rustc/88d9e12ae178fab0fb5cc050a94da85685d449ea/library/std/src/sys/backtrace.rs:74:9
#19 47.85    3:     0x75ad1bb3d3c1 - <<std[f4f322d5fb81df6e]::sys::backtrace::BacktraceLock>::print::DisplayBacktrace as core[5d33459993e3d723]::fmt::Display>::fmt
#19 47.85                                at /rustc/88d9e12ae178fab0fb5cc050a94da85685d449ea/library/std/src/sys/backtrace.rs:44:26
#19 47.85    4:     0x75ad1bb7276a - <core[5d33459993e3d723]::fmt::rt::Argument>::fmt
#19 47.85                                at /rustc/88d9e12ae178fab0fb5cc050a94da85685d449ea/library/core/src/fmt/rt.rs:152:76
#19 47.85    5:     0x75ad1bb7276a - core[5d33459993e3d723]::fmt::write
#19 47.85    6:     0x75ad1bb42e0c - std[f4f322d5fb81df6e]::io::default_write_fmt::<alloc[f3282932177de6b4]::vec::Vec<u8>>
#19 47.85                                at /rustc/88d9e12ae178fab0fb5cc050a94da85685d449ea/library/std/src/io/mod.rs:626:11
#19 47.85    7:     0x75ad1bb42e0c - <alloc[f3282932177de6b4]::vec::Vec<u8> as std[f4f322d5fb81df6e]::io::Write>::write_fmt
#19 47.85                                at /rustc/88d9e12ae178fab0fb5cc050a94da85685d449ea/library/std/src/io/mod.rs:1730:13
#19 47.85    8:     0x75ad1bb17ba2 - <std[f4f322d5fb81df6e]::sys::backtrace::BacktraceLock>::print
#19 47.85                                at /rustc/88d9e12ae178fab0fb5cc050a94da85685d449ea/library/std/src/sys/backtrace.rs:47:9
#19 47.85    9:     0x75ad1bb17ba2 - std[f4f322d5fb81df6e]::panicking::default_hook::{closure#0}
#19 47.85                                at /rustc/88d9e12ae178fab0fb5cc050a94da85685d449ea/library/std/src/panicking.rs:292:27
#19 47.85   10:     0x75ad1bb33854 - std[f4f322d5fb81df6e]::panicking::default_hook
#19 47.85                                at /rustc/88d9e12ae178fab0fb5cc050a94da85685d449ea/library/std/src/panicking.rs:316:9
#19 47.85   11:     0x75ad1b1dd7d0 - <alloc[f3282932177de6b4]::boxed::Box<dyn for<'a, 'b> core[5d33459993e3d723]::ops::function::Fn<(&'a std[f4f322d5fb81df6e]::panic::PanicHookInfo<'b>,), Output = ()> + core[5d33459993e3d723]::marker::Send + core[5d33459993e3d723]::marker::Sync> as core[5d33459993e3d723]::ops::function::Fn<(&std[f4f322d5fb81df6e]::panic::PanicHookInfo,)>>::call
#19 47.85                                at /rustc/88d9e12ae178fab0fb5cc050a94da85685d449ea/library/alloc/src/boxed.rs:2333:9
#19 47.85   12:     0x75ad1b1dd7d0 - test[4256d8fa28ac835e]::test_main_inner::<test[4256d8fa28ac835e]::test_main_static::{closure#0}>::{closure#0}
#19 47.85                                at /rustc/88d9e12ae178fab0fb5cc050a94da85685d449ea/library/test/src/lib.rs:155:21
#19 47.85   13:     0x75ad1b2646c3 - <alloc[f3282932177de6b4]::boxed::Box<dyn for<'a, 'b> core[5d33459993e3d723]::ops::function::Fn<(&'a std[f4f322d5fb81df6e]::panic::PanicHookInfo<'b>,), Output = ()> + core[5d33459993e3d723]::marker::Send + core[5d33459993e3d723]::marker::Sync> as core[5d33459993e3d723]::ops::function::Fn<(&std[f4f322d5fb81df6e]::panic::PanicHookInfo,)>>::call
#19 47.85                                at /rustc/88d9e12ae178fab0fb5cc050a94da85685d449ea/library/alloc/src/boxed.rs:2333:9
#19 47.85   14:     0x75ad1b25fc94 - generator[87b94d97073f9995]::detail::gen::catch_unwind_filter::<generator[87b94d97073f9995]::detail::gen::gen_init_impl::{closure#0}, ()>::{closure#0}::{closure#0}
#19 47.85                                at /usr/local/cargo/registry/src/index.crates.io-1949cf8c6b5b557f/generator-0.8.10/src/detail/gen.rs:19:13
#19 47.85   15:     0x75ad1bb33b82 - <alloc[f3282932177de6b4]::boxed::Box<dyn for<'a, 'b> core[5d33459993e3d723]::ops::function::Fn<(&'a std[f4f322d5fb81df6e]::panic::PanicHookInfo<'b>,), Output = ()> + core[5d33459993e3d723]::marker::Send + core[5d33459993e3d723]::marker::Sync> as core[5d33459993e3d723]::ops::function::Fn<(&std[f4f322d5fb81df6e]::panic::PanicHookInfo,)>>::call
#19 47.85                                at /rustc/88d9e12ae178fab0fb5cc050a94da85685d449ea/library/alloc/src/boxed.rs:2333:9
#19 47.85   16:     0x75ad1bb33b82 - std[f4f322d5fb81df6e]::panicking::panic_with_hook
#19 47.85                                at /rustc/88d9e12ae178fab0fb5cc050a94da85685d449ea/library/std/src/panicking.rs:823:13
#19 47.85   17:     0x75ad1bb17c84 - std[f4f322d5fb81df6e]::panicking::panic_handler::{closure#0}
#19 47.85                                at /rustc/88d9e12ae178fab0fb5cc050a94da85685d449ea/library/std/src/panicking.rs:681:13
#19 47.85   18:     0x75ad1bb0f089 - std[f4f322d5fb81df6e]::sys::backtrace::__rust_end_short_backtrace::<std[f4f322d5fb81df6e]::panicking::panic_handler::{closure#0}, !>
#19 47.85                                at /rustc/88d9e12ae178fab0fb5cc050a94da85685d449ea/library/std/src/sys/backtrace.rs:182:18
#19 47.85   19:     0x75ad1bb18d5d - __rustc[4b1ee1ef74718a7b]::rust_begin_unwind
#19 47.85                                at /rustc/88d9e12ae178fab0fb5cc050a94da85685d449ea/library/std/src/panicking.rs:679:5
#19 47.85   20:     0x75ad1b039bac - core[5d33459993e3d723]::panicking::panic_fmt
#19 47.85                                at /rustc/88d9e12ae178fab0fb5cc050a94da85685d449ea/library/core/src/panicking.rs:80:14
#19 47.85   21:     0x75ad1b039b72 - core[5d33459993e3d723]::panicking::panic
#19 47.85                                at /rustc/88d9e12ae178fab0fb5cc050a94da85685d449ea/library/core/src/panicking.rs:150:5
#19 47.85   22:     0x75ad1b039899 - core[5d33459993e3d723]::option::unwrap_failed
#19 47.85                                at /rustc/88d9e12ae178fab0fb5cc050a94da85685d449ea/library/core/src/option.rs:2251:5
#19 47.85   23:     0x75ad1b236dad - <core[5d33459993e3d723]::option::Option<usize>>::unwrap
#19 47.85                                at /rustc/88d9e12ae178fab0fb5cc050a94da85685d449ea/library/core/src/option.rs:1014:21
#19 47.85   24:     0x75ad1b236dad - <loom[c97bddb326b4e68f]::rt::thread::Set>::active_mut
#19 47.85                                at /usr/local/cargo/registry/src/index.crates.io-1949cf8c6b5b557f/loom-0.7.2/src/rt/thread.rs:276:39
#19 47.85   25:     0x75ad1b242f75 - <loom[c97bddb326b4e68f]::rt::object::Ref<loom[c97bddb326b4e68f]::rt::arc::State>>::set_action
#19 47.85                                at /usr/local/cargo/registry/src/index.crates.io-1949cf8c6b5b557f/loom-0.7.2/src/rt/object.rs:387:27
#19 47.85   26:     0x75ad1b240a68 - <loom[c97bddb326b4e68f]::rt::object::Ref<loom[c97bddb326b4e68f]::rt::arc::State>>::branch_action::<loom[c97bddb326b4e68f]::rt::arc::Action>::{closure#0}
#19 47.85                                at /usr/local/cargo/registry/src/index.crates.io-1949cf8c6b5b557f/loom-0.7.2/src/rt/object.rs:354:18
#19 47.85   27:     0x75ad1b2196ec - loom[c97bddb326b4e68f]::rt::branch::<<loom[c97bddb326b4e68f]::rt::object::Ref<loom[c97bddb326b4e68f]::rt::arc::State>>::branch_action<loom[c97bddb326b4e68f]::rt::arc::Action>::{closure#0}, ()>::{closure#0}
#19 47.85                                at /usr/local/cargo/registry/src/index.crates.io-1949cf8c6b5b557f/loom-0.7.2/src/rt/mod.rs:122:19
#19 47.85   28:     0x75ad1b214ea1 - <loom[c97bddb326b4e68f]::rt::scheduler::Scheduler>::with_execution::<loom[c97bddb326b4e68f]::rt::branch<<loom[c97bddb326b4e68f]::rt::object::Ref<loom[c97bddb326b4e68f]::rt::arc::State>>::branch_action<loom[c97bddb326b4e68f]::rt::arc::Action>::{closure#0}, ()>::{closure#0}, ((), bool)>::{closure#0}
#19 47.85                                at /usr/local/cargo/registry/src/index.crates.io-1949cf8c6b5b557f/loom-0.7.2/src/rt/scheduler.rs:43:34
#19 47.85   29:     0x75ad1b212d4e - <loom[c97bddb326b4e68f]::rt::scheduler::Scheduler>::with_state::<<loom[c97bddb326b4e68f]::rt::scheduler::Scheduler>::with_execution<loom[c97bddb326b4e68f]::rt::branch<<loom[c97bddb326b4e68f]::rt::object::Ref<loom[c97bddb326b4e68f]::rt::arc::State>>::branch_action<loom[c97bddb326b4e68f]::rt::arc::Action>::{closure#0}, ()>::{closure#0}, ((), bool)>::{closure#0}, ((), bool)>::{closure#0}
#19 47.85                                at /usr/local/cargo/registry/src/index.crates.io-1949cf8c6b5b557f/loom-0.7.2/src/rt/scheduler.rs:131:28
#19 47.85   30:     0x75ad1b215dd1 - <scoped_tls[87e03fecbc1fc0b7]::ScopedKey<core[5d33459993e3d723]::cell::RefCell<loom[c97bddb326b4e68f]::rt::scheduler::State>>>::with::<<loom[c97bddb326b4e68f]::rt::scheduler::Scheduler>::with_state<<loom[c97bddb326b4e68f]::rt::scheduler::Scheduler>::with_execution<loom[c97bddb326b4e68f]::rt::branch<<loom[c97bddb326b4e68f]::rt::object::Ref<loom[c97bddb326b4e68f]::rt::arc::State>>::branch_action<loom[c97bddb326b4e68f]::rt::arc::Action>::{closure#0}, ()>::{closure#0}, ((), bool)>::{closure#0}, ((), bool)>::{closure#0}, ((), bool)>
#19 47.85                                at /usr/local/cargo/registry/src/index.crates.io-1949cf8c6b5b557f/scoped-tls-1.0.1/src/lib.rs:171:13
#19 47.85   31:     0x75ad1b21109e - <loom[c97bddb326b4e68f]::rt::scheduler::Scheduler>::with_state::<<loom[c97bddb326b4e68f]::rt::scheduler::Scheduler>::with_execution<loom[c97bddb326b4e68f]::rt::branch<<loom[c97bddb326b4e68f]::rt::object::Ref<loom[c97bddb326b4e68f]::rt::arc::State>>::branch_action<loom[c97bddb326b4e68f]::rt::arc::Action>::{closure#0}, ()>::{closure#0}, ((), bool)>::{closure#0}, ((), bool)>
#19 47.85                                at /usr/local/cargo/registry/src/index.crates.io-1949cf8c6b5b557f/loom-0.7.2/src/rt/scheduler.rs:131:15
#19 47.85   32:     0x75ad1b212716 - <loom[c97bddb326b4e68f]::rt::scheduler::Scheduler>::with_execution::<loom[c97bddb326b4e68f]::rt::branch<<loom[c97bddb326b4e68f]::rt::object::Ref<loom[c97bddb326b4e68f]::rt::arc::State>>::branch_action<loom[c97bddb326b4e68f]::rt::arc::Action>::{closure#0}, ()>::{closure#0}, ((), bool)>
#19 47.85                                at /usr/local/cargo/registry/src/index.crates.io-1949cf8c6b5b557f/loom-0.7.2/src/rt/scheduler.rs:43:9
#19 47.85   33:     0x75ad1b218a66 - loom[c97bddb326b4e68f]::rt::execution::<loom[c97bddb326b4e68f]::rt::branch<<loom[c97bddb326b4e68f]::rt::object::Ref<loom[c97bddb326b4e68f]::rt::arc::State>>::branch_action<loom[c97bddb326b4e68f]::rt::arc::Action>::{closure#0}, ()>::{closure#0}, ((), bool)>
#19 47.85                                at /usr/local/cargo/registry/src/index.crates.io-1949cf8c6b5b557f/loom-0.7.2/src/rt/mod.rs:174:5
#19 47.85   34:     0x75ad1b218769 - loom[c97bddb326b4e68f]::rt::branch::<<loom[c97bddb326b4e68f]::rt::object::Ref<loom[c97bddb326b4e68f]::rt::arc::State>>::branch_action<loom[c97bddb326b4e68f]::rt::arc::Action>::{closure#0}, ()>
#19 47.85                                at /usr/local/cargo/registry/src/index.crates.io-1949cf8c6b5b557f/loom-0.7.2/src/rt/mod.rs:121:25
#19 47.85   35:     0x75ad1b240348 - <loom[c97bddb326b4e68f]::rt::object::Ref<loom[c97bddb326b4e68f]::rt::arc::State>>::branch_action::<loom[c97bddb326b4e68f]::rt::arc::Action>
#19 47.85                                at /usr/local/cargo/registry/src/index.crates.io-1949cf8c6b5b557f/loom-0.7.2/src/rt/object.rs:351:9
#19 47.85   36:     0x75ad1b23e260 - <loom[c97bddb326b4e68f]::rt::arc::Arc>::branch
#19 47.85                                at /usr/local/cargo/registry/src/index.crates.io-1949cf8c6b5b557f/loom-0.7.2/src/rt/arc.rs:160:11
#19 47.85   37:     0x75ad1b23e302 - <loom[c97bddb326b4e68f]::rt::arc::Arc>::ref_dec
#19 47.85                                at /usr/local/cargo/registry/src/index.crates.io-1949cf8c6b5b557f/loom-0.7.2/src/rt/arc.rs:113:14
#19 47.85   38:     0x75ad1b0a5e48 - <loom[c97bddb326b4e68f]::sync::arc::Arc<alloc[f3282932177de6b4]::vec::Vec<loom[c97bddb326b4e68f]::sync::atomic::int::AtomicUsize>> as core[5d33459993e3d723]::ops::drop::Drop>::drop
#19 47.85                                at /usr/local/cargo/registry/src/index.crates.io-1949cf8c6b5b557f/loom-0.7.2/src/sync/arc.rs:247:21
#19 47.85   39:     0x75ad1b09ea5a - core[5d33459993e3d723]::ptr::drop_glue::<loom[c97bddb326b4e68f]::sync::arc::Arc<alloc[f3282932177de6b4]::vec::Vec<loom[c97bddb326b4e68f]::sync::atomic::int::AtomicUsize>>>
#19 47.85                                at /rustc/88d9e12ae178fab0fb5cc050a94da85685d449ea/library/core/src/ptr/mod.rs:823:1
#19 47.85   40:     0x75ad1b09fb77 - core[5d33459993e3d723]::ptr::drop_glue::<gripsack_exec[5c66142f6d82a231]::schedule::coordination::model::explore::{closure#0}::{closure#1}>
#19 47.85                                at /rustc/88d9e12ae178fab0fb5cc050a94da85685d449ea/library/core/src/ptr/mod.rs:823:1
#19 47.85   41:     0x75ad1b0af358 - gripsack_exec[5c66142f6d82a231]::schedule::coordination::model::explore::{closure#0}::{closure#1}
#19 47.85                                at /tmp/gripsack-loom-6l1lebel/source/crates/gripsack-exec/src/schedule/coordination_model.rs:64:13
#19 47.85   42:     0x75ad1b0ca6be - loom[c97bddb326b4e68f]::thread::spawn_internal::<gripsack_exec[5c66142f6d82a231]::schedule::coordination::model::explore::{closure#0}::{closure#1}, ()>::{closure#0}
#19 47.85                                at /usr/local/cargo/registry/src/index.crates.io-1949cf8c6b5b557f/loom-0.7.2/src/thread.rs:168:47
#19 47.85   43:     0x75ad1b139bb0 - loom[c97bddb326b4e68f]::rt::spawn::<loom[c97bddb326b4e68f]::thread::spawn_internal<gripsack_exec[5c66142f6d82a231]::schedule::coordination::model::explore::{closure#0}::{closure#1}, ()>::{closure#0}>::{closure#1}
#19 47.85                                at /usr/local/cargo/registry/src/index.crates.io-1949cf8c6b5b557f/loom-0.7.2/src/rt/mod.rs:78:13
#19 47.85   44:     0x75ad1b0a258e - <loom[c97bddb326b4e68f]::rt::spawn<loom[c97bddb326b4e68f]::thread::spawn_internal<gripsack_exec[5c66142f6d82a231]::schedule::coordination::model::explore::{closure#0}::{closure#1}, ()>::{closure#0}>::{closure#1} as core[5d33459993e3d723]::ops::function::FnOnce<()>>::call_once::{shim:vtable#0}
#19 47.85                                at /rustc/88d9e12ae178fab0fb5cc050a94da85685d449ea/library/core/src/ops/function.rs:250:5
#19 47.85   45:     0x75ad1b2292a8 - <alloc[f3282932177de6b4]::boxed::Box<dyn core[5d33459993e3d723]::ops::function::FnOnce<(), Output = ()>> as core[5d33459993e3d723]::ops::function::FnOnce<()>>::call_once
#19 47.85                                at /rustc/88d9e12ae178fab0fb5cc050a94da85685d449ea/library/alloc/src/boxed.rs:2319:9
#19 47.85   46:     0x75ad1b21556b - loom[c97bddb326b4e68f]::rt::scheduler::spawn_thread::{closure#0}
#19 47.85                                at /usr/local/cargo/registry/src/index.crates.io-1949cf8c6b5b557f/loom-0.7.2/src/rt/scheduler.rs:142:17
#19 47.85   47:     0x75ad1b22f35e - <loom[c97bddb326b4e68f]::rt::scheduler::spawn_thread::{closure#0} as core[5d33459993e3d723]::ops::function::FnOnce<()>>::call_once
#19 47.85                                at /rustc/88d9e12ae178fab0fb5cc050a94da85685d449ea/library/core/src/ops/function.rs:250:5
#19 47.85   48:     0x75ad1b22bb02 - <generator[87b94d97073f9995]::gen_impl::GeneratorImpl<core[5d33459993e3d723]::option::Option<alloc[f3282932177de6b4]::boxed::Box<dyn core[5d33459993e3d723]::ops::function::FnOnce<(), Output = ()>>>, ()>>::init_code::<loom[c97bddb326b4e68f]::rt::scheduler::spawn_thread::{closure#0}>::{closure#0}
#19 47.85                                at /usr/local/cargo/registry/src/index.crates.io-1949cf8c6b5b557f/generator-0.8.10/src/gen_impl.rs:357:21
#19 47.85   49:     0x75ad1b21ef41 - <generator[87b94d97073f9995]::stack::StackBox<<generator[87b94d97073f9995]::gen_impl::GeneratorImpl<core[5d33459993e3d723]::option::Option<alloc[f3282932177de6b4]::boxed::Box<dyn core[5d33459993e3d723]::ops::function::FnOnce<(), Output = ()>>>, ()>>::init_code<loom[c97bddb326b4e68f]::rt::scheduler::spawn_thread::{closure#0}>::{closure#0}>>::call_once
#19 47.85                                at /usr/local/cargo/registry/src/index.crates.io-1949cf8c6b5b557f/generator-0.8.10/src/stack/mod.rs:137:13
#19 47.85   50:     0x75ad1b2617fd - <generator[87b94d97073f9995]::stack::Func>::call_once
#19 47.85                                at /usr/local/cargo/registry/src/index.crates.io-1949cf8c6b5b557f/generator-0.8.10/src/stack/mod.rs:119:9
#19 47.85   51:     0x75ad1b25fdee - generator[87b94d97073f9995]::detail::gen::gen_init_impl::{closure#0}
#19 47.85                                at /usr/local/cargo/registry/src/index.crates.io-1949cf8c6b5b557f/generator-0.8.10/src/detail/gen.rs:35:14
#19 47.85   52:     0x75ad1b264833 - <generator[87b94d97073f9995]::detail::gen::gen_init_impl::{closure#0} as core[5d33459993e3d723]::ops::function::FnOnce<()>>::call_once
#19 47.85                                at /rustc/88d9e12ae178fab0fb5cc050a94da85685d449ea/library/core/src/ops/function.rs:250:5
#19 47.85   53:     0x75ad1b25f915 - std[f4f322d5fb81df6e]::panicking::catch_unwind::do_call::<generator[87b94d97073f9995]::detail::gen::gen_init_impl::{closure#0}, ()>
#19 47.85                                at /rustc/88d9e12ae178fab0fb5cc050a94da85685d449ea/library/std/src/panicking.rs:576:43
#19 47.85   54:     0x75ad1b2649fb - __rust_try
#19 47.85   55:     0x75ad1b25edf6 - std[f4f322d5fb81df6e]::panicking::catch_unwind::<(), generator[87b94d97073f9995]::detail::gen::gen_init_impl::{closure#0}>
#19 47.85                                at /rustc/88d9e12ae178fab0fb5cc050a94da85685d449ea/library/std/src/panicking.rs:544:19
#19 47.85   56:     0x75ad1b25edf6 - std[f4f322d5fb81df6e]::panic::catch_unwind::<generator[87b94d97073f9995]::detail::gen::gen_init_impl::{closure#0}, ()>
#19 47.85                                at /rustc/88d9e12ae178fab0fb5cc050a94da85685d449ea/library/std/src/panic.rs:359:14
#19 47.85   57:     0x75ad1b25f61d - generator[87b94d97073f9995]::detail::gen::catch_unwind_filter::<generator[87b94d97073f9995]::detail::gen::gen_init_impl::{closure#0}, ()>
#19 47.85                                at /usr/local/cargo/registry/src/index.crates.io-1949cf8c6b5b557f/generator-0.8.10/src/detail/gen.rs:23:5
#19 47.85   58:     0x75ad1b2626f7 - generator[87b94d97073f9995]::detail::gen::gen_init_impl
#19 47.85                                at /usr/local/cargo/registry/src/index.crates.io-1949cf8c6b5b557f/generator-0.8.10/src/detail/gen.rs:50:25
#19 47.85   59:     0x75ad1b2626c3 - generator[87b94d97073f9995]::detail::asm::gen_init
#19 47.85                                at /usr/local/cargo/registry/src/index.crates.io-1949cf8c6b5b557f/generator-0.8.10/src/detail/x86_64_unix.rs:8:5
#19 47.85 
#19 47.85 thread 'schedule::coordination::model::diamond_completion_wakes_waiters_and_publishes_dependencies' (4350) panicked at /rustc/88d9e12ae178fab0fb5cc050a94da85685d449ea/library/core/src/panicking.rs:233:5:
#19 47.85 panic in a destructor during cleanup
#19 47.85 thread caused non-unwinding panic. aborting.
#19 47.85 error: test failed, to rerun pass `-p gripsack-exec --lib`
#19 47.85 
#19 47.85 Caused by:
#19 47.85   process didn't exit successfully: `/tmp/gripsack-loom-6l1lebel/target/debug/deps/gripsack_exec-cdf4089161a5c5c5 'schedule::coordination::model::diamond_completion_wakes_waiters_and_publishes_dependencies'` (signal: 6, SIGABRT: process abort signal)
#19 47.85 
#19 47.85 calibration: missing-completion rejected by Loom waiter deadlock
#19 47.85 LOOM_SCHEDULER_MUTANTS=2
#19 48.40 RUNNER_COMMAND=cargo test --locked -p gripsack-store --lib journal::admission_tests:: -- --nocapture
#19 77.36    Compiling proc-macro2 v1.0.107
#19 77.36    Compiling unicode-ident v1.0.24
#19 77.36    Compiling quote v1.0.47
#19 77.36    Compiling rustix v1.1.4
#19 77.36    Compiling serde_core v1.0.229
#19 77.36    Compiling linux-raw-sys v0.12.1
#19 77.36    Compiling bitflags v2.13.1
#19 77.36    Compiling io-lifetimes v2.0.4
#19 77.36    Compiling verus_prettyplease v0.0.0-2026-09-06-0133
#19 77.36    Compiling io-lifetimes v3.0.1
#19 77.36    Compiling once_cell v1.21.4
#19 77.36    Compiling typenum v1.20.1
#19 77.36    Compiling hashbrown v0.17.1
#19 77.36    Compiling io-extras v0.19.0
#19 77.36    Compiling libc v0.2.189
#19 77.36    Compiling equivalent v1.0.2
#19 77.36    Compiling cap-primitives v4.0.3
#19 77.36    Compiling convert_case v0.4.0
#19 77.36    Compiling zmij v1.0.23
#19 77.36    Compiling vstd v0.0.0-2026-09-06-0133
#19 77.36    Compiling thiserror v2.0.20
#19 77.36    Compiling ambient-authority v0.0.2
#19 77.36    Compiling cap-std v4.0.3
#19 77.36    Compiling ipnet v2.12.1
#19 77.36    Compiling maybe-owned v0.3.4
#19 77.36    Compiling serde_json v1.0.151
#19 77.36    Compiling verus_builtin v0.0.0-2026-09-06-0133
#19 77.36    Compiling serde v1.0.229
#19 77.36    Compiling cfg-if v1.0.4
#19 77.36    Compiling getrandom v0.4.3
#19 77.36    Compiling itoa v1.0.18
#19 77.36    Compiling winnow v1.0.4
#19 77.36    Compiling const-oid v0.10.2
#19 77.36    Compiling memchr v2.8.3
#19 77.36    Compiling toml_writer v1.1.2+spec-1.1.0
#19 77.36    Compiling fastrand v2.5.0
#19 77.36    Compiling winnow v0.7.15
#19 77.36    Compiling cpufeatures v0.3.0
#19 77.36    Compiling toml_parser v1.1.3+spec-1.1.0
#19 77.36    Compiling indexmap v2.14.0
#19 77.36    Compiling hybrid-array v0.4.14
#19 77.36    Compiling verus_syn v0.0.0-2026-09-06-0133
#19 77.36    Compiling syn v2.0.119
#19 77.36    Compiling syn v3.0.4
#19 77.36    Compiling crypto-common v0.2.2
#19 77.36    Compiling block-buffer v0.12.1
#19 77.36    Compiling digest v0.11.3
#19 77.36    Compiling sha2 v0.11.0
#19 77.36    Compiling serde_spanned v1.1.1
#19 77.36    Compiling toml_datetime v0.7.5+spec-1.1.0
#19 77.36    Compiling toml v0.9.12+spec-1.1.0
#19 77.36    Compiling thiserror-impl v2.0.20
#19 77.36    Compiling serde_derive v1.0.229
#19 77.36    Compiling fs-set-times v0.20.3
#19 77.36    Compiling rustix-linux-procfs v0.1.1
#19 77.36    Compiling tempfile v3.27.0
#19 77.36    Compiling gripsack-fs v0.42.0 (/tmp/gripsack-journal-admission-qhkekmpk/source/crates/gripsack-fs)
#19 77.36    Compiling synstructure v0.13.2
#19 77.36    Compiling verus_state_machines_macros v0.0.0-2026-09-06-0133
#19 77.36    Compiling verus_builtin_macros v0.0.0-2026-09-06-0133
#19 77.36    Compiling gripsack-policy v0.42.0 (/tmp/gripsack-journal-admission-qhkekmpk/source/crates/gripsack-policy)
#19 77.36    Compiling gripsack-ir v0.42.0 (/tmp/gripsack-journal-admission-qhkekmpk/source/crates/gripsack-ir)
#19 77.36    Compiling gripsack-store v0.42.0 (/tmp/gripsack-journal-admission-qhkekmpk/source/crates/gripsack-store)
#19 77.36     Finished `test` profile [unoptimized + debuginfo] target(s) in 26.97s
#19 77.36      Running unittests src/lib.rs (/tmp/gripsack-journal-admission-qhkekmpk/target/debug/deps/gripsack_store-0fe92102aa32ff27)
#19 77.36 
#19 77.36 running 7 tests
#19 77.36 JOURNAL_MARKER_ROUNDTRIPS=24
#19 77.36 JOURNAL_REQUIRED_MARKER_FIELDS=3
#19 77.36 test journal::admission_tests::marker_scalar_boundaries_roundtrip_without_identity_loss ... ok
#19 77.36 test journal::admission_tests::required_marker_fields_never_default_to_fresh_state ... ok
#19 77.36 JOURNAL_MARKER_REJECTIONS=29
#19 77.36 test journal::admission_tests::marker_wrong_types_duplicates_and_overflow_do_not_admit_facts ... ok
#19 77.36 JOURNAL_TRUNCATED_PREFIXES=173
#19 77.36 test journal::admission_tests::truncation_and_invalid_framing_never_admit_partial_records ... ok
#19 77.36 JOURNAL_ENTRY_ROUNDTRIPS=20
#19 77.36 test journal::admission_tests::entry_versions_and_distinct_prior_states_roundtrip ... ok
#19 77.36 JOURNAL_ENTRY_REJECTIONS=110
#19 77.36 test journal::admission_tests::entry_missing_duplicate_version_and_scalar_bytes_are_rejected ... ok
#19 77.36 JOURNAL_EFFECT_REJECTIONS=139
#19 77.36 test journal::admission_tests::rejected_metadata_cannot_reach_destination_effects ... ok
#19 77.36 
#19 77.36 test result: ok. 7 passed; 0 failed; 0 ignored; 0 measured; 62 filtered out; finished in 2.00s
#19 77.36 
#19 77.36 
#19 77.36 JOURNAL_ADMISSION_PROPERTIES=7
#19 77.36 RUNNER_COMMAND=cargo test --locked -p gripsack-store --lib journal::admission_tests::rejected_metadata_cannot_reach_destination_effects -- --nocapture --exact
#19 78.90    Compiling gripsack-store v0.42.0 (/tmp/gripsack-journal-admission-qhkekmpk/source/crates/gripsack-store)
#19 78.90     Finished `test` profile [unoptimized + debuginfo] target(s) in 1.47s
#19 78.90      Running unittests src/lib.rs (/tmp/gripsack-journal-admission-qhkekmpk/target/debug/deps/gripsack_store-0fe92102aa32ff27)
#19 78.90 
#19 78.90 running 1 test
#19 78.90 
#19 78.90 thread 'journal::admission_tests::rejected_metadata_cannot_reach_destination_effects' (6219) panicked at crates/gripsack-store/src/journal/admission_tests.rs:477:9:
#19 78.90 recovery_admitted_invalid_marker: missing_previous_generation
#19 78.90 note: run with `RUST_BACKTRACE=1` environment variable to display a backtrace
#19 78.90 test journal::admission_tests::rejected_metadata_cannot_reach_destination_effects ... FAILED
#19 78.90 
#19 78.90 failures:
#19 78.90 
#19 78.90 failures:
#19 78.90     journal::admission_tests::rejected_metadata_cannot_reach_destination_effects
#19 78.90 
#19 78.90 test result: FAILED. 0 passed; 1 failed; 0 ignored; 0 measured; 68 filtered out; finished in 0.03s
#19 78.90 
#19 78.90 error: test failed, to rerun pass `-p gripsack-store --lib`
#19 78.90 
#19 78.90 calibration: missing-previous-defaulted-to-null rejected by real recovery effects
#19 78.90 JOURNAL_ADMISSION_MUTANTS=1
#19 78.90 journal admission gate: OK
#19 79.31 RUNNER_COMMAND=cargo test --locked -p gripsack-exec --lib gc::root_model:: -- --nocapture
#19 113.4    Compiling proc-macro2 v1.0.107
#19 113.4    Compiling quote v1.0.47
#19 113.4    Compiling unicode-ident v1.0.24
#19 113.4    Compiling libc v0.2.189
#19 113.4    Compiling find-msvc-tools v0.1.11
#19 113.4    Compiling shlex v2.0.1
#19 113.4    Compiling cfg-if v1.0.4
#19 113.4    Compiling stable_deref_trait v1.2.1
#19 113.4    Compiling serde_core v1.0.229
#19 113.4    Compiling once_cell v1.21.4
#19 113.4    Compiling rustix v1.1.4
#19 113.4    Compiling pkg-config v0.3.34
#19 113.4    Compiling bitflags v2.13.1
#19 113.4    Compiling linux-raw-sys v0.12.1
#19 113.4    Compiling hashbrown v0.17.1
#19 113.4    Compiling verus_prettyplease v0.0.0-2026-09-06-0133
#19 113.4    Compiling writeable v0.6.4
#19 113.4    Compiling equivalent v1.0.2
#19 113.4    Compiling log v0.4.34
#19 113.4    Compiling litemap v0.8.3
#19 113.4    Compiling icu_properties_data v2.3.0
#19 113.4    Compiling io-lifetimes v2.0.4
#19 113.4    Compiling zeroize v1.9.0
#19 113.4    Compiling io-lifetimes v3.0.1
#19 113.4    Compiling zmij v1.0.23
#19 113.4    Compiling icu_normalizer_data v2.3.0
#19 113.4    Compiling smallvec v1.15.2
#19 113.4    Compiling utf8_iter v1.0.4
#19 113.4    Compiling io-extras v0.19.0
#19 113.4    Compiling vstd v0.0.0-2026-09-06-0133
#19 113.4    Compiling convert_case v0.4.0
#19 113.4    Compiling typenum v1.20.1
#19 113.4    Compiling serde v1.0.229
#19 113.4    Compiling memchr v2.8.3
#19 113.4    Compiling serde_json v1.0.151
#19 113.4    Compiling itoa v1.0.18
#19 113.4    Compiling verus_builtin v0.0.0-2026-09-06-0133
#19 113.4    Compiling winnow v1.0.4
#19 113.4    Compiling rustls-pki-types v1.15.1
#19 113.4    Compiling thiserror v2.0.20
#19 113.4    Compiling crc32fast v1.5.1
#19 113.4    Compiling cap-primitives v4.0.3
#19 113.4    Compiling rustversion v1.0.23
#19 113.4    Compiling tracing-core v0.1.36
#19 113.4    Compiling zstd-safe v7.2.4
#19 113.4    Compiling maybe-owned v0.3.4
#19 113.4    Compiling toml_writer v1.1.2+spec-1.1.0
#19 113.4    Compiling getrandom v0.4.3
#19 113.4    Compiling untrusted v0.9.0
#19 113.4    Compiling ambient-authority v0.0.2
#19 113.4    Compiling simd-adler32 v0.3.10
#19 113.4    Compiling ipnet v2.12.1
#19 113.4    Compiling cap-std v4.0.3
#19 113.4    Compiling const-oid v0.10.2
#19 113.4    Compiling adler2 v2.0.1
#19 113.4    Compiling percent-encoding v2.3.2
#19 113.4    Compiling rustls v0.23.45
#19 113.4    Compiling regex-syntax v0.8.11
#19 113.4    Compiling pin-project-lite v0.2.17
#19 113.4    Compiling zlib-rs v0.6.7
#19 113.4    Compiling winnow v0.7.15
#19 113.4    Compiling bumpalo v3.20.3
#19 113.4    Compiling libbz2-rs-sys v0.2.5
#19 113.4    Compiling cpufeatures v0.3.0
#19 113.4    Compiling form_urlencoded v1.2.2
#19 113.4    Compiling miniz_oxide v0.8.9
#19 113.4    Compiling fastrand v2.5.0
#19 113.4    Compiling lazy_static v1.5.0
#19 113.4    Compiling subtle v2.6.1
#19 113.4    Compiling toml_parser v1.1.3+spec-1.1.0
#19 113.4    Compiling sharded-slab v0.1.7
#19 113.4    Compiling thread_local v1.1.10
#19 113.4    Compiling typed-path v0.12.3
#19 113.4    Compiling base64 v0.22.1
#19 113.4    Compiling openssl-probe v0.2.1
#19 113.4    Compiling nu-ansi-term v0.50.3
#19 113.4    Compiling scoped-tls v1.0.1
#19 113.4    Compiling webpki-roots v1.0.9
#19 113.4    Compiling zopfli v0.8.3
#19 113.4    Compiling tracing-log v0.2.0
#19 113.4    Compiling webpki-roots v0.26.11
#19 113.4    Compiling rustls-native-certs v0.8.4
#19 113.4    Compiling httpdate v1.0.3
#19 113.4    Compiling indexmap v2.14.0
#19 113.4    Compiling bzip2 v0.6.1
#19 113.4    Compiling hybrid-array v0.4.14
#19 113.4    Compiling syn v2.0.119
#19 113.4    Compiling syn v3.0.4
#19 113.4    Compiling verus_syn v0.0.0-2026-09-06-0133
#19 113.4    Compiling jobserver v0.1.35
#19 113.4    Compiling getrandom v0.2.17
#19 113.4    Compiling filetime v0.2.29
#19 113.4    Compiling gripsack-process v0.42.0 (/tmp/gripsack-gc-roots-bryjvmy_/source/crates/gripsack-process)
#19 113.4    Compiling cc v1.4.4
#19 113.4    Compiling block-buffer v0.12.1
#19 113.4    Compiling crypto-common v0.2.2
#19 113.4    Compiling regex-automata v0.4.18
#19 113.4    Compiling digest v0.11.3
#19 113.4    Compiling sha2 v0.11.0
#19 113.4    Compiling serde_spanned v1.1.1
#19 113.4    Compiling toml_datetime v0.7.5+spec-1.1.0
#19 113.4    Compiling toml_datetime v1.1.1+spec-1.1.0
#19 113.4    Compiling zstd-sys v2.0.16+zstd.1.5.7
#19 113.4    Compiling ring v0.17.14
#19 113.4    Compiling lzma-sys v0.1.20
#19 113.4    Compiling generator v0.8.10
#19 113.4    Compiling toml v1.1.4+spec-1.1.0
#19 113.4    Compiling toml v0.9.12+spec-1.1.0
#19 113.4    Compiling flate2 v1.1.9
#19 113.4    Compiling fs-set-times v0.20.3
#19 113.4    Compiling rustix-linux-procfs v0.1.1
#19 113.4    Compiling matchers v0.2.0
#19 113.4    Compiling xattr v1.6.1
#19 113.4    Compiling tempfile v3.27.0
#19 113.4    Compiling xz2 v0.1.7
#19 113.4    Compiling zerovec-derive v0.11.6
#19 113.4    Compiling displaydoc v0.2.7
#19 113.4    Compiling serde_derive v1.0.229
#19 113.4    Compiling thiserror-impl v2.0.20
#19 113.4    Compiling tar v0.4.46
#19 113.4    Compiling gripsack-fs v0.42.0 (/tmp/gripsack-gc-roots-bryjvmy_/source/crates/gripsack-fs)
#19 113.4    Compiling synstructure v0.13.2
#19 113.4    Compiling zstd v0.13.3
#19 113.4    Compiling rustls-webpki v0.103.15
#19 113.4    Compiling zip v8.6.0
#19 113.4    Compiling zerofrom-derive v0.1.7
#19 113.4    Compiling yoke-derive v0.8.2
#19 113.4    Compiling tracing-attributes v0.1.31
#19 113.4    Compiling zerofrom v0.1.8
#19 113.4    Compiling yoke v0.8.3
#19 113.4    Compiling tracing v0.1.44
#19 113.4    Compiling zerovec v0.11.8
#19 113.4    Compiling zerotrie v0.2.5
#19 113.4    Compiling tracing-subscriber v0.3.23
#19 113.4    Compiling tinystr v0.8.4
#19 113.4    Compiling potential_utf v0.1.6
#19 113.4    Compiling icu_collections v2.3.0
#19 113.4    Compiling verus_builtin_macros v0.0.0-2026-09-06-0133
#19 113.4    Compiling verus_state_machines_macros v0.0.0-2026-09-06-0133
#19 113.4    Compiling icu_locale_core v2.3.0
#19 113.4    Compiling loom v0.7.2
#19 113.4    Compiling icu_provider v2.3.1
#19 113.4    Compiling icu_properties v2.3.0
#19 113.4    Compiling icu_normalizer v2.3.0
#19 113.4    Compiling idna_adapter v1.2.2
#19 113.4    Compiling idna v1.1.0
#19 113.4    Compiling url v2.5.8
#19 113.4    Compiling ureq v2.12.1
#19 113.4    Compiling gripsack-policy v0.42.0 (/tmp/gripsack-gc-roots-bryjvmy_/source/crates/gripsack-policy)
#19 113.4    Compiling gripsack-ir v0.42.0 (/tmp/gripsack-gc-roots-bryjvmy_/source/crates/gripsack-ir)
#19 113.4    Compiling gripsack-store v0.42.0 (/tmp/gripsack-gc-roots-bryjvmy_/source/crates/gripsack-store)
#19 113.4    Compiling gripsack-config v0.42.0 (/tmp/gripsack-gc-roots-bryjvmy_/source/crates/gripsack-config)
#19 113.4    Compiling gripsack-fetch v0.42.0 (/tmp/gripsack-gc-roots-bryjvmy_/source/crates/gripsack-fetch)
#19 113.4    Compiling gripsack-exec v0.42.0 (/tmp/gripsack-gc-roots-bryjvmy_/source/crates/gripsack-exec)
#19 113.4     Finished `test` profile [unoptimized + debuginfo] target(s) in 33.62s
#19 113.4      Running unittests src/lib.rs (/tmp/gripsack-gc-roots-bryjvmy_/target/debug/deps/gripsack_exec-85d94f584d06cd34)
#19 113.4 
#19 113.4 running 3 tests
#19 113.4 GC_PINNED_ROOT_REPLACEMENTS=1
#19 113.4 test gc::root_model::pinned_collection_survives_root_replacement ... ok
#19 113.4 GC_RECOVERY_ADMISSIONS=8
#19 113.4 test gc::root_model::unfinished_recovery_preserves_every_history_object ... ok
#19 113.4 GC_RETAINED_HISTORIES=7
#19 113.4 test gc::root_model::retained_histories_protect_complete_roots ... ok
#19 113.4 
#19 113.4 test result: ok. 3 passed; 0 failed; 0 ignored; 0 measured; 52 filtered out; finished in 0.52s
#19 113.4 
#19 113.4 
#19 113.4 GC_ROOT_PROPERTIES=3
#19 113.4 RUNNER_COMMAND=cargo test --locked -p gripsack-exec --lib gc::root_model::retained_histories_protect_complete_roots -- --nocapture --exact
#19 116.4    Compiling gripsack-exec v0.42.0 (/tmp/gripsack-gc-roots-bryjvmy_/source/crates/gripsack-exec)
#19 116.4     Finished `test` profile [unoptimized + debuginfo] target(s) in 2.85s
#19 116.4      Running unittests src/lib.rs (/tmp/gripsack-gc-roots-bryjvmy_/target/debug/deps/gripsack_exec-85d94f584d06cd34)
#19 116.4 
#19 116.4 running 1 test
#19 116.4 
#19 116.4 thread 'gc::root_model::retained_histories_protect_complete_roots' (10268) panicked at crates/gripsack-exec/src/gc/root_model.rs:85:13:
#19 116.4 assertion `left == right` failed: retained_history_root_missing: old-compiler
#19 116.4   left: None
#19 116.4  right: Some([111, 108, 100, 45, 99, 111, 109, 112, 105, 108, 101, 114])
#19 116.4 note: run with `RUST_BACKTRACE=1` environment variable to display a backtrace
#19 116.4 test gc::root_model::retained_histories_protect_complete_roots ... FAILED
#19 116.4 
#19 116.4 failures:
#19 116.4 
#19 116.4 failures:
#19 116.4     gc::root_model::retained_histories_protect_complete_roots
#19 116.4 
#19 116.4 test result: FAILED. 0 passed; 1 failed; 0 ignored; 0 measured; 54 filtered out; finished in 0.06s
#19 116.4 
#19 116.4 error: test failed, to rerun pass `-p gripsack-exec --lib`
#19 116.4 
#19 116.4 calibration: dropped-build-closure-root rejected by real retained history
#19 116.4 GC_ROOT_MUTANTS=1
#19 116.4 GC root gate: OK
#19 DONE 116.7s

#20 exporting to image
#20 exporting layers
#20 exporting layers 67.7s done
#20 exporting manifest sha256:1a716cfec9ff41e19035c5576c1270df1ef651dac80de5896c94677d4fdac666 0.1s done
#20 exporting config sha256:b854205c3be3f5ffc6d73f7783bade7ebc8fc16d4bce3833e2be7073964ff665 0.1s done
#20 exporting attestation manifest sha256:c6ec97cbfc8d1925dd3c5e9fbf60d804fceb61d78cb721a60cfdc6e634342502 0.1s done
#20 exporting manifest list sha256:4bc3c6ee1c1e8e1beb03370f2debf0da823d27422245573850ca2856c48bbd1e
#20 exporting manifest list sha256:4bc3c6ee1c1e8e1beb03370f2debf0da823d27422245573850ca2856c48bbd1e 0.1s done
#20 naming to docker.io/library/gripsack-test:latest done
#20 unpacking to docker.io/library/gripsack-test:latest
#20 unpacking to docker.io/library/gripsack-test:latest 14.5s done
#20 DONE 82.5s

#21 resolving provenance for metadata file
#21 DONE 0.0s
 Image gripsack-test Built 
 Container gripsack-test-run-093db96b054e Creating 
 Container gripsack-test-run-093db96b054e Created 
gate passed: fmt + clippy -D warnings + cargo test


TEST_IMAGE=sha256:4bc3c6ee1c1e8e1beb03370f2debf0da823d27422245573850ca2856c48bbd1e
IMAGE_SOURCE_BINDING={"checked_files": 898, "mismatches": []}
