M-V7 acquisition implementation and local evidence — 2026-09-29
Working-tree development over b53e334f7b9b061b0bd7541a506fc32775eed369; no exact-commit/native/release qualification is claimed.
Implemented subset: exact full-range token credits and explicit legacy migration; bounded throttle/cooldown mutex waits; monotone operation deadline state connected to process/throttle adapters; legal HTTP attempts, cumulative waits, exact refusal precedence and post-consumer completion admission.
Whole M-V7 remains open: journal authority, remaining process framing/counters/lifecycle authority and complete update survey proof/effect correspondence are not closed here.
Observed failures before correction: the old throttle granted both known and unknown domains after its mutex wait crossed the original deadline; the real loopback HTTP body consumer returned Ok("body") after the operation deadline. Permanent bounded-wait and late-completion oracles now cover those consumer paths. The raw completed Compose calibrations below reintroduce these defects and require their named assertions to fail.
Final local Rust gate: fmt/clippy/tests plus 13 rate-admission properties and six attributable mutants, 12 HTTP adapter properties and four attributable mutants. Earlier unchanged gates for Loom/journal/GC also executed in that image.
Final local proof gate: 244 verified / 0 errors, 32 attributable semantic/evidence calibrations and 10 evidence-admission negatives. This is not a clock/syscall/allocator/TLS or Rust-to-OS refinement theorem.
Image identities observed after completion: test sha256:cf5cbe75efa7505ef895f413c5b0745b0075d124d8ab6923d9cead83453a3cdd; verify sha256:e83e26fd53fdb0300f5735db44fde7b31add06cbe96b6ba2ce05f5cb4544ea24; HTTP CLI image sha256:a30c6f7d9b420fe30e69f77d5a60e1dbca456c33c2d39f1f8e9aab89b71be119. All linux/amd64.
CLI smokes are earlier development snapshots explicitly identified by their binary hashes, not falsely relabelled as the final proof image. Three rate journeys and five HTTP journeys exercised real grip/Deno/loopback or plugin processes without remote services. Their scripts and full outputs follow.

=== COMPLETE RUST COMPOSE GATE ===
 Image gripsack-test Building 
#1 [internal] load local bake definitions
#1 reading from stdin 530B done
#1 DONE 0.0s

#2 [internal] load build definition from Dockerfile
#2 transferring dockerfile: 11.23kB done
#2 DONE 0.0s

#3 resolve image config for docker-image://docker.io/docker/dockerfile:1
#3 DONE 0.7s

#4 docker-image://docker.io/docker/dockerfile:1@sha256:ecfaec9ed6d810b56388c508f4121597bfbba70d41a6dfeee4d8cad5f295fc32
#4 resolve docker.io/docker/dockerfile:1@sha256:ecfaec9ed6d810b56388c508f4121597bfbba70d41a6dfeee4d8cad5f295fc32 0.0s done
#4 CACHED

#5 [internal] load metadata for docker.io/library/rust:alpine@sha256:a10e64dd139b7387337c7fbe8aca31b959b57b2fd4c8ae20a02cf1d6ea424dce
#5 DONE 0.6s

#6 [internal] load .dockerignore
#6 transferring context: 139B done
#6 DONE 0.0s

#7 [builder  1/10] FROM docker.io/library/rust:alpine@sha256:a10e64dd139b7387337c7fbe8aca31b959b57b2fd4c8ae20a02cf1d6ea424dce
#7 resolve docker.io/library/rust:alpine@sha256:a10e64dd139b7387337c7fbe8aca31b959b57b2fd4c8ae20a02cf1d6ea424dce 0.0s done
#7 DONE 0.0s

#8 [internal] load build context
#8 transferring context: 3.38MB 0.2s done
#8 DONE 0.3s

#9 [builder  2/10] RUN apk add --no-cache musl-dev git curl xz     && rustup component add clippy rustfmt
#9 CACHED

#10 [builder  3/10] RUN set -e;     arch="$(uname -m)";     case "$arch" in       x86_64)  sha=3374daaf153e6f82028add5e4bf7cc2deab46537dee24f20be80df831193aeb4 ;;       aarch64) sha=35d90cee9648037eaa4c1a2649fdca9d1b9a9997b972d37be7f8629139ba1294 ;;       *) echo "unsupported arch: $arch" >&2; exit 1 ;;     esac;     curl -fsSL -o /tmp/ca.tar.xz "https://github.com/rust-secure-code/cargo-auditable/releases/download/v0.7.5/cargo-auditable-${arch}-unknown-linux-musl.tar.xz";     echo "$sha  /tmp/ca.tar.xz" | sha256sum -c -;     mkdir -p /tmp/ca && tar -xJf /tmp/ca.tar.xz -C /tmp/ca;     mv /tmp/ca/*/cargo-auditable /usr/local/bin/cargo-auditable;     rm -rf /tmp/ca /tmp/ca.tar.xz
#10 CACHED

#11 [builder  4/10] WORKDIR /app
#11 CACHED

#12 [builder  5/10] COPY Cargo.toml Cargo.lock ./
#12 CACHED

#13 [builder  6/10] COPY crates ./crates
#13 DONE 0.3s

#14 [builder  7/10] COPY fuzz ./fuzz
#14 DONE 0.1s

#15 [builder  8/10] COPY schema ./schema
#15 DONE 0.1s

#16 [builder  9/10] COPY typescript ./typescript
#16 DONE 0.1s

#17 [builder 10/10] COPY scripts ./scripts
#17 DONE 0.1s

#18 [test 1/2] RUN cargo fmt --check     && cargo clippy --locked --workspace --all-targets -- -D warnings     && cargo test --locked
#18 1.161     Updating crates.io index
#18 3.555  Downloading crates ...
#18 3.638   Downloaded adler2 v2.0.1
#18 3.650   Downloaded bit-set v0.8.0
#18 3.662   Downloaded anstyle-query v1.1.5
#18 3.665   Downloaded block-buffer v0.12.1
#18 3.674   Downloaded convert_case v0.4.0
#18 3.676   Downloaded equivalent v1.0.2
#18 3.678   Downloaded clap_lex v1.1.0
#18 3.680   Downloaded cfg-if v1.0.4
#18 3.686   Downloaded ambient-authority v0.0.2
#18 3.688   Downloaded crypto-common v0.2.2
#18 3.694   Downloaded cpufeatures v0.3.0
#18 3.697   Downloaded lazy_static v1.5.0
#18 3.701   Downloaded colorchoice v1.0.5
#18 3.706   Downloaded jsonschema-regex v0.55.0
#18 3.708   Downloaded is_terminal_polyfill v1.70.2
#18 3.710   Downloaded zopfli v0.8.3
#18 3.714   Downloaded fs-set-times v0.20.3
#18 3.719   Downloaded openssl-probe v0.2.1
#18 3.723   Downloaded parking_lot v0.12.5
#18 3.728   Downloaded itoa v1.0.18
#18 3.731   Downloaded errno v0.3.14
#18 3.735   Downloaded heck v0.5.0
#18 3.739   Downloaded httpdate v1.0.3
#18 3.742   Downloaded outref v0.5.2
#18 3.745   Downloaded form_urlencoded v1.2.2
#18 3.746   Downloaded idna_adapter v1.2.2
#18 3.748   Downloaded percent-encoding v2.3.2
#18 3.749   Downloaded maybe-owned v0.3.4
#18 3.752   Downloaded matchers v0.2.0
#18 3.754   Downloaded num v0.4.3
#18 3.756   Downloaded borrow-or-share v0.2.4
#18 3.759   Downloaded num-cmp v0.1.0
#18 3.761   Downloaded anstyle v1.0.14
#18 3.765   Downloaded autocfg v1.5.1
#18 3.769   Downloaded bit-vec v0.8.0
#18 3.772   Downloaded zerofrom v0.1.8
#18 3.774   Downloaded anstyle-parse v1.0.0
#18 3.777   Downloaded zerofrom-derive v0.1.7
#18 3.781   Downloaded xattr v1.6.1
#18 3.785   Downloaded anstream v1.0.0
#18 3.790   Downloaded displaydoc v0.2.7
#18 3.793   Downloaded dialoguer v0.12.0
#18 3.800   Downloaded find-msvc-tools v0.1.11
#18 3.802   Downloaded strum v0.28.0
#18 3.804   Downloaded digest v0.11.3
#18 3.809   Downloaded foldhash v0.2.0
#18 3.811   Downloaded tracing-serde v0.2.0
#18 3.812   Downloaded email_address v0.2.9
#18 3.816   Downloaded data-encoding v2.11.1
#18 3.817   Downloaded fastrand v2.5.0
#18 3.820   Downloaded io-lifetimes v3.0.1
#18 3.823   Downloaded scopeguard v1.2.0
#18 3.826   Downloaded filetime v0.2.29
#18 3.830   Downloaded scoped-tls v1.0.1
#18 3.833   Downloaded verus_builtin v0.0.0-2026-09-06-0133
#18 3.835   Downloaded potential_utf v0.1.6
#18 3.837   Downloaded num-complex v0.4.6
#18 3.839   Downloaded serde_spanned v1.1.1
#18 3.841   Downloaded lock_api v0.4.14
#18 3.843   Downloaded utf8_iter v1.0.4
#18 3.845   Downloaded console v0.16.4
#18 3.848   Downloaded xz2 v0.1.7
#18 3.852   Downloaded zeroize v1.9.0
#18 3.854   Downloaded yoke-derive v0.8.2
#18 3.856   Downloaded untrusted v0.9.0
#18 3.860   Downloaded zerovec-derive v0.11.6
#18 3.863   Downloaded thread_local v1.1.10
#18 3.866   Downloaded ahash v0.8.12
#18 3.871   Downloaded cap-std v4.0.3
#18 3.877   Downloaded bytecount v0.6.9
#18 3.881   Downloaded uuid-simd v0.8.0
#18 3.883   Downloaded bzip2 v0.6.1
#18 3.887   Downloaded hybrid-array v0.4.14
#18 3.891   Downloaded io-lifetimes v2.0.4
#18 3.894   Downloaded jobserver v0.1.35
#18 3.897   Downloaded strsim v0.11.1
#18 3.900   Downloaded io-extras v0.19.0
#18 3.904   Downloaded nu-ansi-term v0.50.3
#18 3.909   Downloaded getrandom v0.2.17
#18 3.913   Downloaded ipnet v2.12.1
#18 3.916   Downloaded litemap v0.8.3
#18 3.920   Downloaded bitflags v2.13.1
#18 3.927   Downloaded stable_deref_trait v1.2.1
#18 3.929   Downloaded utf8parse v0.2.2
#18 3.932   Downloaded generator v0.8.10
#18 3.939   Downloaded writeable v0.6.4
#18 3.944   Downloaded allocator-api2 v0.2.21
#18 3.948   Downloaded crc32fast v1.5.1
#18 3.953   Downloaded clap v4.6.6
#18 3.967   Downloaded clap_derive v4.6.4
#18 3.971   Downloaded getrandom v0.3.4
#18 3.976   Downloaded icu_provider v2.3.1
#18 3.981   Downloaded libbz2-rs-sys v0.2.5
#18 3.984   Downloaded getrandom v0.4.3
#18 3.990   Downloaded subtle v2.6.1
#18 3.993   Downloaded webpki-roots v0.26.11
#18 3.997   Downloaded num-integer v0.1.47
#18 4.000   Downloaded version_check v0.9.5
#18 4.003   Downloaded log v0.4.34
#18 4.008   Downloaded owo-colors v4.3.0
#18 4.011   Downloaded yoke v0.8.3
#18 4.014   Downloaded base64 v0.22.1
#18 4.022   Downloaded ref-cast-impl v1.0.27
#18 4.024   Downloaded num-iter v0.1.46
#18 4.026   Downloaded indicatif v0.18.6
#18 4.032   Downloaded fluent-uri v0.4.1
#18 4.037   Downloaded icu_normalizer_data v2.3.0
#18 4.041   Downloaded loom v0.7.2
#18 4.051   Downloaded micromap v0.3.0
#18 4.061   Downloaded miniz_oxide v0.8.9
#18 4.065   Downloaded icu_collections v2.3.0
#18 4.078   Downloaded const-oid v0.10.2
#18 4.082   Downloaded cap-primitives v4.0.3
#18 4.101   Downloaded flate2 v1.1.9
#18 4.110   Downloaded bumpalo v3.20.3
#18 4.114   Downloaded cc v1.4.4
#18 4.119   Downloaded icu_locale_core v2.3.0
#18 4.133   Downloaded indexmap v2.14.0
#18 4.141   Downloaded icu_properties v2.3.0
#18 4.146   Downloaded memchr v2.8.3
#18 4.157   Downloaded unit-prefix v0.5.2
#18 4.160   Downloaded fraction v0.17.0
#18 4.170   Downloaded num-bigint v0.4.8
#18 4.178   Downloaded zerotrie v0.2.5
#18 4.188   Downloaded zerovec v0.11.8
#18 4.199   Downloaded idna v1.1.0
#18 4.203   Downloaded rustix-linux-procfs v0.1.1
#18 4.205   Downloaded zstd v0.13.3
#18 4.212   Downloaded clap_builder v4.6.6
#18 4.223   Downloaded hashbrown v0.17.1
#18 4.231   Downloaded thiserror-impl v2.0.20
#18 4.233   Downloaded zip v8.6.0
#18 4.240   Downloaded rustls-native-certs v0.8.4
#18 4.242   Downloaded toml_datetime v0.7.5+spec-1.1.0
#18 4.244   Downloaded synstructure v0.13.2
#18 4.246   Downloaded vsimd v0.8.0
#18 4.249   Downloaded shlex v2.0.1
#18 4.252   Downloaded tracing-log v0.2.0
#18 4.255   Downloaded thiserror v2.0.20
#18 4.265   Downloaded strum_macros v0.28.0
#18 4.269   Downloaded toml_datetime v1.1.1+spec-1.1.0
#18 4.272   Downloaded icu_properties_data v2.3.0
#18 4.283   Downloaded aho-corasick v1.1.5
#18 4.292   Downloaded winnow v0.7.15
#18 4.309   Downloaded winnow v1.0.4
#18 4.327   Downloaded toml_writer v1.1.2+spec-1.1.0
#18 4.330   Downloaded shell-words v1.1.1
#18 4.332   Downloaded fancy-regex v0.19.1
#18 4.341   Downloaded zlib-rs v0.6.7
#18 4.349   Downloaded tinystr v0.8.4
#18 4.354   Downloaded zmij v1.0.23
#18 4.358   Downloaded zerocopy v0.8.56
#18 4.383   Downloaded pin-project-lite v0.2.17
#18 4.395   Downloaded ref-cast v1.0.27
#18 4.400   Downloaded num-rational v0.4.2
#18 4.403   Downloaded zstd-safe v7.2.4
#18 4.405   Downloaded rustversion v1.0.23
#18 4.412   Downloaded icu_normalizer v2.3.0
#18 4.422   Downloaded quote v1.0.47
#18 4.428   Downloaded pkg-config v0.3.34
#18 4.431   Downloaded lzma-sys v0.1.20
#18 4.476   Downloaded libc v0.2.189
#18 4.588   Downloaded smallvec v1.15.2
#18 4.591   Downloaded tempfile v3.27.0
#18 4.596   Downloaded tracing-attributes v0.1.31
#18 4.601   Downloaded rustls-pki-types v1.15.1
#18 4.604   Downloaded parking_lot_core v0.9.12
#18 4.609   Downloaded toml_parser v1.1.3+spec-1.1.0
#18 4.613   Downloaded serde_core v1.0.229
#18 4.617   Downloaded sharded-slab v0.1.7
#18 4.624   Downloaded num-traits v0.2.19
#18 4.628   Downloaded sha2 v0.11.0
#18 4.637   Downloaded referencing v0.55.0
#18 4.646   Downloaded unicode-ident v1.0.24
#18 4.652   Downloaded linux-raw-sys v0.12.1
#18 4.719   Downloaded unsafe-libyaml v0.2.11
#18 4.725   Downloaded unicode-general-category v1.1.0
#18 4.728   Downloaded toml v1.1.4+spec-1.1.0
#18 4.736   Downloaded simd-adler32 v0.3.10
#18 4.740   Downloaded serde_yaml v0.9.34+deprecated
#18 4.746   Downloaded jsonschema v0.55.0
#18 4.772   Downloaded ryu v1.0.23
#18 4.779   Downloaded once_cell v1.21.4
#18 4.784   Downloaded tar v0.4.46
#18 4.790   Downloaded toml v0.9.12+spec-1.1.0
#18 4.798   Downloaded tracing-core v0.1.36
#18 4.803   Downloaded toml_edit v0.25.13+spec-1.1.0
#18 4.809   Downloaded serde_derive v1.0.229
#18 4.814   Downloaded proc-macro2 v1.0.107
#18 4.819   Downloaded verus_prettyplease v0.0.0-2026-09-06-0133
#18 4.825   Downloaded serde v1.0.229
#18 4.831   Downloaded url v2.5.8
#18 4.835   Downloaded verus_state_machines_macros v0.0.0-2026-09-06-0133
#18 4.839   Downloaded typenum v1.20.1
#18 4.845   Downloaded rustls-webpki v0.103.15
#18 4.850   Downloaded ureq v2.12.1
#18 4.859   Downloaded typed-path v0.12.3
#18 4.877   Downloaded verus_builtin_macros v0.0.0-2026-09-06-0133
#18 4.882   Downloaded regex v1.13.1
#18 4.890   Downloaded serde_json v1.0.151
#18 4.902   Downloaded portable-atomic v1.15.0
#18 4.915   Downloaded tracing-subscriber v0.3.23
#18 4.929   Downloaded webpki-roots v1.0.9
#18 4.934   Downloaded unicode-width v0.2.2
#18 4.940   Downloaded vstd v0.0.0-2026-09-06-0133
#18 4.956   Downloaded syn v2.0.119
#18 4.971   Downloaded syn v3.0.4
#18 4.986   Downloaded rustls v0.23.45
#18 5.005   Downloaded regex-syntax v0.8.11
#18 5.014   Downloaded verus_syn v0.0.0-2026-09-06-0133
#18 5.029   Downloaded tracing v0.1.44
#18 5.047   Downloaded rustix v1.1.4
#18 5.101   Downloaded regex-automata v0.4.18
#18 5.124   Downloaded zstd-sys v2.0.16+zstd.1.5.7
#18 5.145   Downloaded ring v0.17.14
#18 5.203   Downloaded jsonschema-value v0.55.0
#18 5.449    Compiling proc-macro2 v1.0.107
#18 5.449    Compiling quote v1.0.47
#18 5.449    Compiling unicode-ident v1.0.24
#18 5.449    Compiling libc v0.2.189
#18 5.453     Checking cfg-if v1.0.4
#18 5.453    Compiling serde_core v1.0.229
#18 5.458    Compiling serde v1.0.229
#18 5.462     Checking memchr v2.8.3
#18 5.464     Checking once_cell v1.21.4
#18 5.467     Checking equivalent v1.0.2
#18 5.475     Checking foldhash v0.2.0
#18 5.475     Checking allocator-api2 v0.2.21
#18 5.478    Compiling verus_prettyplease v0.0.0-2026-09-06-0133
#18 5.481    Compiling hashbrown v0.17.1
#18 5.492    Compiling vstd v0.0.0-2026-09-06-0133
#18 5.493    Compiling zmij v1.0.23
#18 5.497    Compiling convert_case v0.4.0
#18 5.497    Compiling serde_json v1.0.151
#18 5.497     Checking verus_builtin v0.0.0-2026-09-06-0133
#18 5.498     Checking itoa v1.0.18
#18 5.498    Compiling find-msvc-tools v0.1.11
#18 5.502    Compiling shlex v2.0.1
#18 5.502     Checking smallvec v1.15.2
#18 5.502    Compiling thiserror v2.0.20
#18 5.503    Compiling rustix v1.1.4
#18 5.506     Checking bitflags v2.13.1
#18 5.509     Checking linux-raw-sys v0.12.1
#18 5.509     Checking stable_deref_trait v1.2.1
#18 5.513     Checking typenum v1.20.1
#18 5.513     Checking winnow v1.0.4
#18 5.513    Compiling io-lifetimes v2.0.4
#18 5.514     Checking toml_writer v1.1.2+spec-1.1.0
#18 5.522    Compiling io-lifetimes v3.0.1
#18 5.541    Compiling pkg-config v0.3.34
#18 5.603     Checking percent-encoding v2.3.2
#18 5.631    Compiling parking_lot_core v0.9.12
#18 5.632     Checking const-oid v0.10.2
#18 5.648    Compiling getrandom v0.4.3
#18 5.671     Checking log v0.4.34
#18 5.723    Compiling io-extras v0.19.0
#18 5.780    Compiling cap-primitives v4.0.3
#18 5.798     Checking scopeguard v1.2.0
#18 5.827     Checking cpufeatures v0.3.0
#18 5.842     Checking maybe-owned v0.3.4
#18 5.843     Checking ambient-authority v0.0.2
#18 5.871     Checking ipnet v2.12.1
#18 5.872     Checking zeroize v1.9.0
#18 5.910    Compiling cap-std v4.0.3
#18 5.918     Checking writeable v0.6.4
#18 5.918     Checking fastrand v2.5.0
#18 5.927     Checking litemap v0.8.3
#18 5.938     Checking lock_api v0.4.14
#18 5.942     Checking tracing-core v0.1.36
#18 5.943    Compiling icu_properties_data v2.3.0
#18 5.965     Checking utf8_iter v1.0.4
#18 5.971    Compiling icu_normalizer_data v2.3.0
#18 6.026     Checking winnow v0.7.15
#18 6.051     Checking regex-syntax v0.8.11
#18 6.100     Checking rustls-pki-types v1.15.1
#18 6.109     Checking pin-project-lite v0.2.17
#18 6.129    Compiling crc32fast v1.5.1
#18 6.155    Compiling autocfg v1.5.1
#18 6.180     Checking aho-corasick v1.1.5
#18 6.194     Checking simd-adler32 v0.3.10
#18 6.194     Checking untrusted v0.9.0
#18 6.208    Compiling zstd-safe v7.2.4
#18 6.208    Compiling rustls v0.23.45
#18 6.230     Checking base64 v0.22.1
#18 6.231     Checking adler2 v2.0.1
#18 6.231     Checking form_urlencoded v1.2.2
#18 6.284     Checking subtle v2.6.1
#18 6.306     Checking bumpalo v3.20.3
#18 6.317     Checking libbz2-rs-sys v0.2.5
#18 6.331     Checking zlib-rs v0.6.7
#18 6.365     Checking typed-path v0.12.3
#18 6.401     Checking openssl-probe v0.2.1
#18 6.447     Checking httpdate v1.0.3
#18 6.466    Compiling heck v0.5.0
#18 6.492    Compiling version_check v0.9.5
#18 6.510    Compiling zerocopy v0.8.56
#18 6.520    Compiling indexmap v2.14.0
#18 6.539     Checking miniz_oxide v0.8.9
#18 6.574    Compiling getrandom v0.3.4
#18 6.574    Compiling ref-cast v1.0.27
#18 6.583     Checking lazy_static v1.5.0
#18 6.634     Checking webpki-roots v1.0.9
#18 6.635     Checking rustls-native-certs v0.8.4
#18 6.649     Checking tracing-log v0.2.0
#18 6.650     Checking thread_local v1.1.10
#18 6.655     Checking nu-ansi-term v0.50.3
#18 6.665     Checking bit-vec v0.8.0
#18 6.692     Checking sharded-slab v0.1.7
#18 6.707    Compiling unicode-general-category v1.1.0
#18 6.717     Checking borrow-or-share v0.2.4
#18 6.779    Compiling rustversion v1.0.23
#18 6.795     Checking vsimd v0.8.0
#18 6.823     Checking outref v0.5.2
#18 6.857     Checking ryu v1.0.23
#18 6.870     Checking webpki-roots v0.26.11
#18 6.871     Checking zopfli v0.8.3
#18 6.871     Checking micromap v0.3.0
#18 6.903     Checking unsafe-libyaml v0.2.11
#18 6.947     Checking num-cmp v0.1.0
#18 6.971    Compiling num-traits v0.2.19
#18 6.990     Checking bit-set v0.8.0
#18 7.039     Checking bytecount v0.6.9
#18 7.075     Checking bzip2 v0.6.1
#18 7.111    Compiling ahash v0.8.12
#18 7.120     Checking utf8parse v0.2.2
#18 7.186     Checking data-encoding v2.11.1
#18 7.205    Compiling portable-atomic v1.15.0
#18 7.220     Checking anstyle-parse v1.0.0
#18 7.223     Checking is_terminal_polyfill v1.70.2
#18 7.223     Checking colorchoice v1.0.5
#18 7.289     Checking hybrid-array v0.4.14
#18 7.305     Checking unicode-width v0.2.2
#18 7.320     Checking anstyle v1.0.14
#18 7.350     Checking anstyle-query v1.1.5
#18 7.350     Checking clap_lex v1.1.0
#18 7.362    Compiling syn v3.0.4
#18 7.376    Compiling syn v2.0.119
#18 7.377    Compiling verus_syn v0.0.0-2026-09-06-0133
#18 7.400     Checking toml_parser v1.1.3+spec-1.1.0
#18 7.458    Compiling owo-colors v4.3.0
#18 7.492     Checking strsim v0.11.1
#18 7.502     Checking uuid-simd v0.8.0
#18 7.523     Checking unit-prefix v0.5.2
#18 7.531     Checking scoped-tls v1.0.1
#18 7.560     Checking shell-words v1.1.1
#18 7.583     Checking anstream v1.0.0
#18 7.606    Compiling jobserver v0.1.35
#18 7.680     Checking getrandom v0.2.17
#18 7.691     Checking filetime v0.2.29
#18 7.696     Checking console v0.16.4
#18 7.859     Checking clap_builder v4.6.6
#18 7.866    Compiling cc v1.4.4
#18 7.905     Checking flate2 v1.1.9
#18 7.913     Checking parking_lot v0.12.5
#18 8.117     Checking crypto-common v0.2.2
#18 8.117     Checking block-buffer v0.12.1
#18 8.479     Checking regex-automata v0.4.18
#18 8.479     Checking jsonschema-regex v0.55.0
#18 8.492     Checking num-integer v0.1.47
#18 8.492     Checking num-complex v0.4.6
#18 8.551     Checking indicatif v0.18.6
#18 8.796     Checking num-bigint v0.4.8
#18 8.796     Checking num-iter v0.1.46
#18 8.989     Checking digest v0.11.3
#18 9.146     Checking sha2 v0.11.0
#18 9.276     Checking serde_spanned v1.1.1
#18 9.276     Checking toml_datetime v0.7.5+spec-1.1.0
#18 9.276     Checking toml_datetime v1.1.1+spec-1.1.0
#18 9.480     Checking toml v0.9.12+spec-1.1.0
#18 9.480     Checking toml v1.1.4+spec-1.1.0
#18 9.480     Checking toml_edit v0.25.13+spec-1.1.0
#18 9.591    Compiling zstd-sys v2.0.16+zstd.1.5.7
#18 9.591    Compiling ring v0.17.14
#18 9.591    Compiling lzma-sys v0.1.20
#18 9.591    Compiling generator v0.8.10
#18 10.10     Checking num-rational v0.4.2
#18 10.50     Checking num v0.4.3
#18 10.58     Checking fraction v0.17.0
#18 10.60     Checking rustix-linux-procfs v0.1.1
#18 10.61     Checking fs-set-times v0.20.3
#18 10.61     Checking tempfile v3.27.0
#18 10.62     Checking xattr v1.6.1
#18 10.79     Checking tar v0.4.46
#18 10.92     Checking dialoguer v0.12.0
#18 10.98     Checking xz2 v0.1.7
#18 11.60     Checking matchers v0.2.0
#18 11.60     Checking fancy-regex v0.19.1
#18 11.60     Checking regex v1.13.1
#18 11.72     Checking gripsack-fs v0.42.0 (/app/crates/gripsack-fs)
#18 12.68    Compiling synstructure v0.13.2
#18 13.27     Checking rustls-webpki v0.103.15
#18 13.42     Checking zstd v0.13.3
#18 13.43    Compiling serde_derive v1.0.229
#18 13.43    Compiling thiserror-impl v2.0.20
#18 13.43    Compiling zerovec-derive v0.11.6
#18 13.43    Compiling displaydoc v0.2.7
#18 13.44    Compiling ref-cast-impl v1.0.27
#18 13.44    Compiling clap_derive v4.6.4
#18 13.69     Checking zip v8.6.0
#18 14.50    Compiling zerofrom-derive v0.1.7
#18 14.50    Compiling yoke-derive v0.8.2
#18 14.50    Compiling tracing-attributes v0.1.31
#18 14.50    Compiling strum_macros v0.28.0
#18 16.01     Checking clap v4.6.6
#18 16.15    Compiling verus_builtin_macros v0.0.0-2026-09-06-0133
#18 16.15    Compiling verus_state_machines_macros v0.0.0-2026-09-06-0133
#18 16.16     Checking zerofrom v0.1.8
#18 16.29     Checking tracing v0.1.44
#18 16.33     Checking yoke v0.8.3
#18 16.54     Checking zerovec v0.11.8
#18 16.54     Checking zerotrie v0.2.5
#18 17.18     Checking strum v0.28.0
#18 17.23     Checking tinystr v0.8.4
#18 17.23     Checking potential_utf v0.1.6
#18 17.30     Checking icu_collections v2.3.0
#18 17.35     Checking icu_locale_core v2.3.0
#18 18.10     Checking tracing-serde v0.2.0
#18 18.10     Checking fluent-uri v0.4.1
#18 18.10     Checking serde_yaml v0.9.34+deprecated
#18 18.10     Checking email_address v0.2.9
#18 18.25     Checking tracing-subscriber v0.3.23
#18 18.39     Checking jsonschema-value v0.55.0
#18 18.41     Checking icu_provider v2.3.1
#18 18.70     Checking icu_normalizer v2.3.0
#18 18.70     Checking icu_properties v2.3.0
#18 18.77     Checking referencing v0.55.0
#18 19.40     Checking jsonschema v0.55.0
#18 19.74     Checking loom v0.7.2
#18 20.00     Checking idna_adapter v1.2.2
#18 20.07     Checking idna v1.1.0
#18 20.35     Checking url v2.5.8
#18 20.89     Checking ureq v2.12.1
#18 25.74     Checking gripsack-policy v0.42.0 (/app/crates/gripsack-policy)
#18 26.17     Checking gripsack-ir v0.42.0 (/app/crates/gripsack-ir)
#18 26.17     Checking gripsack-process v0.42.0 (/app/crates/gripsack-process)
#18 26.60     Checking gripsack-buildkit v0.42.0 (/app/crates/gripsack-buildkit)
#18 28.42     Checking gripsack-store v0.42.0 (/app/crates/gripsack-store)
#18 28.42     Checking gripsack-config v0.42.0 (/app/crates/gripsack-config)
#18 28.42     Checking griplint v0.42.0 (/app/crates/griplint)
#18 29.74     Checking gripsack-fetch v0.42.0 (/app/crates/gripsack-fetch)
#18 29.74     Checking gripsack-trace v0.42.0 (/app/crates/gripsack-trace)
#18 30.82     Checking gripsack-exec v0.42.0 (/app/crates/gripsack-exec)
#18 30.82     Checking gripsack-lint v0.42.0 (/app/crates/gripsack-lint)
#18 31.89     Checking gripsack-fuzz v0.0.0 (/app/fuzz)
#18 31.89     Checking gripsack v0.42.0 (/app/crates/gripsack)
#18 33.08     Finished `dev` profile [unoptimized + debuginfo] target(s) in 32.02s
#18 33.62    Compiling cfg-if v1.0.4
#18 33.62    Compiling equivalent v1.0.2
#18 33.62    Compiling memchr v2.8.3
#18 33.62    Compiling foldhash v0.2.0
#18 33.63    Compiling once_cell v1.21.4
#18 33.63    Compiling allocator-api2 v0.2.21
#18 33.63    Compiling verus_builtin v0.0.0-2026-09-06-0133
#18 33.63    Compiling itoa v1.0.18
#18 33.64    Compiling linux-raw-sys v0.12.1
#18 33.64    Compiling bitflags v2.13.1
#18 33.64    Compiling smallvec v1.15.2
#18 33.64    Compiling typenum v1.20.1
#18 33.64    Compiling winnow v1.0.4
#18 33.64    Compiling toml_writer v1.1.2+spec-1.1.0
#18 33.65    Compiling const-oid v0.10.2
#18 33.65    Compiling stable_deref_trait v1.2.1
#18 33.66    Compiling cpufeatures v0.3.0
#18 33.66    Compiling libc v0.2.189
#18 33.66    Compiling serde_core v1.0.229
#18 33.66    Compiling zmij v1.0.23
#18 33.67    Compiling io-lifetimes v2.0.4
#18 33.67    Compiling fastrand v2.5.0
#18 33.67    Compiling maybe-owned v0.3.4
#18 33.68    Compiling log v0.4.34
#18 33.68    Compiling ambient-authority v0.0.2
#18 33.68    Compiling ipnet v2.12.1
#18 33.69    Compiling indexmap v2.14.0
#18 33.69    Compiling io-lifetimes v3.0.1
#18 33.69    Compiling percent-encoding v2.3.2
#18 33.69    Compiling thiserror v2.0.20
#18 33.69    Compiling zerofrom v0.1.8
#18 33.69    Compiling winnow v0.7.15
#18 33.69    Compiling scopeguard v1.2.0
#18 33.69    Compiling zeroize v1.9.0
#18 33.71    Compiling writeable v0.6.4
#18 33.71    Compiling litemap v0.8.3
#18 33.75    Compiling utf8_iter v1.0.4
#18 33.80    Compiling regex-syntax v0.8.11
#18 33.82    Compiling pin-project-lite v0.2.17
#18 33.85    Compiling lock_api v0.4.14
#18 33.86    Compiling tracing-core v0.1.36
#18 33.86    Compiling icu_properties_data v2.3.0
#18 33.91    Compiling yoke v0.8.3
#18 33.92    Compiling io-extras v0.19.0
#18 33.93    Compiling icu_normalizer_data v2.3.0
#18 33.94    Compiling base64 v0.22.1
#18 33.96    Compiling untrusted v0.9.0
#18 33.97    Compiling rustls-pki-types v1.15.1
#18 34.01    Compiling simd-adler32 v0.3.10
#18 34.01    Compiling crc32fast v1.5.1
#18 34.02    Compiling adler2 v2.0.1
#18 34.02    Compiling form_urlencoded v1.2.2
#18 34.03    Compiling subtle v2.6.1
#18 34.05    Compiling libbz2-rs-sys v0.2.5
#18 34.05    Compiling zlib-rs v0.6.7
#18 34.06    Compiling bumpalo v3.20.3
#18 34.07    Compiling openssl-probe v0.2.1
#18 34.10    Compiling typed-path v0.12.3
#18 34.11    Compiling num-traits v0.2.19
#18 34.12    Compiling httpdate v1.0.3
#18 34.13    Compiling zerocopy v0.8.56
#18 34.19    Compiling hashbrown v0.17.1
#18 34.19    Compiling zerovec v0.11.8
#18 34.21    Compiling zerotrie v0.2.5
#18 34.21    Compiling lazy_static v1.5.0
#18 34.24    Compiling ref-cast v1.0.27
#18 34.25    Compiling thread_local v1.1.10
#18 34.27    Compiling sharded-slab v0.1.7
#18 34.27    Compiling bit-vec v0.8.0
#18 34.28    Compiling rustix v1.1.4
#18 34.31    Compiling nu-ansi-term v0.50.3
#18 34.32    Compiling miniz_oxide v0.8.9
#18 34.34    Compiling borrow-or-share v0.2.4
#18 34.36    Compiling num-cmp v0.1.0
#18 34.40    Compiling micromap v0.3.0
#18 34.43    Compiling bytecount v0.6.9
#18 34.47    Compiling aho-corasick v1.1.5
#18 34.47    Compiling zopfli v0.8.3
#18 34.52    Compiling ryu v1.0.23
#18 34.56    Compiling bit-set v0.8.0
#18 34.64    Compiling tracing v0.1.44
#18 34.65    Compiling webpki-roots v1.0.9
#18 34.67    Compiling rustls-native-certs v0.8.4
#18 34.68    Compiling tracing-log v0.2.0
#18 34.80    Compiling unsafe-libyaml v0.2.11
#18 34.82    Compiling bzip2 v0.6.1
#18 34.88    Compiling webpki-roots v0.26.11
#18 34.93    Compiling vsimd v0.8.0
#18 34.94    Compiling outref v0.5.2
#18 34.95    Compiling strum v0.28.0
#18 34.98    Compiling unicode-general-category v1.1.0
#18 34.99    Compiling data-encoding v2.11.1
#18 35.00    Compiling utf8parse v0.2.2
#18 35.03    Compiling unicode-width v0.2.2
#18 35.04    Compiling colorchoice v1.0.5
#18 35.07    Compiling anstyle-query v1.1.5
#18 35.08    Compiling anstyle v1.0.14
#18 35.12    Compiling anstyle-parse v1.0.0
#18 35.12    Compiling is_terminal_polyfill v1.70.2
#18 35.12    Compiling scoped-tls v1.0.1
#18 35.20    Compiling hybrid-array v0.4.14
#18 35.24    Compiling tinystr v0.8.4
#18 35.26    Compiling potential_utf v0.1.6
#18 35.27    Compiling strsim v0.11.1
#18 35.28    Compiling clap_lex v1.1.0
#18 35.29    Compiling portable-atomic v1.15.0
#18 35.30    Compiling unit-prefix v0.5.2
#18 35.35    Compiling shell-words v1.1.1
#18 35.35    Compiling owo-colors v4.3.0
#18 35.36    Compiling verus_state_machines_macros v0.0.0-2026-09-06-0133
#18 35.42    Compiling icu_collections v2.3.0
#18 35.52    Compiling jobserver v0.1.35
#18 35.57    Compiling getrandom v0.4.3
#18 35.60    Compiling parking_lot_core v0.9.12
#18 35.61    Compiling icu_locale_core v2.3.0
#18 35.62    Compiling getrandom v0.2.17
#18 35.64    Compiling filetime v0.2.29
#18 35.64    Compiling getrandom v0.3.4
#18 35.64    Compiling anstream v1.0.0
#18 35.66    Compiling num-integer v0.1.47
#18 35.67    Compiling num-complex v0.4.6
#18 35.78    Compiling toml_parser v1.1.3+spec-1.1.0
#18 35.79    Compiling uuid-simd v0.8.0
#18 35.81    Compiling console v0.16.4
#18 35.88    Compiling cc v1.4.4
#18 35.88    Compiling parking_lot v0.12.5
#18 35.95    Compiling clap_builder v4.6.6
#18 36.06    Compiling num-bigint v0.4.8
#18 36.07    Compiling num-iter v0.1.46
#18 36.15    Compiling block-buffer v0.12.1
#18 36.15    Compiling crypto-common v0.2.2
#18 36.49    Compiling indicatif v0.18.6
#18 37.01    Compiling regex-automata v0.4.18
#18 37.01    Compiling jsonschema-regex v0.55.0
#18 37.13    Compiling icu_provider v2.3.1
#18 37.35    Compiling digest v0.11.3
#18 37.49    Compiling icu_normalizer v2.3.0
#18 37.51    Compiling icu_properties v2.3.0
#18 37.54    Compiling sha2 v0.11.0
#18 37.82    Compiling serde v1.0.229
#18 37.82    Compiling serde_json v1.0.151
#18 37.82    Compiling serde_spanned v1.1.1
#18 37.82    Compiling toml_datetime v0.7.5+spec-1.1.0
#18 37.82    Compiling toml_datetime v1.1.1+spec-1.1.0
#18 37.93    Compiling num-rational v0.4.2
#18 38.05    Compiling flate2 v1.1.9
#18 38.06    Compiling ring v0.17.14
#18 38.06    Compiling zstd-sys v2.0.16+zstd.1.5.7
#18 38.06    Compiling lzma-sys v0.1.20
#18 38.06    Compiling generator v0.8.10
#18 38.09    Compiling toml v1.1.4+spec-1.1.0
#18 38.09    Compiling toml_edit v0.25.13+spec-1.1.0
#18 38.12    Compiling toml v0.9.12+spec-1.1.0
#18 38.52    Compiling num v0.4.3
#18 38.56    Compiling fraction v0.17.0
#18 38.67    Compiling tracing-serde v0.2.0
#18 38.67    Compiling fluent-uri v0.4.1
#18 38.67    Compiling serde_yaml v0.9.34+deprecated
#18 38.67    Compiling email_address v0.2.9
#18 39.11    Compiling clap v4.6.6
#18 39.28    Compiling idna_adapter v1.2.2
#18 39.39    Compiling idna v1.1.0
#18 39.54    Compiling tempfile v3.27.0
#18 39.60    Compiling rustix-linux-procfs v0.1.1
#18 39.61    Compiling fs-set-times v0.20.3
#18 39.61    Compiling xattr v1.6.1
#18 39.79    Compiling tar v0.4.46
#18 39.83    Compiling cap-primitives v4.0.3
#18 39.96    Compiling url v2.5.8
#18 39.99    Compiling dialoguer v0.12.0
#18 40.61    Compiling cap-std v4.0.3
#18 40.97    Compiling gripsack-fs v0.42.0 (/app/crates/gripsack-fs)
#18 40.98    Compiling ahash v0.8.12
#18 41.29    Compiling jsonschema-value v0.55.0
#18 41.29    Compiling referencing v0.55.0
#18 41.43    Compiling xz2 v0.1.7
#18 41.59    Compiling rustls v0.23.45
#18 41.73    Compiling matchers v0.2.0
#18 41.73    Compiling fancy-regex v0.19.1
#18 41.73    Compiling regex v1.13.1
#18 41.81    Compiling tracing-subscriber v0.3.23
#18 41.83    Compiling zstd-safe v7.2.4
#18 42.00    Compiling vstd v0.0.0-2026-09-06-0133
#18 42.04    Compiling zstd v0.13.3
#18 42.28    Compiling zip v8.6.0
#18 42.87    Compiling jsonschema v0.55.0
#18 43.21    Compiling rustls-webpki v0.103.15
#18 43.39    Compiling loom v0.7.2
#18 44.80    Compiling gripsack-policy v0.42.0 (/app/crates/gripsack-policy)
#18 45.26    Compiling gripsack-ir v0.42.0 (/app/crates/gripsack-ir)
#18 45.26    Compiling gripsack-process v0.42.0 (/app/crates/gripsack-process)
#18 45.92    Compiling gripsack-buildkit v0.42.0 (/app/crates/gripsack-buildkit)
#18 47.69    Compiling ureq v2.12.1
#18 49.22    Compiling gripsack-store v0.42.0 (/app/crates/gripsack-store)
#18 49.22    Compiling gripsack-config v0.42.0 (/app/crates/gripsack-config)
#18 49.22    Compiling griplint v0.42.0 (/app/crates/griplint)
#18 51.81    Compiling gripsack-fetch v0.42.0 (/app/crates/gripsack-fetch)
#18 51.81    Compiling gripsack-trace v0.42.0 (/app/crates/gripsack-trace)
#18 53.96    Compiling gripsack-exec v0.42.0 (/app/crates/gripsack-exec)
#18 53.96    Compiling gripsack-lint v0.42.0 (/app/crates/gripsack-lint)
#18 56.49    Compiling gripsack-fuzz v0.0.0 (/app/fuzz)
#18 60.44    Compiling gripsack v0.42.0 (/app/crates/gripsack)
#18 67.64     Finished `test` profile [unoptimized + debuginfo] target(s) in 34.49s
#18 67.67      Running unittests src/lib.rs (target/debug/deps/griplint-649ce6e1a3a65ac3)
#18 67.67 
#18 67.67 running 19 tests
#18 67.67 test document::tests::error_spans_map_bytes_to_code_point_columns ... ok
#18 67.67 test admission::tests::file_loader_has_the_same_admission_boundary ... ok
#18 67.68 test admission::tests::explicit_no_table_preserves_coverage_without_parsing ... ok
#18 67.68 test document::tests::indented_multichar_keys_get_real_columns ... ok
#18 67.68 test checks::tests::version_coverage_is_numeric_not_textual ... ok
#18 67.68 test golden::severity_serializes_lowercase ... ok
#18 67.68 test value::tests::typed_matching_keeps_null_and_boolean_distinct ... ok
#18 67.68 test value::tests::numbers_compare_across_int_and_float ... ok
#18 67.68 test document::tests::json_and_yaml_null_stay_null ... ok
#18 67.68 test difflib::tests::the_fixture_suggestions_hold ... ok
#18 67.68 test admission::tests::formats_dispatch_without_extension_assumptions ... ok
#18 67.68 test admission::tests::whole_rules_check_sections_without_checking_their_members ... ok
#18 67.68 test admission::tests::free_keys_and_sections_preserve_arbitrary_descendants ... ok
#18 67.68 test admission::tests::key_diagnostics_and_leniency_survive_admission ... ok
#18 67.68 test admission::tests::markers_are_typed_and_exclusive ... ok
#18 67.68 test admission::tests::malformed_key_rules_never_turn_sections_free ... ok
#18 67.68 test admission::tests::metadata_and_dispatch_must_be_actionable ... ok
#18 67.74 test admission::tests::every_embedded_pack_is_admitted ... ok
#18 67.87 test golden::golden_corpus_replays ... ok
#18 67.87 
#18 67.87 test result: ok. 19 passed; 0 failed; 0 ignored; 0 measured; 0 filtered out; finished in 0.19s
#18 67.87 
#18 67.87      Running unittests src/main.rs (target/debug/deps/grip-3800ab207c3b98ff)
#18 67.87 
#18 67.87 running 22 tests
#18 67.87 test commands::adopt::generate::tests::ident_is_always_a_valid_ts_identifier ... ok
#18 67.87 test commands::adopt::generate::tests::module_source_escapes_hostile_strings ... ok
#18 67.87 test commands::adopt::generate::tests::module_source_shapes ... ok
#18 67.87 test commands::adopt::generate::tests::names_and_idents ... ok
#18 67.87 test commands::adopt::generate::tests::update_host_bails_on_unexpected_shape ... ok
#18 67.87 test commands::adopt::generate::tests::update_host_multiline_array ... ok
#18 67.87 test commands::adopt::generate::tests::update_host_single_line_arrays ... ok
#18 67.87 test commands::adopt::generate::tests::update_host_ignores_the_template_header_comment ... ok
#18 67.87 test render::tests::missing_file_degrades_gracefully ... ok
#18 67.87 test render::tests::renders_header_and_help_without_color ... ok
#18 67.87 test commands::frontend::tests::every_builtin_read_grant_rejects_a_comma_before_deno_spawn ... ok
#18 67.87 test commands::self_update::installation::tests::deleted_suffix_is_only_stripped_for_a_missing_original ... ok
#18 67.87 test commands::self_update::installation::tests::replacement_invalidates_installed_version_evidence ... ok
#18 67.87 test commands::self_update::installation::tests::parent_drift_does_not_redirect_publication ... ok
#18 67.87 test commands::self_update::payload::tests::root_and_nested_candidates_are_ambiguous ... ok
#18 67.87 test commands::self_update::payload::tests::probe_requires_success_and_a_single_grip_version ... ok
#18 67.87 test render::tests::invalid_diagnostic_coordinates_never_read_a_source_snippet ... ok
#18 67.87 test render::tests::renders_snippet_when_file_exists ... ok
#18 67.87 test commands::self_update::payload::tests::symlink_files_and_symlink_directories_are_not_candidates ... ok
#18 67.87 test render::tests::source_snippets_cannot_escape_the_repo_capability ... ok
#18 67.88 test commands::self_update::payload::tests::flooding_version_peer_is_rejected ... ok
#18 67.89 test commands::self_update::installation::tests::symlink_install_keeps_target_semantics ... ok
#18 67.89 
#18 67.89 test result: ok. 22 passed; 0 failed; 0 ignored; 0 measured; 0 filtered out; finished in 0.02s
#18 67.89 
#18 67.89      Running unittests src/lib.rs (target/debug/deps/gripsack_buildkit-8e7c235711e28aa1)
#18 67.89 
#18 67.89 running 23 tests
#18 67.89 test protocol::tests::digests_and_sessions_validate_their_shape ... ok
#18 67.89 test protocol::tests::hostile_headers_reject_before_any_body_is_read ... ok
#18 67.89 test protocol::tests::negotiation_is_one_exact_version_pair ... ok
#18 67.89 test protocol::tests::the_gate_fences_stale_duplicate_and_flooding_events ... ok
#18 67.89 test transport::tests::the_real_go_bridge_negotiates_fails_closed_and_cancels_idempotently ... ignored, requires tools/buildkit-bridge/bridge-bin (built by the pinned golang gate)
#18 67.89 test protocol::tests::every_message_round_trips_byte_exactly ... ok
#18 67.89 test protocol::tests::trailing_bytes_and_unknown_fields_reject ... ok
#18 67.89 test worker::linux::tests::failed_launch_with_no_container_id_never_deletes_by_name ... ok
#18 67.89 test worker::linux::tests::failed_version_probe_cannot_authorize_a_lease ... ok
#18 67.89 test worker::linux::tests::failed_removal_does_not_claim_stopped_and_can_retry ... ok
#18 67.89 test worker::linux::tests::the_real_docker_worker_provisions_leases_and_stops ... ignored, requires a real docker engine with the pinned buildkitd image
#18 67.89 test worker::linux::tests::the_real_docker_worker_refuses_a_foreign_cache_volume ... ignored, requires a real docker engine with the pinned buildkitd image
#18 67.89 test worker::linux::tests::foreign_container_identity_blocks_deletion_and_stop ... ok
#18 67.89 test worker::linux::tests::worker_identity_rejects_unsafe_or_unbounded_docker_names ... ok
#18 67.89 test worker::linux::tests::foreign_cache_volume_blocks_provision_without_launch_or_deletion ... ok
#18 67.89 test worker::linux::tests::live_lease_blocks_worker_deletion_until_drained ... ok
#18 67.89 test worker::tests::a_crashed_worker_keeps_its_leases_until_explicit_drain ... ok
#18 67.89 test worker::tests::a_worker_with_a_live_lease_cannot_stop_or_be_deleted ... ok
#18 67.89 test protocol::tests::log_chunks_are_bounded_after_decode ... ok
#18 67.89 test worker::tests::cleanup_only_deletes_owned_resources_and_never_retained_ones ... ok
#18 67.89 test worker::tests::illegal_transitions_reject_instead_of_guessing ... ok
#18 67.89 test worker::tests::two_clients_lease_one_ready_worker_concurrently ... ok
#18 67.89 test worker::tests::unknown_leases_reject_and_ids_never_repeat ... ok
#18 67.89 
#18 67.89 test result: ok. 20 passed; 0 failed; 3 ignored; 0 measured; 0 filtered out; finished in 0.00s
#18 67.89 
#18 67.89      Running unittests src/lib.rs (target/debug/deps/gripsack_config-98cadf244e260699)
#18 67.89 
#18 67.89 running 12 tests
#18 67.89 test tests::defaults_are_sane ... ok
#18 67.89 test tests::eval_deps_is_gone ... ok
#18 67.89 test tests::parses_throttle_table ... ok
#18 67.89 test tests::python_frontend_is_a_migration_error ... ok
#18 67.89 test tests::parses_env_toml ... ok
#18 67.89 test tests::typescript_frontend_declaration_is_tolerated ... ok
#18 67.89 test tests::repo_wins_user_fills_gaps ... ok
#18 67.89 test tests::typo_key_is_a_span_labeled_diagnostic ... ok
#18 67.89 test tests::unknown_frontend_value_errors_the_same_way ... ok
#18 67.89 test tests::unknown_top_level_key_is_an_error ... ok
#18 67.90 test tests::repo_build_env_cannot_claim_operator_credential_routing ... ok
#18 67.90 test tests::user_value_used_when_repo_silent ... ok
#18 67.90 
#18 67.90 test result: ok. 12 passed; 0 failed; 0 ignored; 0 measured; 0 filtered out; finished in 0.00s
#18 67.90 
#18 67.90      Running unittests src/lib.rs (target/debug/deps/gripsack_exec-c32baec50b0bcd06)
#18 67.90 
#18 67.90 running 55 tests
#18 67.90 test facts::tests::glibc_version_parses_both_ldd_wordings ... ok
#18 67.90 test facts::tests::facts_match_the_running_host ... ok
#18 67.90 test frontend::tests::path_deno_version_gate_matches_major ... ok
#18 67.90 test lineage_model::a_mid_apply_external_write_is_aborted_never_clobbered ... ok
#18 67.90 test lineage_model::chmod_only_drift_is_preserved_never_silently_reverted ... ok
#18 67.90 test lineage_model::preserved_drift_never_authorizes_an_update ... ok
#18 67.90 test managed_blocks::tests::broken_scanner_utf8_boundary_returns_error_instead_of_panicking ... ok
#18 67.90 test managed_blocks::tests::malformed_markers_never_grant_splice_ranges ... ok
#18 67.90 test managed_blocks::tests::later_hand_edits_are_classified_and_other_modules_stay_untouched ... ok
#18 67.90 test managed_blocks::tests::foreign_bytes_survive_reconcile_and_removal ... ok
#18 67.90 test managed_blocks::tests::only_the_first_body_line_can_be_a_legacy_header ... ok
#18 67.90 test managed_blocks::tests::markers_roundtrip_across_comment_styles_and_legacy_metadata ... ok
#18 67.90 test report::update_model::every_survey_order_preserves_error_over_change_precedence ... ok
#18 67.90 test resolve::identity_tests::provenance_differences_hash_identically ... ok
#18 67.90 test deploy::tests::symlinked_ancestor_into_repo_is_detected ... ok
#18 67.90 test template::tests::template_substitutes_and_escapes ... ok
#18 67.90 test managed_blocks::tests::every_mode_record_participates_independently_of_order ... ok
#18 67.90 test template::tests::template_unbalanced_braces_error ... ok
#18 67.90 test template::tests::template_undefined_variable_is_a_loud_error ... ok
#18 67.90 test tests::build_edges_constrain_order_too ... ok
#18 67.90 test deploy::tests::restore_never_writes_a_dangling_owned_link ... ok
#18 67.90 test tests::cycles_are_named ... ok
#18 67.90 test tests::dependencies_come_first ... ok
#18 67.90 test tests::diamond_is_deterministic ... ok
#18 67.91 test tests::waves_levelize_the_dag ... ok
#18 67.91 test source::overlay::tests::fetched_link_ancestor_cannot_redirect_an_overlay ... ok
#18 67.91 test source::overlay::tests::leaf_link_is_replaced_without_writing_its_target ... ok
#18 67.91 test source::overlay::tests::overlay_pin_and_bytes_belong_to_the_same_snapshot ... ok
#18 67.92 test lineage_model::ownership_lineage_holds_over_every_sequence ... ok
#18 67.93 test source::overlay::tests::top_level_links_have_the_same_preview_and_staged_identity ... ok
#18 67.94 test ops::model::tests::a_build_only_dep_plans_zero_destination_ops ... ok
#18 67.94 test env::tests::renders_set_prepend_append_with_store_resolution ... ok
#18 67.94 test env::tests::duplicate_contributions_render_once ... ok
#18 67.95 test gc::root_model::pinned_collection_survives_root_replacement ... ok
#18 67.95 test ops::model::tests::a_spelling_change_plans_no_op ... ok
#18 67.95 test lockfile::tests::roundtrip ... ok
#18 67.95 test env::tests::empty_contributions_remove_the_file ... ok
#18 67.96 test deploy::tests::journaled_mutation_must_reach_its_intended_state ... ok
#18 68.02 test gc::tests::why_owns_finds_the_owner ... ok
#18 68.04 test mode_model::links_carry_the_payload_mode_without_normalizing_it ... ok
#18 68.04 test update::tests::check_and_publish_agree_on_metadata_only_pin_changes ... ok
#18 68.07 test gc::tests::collects_only_unreferenced_store_paths ... ok
#18 68.08 test gc::tests::keep_generations_prunes_oldest_and_their_paths ... ok
#18 68.08 test gc::tests::never_prunes_the_current_generation ... ok
#18 68.12 test gc::tests::a_session_for_another_home_authorizes_nothing_here ... ok
#18 68.13 test gc::tests::unfinished_recovery_blocks_collection ... ok
#18 68.17 test gc::tests::quarantined_entries_block_collection ... ok
#18 68.24 test gc::tests::reconciled_journal_unblocks_collection ... ok
#18 68.33 test mode_model::merge_host_modes_are_planned_and_drift_never_authorizes_prune ... ok
#18 68.49 test gc::root_model::unfinished_recovery_preserves_every_history_object ... ok
#18 68.63 test frontend::tests::embed_materializes_tree_and_marker ... ok
#18 69.11 test gc::root_model::retained_histories_protect_complete_roots ... ok
#18 69.11 test frontend::tests::materialize_flips_the_stable_current_link ... ok
#18 70.30 test ops::model::tests::the_planned_op_matches_the_algebra_and_executes_to_its_intent ... ok
#18 70.81 test mode_model::whole_file_modes_survive_update_restore_drift_and_prune ... ok
#18 70.81 
#18 70.81 test result: ok. 55 passed; 0 failed; 0 ignored; 0 measured; 0 filtered out; finished in 2.92s
#18 70.81 
#18 70.81      Running tests/workspace_execution_gate.rs (target/debug/deps/workspace_execution_gate-d1c33c6bd52e6e98)
#18 70.82 
#18 70.82 running 1 test
#18 70.82 test every_direct_executor_entry_rejects_before_home_mutation ... ok
#18 70.82 
#18 70.82 test result: ok. 1 passed; 0 failed; 0 ignored; 0 measured; 0 filtered out; finished in 0.00s
#18 70.82 
#18 70.82      Running unittests src/lib.rs (target/debug/deps/gripsack_fetch-8e8bdad2d8954868)
#18 70.82 
#18 70.82 running 78 tests
#18 70.82 test bottle::tests::apple_silicon_orders_by_chronology_not_spelling ... ok
#18 70.82 test bottle::tests::all_is_a_last_resort_under_a_validated_policy ... ok
#18 70.82 test bottle::tests::future_macos_major_admits_its_own_codename ... ok
#18 70.82 test bottle::tests::intel_mac_never_takes_the_linux_bottle ... ok
#18 70.82 test bottle::tests::arm64_linux_is_not_a_mac_bottle ... ok
#18 70.82 test bottle::tests::linux_matches_exact_architecture ... ok
#18 70.83 test bottle::tests::intel_mac_takes_the_newest_bottle_the_host_can_run ... ok
#18 70.83 test bottle::tests::missing_macos_version_fact_refuses_rather_than_guessing ... ok
#18 70.83 test bottle::tests::older_macos_refuses_newer_bottle_with_the_requirement ... ok
#18 70.83 test bottle::tests::unknown_tags_are_reported_not_matched ... ok
#18 70.83 test bottle::tests::unsupported_architecture_fails_clearly ... ok
#18 70.83 test bottle::tests::version_parsing_is_componentwise ... ok
#18 70.83 test host::tests::bundled_releases_have_full_platform_tables ... ok
#18 70.83 test host::tests::deno_urls_use_the_glibc_linux_assets ... ok
#18 70.83 test host::tests::placeholder_table_covers_every_convention ... ok
#18 70.83 test host::tests::resolves_the_host_asset ... ok
#18 70.83 test http::body::tests::a_new_attempt_cannot_reset_consumed_transfer_bytes ... ok
#18 70.83 test http::failure::tests::certificate_failures_are_not_transient_connections ... ok
#18 70.83 test http::failure::tests::failure_locations_redact_credentials_and_queries ... ok
#18 70.83 test http::retry::tests::an_expired_clock_observation_cannot_admit_an_attempt ... ok
#18 70.83 test http::retry::tests::real_retry_policy_has_fixed_deadline_and_bounded_attempts ... ok
#18 70.83 test http::retry::tests::terminal_classes_and_upstream_cooldowns_never_get_fast_replays ... ok
#18 70.83 test http::tests::host_binding_survives_url_normalization ... ok
#18 70.83 test http::tests::bound_credentials_require_tls_and_registry_artifact_refuses_cleartext ... ok
#18 70.83 test http::tests::credential_routing_model_uses_actual_host_selector ... ok
#18 70.83 test http::tests::proxy_bypass_preserves_domain_and_port_boundaries ... ok
#18 70.83 test placeholders::tests::explicit_bare_version_is_shared_without_changing_legacy_asset_precedence ... ok
#18 70.83 test placeholders::tests::missing_empty_or_escaping_expansions_never_become_paths ... ok
#18 70.83 test plugins::segment_tests::traversal_tags_are_refused ... ok
#18 70.83 test plugins::tests::parse_ref_shapes ... ok
#18 70.83 test resolve::atom_tests::no_core_tag_is_none_and_malformed_versions_skip ... ok
#18 70.83 test resolve::atom_tests::picks_the_newest_core_tag_among_mixed_namespaces ... ok
#18 70.83 test resolve::base_url_tests::bare_ghe_host_gets_api_v3 ... ok
#18 70.83 test resolve::tests::missing_asset_lists_available ... ok
#18 70.83 test resolve::tests::picks_expanded_asset ... ok
#18 70.83 test fetch::archive::tests::a_symlink_destination_cannot_redirect_acquisition ... ok
#18 70.83 test resolve::tests::v_prefix_variants_match ... ok
#18 70.83 test tests::exe_naming ... ok
#18 70.83 test throttle::tests::a_backward_wall_clock_does_not_refill_the_same_interval_twice ... ok
#18 70.83 test throttle::tests::fractional_declarations_retain_their_exact_refill_boundary ... ok
#18 70.83 test fetch::archive::tests::link_cycles_and_dangling_targets_reject_before_archive_materialization ... ok
#18 70.83 test fetch::plugin::tests::round_trip_and_reported_hash_verification ... ok
#18 70.83 test throttle::tests::plugin_declaration_replaces_builtin_default ... ok
#18 70.83 test plugins::tests::receipt_roundtrips_and_current_resolves ... ok
#18 70.83 test fetch::archive::tests::traversal_is_rejected_before_tar_materialization ... ok
#18 70.83 test throttle::tests::rate_admission_rejects_nonfinite_and_unfillable_buckets ... ok
#18 70.83 test throttle::tests::token_wait_cannot_outlive_or_reset_an_operation_deadline ... ok
#18 70.83 test throttle::tests::url_host_extraction ... ok
#18 70.83 test throttle::tests::user_override_beats_plugin_declaration ... ok
#18 70.84 test fetch::archive::tests::zip_entry_budget_precedes_directory_allocation ... ok
#18 70.84 test fetch::archive::tests::zip_crc_cannot_be_bypassed_by_raw_stream_decoding ... ok
#18 70.84 test fetch::archive::tests::aggregate_tar_path_metadata_is_bounded_before_extraction ... ok
#18 70.84 test throttle::tests::persisted_token_and_time_bounds_cannot_panic_or_mint_extra_tokens ... ok
#18 70.84 test fetch::plugin::tests::bounded_tree_is_checked_before_hash ... ok
#18 70.84 test fetch::archive::tests::zip_composed_links_cannot_escape_the_payload_root_in_either_order ... ok
#18 70.84 test fetch::plugin::tests::no_response_or_nonzero_exit_is_not_a_fetch ... ok
#18 70.84 test fetch::archive::tests::tar_composed_links_cannot_escape_the_payload_root_in_either_order ... ok
#18 70.84 test fetch::tarball::tests::transport_mismatch_never_extracts_payload ... ok
#18 70.84 test tests::discovers_executable_on_path ... ok
#18 70.84 test fetch::archive::tests::filesystem_tree_validation_and_copy_share_link_graph ... ok
#18 70.84 test fetch::archive::tests::decompressed_limit_is_checked_on_actual_bytes ... ok
#18 70.84 test fetch::archive::tests::bare_and_compressed_binaries_preserve_executability ... ok
#18 70.84 test fetch::archive::tests::tar_hardlink_before_its_file_uses_the_pinned_payload_root ... ok
#18 70.84 test fetch::archive::tests::xz_tar_extracts_without_a_payload_buffer ... ok
#18 70.84 test fetch::plugin::tests::response_does_not_hide_output_failure ... ok
#18 70.85 test fetch::file::tests::file_fetch_extracts_tarball ... ok
#18 70.85 test fetch::plugin::tests::simultaneous_pipe_pressure_and_early_response ... ok
#18 70.85 test fetch::archive::tests::forward_and_composed_internal_links_remain_usable_in_tar_and_zip ... ok
#18 70.86 test throttle::persistence::tests::a_saved_fractional_timestamp_cannot_refill_an_already_accounted_interval ... ok
#18 70.86 test http::request::tests::cooldown_contention_cannot_extend_the_original_operation_deadline ... ok
#18 70.86 test throttle::persistence::tests::changed_period_preserves_a_saved_partial_token_instead_of_resetting_the_burst ... ok
#18 70.86 test throttle::tests::capability_registration_consumes_the_same_contended_deadline ... ok
#18 70.89 test throttle::tests::mutex_contention_cannot_outlive_or_grant_after_the_original_deadline ... ok
#18 70.90 test fetch::git::tests::git_fetch_clones_at_rev ... ok
#18 71.08 test throttle::tests::bucket_enforces_the_budget ... ok
#18 71.38 test http::request::tests::a_successful_body_consumer_cannot_complete_after_the_operation_deadline ... ok
#18 75.35 test fetch::plugin::tests::silent_and_response_then_linger_both_fail ... ok
#18 75.36 test fetch::plugin::tests::capability_results_require_a_clean_exit ... ok
#18 75.36 
#18 75.36 test result: ok. 78 passed; 0 failed; 0 ignored; 0 measured; 0 filtered out; finished in 4.54s
#18 75.36 
#18 75.36      Running unittests src/lib.rs (target/debug/deps/gripsack_fs-269bf90eee70c137)
#18 75.37 
#18 75.37 running 16 tests
#18 75.37 test streamed::tests::failed_stream_keeps_old_destination_and_cleans_private_temp ... ok
#18 75.38 test tests::copy_dir_preserves_symlinks_and_merges ... ok
#18 75.39 test streamed::tests::publishes_complete_bytes_and_exact_mode_in_real_operation_order ... ok
#18 75.39 test tests::symlink_replace_flips_atomically ... ok
#18 75.39 test tests::atomic_write_lands_content_without_leftovers ... ok
#18 75.39 test tests::atomic_write_creates_parent_dirs ... ok
#18 75.39 test tests::publish_lands_files_read_only ... ok
#18 75.39 test persistence_model::streamed_executable_publication_is_ordered_at_every_cut ... ok
#18 75.39 test persistence_model::ambient_directory_sync_failure_prevents_consumer_effect ... ok
#18 75.39 test tests::publish_refuses_an_existing_dest ... ok
#18 75.40 test tests::atomic_write_preserves_the_destinations_mode ... ok
#18 75.40 test tests::atomic_write_with_mode_lands_exact_permissions ... ok
#18 75.40 test persistence_model::observed_directory_birth_is_sealed_before_nested_publication_returns ... ok
#18 75.43 test tests::publish_cross_filesystem_preserves_modes ... ok
#18 75.50 test persistence_model::atomic_file_link_and_tree_publication_are_ordered_at_every_cut ... ok
#18 76.39 test tests::writes_stay_on_the_pinned_inode_under_parent_swap ... ok
#18 76.39 
#18 76.39 test result: ok. 16 passed; 0 failed; 0 ignored; 0 measured; 0 filtered out; finished in 1.02s
#18 76.39 
#18 76.39      Running unittests src/lib.rs (target/debug/deps/gripsack_fuzz-e5edb31bb745822b)
#18 76.39 
#18 76.39 running 0 tests
#18 76.39 
#18 76.39 test result: ok. 0 passed; 0 failed; 0 ignored; 0 measured; 0 filtered out; finished in 0.00s
#18 76.39 
#18 76.39      Running unittests src/bin/replay.rs (target/debug/deps/replay-05b4b6109cd36324)
#18 76.39 
#18 76.39 running 0 tests
#18 76.39 
#18 76.39 test result: ok. 0 passed; 0 failed; 0 ignored; 0 measured; 0 filtered out; finished in 0.00s
#18 76.39 
#18 76.39      Running unittests src/lib.rs (target/debug/deps/gripsack_ir-3b19633ffcb5d796)
#18 76.39 
#18 76.39 running 68 tests
#18 76.40 test host_name::tests::rejects_path_shaped_hosts_before_they_can_name_files ... ok
#18 76.40 test sema::contract_tests::unknown_fields_are_parse_errors_now ... ok
#18 76.40 test sema::destinations::case_tests::case_variant_destinations_fold_on_every_host ... ok
#18 76.40 test sema::destinations::tests::step_entries_obey_destination_rules ... ok
#18 76.40 test sema::steps::tests::single_fetch_step_pins_multiple_refused ... ok
#18 76.40 test sema::tests::malformed_json_is_e000 ... ok
#18 76.40 test sema::tests::dotfiles_only_module_needs_no_source ... ok
#18 76.40 test sema::tests::spanless_nodes_still_render ... ok
#18 76.40 test sema::placeholders::tests::the_known_set_passes_clean ... ok
#18 76.40 test sema::tests::destination_shaped_verify_path_is_e109 ... ok
#18 76.40 test sema::tests::legacy_ir_is_rejected_before_decoding_renamed_fields ... ok
#18 76.40 test sema::tests::rejects_wrong_version ... ok
#18 76.40 test sema::tests::merge_and_template_modes_pass_sema_with_vars_and_marker ... ok
#18 76.40 test sema::placeholders::tests::a_typo_is_an_error_with_a_span_and_a_suggestion ... ok
#18 76.40 test sema::resources::tests::resources_require_an_action_that_actually_acquires_them ... ok
#18 76.41 test sema::tests::explicit_steps_validate ... ok
#18 76.41 test sema::tests::unknown_edge_kind_is_span_labeled_e122 ... ok
#18 76.41 test sema::tests::declared_and_builtin_resources_pass ... ok
#18 76.41 test sema::tests::run_action_parses_with_outputs ... ok
#18 76.41 test sema::tests::steps_plus_declarative_fields_is_e103 ... ok
#18 76.41 test sema::tests::collects_multiple_diagnostics ... ok
#18 76.41 test sema::tests::undeclared_resource_is_e107 ... ok
#18 76.41 test sema::tests::unknown_dependency_carries_span_and_code ... ok
#18 76.41 test sema::tests::duplicate_and_reserved_step_ids_are_e106 ... ok
#18 76.41 test sema::tests::external_done_barrier_is_valid_but_self_barrier_is_rejected ... ok
#18 76.41 test sema::tests::cross_module_ref_into_declarative_module ... ok
#18 76.41 test sema::workspace::destinations::tests::duplicate_profile_destinations_label_every_declaration ... ok
#18 76.41 test sema::workspace::destinations::tests::mixed_policies_over_one_path_still_collide ... ok
#18 76.41 test sema::workspace::cycles::tests::validation_edges_never_close_a_cycle ... ok
#18 76.41 test sema::workspace::names::tests::duplicate_output_names_label_both_spans ... ok
#18 76.41 test sema::workspace::cycles::tests::production_cycles_label_every_member ... ok
#18 76.41 test sema::workspace::cycles::tests::task_dependency_cycles_are_rejected ... ok
#18 76.41 test sema::tests::parses_and_validates_example ... ok
#18 76.41 test sema::workspace::destinations::tests::distinct_markers_over_one_host_file_coexist_but_one_marker_is_one_owner ... ok
#18 76.41 test sema::workspace::policy::tests::omitted_required_validation_and_producer_fail_closed_with_both_sites ... ok
#18 76.41 test sema::workspace::destinations::tests::same_destination_across_profiles_rejects_and_equal_names_coexist ... ok
#18 76.41 test sema::workspace::policy::tests::omitted_build_input_and_runtime_edges_fail_admission ... ok
#18 76.41 test sema::workspace::tests::envelope_shape_is_version_dispatched ... ok
#18 76.41 test sema::workspace::refs::tests::check_subject_must_resolve_to_an_output ... ok
#18 76.41 test sema::workspace::refs::tests::selection_target_mismatch_labels_both_sites ... ok
#18 76.41 test sema::workspace::policy::tests::catalog_index_corruption_rejects_before_closure ... ok
#18 76.41 test workspace::platform::tests::target_floor_and_abi_admit_only_compatible_consumers ... ok
#18 76.41 test sema::workspace::tests::package_and_recipe_workspace_admits ... ok
#18 76.41 test sema::workspace::policy::tests::projected_kind_or_binding_reclassification_fails_closed ... ok
#18 76.41 test sema::workspace::span_value::tests::invalid_nested_command_coordinates_remain_source_labeled ... ok
#18 76.41 test sema::workspace::tests::provider_backed_package_needs_no_recipe_output ... ok
#18 76.41 test sema::workspace::policy::tests::production_closure_excludes_runtime_and_preserves_validation ... ok
#18 76.41 test sema::workspace::policy::tests::adjacent_local_steps_lower_to_ordering_not_build_edges ... ok
#18 76.41 test sema::workspace::tests::profile_with_literal_file_needs_no_synthetic_package ... ok
#18 76.41 test sema::workspace::refs::tests::producer_target_mismatch_labels_both_sites ... ok
#18 76.41 test sema::workspace::span_value::tests::decoded_bash_interpolation_rejects_at_original_script_line ... ok
#18 76.41 test sema::workspace::tests::unknown_workspace_fields_label_the_declaring_span ... ok
#18 76.41 test sema::paths::tests::path_shape_rules ... ok
#18 76.41 test sema::workspace::span_value::tests::file_content_requires_source_unless_literal ... ok
#18 76.42 test sema::workspace::span_value::tests::incompatible_abi_and_unsafe_prefix_label_the_declaration ... ok
#18 76.42 test sema::workspace::policy::tests::projected_reference_site_substitution_fails_closed ... ok
#18 76.42 test sema::workspace::refs::tests::artifact_references_reject_non_artifact_kinds ... ok
#18 76.42 test sema::workspace::tests::provider_fetch_fields_never_drop_silently ... ok
#18 76.42 test sema::workspace::span_value::tests::degenerate_spans_and_values_are_rejected ... ok
#18 76.42 test sema::workspace::refs::tests::invalid_references_are_rejected ... ok
#18 76.42 test sema::workspace::tests::unknown_workspace_fields_never_drop_silently ... ok
#18 76.42 test sema::workspace::context::tests::command_references_and_contexts_are_admitted ... ok
#18 76.42 test sema::workspace::refs::tests::fixed_prefix_packages_cannot_be_selected_without_prefix ... ok
#18 76.42 test sema::workspace::policy::tests::substituted_graph_references_fail_closed_at_declaration ... ok
#18 76.42 test sema::workspace::span_value::tests::escaping_profile_file_destinations_reject_at_the_declaration ... ok
#18 76.42 test sema::workspace::span_value::tests::decoded_repo_file_origin_rejects_paths_outside_the_captured_repository ... ok
#18 76.42 test sema::workspace::refs::tests::task_schedule_profile_image_refs_are_typed ... ok
#18 76.42 test sema::workspace::refs::tests::artifact_selectors_must_be_normalized_relative_paths ... ok
#18 76.42 
#18 76.42 test result: ok. 68 passed; 0 failed; 0 ignored; 0 measured; 0 filtered out; finished in 0.03s
#18 76.42 
#18 76.42      Running tests/schema_acceptance.rs (target/debug/deps/schema_acceptance-1a169573e71c6ca0)
#18 76.42 
#18 76.42 running 3 tests
#18 76.46 test schema_pattern_assertions_execute ... ok
#18 76.46 test valid_documents_are_admitted_by_both_sides ... ok
#18 76.46 test rejected_documents_fail_both_sides ... ok
#18 76.46 
#18 76.46 test result: ok. 3 passed; 0 failed; 0 ignored; 0 measured; 0 filtered out; finished in 0.04s
#18 76.46 
#18 76.46      Running tests/workspace_admission.rs (target/debug/deps/workspace_admission-69161928380216ad)
#18 76.46 
#18 76.46 running 3 tests
#18 76.47 test provider_backed_package_lists_as_single_output ... ok
#18 76.47 test admitted_workspace_exposes_named_outputs ... ok
#18 76.47 test serialization_preserves_each_version_envelope ... ok
#18 76.47 
#18 76.47 test result: ok. 3 passed; 0 failed; 0 ignored; 0 measured; 0 filtered out; finished in 0.00s
#18 76.47 
#18 76.47      Running tests/workspace_v4_compat.rs (target/debug/deps/workspace_v4_compat-b35fac2a52f57c5d)
#18 76.47 
#18 76.47 running 3 tests
#18 76.47 test versions_reject_each_others_fields_and_bad_refs ... ok
#18 76.50 test historical_schema_and_reader_preserve_opaque_platform_strings ... ok
#18 76.50 test historical_recipe_execution_and_fixed_layout_never_gain_new_policy ... ok
#18 76.50 
#18 76.50 test result: ok. 3 passed; 0 failed; 0 ignored; 0 measured; 0 filtered out; finished in 0.04s
#18 76.50 
#18 76.51      Running tests/workspace_v5_acceptance.rs (target/debug/deps/workspace_v5_acceptance-33fcbef4cdc72330)
#18 76.51 
#18 76.51 running 5 tests
#18 76.60 test version_dispatch_asymmetry ... ok
#18 76.61 test schema_authored_constraints_execute ... ok
#18 76.61 test valid_documents_are_admitted_by_both_sides ... ok
#18 76.61 test rejected_documents_fail_both_sides ... ok
#18 76.62 test each_output_kind_rejects_undeclared_authority_with_its_own_span ... ok
#18 76.62 
#18 76.62 test result: ok. 5 passed; 0 failed; 0 ignored; 0 measured; 0 filtered out; finished in 0.11s
#18 76.62 
#18 76.62      Running unittests src/lib.rs (target/debug/deps/gripsack_lint-f721408e4bc2f904)
#18 76.62 
#18 76.62 running 8 tests
#18 76.62 test exchange::tests::severity_coercion_and_crash_codes ... ok
#18 76.62 test exchange::tests::spawn_failure_is_e01 ... ok
#18 76.62 test exchange::tests::missing_response_retains_only_last_three_stderr_lines ... ok
#18 76.62 test exchange::tests::valid_diagnostics_survive_nonzero_exit ... ok
#18 76.63 test exchange::tests::pressure_before_input_and_response_before_input_completion ... ok
#18 76.63 test exchange::tests::output_failure_after_response_keeps_diagnostics_and_adds_e02 ... ok
#18 76.68 test exchange::tests::input_limit_is_not_a_success ... ok
#18 81.14 test exchange::tests::silence_and_response_then_linger_are_deadline_failures ... ok
#18 81.14 
#18 81.14 test result: ok. 8 passed; 0 failed; 0 ignored; 0 measured; 0 filtered out; finished in 4.52s
#18 81.14 
#18 81.14      Running unittests src/lib.rs (target/debug/deps/gripsack_policy-6fb76687af620f0e)
#18 81.15 
#18 81.15 running 0 tests
#18 81.15 
#18 81.15 test result: ok. 0 passed; 0 failed; 0 ignored; 0 measured; 0 filtered out; finished in 0.00s
#18 81.15 
#18 81.15      Running tests/name_index.rs (target/debug/deps/name_index-b8d7482da2a86275)
#18 81.16 
#18 81.16 running 1 test
#18 81.16 test catalog_indices_cannot_bind_another_name_or_escape_the_catalog ... ok
#18 81.16 
#18 81.16 test result: ok. 1 passed; 0 failed; 0 ignored; 0 measured; 0 filtered out; finished in 0.00s
#18 81.16 
#18 81.16      Running tests/retention.rs (target/debug/deps/retention-f5332f07ee7f6f7c)
#18 81.16 
#18 81.16 running 2 tests
#18 81.16 test inventory_admits_only_strictly_ascending_identities ... ok
#18 81.16 test exact_pruning_boundaries_preserve_current_without_shifting_the_prefix ... ok
#18 81.16 
#18 81.16 test result: ok. 2 passed; 0 failed; 0 ignored; 0 measured; 0 filtered out; finished in 0.00s
#18 81.16 
#18 81.16      Running tests/schedule_smoke.rs (target/debug/deps/schedule_smoke-94fdc3e3d650f21b)
#18 81.16 
#18 81.16 running 2 tests
#18 81.16 test pure_scheduler_latches_on_failure ... ok
#18 81.16 test pure_scheduler_runs_a_diamond ... ok
#18 81.16 
#18 81.16 test result: ok. 2 passed; 0 failed; 0 ignored; 0 measured; 0 filtered out; finished in 0.00s
#18 81.16 
#18 81.16      Running unittests src/lib.rs (target/debug/deps/gripsack_process-528b04977d62ae27)
#18 81.17 
#18 81.17 running 29 tests
#18 81.17 test deadline::tests::an_unfillable_wait_stops_later_admission ... ok
#18 81.17 test deadline::tests::clock_observations_cannot_extend_or_revive_admission ... ok
#18 81.17 test tests::expired_operation_rejects_spawn_without_overriding_input_failure ... ok
#18 81.17 test tests::input_rejected_before_spawn ... ok
#18 81.17 test tests::empty_input_is_closed_immediately ... ok
#18 81.17 test tests::framing_and_input_eof ... ok
#18 81.17 test tests::exact_line_limit_and_empty_lines ... ok
#18 81.17 test tests::lifecycle::no_response_is_a_normal_exit ... ok
#18 81.17 test tests::lifecycle::exit_and_signal_status_are_not_routing_policy ... ok
#18 81.18 test tests::lifecycle::callback_panic_kills_and_reaps_the_leader ... ok
#18 81.21 test tests::spawn_error_and_zero_budget ... ok
#18 81.21 test tests::native::spawn_failure_keeps_the_kernel_error_and_does_not_report_success ... ok
#18 81.21 test tests::pressure::response_still_sends_input_and_preserves_exit_failure ... ok
#18 81.21 test tests::tail_is_exact_and_can_be_disabled ... ok
#18 81.21 test tests::lifecycle::inherited_pipes_are_killed_on_leader_exit_not_after_a_linger ... ok
#18 81.22 test tests::native::selected_script_survives_source_replacement_and_stale_approval_refuses ... ok
#18 81.22 test tests::native::native_child_cannot_read_ungranted_environment_or_inherited_descriptor ... ok
#18 81.22 test tests::native::legacy_descriptor_sweep_hides_inherited_canary ... ok
#18 81.22 test tests::pressure::huge_unterminated_line_is_stopped_incrementally ... ok
#18 81.22 test tests::pressure::stdout_and_stderr_floods_are_cumulative ... ok
#18 81.22 test tests::native::raw_bytes_have_no_line_limit_but_keep_the_total_output_limit ... ok
#18 81.22 test tests::pressure::simultaneous_input_and_output_pressure ... ok
#18 81.23 test tests::native::retained_authority_survives_closed_standard_descriptors ... ok
#18 81.23 test tests::native::legacy_memfd_flag_support_keeps_sealed_execution ... ok
#18 81.23 test tests::pressure::response_does_not_disable_any_output_bound ... ok
#18 81.31 test tests::pressure::early_stdin_close_is_not_an_io_error ... ok
#18 82.69 test tests::operation_and_exchange_deadlines_each_bound_cleanup ... ok
#18 84.18 test tests::lifecycle::silent_process_with_closed_pipes_still_has_a_deadline ... ok
#18 84.18 test tests::pressure::blocked_input_does_not_block_response_or_deadline ... ok
#18 84.18 
#18 84.18 test result: ok. 29 passed; 0 failed; 0 ignored; 0 measured; 0 filtered out; finished in 3.01s
#18 84.18 
#18 84.18      Running unittests src/lib.rs (target/debug/deps/gripsack_store-d6751e0fa76fe490)
#18 84.18 
#18 84.18 running 66 tests
#18 84.18 test hash::tests::the_two_identity_domains_never_collide ... ok
#18 84.19 test journal::marker::repeated_model::ambiguous_current_retains_partial_journal_without_touching_destinations ... ok
#18 84.19 test journal::admission_tests::required_marker_fields_never_default_to_fresh_state ... ok
#18 84.19 test journal::marker::repeated_model::partial_restore_then_second_crash_keeps_new_edit_and_restores_other_dest ... ok
#18 84.19 test journal::tests::cross_variant_identities_never_compare_equal ... ok
#18 84.19 test journal::admission_tests::marker_scalar_boundaries_roundtrip_without_identity_loss ... ok
#18 84.19 test journal::admission_tests::marker_wrong_types_duplicates_and_overflow_do_not_admit_facts ... ok
#18 84.19 test hash::tests::canonical_hash_covers_symlink_target ... ok
#18 84.19 test journal::model::tests::every_schedule_satisfies_the_oracle ... ok
#18 84.19 test journal::admission_tests::truncation_and_invalid_framing_never_admit_partial_records ... ok
#18 84.20 test hash::tests::canonical_hash_ignores_mtime_but_not_exec_bit ... ok
#18 84.20 test hash::tests::tree_hash_is_deterministic_and_content_sensitive ... ok
#18 84.20 test journal::admission_tests::entry_versions_and_distinct_prior_states_roundtrip ... ok
#18 84.20 test hash::tests::overlay_hash_matches_materialized_staging ... ok
#18 84.20 test journal::marker::repeated_model::numeric_commit_mutant_fails_the_identical_oracle ... ok
#18 84.20 test journal::tests::wire_admission_rejects_legacy_versions_and_malformed ... ok
#18 84.20 test hash::tests::overlay_hash_of_dir_source_matches_staged_tree ... ok
#18 84.20 test ownership::tests::workspace_markers_cannot_be_reinterpreted_as_legacy_module_names ... ok
#18 84.20 test paths::tests::canonical_dest_refuses_parent_traversal ... ok
#18 84.20 test hash::reference_vector::pinned_tree_vector ... ok
#18 84.20 test paths::tests::generation_layout ... ok
#18 84.21 test paths::tests::hash_is_stable_and_input_sensitive ... ok
#18 84.21 test paths::tests::home_resolution ... ok
#18 84.21 test paths::tests::store_path_format ... ok
#18 84.21 test journal::tests::non_utf8_link_targets_are_refused_not_lossy_compared ... ok
#18 84.21 test prior::tests::historical_prior_wire_admits_only_hashes_and_permission_bits ... ok
#18 84.21 test trust::tests::canonical_key_falls_back_to_absolute ... ok
#18 84.21 test journal::admission_tests::entry_missing_duplicate_version_and_scalar_bytes_are_rejected ... ok
#18 84.21 test paths::tests::canonical_dest_collapses_spelling_aliases ... ok
#18 84.21 test trust::tests::only_an_explicit_y_trusts ... ok
#18 84.22 test journal::tests::non_utf8_destinations_are_refused_at_record ... ok
#18 84.22 test trust::tests::rfc3339_known_instants ... ok
#18 84.22 test trust::tests::sandbox_summary_survives_wrapping_intact ... ok
#18 84.24 test paths::tests::canonical_dest_resolves_a_symlinked_ancestor ... ok
#18 84.24 test trust::tests::gate_blocks_untrusted_repos_without_a_tty ... ok
#18 84.24 test generations::tests::manifests_are_strictly_validated ... ok
#18 84.26 test trust::tests::trust_is_keyed_on_canonical_path ... ok
#18 84.27 test generations::tests::manifest_roundtrip_and_listing ... ok
#18 84.27 test journal::tests::malformed_entries_fail_closed_into_quarantine ... ok
#18 84.27 test journal::tests::legacy_untagged_entries_fail_closed_with_evidence_kept ... ok
#18 84.28 test trust::tests::concurrent_adds_keep_both_entries ... ok
#18 84.29 test trust::tests::remove_forgets_the_repo ... ok
#18 84.29 test trust::tests::trust_toml_round_trip ... ok
#18 84.29 test journal::tests::unsafe_metadata_symlinks_never_read_or_chmod_their_referents ... ok
#18 84.30 test journal::tests::recovery_cleanup_keeps_the_pinned_journal_after_a_directory_replacement ... ok
#18 84.30 test prior::tests::captured_blob_is_private_and_corrupt_bytes_cannot_restore ... ok
#18 84.30 test journal::tests::tagged_entries_round_trip_through_the_wire ... ok
#18 84.31 test journal::tests::commit_run_clears_the_window ... ok
#18 84.31 test journal::tests::post_crash_edit_beats_the_landed_mutation ... ok
#18 84.32 test journal::tests::post_crash_sentinel_symlink_is_kept ... ok
#18 84.32 test journal::marker::repeated_model::exhaustive_independent_destinations_and_two_crashes ... ok
#18 84.32 test journal::tests::user_edit_after_crash_wins ... ok
#18 84.33 test journal::tests::recovery_restores_the_exact_mode ... ok
#18 84.34 test journal::tests::a_retained_v1_entry_recovers_without_inventing_an_intermediate_state ... ok
#18 84.35 test journal::tests::absent_prior_and_symlink_prior_recover ... ok
#18 84.35 test journal::tests::crash_between_record_and_write_restores_prior ... ok
#18 84.36 test journal::tests::an_intervening_foreign_edit_cannot_extend_a_journaled_chain ... ok
#18 84.37 test journal::tests::crash_after_write_restores_prior_bytes ... ok
#18 84.40 test generations::tests::publish_is_atomic_and_allocation_monotonic ... ok
#18 84.40 test generations::tests::flip_and_current ... ok
#18 84.41 test journal::tests::crash_before_flip_restores ... ok
#18 84.44 test journal::tests::crash_after_flip_but_before_cleanup_reads_committed ... ok
#18 84.46 test journal::tests::crashed_rollback_restores_priors ... ok
#18 84.47 test journal::tests::completed_rollback_reads_committed ... ok
#18 84.54 test journal::tests::repeated_destination_mutations_restore_the_run_original_at_both_crash_windows ... ok
#18 87.19 test journal::admission_tests::rejected_metadata_cannot_reach_destination_effects ... ok
#18 87.19 
#18 87.19 test result: ok. 66 passed; 0 failed; 0 ignored; 0 measured; 0 filtered out; finished in 3.01s
#18 87.19 
#18 87.19      Running unittests src/lib.rs (target/debug/deps/gripsack_trace-c5396fef83537514)
#18 87.19 
#18 87.19 running 0 tests
#18 87.19 
#18 87.19 test result: ok. 0 passed; 0 failed; 0 ignored; 0 measured; 0 filtered out; finished in 0.00s
#18 87.19 
#18 87.19    Doc-tests griplint
#18 87.27 
#18 87.27 running 0 tests
#18 87.27 
#18 87.27 test result: ok. 0 passed; 0 failed; 0 ignored; 0 measured; 0 filtered out; finished in 0.00s
#18 87.27 
#18 87.28    Doc-tests gripsack_buildkit
#18 87.37 
#18 87.37 running 0 tests
#18 87.37 
#18 87.37 test result: ok. 0 passed; 0 failed; 0 ignored; 0 measured; 0 filtered out; finished in 0.00s
#18 87.37 
#18 87.38    Doc-tests gripsack_config
#18 87.43 
#18 87.43 running 0 tests
#18 87.43 
#18 87.43 test result: ok. 0 passed; 0 failed; 0 ignored; 0 measured; 0 filtered out; finished in 0.00s
#18 87.43 
#18 87.44    Doc-tests gripsack_exec
#18 87.58 
#18 87.58 running 0 tests
#18 87.58 
#18 87.58 test result: ok. 0 passed; 0 failed; 0 ignored; 0 measured; 0 filtered out; finished in 0.00s
#18 87.58 
#18 87.59    Doc-tests gripsack_fetch
#18 87.74 
#18 87.74 running 0 tests
#18 87.74 
#18 87.74 test result: ok. 0 passed; 0 failed; 0 ignored; 0 measured; 0 filtered out; finished in 0.00s
#18 87.74 
#18 87.75    Doc-tests gripsack_fs
#18 87.79 
#18 87.79 running 0 tests
#18 87.79 
#18 87.79 test result: ok. 0 passed; 0 failed; 0 ignored; 0 measured; 0 filtered out; finished in 0.00s
#18 87.79 
#18 87.79    Doc-tests gripsack_fuzz
#18 87.84 
#18 87.84 running 0 tests
#18 87.84 
#18 87.84 test result: ok. 0 passed; 0 failed; 0 ignored; 0 measured; 0 filtered out; finished in 0.00s
#18 87.84 
#18 87.85    Doc-tests gripsack_ir
#18 88.21 
#18 88.21 running 0 tests
#18 88.21 
#18 88.21 test result: ok. 0 passed; 0 failed; 0 ignored; 0 measured; 0 filtered out; finished in 0.00s
#18 88.21 
#18 88.21    Doc-tests gripsack_lint
#18 88.26 
#18 88.26 running 0 tests
#18 88.26 
#18 88.26 test result: ok. 0 passed; 0 failed; 0 ignored; 0 measured; 0 filtered out; finished in 0.00s
#18 88.26 
#18 88.27    Doc-tests gripsack_policy
#18 88.53 
#18 88.53 running 1 test
#18 88.60 test crates/gripsack-policy/src/generation.rs - generation::GenerationInventory (line 56) - compile fail ... ok
#18 88.60 
#18 88.60 test result: ok. 1 passed; 0 failed; 0 ignored; 0 measured; 0 filtered out; finished in 0.08s
#18 88.60 
#18 88.61    Doc-tests gripsack_process
#18 88.69 
#18 88.69 running 0 tests
#18 88.69 
#18 88.69 test result: ok. 0 passed; 0 failed; 0 ignored; 0 measured; 0 filtered out; finished in 0.00s
#18 88.69 
#18 88.69    Doc-tests gripsack_store
#18 88.88 
#18 88.88 running 0 tests
#18 88.88 
#18 88.88 test result: ok. 0 passed; 0 failed; 0 ignored; 0 measured; 0 filtered out; finished in 0.00s
#18 88.88 
#18 88.88    Doc-tests gripsack_trace
#18 88.92 
#18 88.92 running 0 tests
#18 88.92 
#18 88.92 test result: ok. 0 passed; 0 failed; 0 ignored; 0 measured; 0 filtered out; finished in 0.00s
#18 88.92 
#18 DONE 89.1s

#19 [test 2/2] RUN apk add --no-cache python3     && cargo package --list -p gripsack-exec | grep -q "embedded_frontend.rs"     && python3 scripts/gen_diagnostic_registry.py --check     && python3 scripts/gen_diagnostic_registry.py --self-check     && python3 scripts/gen_frontend_embed.py --check     && python3 scripts/check_scheduler_loom.py     && python3 scripts/check_journal_admission.py     && python3 scripts/check_gc_roots.py     && python3 scripts/check_rate_admission.py     && python3 scripts/check_http_budget.py
#19 0.854 ( 1/13) Installing libbz2 (1.0.8-r6)
#19 0.866 ( 2/13) Installing libffi (3.5.2-r1)
#19 0.874 ( 3/13) Installing gdbm (1.26-r0)
#19 0.884 ( 4/13) Installing mpdecimal (4.0.1-r0)
#19 0.899 ( 5/13) Installing ncurses-terminfo-base (6.6_p20260516-r0)
#19 0.915 ( 6/13) Installing libncursesw (6.6_p20260516-r0)
#19 0.938 ( 7/13) Installing libpanelw (6.6_p20260516-r0)
#19 0.945 ( 8/13) Installing readline (8.3.3-r1)
#19 0.959 ( 9/13) Installing sqlite-libs (3.53.4-r0)
#19 0.999 (10/13) Installing python3 (3.14.7-r1)
#19 1.497 (11/13) Installing python3-pycache-pyc0 (3.14.7-r1)
#19 1.766 (12/13) Installing pyc (3.14.7-r1)
#19 1.766 (13/13) Installing python3-pyc (3.14.7-r1)
#19 1.766 Executing busybox-1.37.0-r31.trigger
#19 1.774 OK: 246.6 MiB in 58 packages
#19 1.905 diagnostic registry: 39 unique core codes, 5 frontend allocations; generated files fresh
#19 1.887 calibration: invalid registry version rejected on its named property
#19 1.887 calibration: duplicate diagnostic code rejected on its named property
#19 1.887 calibration: duplicate frontend diagnostic name rejected on its named property
#19 1.887 diagnostic registry calibration: 3 named mutants rejected
#19 1.916 embedded_frontend.rs: fresh (31 files)
#19 2.206 RUNNER_COMMAND=cargo test --locked -p gripsack-exec --features loom-tests --lib schedule::coordination::model::
#19 35.20    Compiling proc-macro2 v1.0.107
#19 35.20    Compiling quote v1.0.47
#19 35.20    Compiling unicode-ident v1.0.24
#19 35.20    Compiling libc v0.2.189
#19 35.20    Compiling find-msvc-tools v0.1.11
#19 35.20    Compiling shlex v2.0.1
#19 35.20    Compiling cfg-if v1.0.4
#19 35.20    Compiling stable_deref_trait v1.2.1
#19 35.20    Compiling serde_core v1.0.229
#19 35.20    Compiling once_cell v1.21.4
#19 35.20    Compiling rustix v1.1.4
#19 35.20    Compiling pkg-config v0.3.34
#19 35.20    Compiling linux-raw-sys v0.12.1
#19 35.20    Compiling bitflags v2.13.1
#19 35.20    Compiling smallvec v1.15.2
#19 35.20    Compiling verus_prettyplease v0.0.0-2026-09-06-0133
#19 35.20    Compiling equivalent v1.0.2
#19 35.20    Compiling hashbrown v0.17.1
#19 35.20    Compiling log v0.4.34
#19 35.20    Compiling writeable v0.6.4
#19 35.20    Compiling litemap v0.8.3
#19 35.20    Compiling icu_properties_data v2.3.0
#19 35.20    Compiling serde v1.0.229
#19 35.20    Compiling vstd v0.0.0-2026-09-06-0133
#19 35.20    Compiling utf8_iter v1.0.4
#19 35.20    Compiling zeroize v1.9.0
#19 35.20    Compiling io-lifetimes v2.0.4
#19 35.20    Compiling io-lifetimes v3.0.1
#19 35.20    Compiling zmij v1.0.23
#19 35.20    Compiling icu_normalizer_data v2.3.0
#19 35.20    Compiling convert_case v0.4.0
#19 35.20    Compiling typenum v1.20.1
#19 35.20    Compiling io-extras v0.19.0
#19 35.20    Compiling verus_builtin v0.0.0-2026-09-06-0133
#19 35.20    Compiling memchr v2.8.3
#19 35.20    Compiling serde_json v1.0.151
#19 35.20    Compiling thiserror v2.0.20
#19 35.20    Compiling rustls-pki-types v1.15.1
#19 35.20    Compiling itoa v1.0.18
#19 35.20    Compiling cap-primitives v4.0.3
#19 35.20    Compiling crc32fast v1.5.1
#19 35.20    Compiling winnow v1.0.4
#19 35.20    Compiling rustversion v1.0.23
#19 35.20    Compiling tracing-core v0.1.36
#19 35.20    Compiling toml_writer v1.1.2+spec-1.1.0
#19 35.20    Compiling const-oid v0.10.2
#19 35.20    Compiling simd-adler32 v0.3.10
#19 35.20    Compiling ambient-authority v0.0.2
#19 35.20    Compiling ipnet v2.12.1
#19 35.20    Compiling zstd-safe v7.2.4
#19 35.20    Compiling cap-std v4.0.3
#19 35.20    Compiling maybe-owned v0.3.4
#19 35.20    Compiling getrandom v0.4.3
#19 35.20    Compiling untrusted v0.9.0
#19 35.20    Compiling rustls v0.23.45
#19 35.20    Compiling cpufeatures v0.3.0
#19 35.20    Compiling regex-syntax v0.8.11
#19 35.20    Compiling parking_lot_core v0.9.12
#19 35.20    Compiling percent-encoding v2.3.2
#19 35.20    Compiling pin-project-lite v0.2.17
#19 35.20    Compiling adler2 v2.0.1
#19 35.20    Compiling zlib-rs v0.6.7
#19 35.20    Compiling winnow v0.7.15
#19 35.20    Compiling scopeguard v1.2.0
#19 35.20    Compiling bumpalo v3.20.3
#19 35.20    Compiling webpki-roots v1.0.9
#19 35.20    Compiling miniz_oxide v0.8.9
#19 35.20    Compiling form_urlencoded v1.2.2
#19 35.20    Compiling subtle v2.6.1
#19 35.20    Compiling fastrand v2.5.0
#19 35.20    Compiling lazy_static v1.5.0
#19 35.20    Compiling toml_parser v1.1.3+spec-1.1.0
#19 35.20    Compiling libbz2-rs-sys v0.2.5
#19 35.20    Compiling webpki-roots v0.26.11
#19 35.20    Compiling sharded-slab v0.1.7
#19 35.20    Compiling lock_api v0.4.14
#19 35.20    Compiling thread_local v1.1.10
#19 35.20    Compiling nu-ansi-term v0.50.3
#19 35.20    Compiling base64 v0.22.1
#19 35.20    Compiling typed-path v0.12.3
#19 35.20    Compiling tracing-log v0.2.0
#19 35.20    Compiling openssl-probe v0.2.1
#19 35.20    Compiling indexmap v2.14.0
#19 35.20    Compiling zopfli v0.8.3
#19 35.20    Compiling rustls-native-certs v0.8.4
#19 35.20    Compiling httpdate v1.0.3
#19 35.20    Compiling scoped-tls v1.0.1
#19 35.20    Compiling hybrid-array v0.4.14
#19 35.20    Compiling bzip2 v0.6.1
#19 35.20    Compiling syn v2.0.119
#19 35.20    Compiling syn v3.0.4
#19 35.20    Compiling verus_syn v0.0.0-2026-09-06-0133
#19 35.20    Compiling jobserver v0.1.35
#19 35.20    Compiling getrandom v0.2.17
#19 35.20    Compiling filetime v0.2.29
#19 35.20    Compiling crypto-common v0.2.2
#19 35.20    Compiling block-buffer v0.12.1
#19 35.20    Compiling parking_lot v0.12.5
#19 35.20    Compiling cc v1.4.4
#19 35.20    Compiling regex-automata v0.4.18
#19 35.20    Compiling digest v0.11.3
#19 35.20    Compiling sha2 v0.11.0
#19 35.20    Compiling ring v0.17.14
#19 35.20    Compiling zstd-sys v2.0.16+zstd.1.5.7
#19 35.20    Compiling lzma-sys v0.1.20
#19 35.20    Compiling generator v0.8.10
#19 35.20    Compiling serde_spanned v1.1.1
#19 35.20    Compiling toml_datetime v0.7.5+spec-1.1.0
#19 35.20    Compiling toml_datetime v1.1.1+spec-1.1.0
#19 35.20    Compiling toml v1.1.4+spec-1.1.0
#19 35.20    Compiling flate2 v1.1.9
#19 35.20    Compiling toml v0.9.12+spec-1.1.0
#19 35.20    Compiling rustix-linux-procfs v0.1.1
#19 35.20    Compiling fs-set-times v0.20.3
#19 35.20    Compiling matchers v0.2.0
#19 35.20    Compiling tempfile v3.27.0
#19 35.20    Compiling xattr v1.6.1
#19 35.20    Compiling zerovec-derive v0.11.6
#19 35.20    Compiling displaydoc v0.2.7
#19 35.20    Compiling serde_derive v1.0.229
#19 35.20    Compiling thiserror-impl v2.0.20
#19 35.20    Compiling tar v0.4.46
#19 35.20    Compiling xz2 v0.1.7
#19 35.20    Compiling gripsack-fs v0.42.0 (/tmp/gripsack-loom-piac_nlk/source/crates/gripsack-fs)
#19 35.20    Compiling synstructure v0.13.2
#19 35.20    Compiling zstd v0.13.3
#19 35.20    Compiling zip v8.6.0
#19 35.20    Compiling zerofrom-derive v0.1.7
#19 35.20    Compiling yoke-derive v0.8.2
#19 35.20    Compiling tracing-attributes v0.1.31
#19 35.20    Compiling rustls-webpki v0.103.15
#19 35.20    Compiling zerofrom v0.1.8
#19 35.20    Compiling yoke v0.8.3
#19 35.20    Compiling tracing v0.1.44
#19 35.20    Compiling zerovec v0.11.8
#19 35.20    Compiling zerotrie v0.2.5
#19 35.20    Compiling tracing-subscriber v0.3.23
#19 35.20    Compiling verus_state_machines_macros v0.0.0-2026-09-06-0133
#19 35.20    Compiling verus_builtin_macros v0.0.0-2026-09-06-0133
#19 35.20    Compiling tinystr v0.8.4
#19 35.20    Compiling potential_utf v0.1.6
#19 35.20    Compiling icu_collections v2.3.0
#19 35.20    Compiling icu_locale_core v2.3.0
#19 35.20    Compiling loom v0.7.2
#19 35.20    Compiling icu_provider v2.3.1
#19 35.20    Compiling icu_properties v2.3.0
#19 35.20    Compiling icu_normalizer v2.3.0
#19 35.20    Compiling idna_adapter v1.2.2
#19 35.20    Compiling idna v1.1.0
#19 35.20    Compiling url v2.5.8
#19 35.20    Compiling ureq v2.12.1
#19 35.20    Compiling gripsack-policy v0.42.0 (/tmp/gripsack-loom-piac_nlk/source/crates/gripsack-policy)
#19 35.20    Compiling gripsack-ir v0.42.0 (/tmp/gripsack-loom-piac_nlk/source/crates/gripsack-ir)
#19 35.20    Compiling gripsack-process v0.42.0 (/tmp/gripsack-loom-piac_nlk/source/crates/gripsack-process)
#19 35.20    Compiling gripsack-store v0.42.0 (/tmp/gripsack-loom-piac_nlk/source/crates/gripsack-store)
#19 35.20    Compiling gripsack-config v0.42.0 (/tmp/gripsack-loom-piac_nlk/source/crates/gripsack-config)
#19 35.20    Compiling gripsack-fetch v0.42.0 (/tmp/gripsack-loom-piac_nlk/source/crates/gripsack-fetch)
#19 35.20    Compiling gripsack-exec v0.42.0 (/tmp/gripsack-loom-piac_nlk/source/crates/gripsack-exec)
#19 35.20     Finished `test` profile [unoptimized + debuginfo] target(s) in 32.94s
#19 35.20      Running unittests src/lib.rs (/tmp/gripsack-loom-piac_nlk/target/debug/deps/gripsack_exec-66661a3742c5a081)
#19 35.20 
#19 35.20 running 3 tests
#19 35.20 test schedule::coordination::model::failure_latches_and_drains_without_lost_notification ... ok
#19 35.20 test schedule::coordination::model::panic_completes_once_and_wakes_waiters ... ok
#19 35.20 test schedule::coordination::model::diamond_completion_wakes_waiters_and_publishes_dependencies ... ok
#19 35.20 
#19 35.20 test result: ok. 3 passed; 0 failed; 0 ignored; 0 measured; 55 filtered out; finished in 0.06s
#19 35.20 
#19 35.20 
#19 35.20 LOOM_SCHEDULER=3
#19 35.20 RUNNER_COMMAND=cargo test --locked -p gripsack-exec --features loom-tests --lib schedule::coordination::model::diamond_completion_wakes_waiters_and_publishes_dependencies
#19 38.57    Compiling gripsack-exec v0.42.0 (/tmp/gripsack-loom-piac_nlk/source/crates/gripsack-exec)
#19 38.57     Finished `test` profile [unoptimized + debuginfo] target(s) in 3.14s
#19 38.57      Running unittests src/lib.rs (/tmp/gripsack-loom-piac_nlk/target/debug/deps/gripsack_exec-66661a3742c5a081)
#19 38.57 
#19 38.57 running 1 test
#19 38.57 
#19 38.57 thread 'schedule::coordination::model::diamond_completion_wakes_waiters_and_publishes_dependencies' (4250) panicked at /usr/local/cargo/registry/src/index.crates.io-1949cf8c6b5b557f/loom-0.7.2/src/rt/execution.rs:216:13:
#19 38.57 deadlock; threads = [(Id(0), Blocked(Location(None))), (Id(1), Terminated), (Id(2), Blocked(Location(None)))]
#19 38.57 note: run with `RUST_BACKTRACE=1` environment variable to display a backtrace
#19 38.57 
#19 38.57 thread 'schedule::coordination::model::diamond_completion_wakes_waiters_and_publishes_dependencies' (4250) panicked at /usr/local/cargo/registry/src/index.crates.io-1949cf8c6b5b557f/loom-0.7.2/src/rt/thread.rs:276:39:
#19 38.57 called `Option::unwrap()` on a `None` value
#19 38.57 stack backtrace:
#19 38.57    0:     0x7ab1106a2631 - std[f4f322d5fb81df6e]::backtrace_rs::backtrace::libunwind::trace
#19 38.57                                at /rustc/88d9e12ae178fab0fb5cc050a94da85685d449ea/library/std/src/../../backtrace/src/backtrace/libunwind.rs:117:9
#19 38.57    1:     0x7ab1106a2631 - std[f4f322d5fb81df6e]::backtrace_rs::backtrace::trace_unsynchronized::<std[f4f322d5fb81df6e]::sys::backtrace::_print_fmt::{closure#1}>
#19 38.57                                at /rustc/88d9e12ae178fab0fb5cc050a94da85685d449ea/library/std/src/../../backtrace/src/backtrace/mod.rs:66:14
#19 38.57    2:     0x7ab1106a2631 - std[f4f322d5fb81df6e]::sys::backtrace::_print_fmt
#19 38.57                                at /rustc/88d9e12ae178fab0fb5cc050a94da85685d449ea/library/std/src/sys/backtrace.rs:74:9
#19 38.57    3:     0x7ab1106a2631 - <<std[f4f322d5fb81df6e]::sys::backtrace::BacktraceLock>::print::DisplayBacktrace as core[5d33459993e3d723]::fmt::Display>::fmt
#19 38.57                                at /rustc/88d9e12ae178fab0fb5cc050a94da85685d449ea/library/std/src/sys/backtrace.rs:44:26
#19 38.57    4:     0x7ab1106d79da - <core[5d33459993e3d723]::fmt::rt::Argument>::fmt
#19 38.57                                at /rustc/88d9e12ae178fab0fb5cc050a94da85685d449ea/library/core/src/fmt/rt.rs:152:76
#19 38.57    5:     0x7ab1106d79da - core[5d33459993e3d723]::fmt::write
#19 38.57    6:     0x7ab1106a807c - std[f4f322d5fb81df6e]::io::default_write_fmt::<alloc[f3282932177de6b4]::vec::Vec<u8>>
#19 38.57                                at /rustc/88d9e12ae178fab0fb5cc050a94da85685d449ea/library/std/src/io/mod.rs:626:11
#19 38.57    7:     0x7ab1106a807c - <alloc[f3282932177de6b4]::vec::Vec<u8> as std[f4f322d5fb81df6e]::io::Write>::write_fmt
#19 38.57                                at /rustc/88d9e12ae178fab0fb5cc050a94da85685d449ea/library/std/src/io/mod.rs:1730:13
#19 38.57    8:     0x7ab11067ce12 - <std[f4f322d5fb81df6e]::sys::backtrace::BacktraceLock>::print
#19 38.57                                at /rustc/88d9e12ae178fab0fb5cc050a94da85685d449ea/library/std/src/sys/backtrace.rs:47:9
#19 38.57    9:     0x7ab11067ce12 - std[f4f322d5fb81df6e]::panicking::default_hook::{closure#0}
#19 38.57                                at /rustc/88d9e12ae178fab0fb5cc050a94da85685d449ea/library/std/src/panicking.rs:292:27
#19 38.57   10:     0x7ab110698ac4 - std[f4f322d5fb81df6e]::panicking::default_hook
#19 38.57                                at /rustc/88d9e12ae178fab0fb5cc050a94da85685d449ea/library/std/src/panicking.rs:316:9
#19 38.57   11:     0x7ab10fd20290 - <alloc[f3282932177de6b4]::boxed::Box<dyn for<'a, 'b> core[5d33459993e3d723]::ops::function::Fn<(&'a std[f4f322d5fb81df6e]::panic::PanicHookInfo<'b>,), Output = ()> + core[5d33459993e3d723]::marker::Send + core[5d33459993e3d723]::marker::Sync> as core[5d33459993e3d723]::ops::function::Fn<(&std[f4f322d5fb81df6e]::panic::PanicHookInfo,)>>::call
#19 38.57                                at /rustc/88d9e12ae178fab0fb5cc050a94da85685d449ea/library/alloc/src/boxed.rs:2333:9
#19 38.57   12:     0x7ab10fd20290 - test[4256d8fa28ac835e]::test_main_inner::<test[4256d8fa28ac835e]::test_main_static::{closure#0}>::{closure#0}
#19 38.57                                at /rustc/88d9e12ae178fab0fb5cc050a94da85685d449ea/library/test/src/lib.rs:155:21
#19 38.57   13:     0x7ab10fda4a63 - <alloc[f3282932177de6b4]::boxed::Box<dyn for<'a, 'b> core[5d33459993e3d723]::ops::function::Fn<(&'a std[f4f322d5fb81df6e]::panic::PanicHookInfo<'b>,), Output = ()> + core[5d33459993e3d723]::marker::Send + core[5d33459993e3d723]::marker::Sync> as core[5d33459993e3d723]::ops::function::Fn<(&std[f4f322d5fb81df6e]::panic::PanicHookInfo,)>>::call
#19 38.57                                at /rustc/88d9e12ae178fab0fb5cc050a94da85685d449ea/library/alloc/src/boxed.rs:2333:9
#19 38.57   14:     0x7ab10fda0034 - generator[87b94d97073f9995]::detail::gen::catch_unwind_filter::<generator[87b94d97073f9995]::detail::gen::gen_init_impl::{closure#0}, ()>::{closure#0}::{closure#0}
#19 38.57                                at /usr/local/cargo/registry/src/index.crates.io-1949cf8c6b5b557f/generator-0.8.10/src/detail/gen.rs:19:13
#19 38.57   15:     0x7ab110698df2 - <alloc[f3282932177de6b4]::boxed::Box<dyn for<'a, 'b> core[5d33459993e3d723]::ops::function::Fn<(&'a std[f4f322d5fb81df6e]::panic::PanicHookInfo<'b>,), Output = ()> + core[5d33459993e3d723]::marker::Send + core[5d33459993e3d723]::marker::Sync> as core[5d33459993e3d723]::ops::function::Fn<(&std[f4f322d5fb81df6e]::panic::PanicHookInfo,)>>::call
#19 38.57                                at /rustc/88d9e12ae178fab0fb5cc050a94da85685d449ea/library/alloc/src/boxed.rs:2333:9
#19 38.57   16:     0x7ab110698df2 - std[f4f322d5fb81df6e]::panicking::panic_with_hook
#19 38.57                                at /rustc/88d9e12ae178fab0fb5cc050a94da85685d449ea/library/std/src/panicking.rs:823:13
#19 38.57   17:     0x7ab11067cef4 - std[f4f322d5fb81df6e]::panicking::panic_handler::{closure#0}
#19 38.57                                at /rustc/88d9e12ae178fab0fb5cc050a94da85685d449ea/library/std/src/panicking.rs:681:13
#19 38.57   18:     0x7ab1106742f9 - std[f4f322d5fb81df6e]::sys::backtrace::__rust_end_short_backtrace::<std[f4f322d5fb81df6e]::panicking::panic_handler::{closure#0}, !>
#19 38.57                                at /rustc/88d9e12ae178fab0fb5cc050a94da85685d449ea/library/std/src/sys/backtrace.rs:182:18
#19 38.57   19:     0x7ab11067dfcd - __rustc[4b1ee1ef74718a7b]::rust_begin_unwind
#19 38.57                                at /rustc/88d9e12ae178fab0fb5cc050a94da85685d449ea/library/std/src/panicking.rs:679:5
#19 38.57   20:     0x7ab10fb7abac - core[5d33459993e3d723]::panicking::panic_fmt
#19 38.57                                at /rustc/88d9e12ae178fab0fb5cc050a94da85685d449ea/library/core/src/panicking.rs:80:14
#19 38.57   21:     0x7ab10fb7ab72 - core[5d33459993e3d723]::panicking::panic
#19 38.57                                at /rustc/88d9e12ae178fab0fb5cc050a94da85685d449ea/library/core/src/panicking.rs:150:5
#19 38.57   22:     0x7ab10fb7a899 - core[5d33459993e3d723]::option::unwrap_failed
#19 38.57                                at /rustc/88d9e12ae178fab0fb5cc050a94da85685d449ea/library/core/src/option.rs:2251:5
#19 38.57   23:     0x7ab10fd774ed - <core[5d33459993e3d723]::option::Option<usize>>::unwrap
#19 38.57                                at /rustc/88d9e12ae178fab0fb5cc050a94da85685d449ea/library/core/src/option.rs:1014:21
#19 38.57   24:     0x7ab10fd774ed - <loom[c97bddb326b4e68f]::rt::thread::Set>::active_mut
#19 38.57                                at /usr/local/cargo/registry/src/index.crates.io-1949cf8c6b5b557f/loom-0.7.2/src/rt/thread.rs:276:39
#19 38.57   25:     0x7ab10fd83575 - <loom[c97bddb326b4e68f]::rt::object::Ref<loom[c97bddb326b4e68f]::rt::arc::State>>::set_action
#19 38.57                                at /usr/local/cargo/registry/src/index.crates.io-1949cf8c6b5b557f/loom-0.7.2/src/rt/object.rs:387:27
#19 38.57   26:     0x7ab10fd81068 - <loom[c97bddb326b4e68f]::rt::object::Ref<loom[c97bddb326b4e68f]::rt::arc::State>>::branch_action::<loom[c97bddb326b4e68f]::rt::arc::Action>::{closure#0}
#19 38.57                                at /usr/local/cargo/registry/src/index.crates.io-1949cf8c6b5b557f/loom-0.7.2/src/rt/object.rs:354:18
#19 38.57   27:     0x7ab10fd5bb9c - loom[c97bddb326b4e68f]::rt::branch::<<loom[c97bddb326b4e68f]::rt::object::Ref<loom[c97bddb326b4e68f]::rt::arc::State>>::branch_action<loom[c97bddb326b4e68f]::rt::arc::Action>::{closure#0}, ()>::{closure#0}
#19 38.57                                at /usr/local/cargo/registry/src/index.crates.io-1949cf8c6b5b557f/loom-0.7.2/src/rt/mod.rs:122:19
#19 38.57   28:     0x7ab10fd57611 - <loom[c97bddb326b4e68f]::rt::scheduler::Scheduler>::with_execution::<loom[c97bddb326b4e68f]::rt::branch<<loom[c97bddb326b4e68f]::rt::object::Ref<loom[c97bddb326b4e68f]::rt::arc::State>>::branch_action<loom[c97bddb326b4e68f]::rt::arc::Action>::{closure#0}, ()>::{closure#0}, ((), bool)>::{closure#0}
#19 38.57                                at /usr/local/cargo/registry/src/index.crates.io-1949cf8c6b5b557f/loom-0.7.2/src/rt/scheduler.rs:43:34
#19 38.57   29:     0x7ab10fd556ae - <loom[c97bddb326b4e68f]::rt::scheduler::Scheduler>::with_state::<<loom[c97bddb326b4e68f]::rt::scheduler::Scheduler>::with_execution<loom[c97bddb326b4e68f]::rt::branch<<loom[c97bddb326b4e68f]::rt::object::Ref<loom[c97bddb326b4e68f]::rt::arc::State>>::branch_action<loom[c97bddb326b4e68f]::rt::arc::Action>::{closure#0}, ()>::{closure#0}, ((), bool)>::{closure#0}, ((), bool)>::{closure#0}
#19 38.57                                at /usr/local/cargo/registry/src/index.crates.io-1949cf8c6b5b557f/loom-0.7.2/src/rt/scheduler.rs:131:28
#19 38.57   30:     0x7ab10fd58501 - <scoped_tls[87e03fecbc1fc0b7]::ScopedKey<core[5d33459993e3d723]::cell::RefCell<loom[c97bddb326b4e68f]::rt::scheduler::State>>>::with::<<loom[c97bddb326b4e68f]::rt::scheduler::Scheduler>::with_state<<loom[c97bddb326b4e68f]::rt::scheduler::Scheduler>::with_execution<loom[c97bddb326b4e68f]::rt::branch<<loom[c97bddb326b4e68f]::rt::object::Ref<loom[c97bddb326b4e68f]::rt::arc::State>>::branch_action<loom[c97bddb326b4e68f]::rt::arc::Action>::{closure#0}, ()>::{closure#0}, ((), bool)>::{closure#0}, ((), bool)>::{closure#0}, ((), bool)>
#19 38.57                                at /usr/local/cargo/registry/src/index.crates.io-1949cf8c6b5b557f/scoped-tls-1.0.1/src/lib.rs:171:13
#19 38.57   31:     0x7ab10fd53b5e - <loom[c97bddb326b4e68f]::rt::scheduler::Scheduler>::with_state::<<loom[c97bddb326b4e68f]::rt::scheduler::Scheduler>::with_execution<loom[c97bddb326b4e68f]::rt::branch<<loom[c97bddb326b4e68f]::rt::object::Ref<loom[c97bddb326b4e68f]::rt::arc::State>>::branch_action<loom[c97bddb326b4e68f]::rt::arc::Action>::{closure#0}, ()>::{closure#0}, ((), bool)>::{closure#0}, ((), bool)>
#19 38.57                                at /usr/local/cargo/registry/src/index.crates.io-1949cf8c6b5b557f/loom-0.7.2/src/rt/scheduler.rs:131:15
#19 38.57   32:     0x7ab10fd55096 - <loom[c97bddb326b4e68f]::rt::scheduler::Scheduler>::with_execution::<loom[c97bddb326b4e68f]::rt::branch<<loom[c97bddb326b4e68f]::rt::object::Ref<loom[c97bddb326b4e68f]::rt::arc::State>>::branch_action<loom[c97bddb326b4e68f]::rt::arc::Action>::{closure#0}, ()>::{closure#0}, ((), bool)>
#19 38.57                                at /usr/local/cargo/registry/src/index.crates.io-1949cf8c6b5b557f/loom-0.7.2/src/rt/scheduler.rs:43:9
#19 38.57   33:     0x7ab10fd5af36 - loom[c97bddb326b4e68f]::rt::execution::<loom[c97bddb326b4e68f]::rt::branch<<loom[c97bddb326b4e68f]::rt::object::Ref<loom[c97bddb326b4e68f]::rt::arc::State>>::branch_action<loom[c97bddb326b4e68f]::rt::arc::Action>::{closure#0}, ()>::{closure#0}, ((), bool)>
#19 38.57                                at /usr/local/cargo/registry/src/index.crates.io-1949cf8c6b5b557f/loom-0.7.2/src/rt/mod.rs:174:5
#19 38.57   34:     0x7ab10fd5ac39 - loom[c97bddb326b4e68f]::rt::branch::<<loom[c97bddb326b4e68f]::rt::object::Ref<loom[c97bddb326b4e68f]::rt::arc::State>>::branch_action<loom[c97bddb326b4e68f]::rt::arc::Action>::{closure#0}, ()>
#19 38.57                                at /usr/local/cargo/registry/src/index.crates.io-1949cf8c6b5b557f/loom-0.7.2/src/rt/mod.rs:121:25
#19 38.57   35:     0x7ab10fd80948 - <loom[c97bddb326b4e68f]::rt::object::Ref<loom[c97bddb326b4e68f]::rt::arc::State>>::branch_action::<loom[c97bddb326b4e68f]::rt::arc::Action>
#19 38.57                                at /usr/local/cargo/registry/src/index.crates.io-1949cf8c6b5b557f/loom-0.7.2/src/rt/object.rs:351:9
#19 38.57   36:     0x7ab10fd7e860 - <loom[c97bddb326b4e68f]::rt::arc::Arc>::branch
#19 38.57                                at /usr/local/cargo/registry/src/index.crates.io-1949cf8c6b5b557f/loom-0.7.2/src/rt/arc.rs:160:11
#19 38.57   37:     0x7ab10fd7e902 - <loom[c97bddb326b4e68f]::rt::arc::Arc>::ref_dec
#19 38.57                                at /usr/local/cargo/registry/src/index.crates.io-1949cf8c6b5b557f/loom-0.7.2/src/rt/arc.rs:113:14
#19 38.57   38:     0x7ab10fcfe148 - <loom[c97bddb326b4e68f]::sync::arc::Arc<alloc[f3282932177de6b4]::vec::Vec<loom[c97bddb326b4e68f]::sync::atomic::int::AtomicUsize>> as core[5d33459993e3d723]::ops::drop::Drop>::drop
#19 38.57                                at /usr/local/cargo/registry/src/index.crates.io-1949cf8c6b5b557f/loom-0.7.2/src/sync/arc.rs:247:21
#19 38.57   39:     0x7ab10fcf6cda - core[5d33459993e3d723]::ptr::drop_glue::<loom[c97bddb326b4e68f]::sync::arc::Arc<alloc[f3282932177de6b4]::vec::Vec<loom[c97bddb326b4e68f]::sync::atomic::int::AtomicUsize>>>
#19 38.57                                at /rustc/88d9e12ae178fab0fb5cc050a94da85685d449ea/library/core/src/ptr/mod.rs:823:1
#19 38.57   40:     0x7ab10fd122eb - gripsack_exec[d2b026e9f5bf8163]::schedule::coordination::model::explore::{closure#0}
#19 38.57                                at /tmp/gripsack-loom-piac_nlk/source/crates/gripsack-exec/src/schedule/coordination_model.rs:87:5
#19 38.57   41:     0x7ab10fc21291 - <loom[c97bddb326b4e68f]::model::Builder>::check::<gripsack_exec[d2b026e9f5bf8163]::schedule::coordination::model::explore::{closure#0}>::{closure#0}
#19 38.57                                at /usr/local/cargo/registry/src/index.crates.io-1949cf8c6b5b557f/loom-0.7.2/src/model.rs:194:17
#19 38.57   42:     0x7ab10fcfa741 - <<loom[c97bddb326b4e68f]::model::Builder>::check<gripsack_exec[d2b026e9f5bf8163]::schedule::coordination::model::explore::{closure#0}>::{closure#0} as core[5d33459993e3d723]::ops::function::FnOnce<()>>::call_once::{shim:vtable#0}
#19 38.57                                at /rustc/88d9e12ae178fab0fb5cc050a94da85685d449ea/library/core/src/ops/function.rs:250:5
#19 38.57   43:     0x7ab10fd6a398 - <alloc[f3282932177de6b4]::boxed::Box<dyn core[5d33459993e3d723]::ops::function::FnOnce<(), Output = ()>> as core[5d33459993e3d723]::ops::function::FnOnce<()>>::call_once
#19 38.57                                at /rustc/88d9e12ae178fab0fb5cc050a94da85685d449ea/library/alloc/src/boxed.rs:2319:9
#19 38.57   44:     0x7ab10fd57c9b - loom[c97bddb326b4e68f]::rt::scheduler::spawn_thread::{closure#0}
#19 38.57                                at /usr/local/cargo/registry/src/index.crates.io-1949cf8c6b5b557f/loom-0.7.2/src/rt/scheduler.rs:142:17
#19 38.57   45:     0x7ab10fd7042e - <loom[c97bddb326b4e68f]::rt::scheduler::spawn_thread::{closure#0} as core[5d33459993e3d723]::ops::function::FnOnce<()>>::call_once
#19 38.57                                at /rustc/88d9e12ae178fab0fb5cc050a94da85685d449ea/library/core/src/ops/function.rs:250:5
#19 38.57   46:     0x7ab10fd6cbd2 - <generator[87b94d97073f9995]::gen_impl::GeneratorImpl<core[5d33459993e3d723]::option::Option<alloc[f3282932177de6b4]::boxed::Box<dyn core[5d33459993e3d723]::ops::function::FnOnce<(), Output = ()>>>, ()>>::init_code::<loom[c97bddb326b4e68f]::rt::scheduler::spawn_thread::{closure#0}>::{closure#0}
#19 38.57                                at /usr/local/cargo/registry/src/index.crates.io-1949cf8c6b5b557f/generator-0.8.10/src/gen_impl.rs:357:21
#19 38.57   47:     0x7ab10fd613f1 - <generator[87b94d97073f9995]::stack::StackBox<<generator[87b94d97073f9995]::gen_impl::GeneratorImpl<core[5d33459993e3d723]::option::Option<alloc[f3282932177de6b4]::boxed::Box<dyn core[5d33459993e3d723]::ops::function::FnOnce<(), Output = ()>>>, ()>>::init_code<loom[c97bddb326b4e68f]::rt::scheduler::spawn_thread::{closure#0}>::{closure#0}>>::call_once
#19 38.57                                at /usr/local/cargo/registry/src/index.crates.io-1949cf8c6b5b557f/generator-0.8.10/src/stack/mod.rs:137:13
#19 38.57   48:     0x7ab10fda1b9d - <generator[87b94d97073f9995]::stack::Func>::call_once
#19 38.57                                at /usr/local/cargo/registry/src/index.crates.io-1949cf8c6b5b557f/generator-0.8.10/src/stack/mod.rs:119:9
#19 38.57   49:     0x7ab10fda018e - generator[87b94d97073f9995]::detail::gen::gen_init_impl::{closure#0}
#19 38.57                                at /usr/local/cargo/registry/src/index.crates.io-1949cf8c6b5b557f/generator-0.8.10/src/detail/gen.rs:35:14
#19 38.57   50:     0x7ab10fda4bd3 - <generator[87b94d97073f9995]::detail::gen::gen_init_impl::{closure#0} as core[5d33459993e3d723]::ops::function::FnOnce<()>>::call_once
#19 38.57                                at /rustc/88d9e12ae178fab0fb5cc050a94da85685d449ea/library/core/src/ops/function.rs:250:5
#19 38.57   51:     0x7ab10fd9fcb5 - std[f4f322d5fb81df6e]::panicking::catch_unwind::do_call::<generator[87b94d97073f9995]::detail::gen::gen_init_impl::{closure#0}, ()>
#19 38.57                                at /rustc/88d9e12ae178fab0fb5cc050a94da85685d449ea/library/std/src/panicking.rs:576:43
#19 38.57   52:     0x7ab10fda4d9b - __rust_try
#19 38.57   53:     0x7ab10fd9f196 - std[f4f322d5fb81df6e]::panicking::catch_unwind::<(), generator[87b94d97073f9995]::detail::gen::gen_init_impl::{closure#0}>
#19 38.57                                at /rustc/88d9e12ae178fab0fb5cc050a94da85685d449ea/library/std/src/panicking.rs:544:19
#19 38.57   54:     0x7ab10fd9f196 - std[f4f322d5fb81df6e]::panic::catch_unwind::<generator[87b94d97073f9995]::detail::gen::gen_init_impl::{closure#0}, ()>
#19 38.57                                at /rustc/88d9e12ae178fab0fb5cc050a94da85685d449ea/library/std/src/panic.rs:359:14
#19 38.57   55:     0x7ab10fd9f9bd - generator[87b94d97073f9995]::detail::gen::catch_unwind_filter::<generator[87b94d97073f9995]::detail::gen::gen_init_impl::{closure#0}, ()>
#19 38.57                                at /usr/local/cargo/registry/src/index.crates.io-1949cf8c6b5b557f/generator-0.8.10/src/detail/gen.rs:23:5
#19 38.57   56:     0x7ab10fda2a97 - generator[87b94d97073f9995]::detail::gen::gen_init_impl
#19 38.57                                at /usr/local/cargo/registry/src/index.crates.io-1949cf8c6b5b557f/generator-0.8.10/src/detail/gen.rs:50:25
#19 38.57   57:     0x7ab10fda2a63 - generator[87b94d97073f9995]::detail::asm::gen_init
#19 38.57                                at /usr/local/cargo/registry/src/index.crates.io-1949cf8c6b5b557f/generator-0.8.10/src/detail/x86_64_unix.rs:8:5
#19 38.57 
#19 38.57 thread 'schedule::coordination::model::diamond_completion_wakes_waiters_and_publishes_dependencies' (4250) panicked at /rustc/88d9e12ae178fab0fb5cc050a94da85685d449ea/library/core/src/panicking.rs:233:5:
#19 38.57 panic in a destructor during cleanup
#19 38.57 thread caused non-unwinding panic. aborting.
#19 38.57 error: test failed, to rerun pass `-p gripsack-exec --lib`
#19 38.57 
#19 38.57 Caused by:
#19 38.57   process didn't exit successfully: `/tmp/gripsack-loom-piac_nlk/target/debug/deps/gripsack_exec-66661a3742c5a081 'schedule::coordination::model::diamond_completion_wakes_waiters_and_publishes_dependencies'` (signal: 6, SIGABRT: process abort signal)
#19 38.57 
#19 38.57 calibration: missing-notification rejected by Loom waiter deadlock
#19 38.57 RUNNER_COMMAND=cargo test --locked -p gripsack-exec --features loom-tests --lib schedule::coordination::model::diamond_completion_wakes_waiters_and_publishes_dependencies
#19 42.23    Compiling gripsack-exec v0.42.0 (/tmp/gripsack-loom-piac_nlk/source/crates/gripsack-exec)
#19 42.23     Finished `test` profile [unoptimized + debuginfo] target(s) in 3.44s
#19 42.23      Running unittests src/lib.rs (/tmp/gripsack-loom-piac_nlk/target/debug/deps/gripsack_exec-66661a3742c5a081)
#19 42.23 
#19 42.23 running 1 test
#19 42.23 
#19 42.23 thread 'schedule::coordination::model::diamond_completion_wakes_waiters_and_publishes_dependencies' (4529) panicked at /usr/local/cargo/registry/src/index.crates.io-1949cf8c6b5b557f/loom-0.7.2/src/rt/execution.rs:216:13:
#19 42.23 deadlock; threads = [(Id(0), Blocked(Location(None))), (Id(1), Blocked(Location(None))), (Id(2), Blocked(Location(None)))]
#19 42.23 note: run with `RUST_BACKTRACE=1` environment variable to display a backtrace
#19 42.23 
#19 42.23 thread 'schedule::coordination::model::diamond_completion_wakes_waiters_and_publishes_dependencies' (4529) panicked at /usr/local/cargo/registry/src/index.crates.io-1949cf8c6b5b557f/loom-0.7.2/src/rt/thread.rs:276:39:
#19 42.23 called `Option::unwrap()` on a `None` value
#19 42.23 stack backtrace:
#19 42.23    0:     0x73fbf6811d31 - std[f4f322d5fb81df6e]::backtrace_rs::backtrace::libunwind::trace
#19 42.23                                at /rustc/88d9e12ae178fab0fb5cc050a94da85685d449ea/library/std/src/../../backtrace/src/backtrace/libunwind.rs:117:9
#19 42.23    1:     0x73fbf6811d31 - std[f4f322d5fb81df6e]::backtrace_rs::backtrace::trace_unsynchronized::<std[f4f322d5fb81df6e]::sys::backtrace::_print_fmt::{closure#1}>
#19 42.23                                at /rustc/88d9e12ae178fab0fb5cc050a94da85685d449ea/library/std/src/../../backtrace/src/backtrace/mod.rs:66:14
#19 42.23    2:     0x73fbf6811d31 - std[f4f322d5fb81df6e]::sys::backtrace::_print_fmt
#19 42.23                                at /rustc/88d9e12ae178fab0fb5cc050a94da85685d449ea/library/std/src/sys/backtrace.rs:74:9
#19 42.23    3:     0x73fbf6811d31 - <<std[f4f322d5fb81df6e]::sys::backtrace::BacktraceLock>::print::DisplayBacktrace as core[5d33459993e3d723]::fmt::Display>::fmt
#19 42.23                                at /rustc/88d9e12ae178fab0fb5cc050a94da85685d449ea/library/std/src/sys/backtrace.rs:44:26
#19 42.23    4:     0x73fbf68470da - <core[5d33459993e3d723]::fmt::rt::Argument>::fmt
#19 42.23                                at /rustc/88d9e12ae178fab0fb5cc050a94da85685d449ea/library/core/src/fmt/rt.rs:152:76
#19 42.23    5:     0x73fbf68470da - core[5d33459993e3d723]::fmt::write
#19 42.23    6:     0x73fbf681777c - std[f4f322d5fb81df6e]::io::default_write_fmt::<alloc[f3282932177de6b4]::vec::Vec<u8>>
#19 42.23                                at /rustc/88d9e12ae178fab0fb5cc050a94da85685d449ea/library/std/src/io/mod.rs:626:11
#19 42.23    7:     0x73fbf681777c - <alloc[f3282932177de6b4]::vec::Vec<u8> as std[f4f322d5fb81df6e]::io::Write>::write_fmt
#19 42.23                                at /rustc/88d9e12ae178fab0fb5cc050a94da85685d449ea/library/std/src/io/mod.rs:1730:13
#19 42.23    8:     0x73fbf67ec512 - <std[f4f322d5fb81df6e]::sys::backtrace::BacktraceLock>::print
#19 42.23                                at /rustc/88d9e12ae178fab0fb5cc050a94da85685d449ea/library/std/src/sys/backtrace.rs:47:9
#19 42.23    9:     0x73fbf67ec512 - std[f4f322d5fb81df6e]::panicking::default_hook::{closure#0}
#19 42.23                                at /rustc/88d9e12ae178fab0fb5cc050a94da85685d449ea/library/std/src/panicking.rs:292:27
#19 42.23   10:     0x73fbf68081c4 - std[f4f322d5fb81df6e]::panicking::default_hook
#19 42.23                                at /rustc/88d9e12ae178fab0fb5cc050a94da85685d449ea/library/std/src/panicking.rs:316:9
#19 42.23   11:     0x73fbf5e8d250 - <alloc[f3282932177de6b4]::boxed::Box<dyn for<'a, 'b> core[5d33459993e3d723]::ops::function::Fn<(&'a std[f4f322d5fb81df6e]::panic::PanicHookInfo<'b>,), Output = ()> + core[5d33459993e3d723]::marker::Send + core[5d33459993e3d723]::marker::Sync> as core[5d33459993e3d723]::ops::function::Fn<(&std[f4f322d5fb81df6e]::panic::PanicHookInfo,)>>::call
#19 42.23                                at /rustc/88d9e12ae178fab0fb5cc050a94da85685d449ea/library/alloc/src/boxed.rs:2333:9
#19 42.23   12:     0x73fbf5e8d250 - test[4256d8fa28ac835e]::test_main_inner::<test[4256d8fa28ac835e]::test_main_static::{closure#0}>::{closure#0}
#19 42.23                                at /rustc/88d9e12ae178fab0fb5cc050a94da85685d449ea/library/test/src/lib.rs:155:21
#19 42.23   13:     0x73fbf5f14143 - <alloc[f3282932177de6b4]::boxed::Box<dyn for<'a, 'b> core[5d33459993e3d723]::ops::function::Fn<(&'a std[f4f322d5fb81df6e]::panic::PanicHookInfo<'b>,), Output = ()> + core[5d33459993e3d723]::marker::Send + core[5d33459993e3d723]::marker::Sync> as core[5d33459993e3d723]::ops::function::Fn<(&std[f4f322d5fb81df6e]::panic::PanicHookInfo,)>>::call
#19 42.23                                at /rustc/88d9e12ae178fab0fb5cc050a94da85685d449ea/library/alloc/src/boxed.rs:2333:9
#19 42.23   14:     0x73fbf5f0f714 - generator[87b94d97073f9995]::detail::gen::catch_unwind_filter::<generator[87b94d97073f9995]::detail::gen::gen_init_impl::{closure#0}, ()>::{closure#0}::{closure#0}
#19 42.23                                at /usr/local/cargo/registry/src/index.crates.io-1949cf8c6b5b557f/generator-0.8.10/src/detail/gen.rs:19:13
#19 42.23   15:     0x73fbf68084f2 - <alloc[f3282932177de6b4]::boxed::Box<dyn for<'a, 'b> core[5d33459993e3d723]::ops::function::Fn<(&'a std[f4f322d5fb81df6e]::panic::PanicHookInfo<'b>,), Output = ()> + core[5d33459993e3d723]::marker::Send + core[5d33459993e3d723]::marker::Sync> as core[5d33459993e3d723]::ops::function::Fn<(&std[f4f322d5fb81df6e]::panic::PanicHookInfo,)>>::call
#19 42.23                                at /rustc/88d9e12ae178fab0fb5cc050a94da85685d449ea/library/alloc/src/boxed.rs:2333:9
#19 42.23   16:     0x73fbf68084f2 - std[f4f322d5fb81df6e]::panicking::panic_with_hook
#19 42.23                                at /rustc/88d9e12ae178fab0fb5cc050a94da85685d449ea/library/std/src/panicking.rs:823:13
#19 42.23   17:     0x73fbf67ec5f4 - std[f4f322d5fb81df6e]::panicking::panic_handler::{closure#0}
#19 42.23                                at /rustc/88d9e12ae178fab0fb5cc050a94da85685d449ea/library/std/src/panicking.rs:681:13
#19 42.23   18:     0x73fbf67e39f9 - std[f4f322d5fb81df6e]::sys::backtrace::__rust_end_short_backtrace::<std[f4f322d5fb81df6e]::panicking::panic_handler::{closure#0}, !>
#19 42.23                                at /rustc/88d9e12ae178fab0fb5cc050a94da85685d449ea/library/std/src/sys/backtrace.rs:182:18
#19 42.23   19:     0x73fbf67ed6cd - __rustc[4b1ee1ef74718a7b]::rust_begin_unwind
#19 42.23                                at /rustc/88d9e12ae178fab0fb5cc050a94da85685d449ea/library/std/src/panicking.rs:679:5
#19 42.23   20:     0x73fbf5ce7bac - core[5d33459993e3d723]::panicking::panic_fmt
#19 42.23                                at /rustc/88d9e12ae178fab0fb5cc050a94da85685d449ea/library/core/src/panicking.rs:80:14
#19 42.23   21:     0x73fbf5ce7b72 - core[5d33459993e3d723]::panicking::panic
#19 42.23                                at /rustc/88d9e12ae178fab0fb5cc050a94da85685d449ea/library/core/src/panicking.rs:150:5
#19 42.23   22:     0x73fbf5ce7899 - core[5d33459993e3d723]::option::unwrap_failed
#19 42.23                                at /rustc/88d9e12ae178fab0fb5cc050a94da85685d449ea/library/core/src/option.rs:2251:5
#19 42.23   23:     0x73fbf5ee682d - <core[5d33459993e3d723]::option::Option<usize>>::unwrap
#19 42.23                                at /rustc/88d9e12ae178fab0fb5cc050a94da85685d449ea/library/core/src/option.rs:1014:21
#19 42.23   24:     0x73fbf5ee682d - <loom[c97bddb326b4e68f]::rt::thread::Set>::active_mut
#19 42.23                                at /usr/local/cargo/registry/src/index.crates.io-1949cf8c6b5b557f/loom-0.7.2/src/rt/thread.rs:276:39
#19 42.23   25:     0x73fbf5ef29f5 - <loom[c97bddb326b4e68f]::rt::object::Ref<loom[c97bddb326b4e68f]::rt::arc::State>>::set_action
#19 42.23                                at /usr/local/cargo/registry/src/index.crates.io-1949cf8c6b5b557f/loom-0.7.2/src/rt/object.rs:387:27
#19 42.23   26:     0x73fbf5ef04e8 - <loom[c97bddb326b4e68f]::rt::object::Ref<loom[c97bddb326b4e68f]::rt::arc::State>>::branch_action::<loom[c97bddb326b4e68f]::rt::arc::Action>::{closure#0}
#19 42.23                                at /usr/local/cargo/registry/src/index.crates.io-1949cf8c6b5b557f/loom-0.7.2/src/rt/object.rs:354:18
#19 42.23   27:     0x73fbf5ec916c - loom[c97bddb326b4e68f]::rt::branch::<<loom[c97bddb326b4e68f]::rt::object::Ref<loom[c97bddb326b4e68f]::rt::arc::State>>::branch_action<loom[c97bddb326b4e68f]::rt::arc::Action>::{closure#0}, ()>::{closure#0}
#19 42.23                                at /usr/local/cargo/registry/src/index.crates.io-1949cf8c6b5b557f/loom-0.7.2/src/rt/mod.rs:122:19
#19 42.23   28:     0x73fbf5ec4921 - <loom[c97bddb326b4e68f]::rt::scheduler::Scheduler>::with_execution::<loom[c97bddb326b4e68f]::rt::branch<<loom[c97bddb326b4e68f]::rt::object::Ref<loom[c97bddb326b4e68f]::rt::arc::State>>::branch_action<loom[c97bddb326b4e68f]::rt::arc::Action>::{closure#0}, ()>::{closure#0}, ((), bool)>::{closure#0}
#19 42.23                                at /usr/local/cargo/registry/src/index.crates.io-1949cf8c6b5b557f/loom-0.7.2/src/rt/scheduler.rs:43:34
#19 42.23   29:     0x73fbf5ec27ce - <loom[c97bddb326b4e68f]::rt::scheduler::Scheduler>::with_state::<<loom[c97bddb326b4e68f]::rt::scheduler::Scheduler>::with_execution<loom[c97bddb326b4e68f]::rt::branch<<loom[c97bddb326b4e68f]::rt::object::Ref<loom[c97bddb326b4e68f]::rt::arc::State>>::branch_action<loom[c97bddb326b4e68f]::rt::arc::Action>::{closure#0}, ()>::{closure#0}, ((), bool)>::{closure#0}, ((), bool)>::{closure#0}
#19 42.23                                at /usr/local/cargo/registry/src/index.crates.io-1949cf8c6b5b557f/loom-0.7.2/src/rt/scheduler.rs:131:28
#19 42.23   30:     0x73fbf5ec5851 - <scoped_tls[87e03fecbc1fc0b7]::ScopedKey<core[5d33459993e3d723]::cell::RefCell<loom[c97bddb326b4e68f]::rt::scheduler::State>>>::with::<<loom[c97bddb326b4e68f]::rt::scheduler::Scheduler>::with_state<<loom[c97bddb326b4e68f]::rt::scheduler::Scheduler>::with_execution<loom[c97bddb326b4e68f]::rt::branch<<loom[c97bddb326b4e68f]::rt::object::Ref<loom[c97bddb326b4e68f]::rt::arc::State>>::branch_action<loom[c97bddb326b4e68f]::rt::arc::Action>::{closure#0}, ()>::{closure#0}, ((), bool)>::{closure#0}, ((), bool)>::{closure#0}, ((), bool)>
#19 42.23                                at /usr/local/cargo/registry/src/index.crates.io-1949cf8c6b5b557f/scoped-tls-1.0.1/src/lib.rs:171:13
#19 42.23   31:     0x73fbf5ec0b1e - <loom[c97bddb326b4e68f]::rt::scheduler::Scheduler>::with_state::<<loom[c97bddb326b4e68f]::rt::scheduler::Scheduler>::with_execution<loom[c97bddb326b4e68f]::rt::branch<<loom[c97bddb326b4e68f]::rt::object::Ref<loom[c97bddb326b4e68f]::rt::arc::State>>::branch_action<loom[c97bddb326b4e68f]::rt::arc::Action>::{closure#0}, ()>::{closure#0}, ((), bool)>::{closure#0}, ((), bool)>
#19 42.23                                at /usr/local/cargo/registry/src/index.crates.io-1949cf8c6b5b557f/loom-0.7.2/src/rt/scheduler.rs:131:15
#19 42.23   32:     0x73fbf5ec2196 - <loom[c97bddb326b4e68f]::rt::scheduler::Scheduler>::with_execution::<loom[c97bddb326b4e68f]::rt::branch<<loom[c97bddb326b4e68f]::rt::object::Ref<loom[c97bddb326b4e68f]::rt::arc::State>>::branch_action<loom[c97bddb326b4e68f]::rt::arc::Action>::{closure#0}, ()>::{closure#0}, ((), bool)>
#19 42.23                                at /usr/local/cargo/registry/src/index.crates.io-1949cf8c6b5b557f/loom-0.7.2/src/rt/scheduler.rs:43:9
#19 42.23   33:     0x73fbf5ec84e6 - loom[c97bddb326b4e68f]::rt::execution::<loom[c97bddb326b4e68f]::rt::branch<<loom[c97bddb326b4e68f]::rt::object::Ref<loom[c97bddb326b4e68f]::rt::arc::State>>::branch_action<loom[c97bddb326b4e68f]::rt::arc::Action>::{closure#0}, ()>::{closure#0}, ((), bool)>
#19 42.23                                at /usr/local/cargo/registry/src/index.crates.io-1949cf8c6b5b557f/loom-0.7.2/src/rt/mod.rs:174:5
#19 42.23   34:     0x73fbf5ec81e9 - loom[c97bddb326b4e68f]::rt::branch::<<loom[c97bddb326b4e68f]::rt::object::Ref<loom[c97bddb326b4e68f]::rt::arc::State>>::branch_action<loom[c97bddb326b4e68f]::rt::arc::Action>::{closure#0}, ()>
#19 42.23                                at /usr/local/cargo/registry/src/index.crates.io-1949cf8c6b5b557f/loom-0.7.2/src/rt/mod.rs:121:25
#19 42.23   35:     0x73fbf5eefdc8 - <loom[c97bddb326b4e68f]::rt::object::Ref<loom[c97bddb326b4e68f]::rt::arc::State>>::branch_action::<loom[c97bddb326b4e68f]::rt::arc::Action>
#19 42.23                                at /usr/local/cargo/registry/src/index.crates.io-1949cf8c6b5b557f/loom-0.7.2/src/rt/object.rs:351:9
#19 42.23   36:     0x73fbf5eedce0 - <loom[c97bddb326b4e68f]::rt::arc::Arc>::branch
#19 42.23                                at /usr/local/cargo/registry/src/index.crates.io-1949cf8c6b5b557f/loom-0.7.2/src/rt/arc.rs:160:11
#19 42.23   37:     0x73fbf5eedd82 - <loom[c97bddb326b4e68f]::rt::arc::Arc>::ref_dec
#19 42.23                                at /usr/local/cargo/registry/src/index.crates.io-1949cf8c6b5b557f/loom-0.7.2/src/rt/arc.rs:113:14
#19 42.23   38:     0x73fbf5e6b1f8 - <loom[c97bddb326b4e68f]::sync::arc::Arc<gripsack_exec[d2b026e9f5bf8163]::schedule::coordination::Coordinator<alloc[f3282932177de6b4]::vec::Vec<core[5d33459993e3d723]::option::Option<gripsack_exec[d2b026e9f5bf8163]::schedule::coordination::model::ResultKind>>>> as core[5d33459993e3d723]::ops::drop::Drop>::drop
#19 42.23                                at /usr/local/cargo/registry/src/index.crates.io-1949cf8c6b5b557f/loom-0.7.2/src/sync/arc.rs:247:21
#19 42.23   39:     0x73fbf5e63d2a - core[5d33459993e3d723]::ptr::drop_glue::<loom[c97bddb326b4e68f]::sync::arc::Arc<gripsack_exec[d2b026e9f5bf8163]::schedule::coordination::Coordinator<alloc[f3282932177de6b4]::vec::Vec<core[5d33459993e3d723]::option::Option<gripsack_exec[d2b026e9f5bf8163]::schedule::coordination::model::ResultKind>>>>>
#19 42.23                                at /rustc/88d9e12ae178fab0fb5cc050a94da85685d449ea/library/core/src/ptr/mod.rs:823:1
#19 42.23   40:     0x73fbf5e64de7 - core[5d33459993e3d723]::ptr::drop_glue::<gripsack_exec[d2b026e9f5bf8163]::schedule::coordination::model::explore::{closure#0}::{closure#1}>
#19 42.23                                at /rustc/88d9e12ae178fab0fb5cc050a94da85685d449ea/library/core/src/ptr/mod.rs:823:1
#19 42.23   41:     0x73fbf5e7efe8 - gripsack_exec[d2b026e9f5bf8163]::schedule::coordination::model::explore::{closure#0}::{closure#1}
#19 42.23                                at /tmp/gripsack-loom-piac_nlk/source/crates/gripsack-exec/src/schedule/coordination_model.rs:64:13
#19 42.23   42:     0x73fbf5d6c72e - loom[c97bddb326b4e68f]::thread::spawn_internal::<gripsack_exec[d2b026e9f5bf8163]::schedule::coordination::model::explore::{closure#0}::{closure#1}, ()>::{closure#0}
#19 42.23                                at /usr/local/cargo/registry/src/index.crates.io-1949cf8c6b5b557f/loom-0.7.2/src/thread.rs:168:47
#19 42.23   43:     0x73fbf5e56070 - loom[c97bddb326b4e68f]::rt::spawn::<loom[c97bddb326b4e68f]::thread::spawn_internal<gripsack_exec[d2b026e9f5bf8163]::schedule::coordination::model::explore::{closure#0}::{closure#1}, ()>::{closure#0}>::{closure#1}
#19 42.23                                at /usr/local/cargo/registry/src/index.crates.io-1949cf8c6b5b557f/loom-0.7.2/src/rt/mod.rs:78:13
#19 42.23   44:     0x73fbf5e6784e - <loom[c97bddb326b4e68f]::rt::spawn<loom[c97bddb326b4e68f]::thread::spawn_internal<gripsack_exec[d2b026e9f5bf8163]::schedule::coordination::model::explore::{closure#0}::{closure#1}, ()>::{closure#0}>::{closure#1} as core[5d33459993e3d723]::ops::function::FnOnce<()>>::call_once::{shim:vtable#0}
#19 42.23                                at /rustc/88d9e12ae178fab0fb5cc050a94da85685d449ea/library/core/src/ops/function.rs:250:5
#19 42.23   45:     0x73fbf5ed8d28 - <alloc[f3282932177de6b4]::boxed::Box<dyn core[5d33459993e3d723]::ops::function::FnOnce<(), Output = ()>> as core[5d33459993e3d723]::ops::function::FnOnce<()>>::call_once
#19 42.23                                at /rustc/88d9e12ae178fab0fb5cc050a94da85685d449ea/library/alloc/src/boxed.rs:2319:9
#19 42.23   46:     0x73fbf5ec4feb - loom[c97bddb326b4e68f]::rt::scheduler::spawn_thread::{closure#0}
#19 42.23                                at /usr/local/cargo/registry/src/index.crates.io-1949cf8c6b5b557f/loom-0.7.2/src/rt/scheduler.rs:142:17
#19 42.23   47:     0x73fbf5ededde - <loom[c97bddb326b4e68f]::rt::scheduler::spawn_thread::{closure#0} as core[5d33459993e3d723]::ops::function::FnOnce<()>>::call_once
#19 42.23                                at /rustc/88d9e12ae178fab0fb5cc050a94da85685d449ea/library/core/src/ops/function.rs:250:5
#19 42.23   48:     0x73fbf5edb582 - <generator[87b94d97073f9995]::gen_impl::GeneratorImpl<core[5d33459993e3d723]::option::Option<alloc[f3282932177de6b4]::boxed::Box<dyn core[5d33459993e3d723]::ops::function::FnOnce<(), Output = ()>>>, ()>>::init_code::<loom[c97bddb326b4e68f]::rt::scheduler::spawn_thread::{closure#0}>::{closure#0}
#19 42.23                                at /usr/local/cargo/registry/src/index.crates.io-1949cf8c6b5b557f/generator-0.8.10/src/gen_impl.rs:357:21
#19 42.23   49:     0x73fbf5ece9c1 - <generator[87b94d97073f9995]::stack::StackBox<<generator[87b94d97073f9995]::gen_impl::GeneratorImpl<core[5d33459993e3d723]::option::Option<alloc[f3282932177de6b4]::boxed::Box<dyn core[5d33459993e3d723]::ops::function::FnOnce<(), Output = ()>>>, ()>>::init_code<loom[c97bddb326b4e68f]::rt::scheduler::spawn_thread::{closure#0}>::{closure#0}>>::call_once
#19 42.23                                at /usr/local/cargo/registry/src/index.crates.io-1949cf8c6b5b557f/generator-0.8.10/src/stack/mod.rs:137:13
#19 42.23   50:     0x73fbf5f1127d - <generator[87b94d97073f9995]::stack::Func>::call_once
#19 42.23                                at /usr/local/cargo/registry/src/index.crates.io-1949cf8c6b5b557f/generator-0.8.10/src/stack/mod.rs:119:9
#19 42.23   51:     0x73fbf5f0f86e - generator[87b94d97073f9995]::detail::gen::gen_init_impl::{closure#0}
#19 42.23                                at /usr/local/cargo/registry/src/index.crates.io-1949cf8c6b5b557f/generator-0.8.10/src/detail/gen.rs:35:14
#19 42.23   52:     0x73fbf5f142b3 - <generator[87b94d97073f9995]::detail::gen::gen_init_impl::{closure#0} as core[5d33459993e3d723]::ops::function::FnOnce<()>>::call_once
#19 42.23                                at /rustc/88d9e12ae178fab0fb5cc050a94da85685d449ea/library/core/src/ops/function.rs:250:5
#19 42.23   53:     0x73fbf5f0f395 - std[f4f322d5fb81df6e]::panicking::catch_unwind::do_call::<generator[87b94d97073f9995]::detail::gen::gen_init_impl::{closure#0}, ()>
#19 42.23                                at /rustc/88d9e12ae178fab0fb5cc050a94da85685d449ea/library/std/src/panicking.rs:576:43
#19 42.23   54:     0x73fbf5f1447b - __rust_try
#19 42.23   55:     0x73fbf5f0e876 - std[f4f322d5fb81df6e]::panicking::catch_unwind::<(), generator[87b94d97073f9995]::detail::gen::gen_init_impl::{closure#0}>
#19 42.23                                at /rustc/88d9e12ae178fab0fb5cc050a94da85685d449ea/library/std/src/panicking.rs:544:19
#19 42.23   56:     0x73fbf5f0e876 - std[f4f322d5fb81df6e]::panic::catch_unwind::<generator[87b94d97073f9995]::detail::gen::gen_init_impl::{closure#0}, ()>
#19 42.23                                at /rustc/88d9e12ae178fab0fb5cc050a94da85685d449ea/library/std/src/panic.rs:359:14
#19 42.23   57:     0x73fbf5f0f09d - generator[87b94d97073f9995]::detail::gen::catch_unwind_filter::<generator[87b94d97073f9995]::detail::gen::gen_init_impl::{closure#0}, ()>
#19 42.23                                at /usr/local/cargo/registry/src/index.crates.io-1949cf8c6b5b557f/generator-0.8.10/src/detail/gen.rs:23:5
#19 42.23   58:     0x73fbf5f12177 - generator[87b94d97073f9995]::detail::gen::gen_init_impl
#19 42.23                                at /usr/local/cargo/registry/src/index.crates.io-1949cf8c6b5b557f/generator-0.8.10/src/detail/gen.rs:50:25
#19 42.23   59:     0x73fbf5f12143 - generator[87b94d97073f9995]::detail::asm::gen_init
#19 42.23                                at /usr/local/cargo/registry/src/index.crates.io-1949cf8c6b5b557f/generator-0.8.10/src/detail/x86_64_unix.rs:8:5
#19 42.23 
#19 42.23 thread 'schedule::coordination::model::diamond_completion_wakes_waiters_and_publishes_dependencies' (4529) panicked at /usr/local/cargo/registry/src/index.crates.io-1949cf8c6b5b557f/loom-0.7.2/src/rt/thread.rs:276:39:
#19 42.23 called `Option::unwrap()` on a `None` value
#19 42.23 stack backtrace:
#19 42.23    0:     0x73fbf6811d31 - std[f4f322d5fb81df6e]::backtrace_rs::backtrace::libunwind::trace
#19 42.23                                at /rustc/88d9e12ae178fab0fb5cc050a94da85685d449ea/library/std/src/../../backtrace/src/backtrace/libunwind.rs:117:9
#19 42.23    1:     0x73fbf6811d31 - std[f4f322d5fb81df6e]::backtrace_rs::backtrace::trace_unsynchronized::<std[f4f322d5fb81df6e]::sys::backtrace::_print_fmt::{closure#1}>
#19 42.23                                at /rustc/88d9e12ae178fab0fb5cc050a94da85685d449ea/library/std/src/../../backtrace/src/backtrace/mod.rs:66:14
#19 42.23    2:     0x73fbf6811d31 - std[f4f322d5fb81df6e]::sys::backtrace::_print_fmt
#19 42.23                                at /rustc/88d9e12ae178fab0fb5cc050a94da85685d449ea/library/std/src/sys/backtrace.rs:74:9
#19 42.23    3:     0x73fbf6811d31 - <<std[f4f322d5fb81df6e]::sys::backtrace::BacktraceLock>::print::DisplayBacktrace as core[5d33459993e3d723]::fmt::Display>::fmt
#19 42.23                                at /rustc/88d9e12ae178fab0fb5cc050a94da85685d449ea/library/std/src/sys/backtrace.rs:44:26
#19 42.23    4:     0x73fbf68470da - <core[5d33459993e3d723]::fmt::rt::Argument>::fmt
#19 42.23                                at /rustc/88d9e12ae178fab0fb5cc050a94da85685d449ea/library/core/src/fmt/rt.rs:152:76
#19 42.23    5:     0x73fbf68470da - core[5d33459993e3d723]::fmt::write
#19 42.23    6:     0x73fbf681777c - std[f4f322d5fb81df6e]::io::default_write_fmt::<alloc[f3282932177de6b4]::vec::Vec<u8>>
#19 42.23                                at /rustc/88d9e12ae178fab0fb5cc050a94da85685d449ea/library/std/src/io/mod.rs:626:11
#19 42.23    7:     0x73fbf681777c - <alloc[f3282932177de6b4]::vec::Vec<u8> as std[f4f322d5fb81df6e]::io::Write>::write_fmt
#19 42.23                                at /rustc/88d9e12ae178fab0fb5cc050a94da85685d449ea/library/std/src/io/mod.rs:1730:13
#19 42.23    8:     0x73fbf67ec512 - <std[f4f322d5fb81df6e]::sys::backtrace::BacktraceLock>::print
#19 42.23                                at /rustc/88d9e12ae178fab0fb5cc050a94da85685d449ea/library/std/src/sys/backtrace.rs:47:9
#19 42.23    9:     0x73fbf67ec512 - std[f4f322d5fb81df6e]::panicking::default_hook::{closure#0}
#19 42.23                                at /rustc/88d9e12ae178fab0fb5cc050a94da85685d449ea/library/std/src/panicking.rs:292:27
#19 42.23   10:     0x73fbf68081c4 - std[f4f322d5fb81df6e]::panicking::default_hook
#19 42.23                                at /rustc/88d9e12ae178fab0fb5cc050a94da85685d449ea/library/std/src/panicking.rs:316:9
#19 42.23   11:     0x73fbf5e8d250 - <alloc[f3282932177de6b4]::boxed::Box<dyn for<'a, 'b> core[5d33459993e3d723]::ops::function::Fn<(&'a std[f4f322d5fb81df6e]::panic::PanicHookInfo<'b>,), Output = ()> + core[5d33459993e3d723]::marker::Send + core[5d33459993e3d723]::marker::Sync> as core[5d33459993e3d723]::ops::function::Fn<(&std[f4f322d5fb81df6e]::panic::PanicHookInfo,)>>::call
#19 42.23                                at /rustc/88d9e12ae178fab0fb5cc050a94da85685d449ea/library/alloc/src/boxed.rs:2333:9
#19 42.23   12:     0x73fbf5e8d250 - test[4256d8fa28ac835e]::test_main_inner::<test[4256d8fa28ac835e]::test_main_static::{closure#0}>::{closure#0}
#19 42.23                                at /rustc/88d9e12ae178fab0fb5cc050a94da85685d449ea/library/test/src/lib.rs:155:21
#19 42.23   13:     0x73fbf5f14143 - <alloc[f3282932177de6b4]::boxed::Box<dyn for<'a, 'b> core[5d33459993e3d723]::ops::function::Fn<(&'a std[f4f322d5fb81df6e]::panic::PanicHookInfo<'b>,), Output = ()> + core[5d33459993e3d723]::marker::Send + core[5d33459993e3d723]::marker::Sync> as core[5d33459993e3d723]::ops::function::Fn<(&std[f4f322d5fb81df6e]::panic::PanicHookInfo,)>>::call
#19 42.23                                at /rustc/88d9e12ae178fab0fb5cc050a94da85685d449ea/library/alloc/src/boxed.rs:2333:9
#19 42.23   14:     0x73fbf5f0f714 - generator[87b94d97073f9995]::detail::gen::catch_unwind_filter::<generator[87b94d97073f9995]::detail::gen::gen_init_impl::{closure#0}, ()>::{closure#0}::{closure#0}
#19 42.23                                at /usr/local/cargo/registry/src/index.crates.io-1949cf8c6b5b557f/generator-0.8.10/src/detail/gen.rs:19:13
#19 42.23   15:     0x73fbf68084f2 - <alloc[f3282932177de6b4]::boxed::Box<dyn for<'a, 'b> core[5d33459993e3d723]::ops::function::Fn<(&'a std[f4f322d5fb81df6e]::panic::PanicHookInfo<'b>,), Output = ()> + core[5d33459993e3d723]::marker::Send + core[5d33459993e3d723]::marker::Sync> as core[5d33459993e3d723]::ops::function::Fn<(&std[f4f322d5fb81df6e]::panic::PanicHookInfo,)>>::call
#19 42.23                                at /rustc/88d9e12ae178fab0fb5cc050a94da85685d449ea/library/alloc/src/boxed.rs:2333:9
#19 42.23   16:     0x73fbf68084f2 - std[f4f322d5fb81df6e]::panicking::panic_with_hook
#19 42.23                                at /rustc/88d9e12ae178fab0fb5cc050a94da85685d449ea/library/std/src/panicking.rs:823:13
#19 42.23   17:     0x73fbf67ec5f4 - std[f4f322d5fb81df6e]::panicking::panic_handler::{closure#0}
#19 42.23                                at /rustc/88d9e12ae178fab0fb5cc050a94da85685d449ea/library/std/src/panicking.rs:681:13
#19 42.23   18:     0x73fbf67e39f9 - std[f4f322d5fb81df6e]::sys::backtrace::__rust_end_short_backtrace::<std[f4f322d5fb81df6e]::panicking::panic_handler::{closure#0}, !>
#19 42.23                                at /rustc/88d9e12ae178fab0fb5cc050a94da85685d449ea/library/std/src/sys/backtrace.rs:182:18
#19 42.23   19:     0x73fbf67ed6cd - __rustc[4b1ee1ef74718a7b]::rust_begin_unwind
#19 42.23                                at /rustc/88d9e12ae178fab0fb5cc050a94da85685d449ea/library/std/src/panicking.rs:679:5
#19 42.23   20:     0x73fbf5ce7bac - core[5d33459993e3d723]::panicking::panic_fmt
#19 42.23                                at /rustc/88d9e12ae178fab0fb5cc050a94da85685d449ea/library/core/src/panicking.rs:80:14
#19 42.23   21:     0x73fbf5ce7b72 - core[5d33459993e3d723]::panicking::panic
#19 42.23                                at /rustc/88d9e12ae178fab0fb5cc050a94da85685d449ea/library/core/src/panicking.rs:150:5
#19 42.23   22:     0x73fbf5ce7899 - core[5d33459993e3d723]::option::unwrap_failed
#19 42.23                                at /rustc/88d9e12ae178fab0fb5cc050a94da85685d449ea/library/core/src/option.rs:2251:5
#19 42.23   23:     0x73fbf5ee682d - <core[5d33459993e3d723]::option::Option<usize>>::unwrap
#19 42.23                                at /rustc/88d9e12ae178fab0fb5cc050a94da85685d449ea/library/core/src/option.rs:1014:21
#19 42.23   24:     0x73fbf5ee682d - <loom[c97bddb326b4e68f]::rt::thread::Set>::active_mut
#19 42.23                                at /usr/local/cargo/registry/src/index.crates.io-1949cf8c6b5b557f/loom-0.7.2/src/rt/thread.rs:276:39
#19 42.23   25:     0x73fbf5ef29f5 - <loom[c97bddb326b4e68f]::rt::object::Ref<loom[c97bddb326b4e68f]::rt::arc::State>>::set_action
#19 42.23                                at /usr/local/cargo/registry/src/index.crates.io-1949cf8c6b5b557f/loom-0.7.2/src/rt/object.rs:387:27
#19 42.23   26:     0x73fbf5ef04e8 - <loom[c97bddb326b4e68f]::rt::object::Ref<loom[c97bddb326b4e68f]::rt::arc::State>>::branch_action::<loom[c97bddb326b4e68f]::rt::arc::Action>::{closure#0}
#19 42.23                                at /usr/local/cargo/registry/src/index.crates.io-1949cf8c6b5b557f/loom-0.7.2/src/rt/object.rs:354:18
#19 42.23   27:     0x73fbf5ec916c - loom[c97bddb326b4e68f]::rt::branch::<<loom[c97bddb326b4e68f]::rt::object::Ref<loom[c97bddb326b4e68f]::rt::arc::State>>::branch_action<loom[c97bddb326b4e68f]::rt::arc::Action>::{closure#0}, ()>::{closure#0}
#19 42.23                                at /usr/local/cargo/registry/src/index.crates.io-1949cf8c6b5b557f/loom-0.7.2/src/rt/mod.rs:122:19
#19 42.23   28:     0x73fbf5ec4921 - <loom[c97bddb326b4e68f]::rt::scheduler::Scheduler>::with_execution::<loom[c97bddb326b4e68f]::rt::branch<<loom[c97bddb326b4e68f]::rt::object::Ref<loom[c97bddb326b4e68f]::rt::arc::State>>::branch_action<loom[c97bddb326b4e68f]::rt::arc::Action>::{closure#0}, ()>::{closure#0}, ((), bool)>::{closure#0}
#19 42.23                                at /usr/local/cargo/registry/src/index.crates.io-1949cf8c6b5b557f/loom-0.7.2/src/rt/scheduler.rs:43:34
#19 42.23   29:     0x73fbf5ec27ce - <loom[c97bddb326b4e68f]::rt::scheduler::Scheduler>::with_state::<<loom[c97bddb326b4e68f]::rt::scheduler::Scheduler>::with_execution<loom[c97bddb326b4e68f]::rt::branch<<loom[c97bddb326b4e68f]::rt::object::Ref<loom[c97bddb326b4e68f]::rt::arc::State>>::branch_action<loom[c97bddb326b4e68f]::rt::arc::Action>::{closure#0}, ()>::{closure#0}, ((), bool)>::{closure#0}, ((), bool)>::{closure#0}
#19 42.23                                at /usr/local/cargo/registry/src/index.crates.io-1949cf8c6b5b557f/loom-0.7.2/src/rt/scheduler.rs:131:28
#19 42.23   30:     0x73fbf5ec5851 - <scoped_tls[87e03fecbc1fc0b7]::ScopedKey<core[5d33459993e3d723]::cell::RefCell<loom[c97bddb326b4e68f]::rt::scheduler::State>>>::with::<<loom[c97bddb326b4e68f]::rt::scheduler::Scheduler>::with_state<<loom[c97bddb326b4e68f]::rt::scheduler::Scheduler>::with_execution<loom[c97bddb326b4e68f]::rt::branch<<loom[c97bddb326b4e68f]::rt::object::Ref<loom[c97bddb326b4e68f]::rt::arc::State>>::branch_action<loom[c97bddb326b4e68f]::rt::arc::Action>::{closure#0}, ()>::{closure#0}, ((), bool)>::{closure#0}, ((), bool)>::{closure#0}, ((), bool)>
#19 42.23                                at /usr/local/cargo/registry/src/index.crates.io-1949cf8c6b5b557f/scoped-tls-1.0.1/src/lib.rs:171:13
#19 42.23   31:     0x73fbf5ec0b1e - <loom[c97bddb326b4e68f]::rt::scheduler::Scheduler>::with_state::<<loom[c97bddb326b4e68f]::rt::scheduler::Scheduler>::with_execution<loom[c97bddb326b4e68f]::rt::branch<<loom[c97bddb326b4e68f]::rt::object::Ref<loom[c97bddb326b4e68f]::rt::arc::State>>::branch_action<loom[c97bddb326b4e68f]::rt::arc::Action>::{closure#0}, ()>::{closure#0}, ((), bool)>::{closure#0}, ((), bool)>
#19 42.23                                at /usr/local/cargo/registry/src/index.crates.io-1949cf8c6b5b557f/loom-0.7.2/src/rt/scheduler.rs:131:15
#19 42.23   32:     0x73fbf5ec2196 - <loom[c97bddb326b4e68f]::rt::scheduler::Scheduler>::with_execution::<loom[c97bddb326b4e68f]::rt::branch<<loom[c97bddb326b4e68f]::rt::object::Ref<loom[c97bddb326b4e68f]::rt::arc::State>>::branch_action<loom[c97bddb326b4e68f]::rt::arc::Action>::{closure#0}, ()>::{closure#0}, ((), bool)>
#19 42.23                                at /usr/local/cargo/registry/src/index.crates.io-1949cf8c6b5b557f/loom-0.7.2/src/rt/scheduler.rs:43:9
#19 42.23   33:     0x73fbf5ec84e6 - loom[c97bddb326b4e68f]::rt::execution::<loom[c97bddb326b4e68f]::rt::branch<<loom[c97bddb326b4e68f]::rt::object::Ref<loom[c97bddb326b4e68f]::rt::arc::State>>::branch_action<loom[c97bddb326b4e68f]::rt::arc::Action>::{closure#0}, ()>::{closure#0}, ((), bool)>
#19 42.23                                at /usr/local/cargo/registry/src/index.crates.io-1949cf8c6b5b557f/loom-0.7.2/src/rt/mod.rs:174:5
#19 42.23   34:     0x73fbf5ec81e9 - loom[c97bddb326b4e68f]::rt::branch::<<loom[c97bddb326b4e68f]::rt::object::Ref<loom[c97bddb326b4e68f]::rt::arc::State>>::branch_action<loom[c97bddb326b4e68f]::rt::arc::Action>::{closure#0}, ()>
#19 42.23                                at /usr/local/cargo/registry/src/index.crates.io-1949cf8c6b5b557f/loom-0.7.2/src/rt/mod.rs:121:25
#19 42.23   35:     0x73fbf5eefdc8 - <loom[c97bddb326b4e68f]::rt::object::Ref<loom[c97bddb326b4e68f]::rt::arc::State>>::branch_action::<loom[c97bddb326b4e68f]::rt::arc::Action>
#19 42.23                                at /usr/local/cargo/registry/src/index.crates.io-1949cf8c6b5b557f/loom-0.7.2/src/rt/object.rs:351:9
#19 42.23   36:     0x73fbf5eedce0 - <loom[c97bddb326b4e68f]::rt::arc::Arc>::branch
#19 42.23                                at /usr/local/cargo/registry/src/index.crates.io-1949cf8c6b5b557f/loom-0.7.2/src/rt/arc.rs:160:11
#19 42.23   37:     0x73fbf5eedd82 - <loom[c97bddb326b4e68f]::rt::arc::Arc>::ref_dec
#19 42.23                                at /usr/local/cargo/registry/src/index.crates.io-1949cf8c6b5b557f/loom-0.7.2/src/rt/arc.rs:113:14
#19 42.23   38:     0x73fbf5e6b108 - <loom[c97bddb326b4e68f]::sync::arc::Arc<alloc[f3282932177de6b4]::vec::Vec<loom[c97bddb326b4e68f]::sync::atomic::int::AtomicUsize>> as core[5d33459993e3d723]::ops::drop::Drop>::drop
#19 42.23                                at /usr/local/cargo/registry/src/index.crates.io-1949cf8c6b5b557f/loom-0.7.2/src/sync/arc.rs:247:21
#19 42.23   39:     0x73fbf5e63c9a - core[5d33459993e3d723]::ptr::drop_glue::<loom[c97bddb326b4e68f]::sync::arc::Arc<alloc[f3282932177de6b4]::vec::Vec<loom[c97bddb326b4e68f]::sync::atomic::int::AtomicUsize>>>
#19 42.23                                at /rustc/88d9e12ae178fab0fb5cc050a94da85685d449ea/library/core/src/ptr/mod.rs:823:1
#19 42.23   40:     0x73fbf5e64e27 - core[5d33459993e3d723]::ptr::drop_glue::<gripsack_exec[d2b026e9f5bf8163]::schedule::coordination::model::explore::{closure#0}::{closure#1}>
#19 42.23                                at /rustc/88d9e12ae178fab0fb5cc050a94da85685d449ea/library/core/src/ptr/mod.rs:823:1
#19 42.23   41:     0x73fbf5e7efe8 - gripsack_exec[d2b026e9f5bf8163]::schedule::coordination::model::explore::{closure#0}::{closure#1}
#19 42.23                                at /tmp/gripsack-loom-piac_nlk/source/crates/gripsack-exec/src/schedule/coordination_model.rs:64:13
#19 42.23   42:     0x73fbf5d6c72e - loom[c97bddb326b4e68f]::thread::spawn_internal::<gripsack_exec[d2b026e9f5bf8163]::schedule::coordination::model::explore::{closure#0}::{closure#1}, ()>::{closure#0}
#19 42.23                                at /usr/local/cargo/registry/src/index.crates.io-1949cf8c6b5b557f/loom-0.7.2/src/thread.rs:168:47
#19 42.23   43:     0x73fbf5e56070 - loom[c97bddb326b4e68f]::rt::spawn::<loom[c97bddb326b4e68f]::thread::spawn_internal<gripsack_exec[d2b026e9f5bf8163]::schedule::coordination::model::explore::{closure#0}::{closure#1}, ()>::{closure#0}>::{closure#1}
#19 42.23                                at /usr/local/cargo/registry/src/index.crates.io-1949cf8c6b5b557f/loom-0.7.2/src/rt/mod.rs:78:13
#19 42.23   44:     0x73fbf5e6784e - <loom[c97bddb326b4e68f]::rt::spawn<loom[c97bddb326b4e68f]::thread::spawn_internal<gripsack_exec[d2b026e9f5bf8163]::schedule::coordination::model::explore::{closure#0}::{closure#1}, ()>::{closure#0}>::{closure#1} as core[5d33459993e3d723]::ops::function::FnOnce<()>>::call_once::{shim:vtable#0}
#19 42.23                                at /rustc/88d9e12ae178fab0fb5cc050a94da85685d449ea/library/core/src/ops/function.rs:250:5
#19 42.23   45:     0x73fbf5ed8d28 - <alloc[f3282932177de6b4]::boxed::Box<dyn core[5d33459993e3d723]::ops::function::FnOnce<(), Output = ()>> as core[5d33459993e3d723]::ops::function::FnOnce<()>>::call_once
#19 42.23                                at /rustc/88d9e12ae178fab0fb5cc050a94da85685d449ea/library/alloc/src/boxed.rs:2319:9
#19 42.23   46:     0x73fbf5ec4feb - loom[c97bddb326b4e68f]::rt::scheduler::spawn_thread::{closure#0}
#19 42.23                                at /usr/local/cargo/registry/src/index.crates.io-1949cf8c6b5b557f/loom-0.7.2/src/rt/scheduler.rs:142:17
#19 42.23   47:     0x73fbf5ededde - <loom[c97bddb326b4e68f]::rt::scheduler::spawn_thread::{closure#0} as core[5d33459993e3d723]::ops::function::FnOnce<()>>::call_once
#19 42.23                                at /rustc/88d9e12ae178fab0fb5cc050a94da85685d449ea/library/core/src/ops/function.rs:250:5
#19 42.23   48:     0x73fbf5edb582 - <generator[87b94d97073f9995]::gen_impl::GeneratorImpl<core[5d33459993e3d723]::option::Option<alloc[f3282932177de6b4]::boxed::Box<dyn core[5d33459993e3d723]::ops::function::FnOnce<(), Output = ()>>>, ()>>::init_code::<loom[c97bddb326b4e68f]::rt::scheduler::spawn_thread::{closure#0}>::{closure#0}
#19 42.23                                at /usr/local/cargo/registry/src/index.crates.io-1949cf8c6b5b557f/generator-0.8.10/src/gen_impl.rs:357:21
#19 42.23   49:     0x73fbf5ece9c1 - <generator[87b94d97073f9995]::stack::StackBox<<generator[87b94d97073f9995]::gen_impl::GeneratorImpl<core[5d33459993e3d723]::option::Option<alloc[f3282932177de6b4]::boxed::Box<dyn core[5d33459993e3d723]::ops::function::FnOnce<(), Output = ()>>>, ()>>::init_code<loom[c97bddb326b4e68f]::rt::scheduler::spawn_thread::{closure#0}>::{closure#0}>>::call_once
#19 42.23                                at /usr/local/cargo/registry/src/index.crates.io-1949cf8c6b5b557f/generator-0.8.10/src/stack/mod.rs:137:13
#19 42.23   50:     0x73fbf5f1127d - <generator[87b94d97073f9995]::stack::Func>::call_once
#19 42.23                                at /usr/local/cargo/registry/src/index.crates.io-1949cf8c6b5b557f/generator-0.8.10/src/stack/mod.rs:119:9
#19 42.23   51:     0x73fbf5f0f86e - generator[87b94d97073f9995]::detail::gen::gen_init_impl::{closure#0}
#19 42.23                                at /usr/local/cargo/registry/src/index.crates.io-1949cf8c6b5b557f/generator-0.8.10/src/detail/gen.rs:35:14
#19 42.23   52:     0x73fbf5f142b3 - <generator[87b94d97073f9995]::detail::gen::gen_init_impl::{closure#0} as core[5d33459993e3d723]::ops::function::FnOnce<()>>::call_once
#19 42.23                                at /rustc/88d9e12ae178fab0fb5cc050a94da85685d449ea/library/core/src/ops/function.rs:250:5
#19 42.23   53:     0x73fbf5f0f395 - std[f4f322d5fb81df6e]::panicking::catch_unwind::do_call::<generator[87b94d97073f9995]::detail::gen::gen_init_impl::{closure#0}, ()>
#19 42.23                                at /rustc/88d9e12ae178fab0fb5cc050a94da85685d449ea/library/std/src/panicking.rs:576:43
#19 42.23   54:     0x73fbf5f1447b - __rust_try
#19 42.23   55:     0x73fbf5f0e876 - std[f4f322d5fb81df6e]::panicking::catch_unwind::<(), generator[87b94d97073f9995]::detail::gen::gen_init_impl::{closure#0}>
#19 42.23                                at /rustc/88d9e12ae178fab0fb5cc050a94da85685d449ea/library/std/src/panicking.rs:544:19
#19 42.23   56:     0x73fbf5f0e876 - std[f4f322d5fb81df6e]::panic::catch_unwind::<generator[87b94d97073f9995]::detail::gen::gen_init_impl::{closure#0}, ()>
#19 42.23                                at /rustc/88d9e12ae178fab0fb5cc050a94da85685d449ea/library/std/src/panic.rs:359:14
#19 42.23   57:     0x73fbf5f0f09d - generator[87b94d97073f9995]::detail::gen::catch_unwind_filter::<generator[87b94d97073f9995]::detail::gen::gen_init_impl::{closure#0}, ()>
#19 42.23                                at /usr/local/cargo/registry/src/index.crates.io-1949cf8c6b5b557f/generator-0.8.10/src/detail/gen.rs:23:5
#19 42.23   58:     0x73fbf5f12177 - generator[87b94d97073f9995]::detail::gen::gen_init_impl
#19 42.23                                at /usr/local/cargo/registry/src/index.crates.io-1949cf8c6b5b557f/generator-0.8.10/src/detail/gen.rs:50:25
#19 42.23   59:     0x73fbf5f12143 - generator[87b94d97073f9995]::detail::asm::gen_init
#19 42.23                                at /usr/local/cargo/registry/src/index.crates.io-1949cf8c6b5b557f/generator-0.8.10/src/detail/x86_64_unix.rs:8:5
#19 42.23 
#19 42.23 thread 'schedule::coordination::model::diamond_completion_wakes_waiters_and_publishes_dependencies' (4529) panicked at /rustc/88d9e12ae178fab0fb5cc050a94da85685d449ea/library/core/src/panicking.rs:233:5:
#19 42.23 panic in a destructor during cleanup
#19 42.23 thread caused non-unwinding panic. aborting.
#19 42.23 error: test failed, to rerun pass `-p gripsack-exec --lib`
#19 42.23 
#19 42.23 Caused by:
#19 42.23   process didn't exit successfully: `/tmp/gripsack-loom-piac_nlk/target/debug/deps/gripsack_exec-66661a3742c5a081 'schedule::coordination::model::diamond_completion_wakes_waiters_and_publishes_dependencies'` (signal: 6, SIGABRT: process abort signal)
#19 42.23 
#19 42.23 calibration: missing-completion rejected by Loom waiter deadlock
#19 42.23 LOOM_SCHEDULER_MUTANTS=2
#19 42.75 RUNNER_COMMAND=cargo test --locked -p gripsack-store --lib journal::admission_tests:: -- --nocapture
#19 74.00    Compiling proc-macro2 v1.0.107
#19 74.00    Compiling unicode-ident v1.0.24
#19 74.00    Compiling quote v1.0.47
#19 74.00    Compiling serde_core v1.0.229
#19 74.00    Compiling rustix v1.1.4
#19 74.00    Compiling bitflags v2.13.1
#19 74.00    Compiling linux-raw-sys v0.12.1
#19 74.00    Compiling verus_prettyplease v0.0.0-2026-09-06-0133
#19 74.00    Compiling io-lifetimes v3.0.1
#19 74.00    Compiling hashbrown v0.17.1
#19 74.00    Compiling io-lifetimes v2.0.4
#19 74.00    Compiling equivalent v1.0.2
#19 74.00    Compiling typenum v1.20.1
#19 74.00    Compiling libc v0.2.189
#19 74.00    Compiling vstd v0.0.0-2026-09-06-0133
#19 74.00    Compiling convert_case v0.4.0
#19 74.00    Compiling once_cell v1.21.4
#19 74.00    Compiling io-extras v0.19.0
#19 74.00    Compiling serde v1.0.229
#19 74.00    Compiling zmij v1.0.23
#19 74.00    Compiling cap-primitives v4.0.3
#19 74.00    Compiling verus_builtin v0.0.0-2026-09-06-0133
#19 74.00    Compiling cfg-if v1.0.4
#19 74.00    Compiling thiserror v2.0.20
#19 74.00    Compiling getrandom v0.4.3
#19 74.00    Compiling ambient-authority v0.0.2
#19 74.00    Compiling serde_json v1.0.151
#19 74.00    Compiling maybe-owned v0.3.4
#19 74.00    Compiling ipnet v2.12.1
#19 74.00    Compiling const-oid v0.10.2
#19 74.00    Compiling cap-std v4.0.3
#19 74.00    Compiling memchr v2.8.3
#19 74.00    Compiling itoa v1.0.18
#19 74.00    Compiling cpufeatures v0.3.0
#19 74.00    Compiling winnow v1.0.4
#19 74.00    Compiling winnow v0.7.15
#19 74.00    Compiling toml_writer v1.1.2+spec-1.1.0
#19 74.00    Compiling fastrand v2.5.0
#19 74.00    Compiling toml_parser v1.1.3+spec-1.1.0
#19 74.00    Compiling indexmap v2.14.0
#19 74.00    Compiling hybrid-array v0.4.14
#19 74.00    Compiling verus_syn v0.0.0-2026-09-06-0133
#19 74.00    Compiling syn v3.0.4
#19 74.00    Compiling syn v2.0.119
#19 74.00    Compiling block-buffer v0.12.1
#19 74.00    Compiling crypto-common v0.2.2
#19 74.00    Compiling digest v0.11.3
#19 74.00    Compiling sha2 v0.11.0
#19 74.00    Compiling toml_datetime v0.7.5+spec-1.1.0
#19 74.00    Compiling serde_spanned v1.1.1
#19 74.00    Compiling toml v0.9.12+spec-1.1.0
#19 74.00    Compiling serde_derive v1.0.229
#19 74.00    Compiling thiserror-impl v2.0.20
#19 74.00    Compiling rustix-linux-procfs v0.1.1
#19 74.00    Compiling fs-set-times v0.20.3
#19 74.00    Compiling tempfile v3.27.0
#19 74.00    Compiling gripsack-fs v0.42.0 (/tmp/gripsack-journal-admission-4bp98hhx/source/crates/gripsack-fs)
#19 74.00    Compiling synstructure v0.13.2
#19 74.00    Compiling verus_builtin_macros v0.0.0-2026-09-06-0133
#19 74.00    Compiling verus_state_machines_macros v0.0.0-2026-09-06-0133
#19 74.00    Compiling gripsack-policy v0.42.0 (/tmp/gripsack-journal-admission-4bp98hhx/source/crates/gripsack-policy)
#19 74.00    Compiling gripsack-process v0.42.0 (/tmp/gripsack-journal-admission-4bp98hhx/source/crates/gripsack-process)
#19 74.00    Compiling gripsack-ir v0.42.0 (/tmp/gripsack-journal-admission-4bp98hhx/source/crates/gripsack-ir)
#19 74.00    Compiling gripsack-store v0.42.0 (/tmp/gripsack-journal-admission-4bp98hhx/source/crates/gripsack-store)
#19 74.00     Finished `test` profile [unoptimized + debuginfo] target(s) in 28.34s
#19 74.00      Running unittests src/lib.rs (/tmp/gripsack-journal-admission-4bp98hhx/target/debug/deps/gripsack_store-e81297b671410f40)
#19 74.00 
#19 74.00 running 7 tests
#19 74.00 JOURNAL_REQUIRED_MARKER_FIELDS=3
#19 74.00 test journal::admission_tests::required_marker_fields_never_default_to_fresh_state ... ok
#19 74.00 JOURNAL_MARKER_ROUNDTRIPS=42
#19 74.00 test journal::admission_tests::marker_scalar_boundaries_roundtrip_without_identity_loss ... ok
#19 74.00 JOURNAL_MARKER_REJECTIONS=69
#19 74.00 test journal::admission_tests::marker_wrong_types_duplicates_and_overflow_do_not_admit_facts ... ok
#19 74.00 JOURNAL_TRUNCATED_PREFIXES=173
#19 74.00 test journal::admission_tests::truncation_and_invalid_framing_never_admit_partial_records ... ok
#19 74.00 JOURNAL_ENTRY_ROUNDTRIPS=20
#19 74.00 test journal::admission_tests::entry_versions_and_distinct_prior_states_roundtrip ... ok
#19 74.00 JOURNAL_ENTRY_REJECTIONS=110
#19 74.00 test journal::admission_tests::entry_missing_duplicate_version_and_scalar_bytes_are_rejected ... ok
#19 74.00 JOURNAL_EFFECT_REJECTIONS=179
#19 74.00 test journal::admission_tests::rejected_metadata_cannot_reach_destination_effects ... ok
#19 74.00 
#19 74.00 test result: ok. 7 passed; 0 failed; 0 ignored; 0 measured; 59 filtered out; finished in 2.92s
#19 74.00 
#19 74.00 
#19 74.00 JOURNAL_ADMISSION_PROPERTIES=7
#19 74.00 RUNNER_COMMAND=cargo test --locked -p gripsack-store --lib journal::admission_tests::rejected_metadata_cannot_reach_destination_effects -- --nocapture --exact
#19 75.65    Compiling gripsack-store v0.42.0 (/tmp/gripsack-journal-admission-4bp98hhx/source/crates/gripsack-store)
#19 75.65     Finished `test` profile [unoptimized + debuginfo] target(s) in 1.57s
#19 75.65      Running unittests src/lib.rs (/tmp/gripsack-journal-admission-4bp98hhx/target/debug/deps/gripsack_store-e81297b671410f40)
#19 75.65 
#19 75.65 running 1 test
#19 75.65 
#19 75.65 thread 'journal::admission_tests::rejected_metadata_cannot_reach_destination_effects' (6572) panicked at crates/gripsack-store/src/journal/admission_tests.rs:572:9:
#19 75.65 recovery_admitted_invalid_marker: missing_previous_generation
#19 75.65 note: run with `RUST_BACKTRACE=1` environment variable to display a backtrace
#19 75.65 test journal::admission_tests::rejected_metadata_cannot_reach_destination_effects ... FAILED
#19 75.65 
#19 75.65 failures:
#19 75.65 
#19 75.65 failures:
#19 75.65     journal::admission_tests::rejected_metadata_cannot_reach_destination_effects
#19 75.65 
#19 75.65 test result: FAILED. 0 passed; 1 failed; 0 ignored; 0 measured; 65 filtered out; finished in 0.05s
#19 75.65 
#19 75.65 error: test failed, to rerun pass `-p gripsack-store --lib`
#19 75.65 
#19 75.65 calibration: missing-previous-defaulted-to-null rejected by real recovery effects
#19 75.65 JOURNAL_ADMISSION_MUTANTS=1
#19 75.65 journal admission gate: OK
#19 76.05 RUNNER_COMMAND=cargo test --locked -p gripsack-exec --lib gc::root_model:: -- --nocapture
#19 109.3    Compiling proc-macro2 v1.0.107
#19 109.3    Compiling quote v1.0.47
#19 109.3    Compiling unicode-ident v1.0.24
#19 109.3    Compiling libc v0.2.189
#19 109.3    Compiling shlex v2.0.1
#19 109.3    Compiling find-msvc-tools v0.1.11
#19 109.3    Compiling cfg-if v1.0.4
#19 109.3    Compiling stable_deref_trait v1.2.1
#19 109.3    Compiling serde_core v1.0.229
#19 109.3    Compiling once_cell v1.21.4
#19 109.3    Compiling pkg-config v0.3.34
#19 109.3    Compiling rustix v1.1.4
#19 109.3    Compiling bitflags v2.13.1
#19 109.3    Compiling linux-raw-sys v0.12.1
#19 109.3    Compiling verus_prettyplease v0.0.0-2026-09-06-0133
#19 109.3    Compiling smallvec v1.15.2
#19 109.3    Compiling hashbrown v0.17.1
#19 109.3    Compiling equivalent v1.0.2
#19 109.3    Compiling log v0.4.34
#19 109.3    Compiling writeable v0.6.4
#19 109.3    Compiling litemap v0.8.3
#19 109.3    Compiling utf8_iter v1.0.4
#19 109.3    Compiling serde v1.0.229
#19 109.3    Compiling icu_properties_data v2.3.0
#19 109.3    Compiling zmij v1.0.23
#19 109.3    Compiling convert_case v0.4.0
#19 109.3    Compiling io-lifetimes v3.0.1
#19 109.3    Compiling icu_normalizer_data v2.3.0
#19 109.3    Compiling io-lifetimes v2.0.4
#19 109.3    Compiling zeroize v1.9.0
#19 109.3    Compiling vstd v0.0.0-2026-09-06-0133
#19 109.3    Compiling typenum v1.20.1
#19 109.3    Compiling io-extras v0.19.0
#19 109.3    Compiling verus_builtin v0.0.0-2026-09-06-0133
#19 109.3    Compiling serde_json v1.0.151
#19 109.3    Compiling memchr v2.8.3
#19 109.3    Compiling crc32fast v1.5.1
#19 109.3    Compiling itoa v1.0.18
#19 109.3    Compiling rustversion v1.0.23
#19 109.3    Compiling rustls-pki-types v1.15.1
#19 109.3    Compiling winnow v1.0.4
#19 109.3    Compiling cap-primitives v4.0.3
#19 109.3    Compiling thiserror v2.0.20
#19 109.3    Compiling tracing-core v0.1.36
#19 109.3    Compiling const-oid v0.10.2
#19 109.3    Compiling cap-std v4.0.3
#19 109.3    Compiling maybe-owned v0.3.4
#19 109.3    Compiling ambient-authority v0.0.2
#19 109.3    Compiling ipnet v2.12.1
#19 109.3    Compiling zstd-safe v7.2.4
#19 109.3    Compiling untrusted v0.9.0
#19 109.3    Compiling simd-adler32 v0.3.10
#19 109.3    Compiling getrandom v0.4.3
#19 109.3    Compiling toml_writer v1.1.2+spec-1.1.0
#19 109.3    Compiling pin-project-lite v0.2.17
#19 109.3    Compiling percent-encoding v2.3.2
#19 109.3    Compiling parking_lot_core v0.9.12
#19 109.3    Compiling regex-syntax v0.8.11
#19 109.3    Compiling adler2 v2.0.1
#19 109.3    Compiling cpufeatures v0.3.0
#19 109.3    Compiling rustls v0.23.45
#19 109.3    Compiling fastrand v2.5.0
#19 109.3    Compiling libbz2-rs-sys v0.2.5
#19 109.3    Compiling winnow v0.7.15
#19 109.3    Compiling scopeguard v1.2.0
#19 109.3    Compiling lazy_static v1.5.0
#19 109.3    Compiling miniz_oxide v0.8.9
#19 109.3    Compiling toml_parser v1.1.3+spec-1.1.0
#19 109.3    Compiling webpki-roots v1.0.9
#19 109.3    Compiling form_urlencoded v1.2.2
#19 109.3    Compiling subtle v2.6.1
#19 109.3    Compiling bumpalo v3.20.3
#19 109.3    Compiling zlib-rs v0.6.7
#19 109.3    Compiling sharded-slab v0.1.7
#19 109.3    Compiling lock_api v0.4.14
#19 109.3    Compiling thread_local v1.1.10
#19 109.3    Compiling webpki-roots v0.26.11
#19 109.3    Compiling base64 v0.22.1
#19 109.3    Compiling typed-path v0.12.3
#19 109.3    Compiling openssl-probe v0.2.1
#19 109.3    Compiling nu-ansi-term v0.50.3
#19 109.3    Compiling scoped-tls v1.0.1
#19 109.3    Compiling tracing-log v0.2.0
#19 109.3    Compiling httpdate v1.0.3
#19 109.3    Compiling indexmap v2.14.0
#19 109.3    Compiling rustls-native-certs v0.8.4
#19 109.3    Compiling zopfli v0.8.3
#19 109.3    Compiling bzip2 v0.6.1
#19 109.3    Compiling hybrid-array v0.4.14
#19 109.3    Compiling syn v2.0.119
#19 109.3    Compiling syn v3.0.4
#19 109.3    Compiling verus_syn v0.0.0-2026-09-06-0133
#19 109.3    Compiling jobserver v0.1.35
#19 109.3    Compiling getrandom v0.2.17
#19 109.3    Compiling filetime v0.2.29
#19 109.3    Compiling block-buffer v0.12.1
#19 109.3    Compiling crypto-common v0.2.2
#19 109.3    Compiling regex-automata v0.4.18
#19 109.3    Compiling cc v1.4.4
#19 109.3    Compiling parking_lot v0.12.5
#19 109.3    Compiling digest v0.11.3
#19 109.3    Compiling sha2 v0.11.0
#19 109.3    Compiling serde_spanned v1.1.1
#19 109.3    Compiling toml_datetime v0.7.5+spec-1.1.0
#19 109.3    Compiling toml_datetime v1.1.1+spec-1.1.0
#19 109.3    Compiling toml v0.9.12+spec-1.1.0
#19 109.3    Compiling toml v1.1.4+spec-1.1.0
#19 109.3    Compiling zstd-sys v2.0.16+zstd.1.5.7
#19 109.3    Compiling ring v0.17.14
#19 109.3    Compiling lzma-sys v0.1.20
#19 109.3    Compiling generator v0.8.10
#19 109.3    Compiling flate2 v1.1.9
#19 109.3    Compiling matchers v0.2.0
#19 109.3    Compiling rustix-linux-procfs v0.1.1
#19 109.3    Compiling fs-set-times v0.20.3
#19 109.3    Compiling tempfile v3.27.0
#19 109.3    Compiling xattr v1.6.1
#19 109.3    Compiling tar v0.4.46
#19 109.3    Compiling zerovec-derive v0.11.6
#19 109.3    Compiling displaydoc v0.2.7
#19 109.3    Compiling serde_derive v1.0.229
#19 109.3    Compiling thiserror-impl v2.0.20
#19 109.3    Compiling gripsack-fs v0.42.0 (/tmp/gripsack-gc-roots-5aox9e1w/source/crates/gripsack-fs)
#19 109.3    Compiling xz2 v0.1.7
#19 109.3    Compiling synstructure v0.13.2
#19 109.3    Compiling zstd v0.13.3
#19 109.3    Compiling zerofrom-derive v0.1.7
#19 109.3    Compiling yoke-derive v0.8.2
#19 109.3    Compiling tracing-attributes v0.1.31
#19 109.3    Compiling zip v8.6.0
#19 109.3    Compiling rustls-webpki v0.103.15
#19 109.3    Compiling tracing v0.1.44
#19 109.3    Compiling zerofrom v0.1.8
#19 109.3    Compiling verus_state_machines_macros v0.0.0-2026-09-06-0133
#19 109.3    Compiling verus_builtin_macros v0.0.0-2026-09-06-0133
#19 109.3    Compiling tracing-subscriber v0.3.23
#19 109.3    Compiling yoke v0.8.3
#19 109.3    Compiling zerovec v0.11.8
#19 109.3    Compiling zerotrie v0.2.5
#19 109.3    Compiling tinystr v0.8.4
#19 109.3    Compiling potential_utf v0.1.6
#19 109.3    Compiling icu_collections v2.3.0
#19 109.3    Compiling icu_locale_core v2.3.0
#19 109.3    Compiling loom v0.7.2
#19 109.3    Compiling icu_provider v2.3.1
#19 109.3    Compiling icu_properties v2.3.0
#19 109.3    Compiling icu_normalizer v2.3.0
#19 109.3    Compiling idna_adapter v1.2.2
#19 109.3    Compiling idna v1.1.0
#19 109.3    Compiling url v2.5.8
#19 109.3    Compiling ureq v2.12.1
#19 109.3    Compiling gripsack-policy v0.42.0 (/tmp/gripsack-gc-roots-5aox9e1w/source/crates/gripsack-policy)
#19 109.3    Compiling gripsack-ir v0.42.0 (/tmp/gripsack-gc-roots-5aox9e1w/source/crates/gripsack-ir)
#19 109.3    Compiling gripsack-process v0.42.0 (/tmp/gripsack-gc-roots-5aox9e1w/source/crates/gripsack-process)
#19 109.3    Compiling gripsack-store v0.42.0 (/tmp/gripsack-gc-roots-5aox9e1w/source/crates/gripsack-store)
#19 109.3    Compiling gripsack-config v0.42.0 (/tmp/gripsack-gc-roots-5aox9e1w/source/crates/gripsack-config)
#19 109.3    Compiling gripsack-fetch v0.42.0 (/tmp/gripsack-gc-roots-5aox9e1w/source/crates/gripsack-fetch)
#19 109.3    Compiling gripsack-exec v0.42.0 (/tmp/gripsack-gc-roots-5aox9e1w/source/crates/gripsack-exec)
#19 109.3     Finished `test` profile [unoptimized + debuginfo] target(s) in 32.69s
#19 109.3      Running unittests src/lib.rs (/tmp/gripsack-gc-roots-5aox9e1w/target/debug/deps/gripsack_exec-487739c07ff1c607)
#19 109.3 
#19 109.3 running 3 tests
#19 109.3 GC_PINNED_ROOT_REPLACEMENTS=1
#19 109.3 test gc::root_model::pinned_collection_survives_root_replacement ... ok
#19 109.3 GC_RECOVERY_ADMISSIONS=8
#19 109.3 test gc::root_model::unfinished_recovery_preserves_every_history_object ... ok
#19 109.3 GC_RETAINED_HISTORIES=7
#19 109.3 test gc::root_model::retained_histories_protect_complete_roots ... ok
#19 109.3 
#19 109.3 test result: ok. 3 passed; 0 failed; 0 ignored; 0 measured; 52 filtered out; finished in 0.61s
#19 109.3 
#19 109.3 
#19 109.4 GC_ROOT_PROPERTIES=3
#19 109.4 RUNNER_COMMAND=cargo test --locked -p gripsack-exec --lib gc::root_model::retained_histories_protect_complete_roots -- --nocapture --exact
#19 112.3    Compiling gripsack-exec v0.42.0 (/tmp/gripsack-gc-roots-5aox9e1w/source/crates/gripsack-exec)
#19 112.3     Finished `test` profile [unoptimized + debuginfo] target(s) in 2.80s
#19 112.3      Running unittests src/lib.rs (/tmp/gripsack-gc-roots-5aox9e1w/target/debug/deps/gripsack_exec-487739c07ff1c607)
#19 112.3 
#19 112.3 running 1 test
#19 112.3 
#19 112.3 thread 'gc::root_model::retained_histories_protect_complete_roots' (10801) panicked at crates/gripsack-exec/src/gc/root_model.rs:85:13:
#19 112.3 assertion `left == right` failed: retained_history_root_missing: old-compiler
#19 112.3   left: None
#19 112.3  right: Some([111, 108, 100, 45, 99, 111, 109, 112, 105, 108, 101, 114])
#19 112.3 note: run with `RUST_BACKTRACE=1` environment variable to display a backtrace
#19 112.3 test gc::root_model::retained_histories_protect_complete_roots ... FAILED
#19 112.3 
#19 112.3 failures:
#19 112.3 
#19 112.3 failures:
#19 112.3     gc::root_model::retained_histories_protect_complete_roots
#19 112.3 
#19 112.3 test result: FAILED. 0 passed; 1 failed; 0 ignored; 0 measured; 54 filtered out; finished in 0.08s
#19 112.3 
#19 112.3 error: test failed, to rerun pass `-p gripsack-exec --lib`
#19 112.3 
#19 112.3 calibration: dropped-build-closure-root rejected by real retained history
#19 112.3 GC_ROOT_MUTANTS=1
#19 112.3 GC root gate: OK
#19 112.8 RATE_ADMISSION_INPUT_SHA256={"Cargo.lock": "4d029e8dc65468ac1f41c71e17c1e27cffdf99e4a1e57abe4ab8558181d48264", "Cargo.toml": "2acc969d77f3274d49f33666d81d20fcf845e7f1546ecea1a1e8e5cd2db79bd4", "crates/gripsack-fetch/src/throttle.rs": "c959fbf3950d1940574b673c66a16a6792b1cea20b5bfed7854eb95fdc88cb03", "crates/gripsack-fetch/src/throttle/persistence.rs": "37e43597aac113ffc40f48c210d84d6aa3dcb1cbbf69cc20c496f384226a2787", "crates/gripsack-policy/src/rate_limit.rs": "ff45ea5a84d3b77a986fa06a20aa1831966e80b844bd866036fbe7a3f53f2693", "crates/gripsack-policy/src/rate_limit/binary_rate.rs": "f1da73f94383dcf8d5398895c0dc2cf5d29b7514ebbc9f6aaf45db4726bbddd9", "crates/gripsack-policy/src/rate_limit/credit_balance.rs": "d4f97853cf4b39b2475796f9922ae574d36093edd6f05deba774c9aa7e2b4911", "crates/gripsack-policy/src/rate_limit/credit_balance/credit_words.rs": "d0ada0324dab077cd6373f3843f8e033c635f2bb4c18de26a715f27bc29b51df", "crates/gripsack-policy/src/rate_limit/legacy_credits.rs": "2ee73c7cd6dc76806f2d68ee0cfb671d78bdf7f37f8dd21a764b232ec91de90f"}
#19 112.8 RUNNER_COMMAND=cargo test --locked -p gripsack-fetch --lib throttle:: -- --nocapture
#19 146.0    Compiling proc-macro2 v1.0.107
#19 146.0    Compiling unicode-ident v1.0.24
#19 146.0    Compiling quote v1.0.47
#19 146.0    Compiling libc v0.2.189
#19 146.0    Compiling shlex v2.0.1
#19 146.0    Compiling find-msvc-tools v0.1.11
#19 146.0    Compiling cfg-if v1.0.4
#19 146.0    Compiling stable_deref_trait v1.2.1
#19 146.0    Compiling pkg-config v0.3.34
#19 146.0    Compiling serde_core v1.0.229
#19 146.0    Compiling rustix v1.1.4
#19 146.0    Compiling bitflags v2.13.1
#19 146.0    Compiling once_cell v1.21.4
#19 146.0    Compiling linux-raw-sys v0.12.1
#19 146.0    Compiling hashbrown v0.17.1
#19 146.0    Compiling litemap v0.8.3
#19 146.0    Compiling writeable v0.6.4
#19 146.0    Compiling equivalent v1.0.2
#19 146.0    Compiling verus_prettyplease v0.0.0-2026-09-06-0133
#19 146.0    Compiling io-lifetimes v3.0.1
#19 146.0    Compiling smallvec v1.15.2
#19 146.0    Compiling typenum v1.20.1
#19 146.0    Compiling zeroize v1.9.0
#19 146.0    Compiling icu_normalizer_data v2.3.0
#19 146.0    Compiling utf8_iter v1.0.4
#19 146.0    Compiling icu_properties_data v2.3.0
#19 146.0    Compiling io-lifetimes v2.0.4
#19 146.0    Compiling zmij v1.0.23
#19 146.0    Compiling convert_case v0.4.0
#19 146.0    Compiling io-extras v0.19.0
#19 146.0    Compiling serde v1.0.229
#19 146.0    Compiling vstd v0.0.0-2026-09-06-0133
#19 146.0    Compiling serde_json v1.0.151
#19 146.0    Compiling crc32fast v1.5.1
#19 146.0    Compiling verus_builtin v0.0.0-2026-09-06-0133
#19 146.0    Compiling cap-primitives v4.0.3
#19 146.0    Compiling memchr v2.8.3
#19 146.0    Compiling zstd-safe v7.2.4
#19 146.0    Compiling rustls-pki-types v1.15.1
#19 146.0    Compiling simd-adler32 v0.3.10
#19 146.0    Compiling cap-std v4.0.3
#19 146.0    Compiling const-oid v0.10.2
#19 146.0    Compiling itoa v1.0.18
#19 146.0    Compiling log v0.4.34
#19 146.0    Compiling maybe-owned v0.3.4
#19 146.0    Compiling getrandom v0.4.3
#19 146.0    Compiling untrusted v0.9.0
#19 146.0    Compiling thiserror v2.0.20
#19 146.0    Compiling ambient-authority v0.0.2
#19 146.0    Compiling ipnet v2.12.1
#19 146.0    Compiling cpufeatures v0.3.0
#19 146.0    Compiling winnow v1.0.4
#19 146.0    Compiling parking_lot_core v0.9.12
#19 146.0    Compiling adler2 v2.0.1
#19 146.0    Compiling percent-encoding v2.3.2
#19 146.0    Compiling rustls v0.23.45
#19 146.0    Compiling fastrand v2.5.0
#19 146.0    Compiling zlib-rs v0.6.7
#19 146.0    Compiling libbz2-rs-sys v0.2.5
#19 146.0    Compiling winnow v0.7.15
#19 146.0    Compiling toml_writer v1.1.2+spec-1.1.0
#19 146.0    Compiling bumpalo v3.20.3
#19 146.0    Compiling miniz_oxide v0.8.9
#19 146.0    Compiling subtle v2.6.1
#19 146.0    Compiling scopeguard v1.2.0
#19 146.0    Compiling tracing-core v0.1.36
#19 146.0    Compiling pin-project-lite v0.2.17
#19 146.0    Compiling openssl-probe v0.2.1
#19 146.0    Compiling form_urlencoded v1.2.2
#19 146.0    Compiling lock_api v0.4.14
#19 146.0    Compiling typed-path v0.12.3
#19 146.0    Compiling webpki-roots v1.0.9
#19 146.0    Compiling base64 v0.22.1
#19 146.0    Compiling httpdate v1.0.3
#19 146.0    Compiling rustls-native-certs v0.8.4
#19 146.0    Compiling zopfli v0.8.3
#19 146.0    Compiling webpki-roots v0.26.11
#19 146.0    Compiling indexmap v2.14.0
#19 146.0    Compiling toml_parser v1.1.3+spec-1.1.0
#19 146.0    Compiling bzip2 v0.6.1
#19 146.0    Compiling hybrid-array v0.4.14
#19 146.0    Compiling syn v2.0.119
#19 146.0    Compiling syn v3.0.4
#19 146.0    Compiling verus_syn v0.0.0-2026-09-06-0133
#19 146.0    Compiling jobserver v0.1.35
#19 146.0    Compiling getrandom v0.2.17
#19 146.0    Compiling filetime v0.2.29
#19 146.0    Compiling parking_lot v0.12.5
#19 146.0    Compiling cc v1.4.4
#19 146.0    Compiling crypto-common v0.2.2
#19 146.0    Compiling block-buffer v0.12.1
#19 146.0    Compiling digest v0.11.3
#19 146.0    Compiling sha2 v0.11.0
#19 146.0    Compiling serde_spanned v1.1.1
#19 146.0    Compiling toml_datetime v0.7.5+spec-1.1.0
#19 146.0    Compiling toml v0.9.12+spec-1.1.0
#19 146.0    Compiling ring v0.17.14
#19 146.0    Compiling zstd-sys v2.0.16+zstd.1.5.7
#19 146.0    Compiling lzma-sys v0.1.20
#19 146.0    Compiling flate2 v1.1.9
#19 146.0    Compiling fs-set-times v0.20.3
#19 146.0    Compiling rustix-linux-procfs v0.1.1
#19 146.0    Compiling xattr v1.6.1
#19 146.0    Compiling tempfile v3.27.0
#19 146.0    Compiling zerovec-derive v0.11.6
#19 146.0    Compiling displaydoc v0.2.7
#19 146.0    Compiling serde_derive v1.0.229
#19 146.0    Compiling thiserror-impl v2.0.20
#19 146.0    Compiling tar v0.4.46
#19 146.0    Compiling xz2 v0.1.7
#19 146.0    Compiling gripsack-fs v0.42.0 (/tmp/gripsack-rate-admission-rxgb6fvl/source/crates/gripsack-fs)
#19 146.0    Compiling synstructure v0.13.2
#19 146.0    Compiling zstd v0.13.3
#19 146.0    Compiling zip v8.6.0
#19 146.0    Compiling rustls-webpki v0.103.15
#19 146.0    Compiling zerofrom-derive v0.1.7
#19 146.0    Compiling yoke-derive v0.8.2
#19 146.0    Compiling tracing-attributes v0.1.31
#19 146.0    Compiling zerofrom v0.1.8
#19 146.0    Compiling tracing v0.1.44
#19 146.0    Compiling yoke v0.8.3
#19 146.0    Compiling zerovec v0.11.8
#19 146.0    Compiling zerotrie v0.2.5
#19 146.0    Compiling verus_builtin_macros v0.0.0-2026-09-06-0133
#19 146.0    Compiling verus_state_machines_macros v0.0.0-2026-09-06-0133
#19 146.0    Compiling tinystr v0.8.4
#19 146.0    Compiling potential_utf v0.1.6
#19 146.0    Compiling icu_collections v2.3.0
#19 146.0    Compiling icu_locale_core v2.3.0
#19 146.0    Compiling icu_provider v2.3.1
#19 146.0    Compiling icu_normalizer v2.3.0
#19 146.0    Compiling icu_properties v2.3.0
#19 146.0    Compiling idna_adapter v1.2.2
#19 146.0    Compiling idna v1.1.0
#19 146.0    Compiling url v2.5.8
#19 146.0    Compiling ureq v2.12.1
#19 146.0    Compiling gripsack-policy v0.42.0 (/tmp/gripsack-rate-admission-rxgb6fvl/source/crates/gripsack-policy)
#19 146.0    Compiling gripsack-process v0.42.0 (/tmp/gripsack-rate-admission-rxgb6fvl/source/crates/gripsack-process)
#19 146.0    Compiling gripsack-ir v0.42.0 (/tmp/gripsack-rate-admission-rxgb6fvl/source/crates/gripsack-ir)
#19 146.0    Compiling gripsack-store v0.42.0 (/tmp/gripsack-rate-admission-rxgb6fvl/source/crates/gripsack-store)
#19 146.0    Compiling gripsack-fetch v0.42.0 (/tmp/gripsack-rate-admission-rxgb6fvl/source/crates/gripsack-fetch)
#19 146.0     Finished `test` profile [unoptimized + debuginfo] target(s) in 32.92s
#19 146.0      Running unittests src/lib.rs (/tmp/gripsack-rate-admission-rxgb6fvl/target/debug/deps/gripsack_fetch-34f8c8e76dc7a276)
#19 146.0 
#19 146.0 running 13 tests
#19 146.0 test throttle::tests::a_backward_wall_clock_does_not_refill_the_same_interval_twice ... ok
#19 146.0 test throttle::tests::fractional_declarations_retain_their_exact_refill_boundary ... ok
#19 146.0 test throttle::tests::rate_admission_rejects_nonfinite_and_unfillable_buckets ... ok
#19 146.0 test throttle::tests::plugin_declaration_replaces_builtin_default ... ok
#19 146.0 test throttle::tests::token_wait_cannot_outlive_or_reset_an_operation_deadline ... ok
#19 146.0 test throttle::tests::url_host_extraction ... ok
#19 146.0 test throttle::tests::user_override_beats_plugin_declaration ... ok
#19 146.0 test throttle::tests::persisted_token_and_time_bounds_cannot_panic_or_mint_extra_tokens ... ok
#19 146.0 test throttle::persistence::tests::a_saved_fractional_timestamp_cannot_refill_an_already_accounted_interval ... ok
#19 146.0 test throttle::persistence::tests::changed_period_preserves_a_saved_partial_token_instead_of_resetting_the_burst ... ok
#19 146.0 test throttle::tests::capability_registration_consumes_the_same_contended_deadline ... ok
#19 146.0 test throttle::tests::mutex_contention_cannot_outlive_or_grant_after_the_original_deadline ... ok
#19 146.0 test throttle::tests::bucket_enforces_the_budget ... ok
#19 146.0 
#19 146.0 test result: ok. 13 passed; 0 failed; 0 ignored; 0 measured; 65 filtered out; finished in 0.25s
#19 146.0 
#19 146.0 
#19 146.0 RATE_ADMISSION_PROPERTIES=13
#19 146.0 RUNNER_COMMAND=cargo test --locked -p gripsack-fetch --lib throttle::tests::rate_admission_rejects_nonfinite_and_unfillable_buckets -- --nocapture --exact
#19 148.9    Compiling gripsack-fetch v0.42.0 (/tmp/gripsack-rate-admission-rxgb6fvl/source/crates/gripsack-fetch)
#19 148.9     Finished `test` profile [unoptimized + debuginfo] target(s) in 2.92s
#19 148.9      Running unittests src/lib.rs (/tmp/gripsack-rate-admission-rxgb6fvl/target/debug/deps/gripsack_fetch-34f8c8e76dc7a276)
#19 148.9 
#19 148.9 running 1 test
#19 148.9 
#19 148.9 thread 'throttle::tests::rate_admission_rejects_nonfinite_and_unfillable_buckets' (14495) panicked at crates/gripsack-fetch/src/throttle.rs:328:13:
#19 148.9 assertion `left == right` failed: invalid_rate_admitted: NaN/s
#19 148.9   left: Some(BinaryTokenRate { significand: 4503599627370496, shift: 0, period: Second })
#19 148.9  right: None
#19 148.9 note: run with `RUST_BACKTRACE=1` environment variable to display a backtrace
#19 148.9 test throttle::tests::rate_admission_rejects_nonfinite_and_unfillable_buckets ... FAILED
#19 148.9 
#19 148.9 failures:
#19 148.9 
#19 148.9 failures:
#19 148.9     throttle::tests::rate_admission_rejects_nonfinite_and_unfillable_buckets
#19 148.9 
#19 148.9 test result: FAILED. 0 passed; 1 failed; 0 ignored; 0 measured; 77 filtered out; finished in 0.00s
#19 148.9 
#19 148.9 error: test failed, to rerun pass `-p gripsack-fetch --lib`
#19 148.9 
#19 148.9 calibration: invalid-observation-normalized rejected by throttle::tests::rate_admission_rejects_nonfinite_and_unfillable_buckets
#19 148.9 RUNNER_COMMAND=cargo test --locked -p gripsack-fetch --lib throttle::tests::fractional_declarations_retain_their_exact_refill_boundary -- --nocapture --exact
#19 151.8    Compiling gripsack-fetch v0.42.0 (/tmp/gripsack-rate-admission-rxgb6fvl/source/crates/gripsack-fetch)
#19 151.8     Finished `test` profile [unoptimized + debuginfo] target(s) in 2.88s
#19 151.8      Running unittests src/lib.rs (/tmp/gripsack-rate-admission-rxgb6fvl/target/debug/deps/gripsack_fetch-34f8c8e76dc7a276)
#19 151.8 
#19 151.8 running 1 test
#19 151.8 
#19 151.8 thread 'throttle::tests::fractional_declarations_retain_their_exact_refill_boundary' (14774) panicked at crates/gripsack-fetch/src/throttle.rs:412:13:
#19 151.8 assertion `left == right` failed: declared_period_was_changed
#19 151.8   left: Wait { nanoseconds: 333333334 }
#19 151.8  right: Wait { nanoseconds: 20000000000 }
#19 151.8 note: run with `RUST_BACKTRACE=1` environment variable to display a backtrace
#19 151.8 test throttle::tests::fractional_declarations_retain_their_exact_refill_boundary ... FAILED
#19 151.8 
#19 151.8 failures:
#19 151.8 
#19 151.8 failures:
#19 151.8     throttle::tests::fractional_declarations_retain_their_exact_refill_boundary
#19 151.8 
#19 151.8 test result: FAILED. 0 passed; 1 failed; 0 ignored; 0 measured; 77 filtered out; finished in 0.00s
#19 151.8 
#19 151.8 error: test failed, to rerun pass `-p gripsack-fetch --lib`
#19 151.8 
#19 151.8 calibration: declared-period-substitution rejected by throttle::tests::fractional_declarations_retain_their_exact_refill_boundary
#19 151.8 RUNNER_COMMAND=cargo test --locked -p gripsack-fetch --lib throttle::tests::mutex_contention_cannot_outlive_or_grant_after_the_original_deadline -- --nocapture --exact
#19 156.3    Compiling gripsack-fetch v0.42.0 (/tmp/gripsack-rate-admission-rxgb6fvl/source/crates/gripsack-fetch)
#19 156.3     Finished `test` profile [unoptimized + debuginfo] target(s) in 2.50s
#19 156.3      Running unittests src/lib.rs (/tmp/gripsack-rate-admission-rxgb6fvl/target/debug/deps/gripsack_fetch-34f8c8e76dc7a276)
#19 156.3 
#19 156.3 running 1 test
#19 156.3 
#19 156.3 thread 'throttle::tests::mutex_contention_cannot_outlive_or_grant_after_the_original_deadline' (15053) panicked at crates/gripsack-fetch/src/throttle.rs:369:28:
#19 156.3 deadline_blocked_by_throttle_lock: Timeout
#19 156.3 note: run with `RUST_BACKTRACE=1` environment variable to display a backtrace
#19 156.3 test throttle::tests::mutex_contention_cannot_outlive_or_grant_after_the_original_deadline ... FAILED
#19 156.3 
#19 156.3 failures:
#19 156.3 
#19 156.3 failures:
#19 156.3     throttle::tests::mutex_contention_cannot_outlive_or_grant_after_the_original_deadline
#19 156.3 
#19 156.3 test result: FAILED. 0 passed; 1 failed; 0 ignored; 0 measured; 77 filtered out; finished in 2.00s
#19 156.3 
#19 156.3 error: test failed, to rerun pass `-p gripsack-fetch --lib`
#19 156.3 
#19 156.3 calibration: mutex-deadline-extension rejected by throttle::tests::mutex_contention_cannot_outlive_or_grant_after_the_original_deadline
#19 156.3 RUNNER_COMMAND=cargo test --locked -p gripsack-fetch --lib throttle::tests::a_backward_wall_clock_does_not_refill_the_same_interval_twice -- --nocapture --exact
#19 159.0    Compiling gripsack-fetch v0.42.0 (/tmp/gripsack-rate-admission-rxgb6fvl/source/crates/gripsack-fetch)
#19 159.0     Finished `test` profile [unoptimized + debuginfo] target(s) in 2.61s
#19 159.0      Running unittests src/lib.rs (/tmp/gripsack-rate-admission-rxgb6fvl/target/debug/deps/gripsack_fetch-34f8c8e76dc7a276)
#19 159.0 
#19 159.0 running 1 test
#19 159.0 
#19 159.0 thread 'throttle::tests::a_backward_wall_clock_does_not_refill_the_same_interval_twice' (15333) panicked at crates/gripsack-fetch/src/throttle.rs:435:9:
#19 159.0 assertion `left == right` failed: wall_clock_interval_reused
#19 159.0   left: Wait { nanoseconds: 250000000 }
#19 159.0  right: Wait { nanoseconds: 500000000 }
#19 159.0 note: run with `RUST_BACKTRACE=1` environment variable to display a backtrace
#19 159.0 test throttle::tests::a_backward_wall_clock_does_not_refill_the_same_interval_twice ... FAILED
#19 159.0 
#19 159.0 failures:
#19 159.0 
#19 159.0 failures:
#19 159.0     throttle::tests::a_backward_wall_clock_does_not_refill_the_same_interval_twice
#19 159.0 
#19 159.0 test result: FAILED. 0 passed; 1 failed; 0 ignored; 0 measured; 77 filtered out; finished in 0.00s
#19 159.0 
#19 159.0 error: test failed, to rerun pass `-p gripsack-fetch --lib`
#19 159.0 
#19 159.0 calibration: backward-clock-refill-reuse rejected by throttle::tests::a_backward_wall_clock_does_not_refill_the_same_interval_twice
#19 159.0 RUNNER_COMMAND=cargo test --locked -p gripsack-fetch --lib throttle::persistence::tests::a_saved_fractional_timestamp_cannot_refill_an_already_accounted_interval -- --nocapture --exact
#19 161.7    Compiling gripsack-fetch v0.42.0 (/tmp/gripsack-rate-admission-rxgb6fvl/source/crates/gripsack-fetch)
#19 161.7     Finished `test` profile [unoptimized + debuginfo] target(s) in 2.63s
#19 161.7      Running unittests src/lib.rs (/tmp/gripsack-rate-admission-rxgb6fvl/target/debug/deps/gripsack_fetch-34f8c8e76dc7a276)
#19 161.7 
#19 161.7 running 1 test
#19 161.7 
#19 161.7 thread 'throttle::persistence::tests::a_saved_fractional_timestamp_cannot_refill_an_already_accounted_interval' (15612) panicked at crates/gripsack-fetch/src/throttle/persistence.rs:150:9:
#19 161.7 assertion `left == right` failed: persisted_timestamp_refilled_consumed_interval
#19 161.7   left: Granted
#19 161.7  right: Wait { nanoseconds: 500000000 }
#19 161.7 note: run with `RUST_BACKTRACE=1` environment variable to display a backtrace
#19 161.7 test throttle::persistence::tests::a_saved_fractional_timestamp_cannot_refill_an_already_accounted_interval ... FAILED
#19 161.7 
#19 161.7 failures:
#19 161.7 
#19 161.7 failures:
#19 161.7     throttle::persistence::tests::a_saved_fractional_timestamp_cannot_refill_an_already_accounted_interval
#19 161.7 
#19 161.7 test result: FAILED. 0 passed; 1 failed; 0 ignored; 0 measured; 77 filtered out; finished in 0.01s
#19 161.7 
#19 161.7 error: test failed, to rerun pass `-p gripsack-fetch --lib`
#19 161.7 
#19 161.7 calibration: persisted-time-truncation rejected by throttle::persistence::tests::a_saved_fractional_timestamp_cannot_refill_an_already_accounted_interval
#19 161.7 RUNNER_COMMAND=cargo test --locked -p gripsack-fetch --lib throttle::persistence::tests::changed_period_preserves_a_saved_partial_token_instead_of_resetting_the_burst -- --nocapture --exact
#19 164.3    Compiling gripsack-fetch v0.42.0 (/tmp/gripsack-rate-admission-rxgb6fvl/source/crates/gripsack-fetch)
#19 164.3     Finished `test` profile [unoptimized + debuginfo] target(s) in 2.57s
#19 164.3      Running unittests src/lib.rs (/tmp/gripsack-rate-admission-rxgb6fvl/target/debug/deps/gripsack_fetch-34f8c8e76dc7a276)
#19 164.3 
#19 164.3 running 1 test
#19 164.3 
#19 164.3 thread 'throttle::persistence::tests::changed_period_preserves_a_saved_partial_token_instead_of_resetting_the_burst' (15891) panicked at crates/gripsack-fetch/src/throttle/persistence.rs:181:9:
#19 164.3 assertion `left == right` failed: persisted_period_reset_burst
#19 164.3   left: Granted
#19 164.3  right: DeadlineExpired
#19 164.3 note: run with `RUST_BACKTRACE=1` environment variable to display a backtrace
#19 164.3 test throttle::persistence::tests::changed_period_preserves_a_saved_partial_token_instead_of_resetting_the_burst ... FAILED
#19 164.3 
#19 164.3 failures:
#19 164.3 
#19 164.3 failures:
#19 164.3     throttle::persistence::tests::changed_period_preserves_a_saved_partial_token_instead_of_resetting_the_burst
#19 164.3 
#19 164.3 test result: FAILED. 0 passed; 1 failed; 0 ignored; 0 measured; 77 filtered out; finished in 0.03s
#19 164.3 
#19 164.3 error: test failed, to rerun pass `-p gripsack-fetch --lib`
#19 164.3 
#19 164.3 calibration: persisted-period-substitution rejected by throttle::persistence::tests::changed_period_preserves_a_saved_partial_token_instead_of_resetting_the_burst
#19 164.3 RATE_ADMISSION_MUTANTS=6
#19 164.3 rate admission gate: OK
#19 164.8 HTTP_BUDGET_INPUT_SHA256={"Cargo.lock": "4d029e8dc65468ac1f41c71e17c1e27cffdf99e4a1e57abe4ab8558181d48264", "Cargo.toml": "2acc969d77f3274d49f33666d81d20fcf845e7f1546ecea1a1e8e5cd2db79bd4", "crates/gripsack-fetch/src/http.rs": "c7594b7c9824d87bb1bb466a527f06b0127c76d5c1037538a1e93550d6b22218", "crates/gripsack-fetch/src/http/body.rs": "bcf931f408006472f948cdd00e60204c60e8ad8d8ab49deb6ee72f46e062cbda", "crates/gripsack-fetch/src/http/failure.rs": "bc9c19f178e9b6fcdac81526f7a4fdaf7db982262ba14c9b713549267b0d7a90", "crates/gripsack-fetch/src/http/request.rs": "a89166745081532b6bb69f2d0b1ab642467d40d05d883acdf0c759eef569deab", "crates/gripsack-fetch/src/http/retry.rs": "d552a27cf578f55193d8414c52687c84e8f366eb326c999ce848b99127b80e32", "crates/gripsack-policy/src/operation_budget.rs": "dbff4366394bd32d505442a264449529fddda59639df7e312ef9366a9b83278a", "crates/gripsack-policy/src/retry_budget.rs": "02c14f4d532cb7fd2c9f91f4bd7d85560c71df33f2886028e55d5b57c1f536db"}
#19 164.8 RUNNER_COMMAND=cargo test --locked -p gripsack-fetch --lib http:: -- --nocapture
#19 196.2    Compiling proc-macro2 v1.0.107
#19 196.2    Compiling quote v1.0.47
#19 196.2    Compiling unicode-ident v1.0.24
#19 196.2    Compiling libc v0.2.189
#19 196.2    Compiling shlex v2.0.1
#19 196.2    Compiling find-msvc-tools v0.1.11
#19 196.2    Compiling cfg-if v1.0.4
#19 196.2    Compiling stable_deref_trait v1.2.1
#19 196.2    Compiling serde_core v1.0.229
#19 196.2    Compiling rustix v1.1.4
#19 196.2    Compiling pkg-config v0.3.34
#19 196.2    Compiling once_cell v1.21.4
#19 196.2    Compiling bitflags v2.13.1
#19 196.2    Compiling linux-raw-sys v0.12.1
#19 196.2    Compiling writeable v0.6.4
#19 196.2    Compiling litemap v0.8.3
#19 196.2    Compiling verus_prettyplease v0.0.0-2026-09-06-0133
#19 196.2    Compiling equivalent v1.0.2
#19 196.2    Compiling hashbrown v0.17.1
#19 196.2    Compiling io-lifetimes v2.0.4
#19 196.2    Compiling icu_normalizer_data v2.3.0
#19 196.2    Compiling icu_properties_data v2.3.0
#19 196.2    Compiling zeroize v1.9.0
#19 196.2    Compiling utf8_iter v1.0.4
#19 196.2    Compiling io-lifetimes v3.0.1
#19 196.2    Compiling typenum v1.20.1
#19 196.2    Compiling smallvec v1.15.2
#19 196.2    Compiling convert_case v0.4.0
#19 196.2    Compiling serde v1.0.229
#19 196.2    Compiling vstd v0.0.0-2026-09-06-0133
#19 196.2    Compiling io-extras v0.19.0
#19 196.2    Compiling zmij v1.0.23
#19 196.2    Compiling serde_json v1.0.151
#19 196.2    Compiling crc32fast v1.5.1
#19 196.2    Compiling memchr v2.8.3
#19 196.2    Compiling verus_builtin v0.0.0-2026-09-06-0133
#19 196.2    Compiling cap-primitives v4.0.3
#19 196.2    Compiling rustls-pki-types v1.15.1
#19 196.2    Compiling ipnet v2.12.1
#19 196.2    Compiling itoa v1.0.18
#19 196.2    Compiling log v0.4.34
#19 196.2    Compiling cap-std v4.0.3
#19 196.2    Compiling untrusted v0.9.0
#19 196.2    Compiling zstd-safe v7.2.4
#19 196.2    Compiling getrandom v0.4.3
#19 196.2    Compiling const-oid v0.10.2
#19 196.2    Compiling ambient-authority v0.0.2
#19 196.2    Compiling simd-adler32 v0.3.10
#19 196.2    Compiling maybe-owned v0.3.4
#19 196.2    Compiling thiserror v2.0.20
#19 196.2    Compiling parking_lot_core v0.9.12
#19 196.2    Compiling winnow v1.0.4
#19 196.2    Compiling cpufeatures v0.3.0
#19 196.2    Compiling adler2 v2.0.1
#19 196.2    Compiling percent-encoding v2.3.2
#19 196.2    Compiling rustls v0.23.45
#19 196.2    Compiling libbz2-rs-sys v0.2.5
#19 196.2    Compiling winnow v0.7.15
#19 196.2    Compiling zlib-rs v0.6.7
#19 196.2    Compiling bumpalo v3.20.3
#19 196.2    Compiling toml_writer v1.1.2+spec-1.1.0
#19 196.2    Compiling scopeguard v1.2.0
#19 196.2    Compiling miniz_oxide v0.8.9
#19 196.2    Compiling fastrand v2.5.0
#19 196.2    Compiling subtle v2.6.1
#19 196.2    Compiling tracing-core v0.1.36
#19 196.2    Compiling form_urlencoded v1.2.2
#19 196.2    Compiling lock_api v0.4.14
#19 196.2    Compiling openssl-probe v0.2.1
#19 196.2    Compiling base64 v0.22.1
#19 196.2    Compiling webpki-roots v1.0.9
#19 196.2    Compiling pin-project-lite v0.2.17
#19 196.2    Compiling typed-path v0.12.3
#19 196.2    Compiling httpdate v1.0.3
#19 196.2    Compiling webpki-roots v0.26.11
#19 196.2    Compiling rustls-native-certs v0.8.4
#19 196.2    Compiling zopfli v0.8.3
#19 196.2    Compiling toml_parser v1.1.3+spec-1.1.0
#19 196.2    Compiling indexmap v2.14.0
#19 196.2    Compiling bzip2 v0.6.1
#19 196.2    Compiling hybrid-array v0.4.14
#19 196.2    Compiling syn v2.0.119
#19 196.2    Compiling syn v3.0.4
#19 196.2    Compiling verus_syn v0.0.0-2026-09-06-0133
#19 196.2    Compiling jobserver v0.1.35
#19 196.2    Compiling getrandom v0.2.17
#19 196.2    Compiling filetime v0.2.29
#19 196.2    Compiling parking_lot v0.12.5
#19 196.2    Compiling block-buffer v0.12.1
#19 196.2    Compiling crypto-common v0.2.2
#19 196.2    Compiling cc v1.4.4
#19 196.2    Compiling digest v0.11.3
#19 196.2    Compiling sha2 v0.11.0
#19 196.2    Compiling toml_datetime v0.7.5+spec-1.1.0
#19 196.2    Compiling serde_spanned v1.1.1
#19 196.2    Compiling zstd-sys v2.0.16+zstd.1.5.7
#19 196.2    Compiling ring v0.17.14
#19 196.2    Compiling lzma-sys v0.1.20
#19 196.2    Compiling toml v0.9.12+spec-1.1.0
#19 196.2    Compiling flate2 v1.1.9
#19 196.2    Compiling fs-set-times v0.20.3
#19 196.2    Compiling rustix-linux-procfs v0.1.1
#19 196.2    Compiling tempfile v3.27.0
#19 196.2    Compiling xattr v1.6.1
#19 196.2    Compiling zerovec-derive v0.11.6
#19 196.2    Compiling displaydoc v0.2.7
#19 196.2    Compiling serde_derive v1.0.229
#19 196.2    Compiling thiserror-impl v2.0.20
#19 196.2    Compiling tar v0.4.46
#19 196.2    Compiling xz2 v0.1.7
#19 196.2    Compiling gripsack-fs v0.42.0 (/tmp/gripsack-http-budget-92fvyj0e/source/crates/gripsack-fs)
#19 196.2    Compiling synstructure v0.13.2
#19 196.2    Compiling rustls-webpki v0.103.15
#19 196.2    Compiling zstd v0.13.3
#19 196.2    Compiling zerofrom-derive v0.1.7
#19 196.2    Compiling yoke-derive v0.8.2
#19 196.2    Compiling tracing-attributes v0.1.31
#19 196.2    Compiling zip v8.6.0
#19 196.2    Compiling zerofrom v0.1.8
#19 196.2    Compiling tracing v0.1.44
#19 196.2    Compiling yoke v0.8.3
#19 196.2    Compiling zerovec v0.11.8
#19 196.2    Compiling zerotrie v0.2.5
#19 196.2    Compiling tinystr v0.8.4
#19 196.2    Compiling potential_utf v0.1.6
#19 196.2    Compiling icu_collections v2.3.0
#19 196.2    Compiling verus_builtin_macros v0.0.0-2026-09-06-0133
#19 196.2    Compiling verus_state_machines_macros v0.0.0-2026-09-06-0133
#19 196.2    Compiling icu_locale_core v2.3.0
#19 196.2    Compiling icu_provider v2.3.1
#19 196.2    Compiling icu_normalizer v2.3.0
#19 196.2    Compiling icu_properties v2.3.0
#19 196.2    Compiling idna_adapter v1.2.2
#19 196.2    Compiling idna v1.1.0
#19 196.2    Compiling url v2.5.8
#19 196.2    Compiling ureq v2.12.1
#19 196.2    Compiling gripsack-policy v0.42.0 (/tmp/gripsack-http-budget-92fvyj0e/source/crates/gripsack-policy)
#19 196.2    Compiling gripsack-process v0.42.0 (/tmp/gripsack-http-budget-92fvyj0e/source/crates/gripsack-process)
#19 196.2    Compiling gripsack-ir v0.42.0 (/tmp/gripsack-http-budget-92fvyj0e/source/crates/gripsack-ir)
#19 196.2    Compiling gripsack-store v0.42.0 (/tmp/gripsack-http-budget-92fvyj0e/source/crates/gripsack-store)
#19 196.2    Compiling gripsack-fetch v0.42.0 (/tmp/gripsack-http-budget-92fvyj0e/source/crates/gripsack-fetch)
#19 196.2     Finished `test` profile [unoptimized + debuginfo] target(s) in 30.93s
#19 196.2      Running unittests src/lib.rs (/tmp/gripsack-http-budget-92fvyj0e/target/debug/deps/gripsack_fetch-34f8c8e76dc7a276)
#19 196.2 
#19 196.2 running 12 tests
#19 196.2 test http::body::tests::a_new_attempt_cannot_reset_consumed_transfer_bytes ... ok
#19 196.2 test http::failure::tests::certificate_failures_are_not_transient_connections ... ok
#19 196.2 test http::retry::tests::an_expired_clock_observation_cannot_admit_an_attempt ... ok
#19 196.2 test http::failure::tests::failure_locations_redact_credentials_and_queries ... ok
#19 196.2 test http::retry::tests::real_retry_policy_has_fixed_deadline_and_bounded_attempts ... ok
#19 196.2 test http::retry::tests::terminal_classes_and_upstream_cooldowns_never_get_fast_replays ... ok
#19 196.2 test http::tests::bound_credentials_require_tls_and_registry_artifact_refuses_cleartext ... ok
#19 196.2 test http::tests::host_binding_survives_url_normalization ... ok
#19 196.2 test http::tests::credential_routing_model_uses_actual_host_selector ... ok
#19 196.2 test http::tests::proxy_bypass_preserves_domain_and_port_boundaries ... ok
#19 196.2 test http::request::tests::cooldown_contention_cannot_extend_the_original_operation_deadline ... ok
#19 196.2 test http::request::tests::a_successful_body_consumer_cannot_complete_after_the_operation_deadline ... ok
#19 196.2 
#19 196.2 test result: ok. 12 passed; 0 failed; 0 ignored; 0 measured; 66 filtered out; finished in 0.55s
#19 196.2 
#19 196.2 
#19 196.2 HTTP_BUDGET_PROPERTIES=12
#19 196.2 RUNNER_COMMAND=cargo test --locked -p gripsack-fetch --lib http::request::tests::a_successful_body_consumer_cannot_complete_after_the_operation_deadline -- --nocapture --exact
#19 199.8    Compiling gripsack-fetch v0.42.0 (/tmp/gripsack-http-budget-92fvyj0e/source/crates/gripsack-fetch)
#19 199.8     Finished `test` profile [unoptimized + debuginfo] target(s) in 2.95s
#19 199.8      Running unittests src/lib.rs (/tmp/gripsack-http-budget-92fvyj0e/target/debug/deps/gripsack_fetch-34f8c8e76dc7a276)
#19 199.8 
#19 199.8 running 1 test
#19 199.8 
#19 199.8 thread 'http::request::tests::a_successful_body_consumer_cannot_complete_after_the_operation_deadline' (19582) panicked at crates/gripsack-fetch/src/http/request.rs:514:13:
#19 199.8 late_http_consumer_was_reported_successfully: Ok("body")
#19 199.8 note: run with `RUST_BACKTRACE=1` environment variable to display a backtrace
#19 199.8 test http::request::tests::a_successful_body_consumer_cannot_complete_after_the_operation_deadline ... FAILED
#19 199.8 
#19 199.8 failures:
#19 199.8 
#19 199.8 failures:
#19 199.8     http::request::tests::a_successful_body_consumer_cannot_complete_after_the_operation_deadline
#19 199.8 
#19 199.8 test result: FAILED. 0 passed; 1 failed; 0 ignored; 0 measured; 77 filtered out; finished in 0.54s
#19 199.8 
#19 199.8 error: test failed, to rerun pass `-p gripsack-fetch --lib`
#19 199.8 
#19 199.8 calibration: late-body-success rejected by http::request::tests::a_successful_body_consumer_cannot_complete_after_the_operation_deadline
#19 199.8 RUNNER_COMMAND=cargo test --locked -p gripsack-fetch --lib http::retry::tests::an_expired_clock_observation_cannot_admit_an_attempt -- --nocapture --exact
#19 202.8    Compiling gripsack-fetch v0.42.0 (/tmp/gripsack-http-budget-92fvyj0e/source/crates/gripsack-fetch)
#19 202.8 warning: variable `now` is assigned to, but never used
#19 202.8   --> crates/gripsack-fetch/src/http/retry.rs:86:29
#19 202.8    |
#19 202.8 86 |     pub fn begin(&mut self, mut now: Instant) -> Result<Duration, RetryStopReason> {
#19 202.8    |                             ^^^^^^^
#19 202.8    |
#19 202.8    = note: consider using `_now` instead
#19 202.8    = note: `#[warn(unused_variables)]` (part of `#[warn(unused)]`) on by default
#19 202.8 
#19 202.8 warning: value assigned to `now` is never read
#19 202.8   --> crates/gripsack-fetch/src/http/retry.rs:97:21
#19 202.8    |
#19 202.8 97 |                     now = Instant::now();
#19 202.8    |                     ^^^^^^^^^^^^^^^^^^^^
#19 202.8    |
#19 202.8    = help: maybe it is overwritten before being read?
#19 202.8    = note: `#[warn(unused_assignments)]` (part of `#[warn(unused)]`) on by default
#19 202.8 
#19 202.8 warning: `gripsack-fetch` (lib test) generated 2 warnings
#19 202.8     Finished `test` profile [unoptimized + debuginfo] target(s) in 3.02s
#19 202.8      Running unittests src/lib.rs (/tmp/gripsack-http-budget-92fvyj0e/target/debug/deps/gripsack_fetch-34f8c8e76dc7a276)
#19 202.8 
#19 202.8 running 1 test
#19 202.8 
#19 202.8 thread 'http::retry::tests::an_expired_clock_observation_cannot_admit_an_attempt' (19862) panicked at crates/gripsack-fetch/src/http/retry.rs:141:9:
#19 202.8 assertion `left == right` failed: expired_http_attempt_admitted
#19 202.8   left: Ok(600s)
#19 202.8  right: Err(Deadline)
#19 202.8 note: run with `RUST_BACKTRACE=1` environment variable to display a backtrace
#19 202.8 test http::retry::tests::an_expired_clock_observation_cannot_admit_an_attempt ... FAILED
#19 202.8 
#19 202.8 failures:
#19 202.8 
#19 202.8 failures:
#19 202.8     http::retry::tests::an_expired_clock_observation_cannot_admit_an_attempt
#19 202.8 
#19 202.8 test result: FAILED. 0 passed; 1 failed; 0 ignored; 0 measured; 77 filtered out; finished in 0.00s
#19 202.8 
#19 202.8 error: test failed, to rerun pass `-p gripsack-fetch --lib`
#19 202.8 
#19 202.8 calibration: ignored-clock-observation rejected by http::retry::tests::an_expired_clock_observation_cannot_admit_an_attempt
#19 202.8 RUNNER_COMMAND=cargo test --locked -p gripsack-fetch --lib http::retry::tests::terminal_classes_and_upstream_cooldowns_never_get_fast_replays -- --nocapture --exact
#19 205.4    Compiling gripsack-fetch v0.42.0 (/tmp/gripsack-http-budget-92fvyj0e/source/crates/gripsack-fetch)
#19 205.4     Finished `test` profile [unoptimized + debuginfo] target(s) in 2.56s
#19 205.4      Running unittests src/lib.rs (/tmp/gripsack-http-budget-92fvyj0e/target/debug/deps/gripsack_fetch-34f8c8e76dc7a276)
#19 205.4 
#19 205.4 running 1 test
#19 205.4 
#19 205.4 thread 'http::retry::tests::terminal_classes_and_upstream_cooldowns_never_get_fast_replays' (20141) panicked at crates/gripsack-fetch/src/http/retry.rs:182:13:
#19 205.4 assertion `left == right` failed: nonretryable_http_failure_replayed
#19 205.4   left: RetryAfter(1s)
#19 205.4  right: Stop(NonRetryable)
#19 205.4 note: run with `RUST_BACKTRACE=1` environment variable to display a backtrace
#19 205.4 test http::retry::tests::terminal_classes_and_upstream_cooldowns_never_get_fast_replays ... FAILED
#19 205.4 
#19 205.4 failures:
#19 205.4 
#19 205.4 failures:
#19 205.4     http::retry::tests::terminal_classes_and_upstream_cooldowns_never_get_fast_replays
#19 205.4 
#19 205.4 test result: FAILED. 0 passed; 1 failed; 0 ignored; 0 measured; 77 filtered out; finished in 0.00s
#19 205.4 
#19 205.4 error: test failed, to rerun pass `-p gripsack-fetch --lib`
#19 205.4 
#19 205.4 calibration: terminal-classification-replayed rejected by http::retry::tests::terminal_classes_and_upstream_cooldowns_never_get_fast_replays
#19 205.4 RUNNER_COMMAND=cargo test --locked -p gripsack-fetch --lib http::request::tests::cooldown_contention_cannot_extend_the_original_operation_deadline -- --nocapture --exact
#19 211.2    Compiling gripsack-fetch v0.42.0 (/tmp/gripsack-http-budget-92fvyj0e/source/crates/gripsack-fetch)
#19 211.2     Finished `test` profile [unoptimized + debuginfo] target(s) in 3.76s
#19 211.2      Running unittests src/lib.rs (/tmp/gripsack-http-budget-92fvyj0e/target/debug/deps/gripsack_fetch-34f8c8e76dc7a276)
#19 211.2 
#19 211.2 running 1 test
#19 211.2 
#19 211.2 thread 'http::request::tests::cooldown_contention_cannot_extend_the_original_operation_deadline' (20420) panicked at crates/gripsack-fetch/src/http/request.rs:545:33:
#19 211.2 deadline_blocked_by_http_cooldown_lock: Timeout
#19 211.2 note: run with `RUST_BACKTRACE=1` environment variable to display a backtrace
#19 211.2 test http::request::tests::cooldown_contention_cannot_extend_the_original_operation_deadline ... FAILED
#19 211.2 
#19 211.2 failures:
#19 211.2 
#19 211.2 failures:
#19 211.2     http::request::tests::cooldown_contention_cannot_extend_the_original_operation_deadline
#19 211.2 
#19 211.2 test result: FAILED. 0 passed; 1 failed; 0 ignored; 0 measured; 77 filtered out; finished in 2.00s
#19 211.2 
#19 211.2 error: test failed, to rerun pass `-p gripsack-fetch --lib`
#19 211.2 
#19 211.2 calibration: cooldown-deadline-extension rejected by http::request::tests::cooldown_contention_cannot_extend_the_original_operation_deadline
#19 211.2 HTTP_BUDGET_MUTANTS=4
#19 211.2 HTTP budget gate: OK
#19 DONE 211.4s

#20 exporting to image
#20 exporting layers
#20 exporting layers 62.3s done
#20 exporting manifest sha256:3004fab2a707fa8cb914ac5f3c93291fdd824d7f7138ae1fa34c54c4fc5505cc 0.0s done
#20 exporting config sha256:6c93d79ca753ff3b74a964c5f154bb985eb2bc671c777002e34d40e257e1b5e2 0.0s done
#20 exporting attestation manifest sha256:a9535ef13d950c23e6e5e45e75909f2c727b985c8064e8d63b04dd61282681bf 0.0s done
#20 exporting manifest list sha256:cf5cbe75efa7505ef895f413c5b0745b0075d124d8ab6923d9cead83453a3cdd
#20 exporting manifest list sha256:cf5cbe75efa7505ef895f413c5b0745b0075d124d8ab6923d9cead83453a3cdd 0.0s done
#20 naming to docker.io/library/gripsack-test:latest done
#20 unpacking to docker.io/library/gripsack-test:latest
#20 unpacking to docker.io/library/gripsack-test:latest 14.9s done
#20 DONE 77.3s

#21 resolving provenance for metadata file
#21 DONE 0.0s
 Image gripsack-test Built 
 Container gripsack-test-run-132f5e6f98a9 Creating 
 Container gripsack-test-run-132f5e6f98a9 Created 
gate passed: fmt + clippy -D warnings + cargo test


=== COMPLETE VERUS COMPOSE GATE ===
 Image gripsack-verify Building 
#1 [internal] load local bake definitions
#1 reading from stdin 540B done
#1 DONE 0.0s

#2 [internal] load build definition from Dockerfile
#2 transferring dockerfile:
#2 transferring dockerfile: 11.23kB done
#2 DONE 0.0s

#3 resolve image config for docker-image://docker.io/docker/dockerfile:1
#3 DONE 0.7s

#4 docker-image://docker.io/docker/dockerfile:1@sha256:ecfaec9ed6d810b56388c508f4121597bfbba70d41a6dfeee4d8cad5f295fc32
#4 resolve docker.io/docker/dockerfile:1@sha256:ecfaec9ed6d810b56388c508f4121597bfbba70d41a6dfeee4d8cad5f295fc32 0.0s done
#4 CACHED

#5 [internal] load metadata for docker.io/library/ubuntu:24.04@sha256:224a1869083a311ef3f13648a154ba79832fbef6364d31493642ca03082da254
#5 DONE 0.6s

#6 [internal] load .dockerignore
#6 transferring context: 139B done
#6 DONE 0.0s

#7 [verify  3/11] ADD --checksum=sha256:13d01e134c0620c3b29770874707d16c33b3d227c843a489c8ceb744d43c0a16 https://github.com/verus-lang/verus/releases/download/release/0.2026.09.06.8dea4a2/verus-0.2026.09.06.8dea4a2-x86-linux.zip /tmp/verus.zip
#7 DONE 0.0s

#8 [verify  4/11] ADD --checksum=sha256:7288c49a5bd6dbafd7b0b0d1f65956b91672da24b08f09242919af159be3418e https://github.com/Z3Prover/z3/releases/download/z3-4.16.0/z3-4.16.0-x64-glibc-2.39.zip /tmp/z3.zip
#8 DONE 0.0s

#9 [verify  1/11] FROM docker.io/library/ubuntu:24.04@sha256:224a1869083a311ef3f13648a154ba79832fbef6364d31493642ca03082da254
#9 resolve docker.io/library/ubuntu:24.04@sha256:224a1869083a311ef3f13648a154ba79832fbef6364d31493642ca03082da254 0.0s done
#9 DONE 0.0s

#10 [verify  2/11] RUN apt-get update -qq && apt-get install -y -qq --no-install-recommends     curl ca-certificates unzip build-essential python3     && rm -rf /var/lib/apt/lists/*
#10 CACHED

#11 [verify  3/11] ADD --checksum=sha256:13d01e134c0620c3b29770874707d16c33b3d227c843a489c8ceb744d43c0a16 https://github.com/verus-lang/verus/releases/download/release/0.2026.09.06.8dea4a2/verus-0.2026.09.06.8dea4a2-x86-linux.zip /tmp/verus.zip
#11 CACHED

#12 [verify  4/11] ADD --checksum=sha256:7288c49a5bd6dbafd7b0b0d1f65956b91672da24b08f09242919af159be3418e https://github.com/Z3Prover/z3/releases/download/z3-4.16.0/z3-4.16.0-x64-glibc-2.39.zip /tmp/z3.zip
#12 CACHED

#13 [internal] load build context
#13 transferring context: 2.78MB 0.2s done
#13 DONE 0.3s

#14 [verify  5/11] RUN unzip -q /tmp/verus.zip -d /opt && unzip -q /tmp/z3.zip -d /opt     && rm /tmp/verus.zip /tmp/z3.zip     && curl -fsSL https://sh.rustup.rs | sh -s -- -y --default-toolchain 1.98.0        --component rustc-dev --component llvm-tools --component rustfmt
#14 8.909 info: downloading installer
#14 10.20 info: profile set to default
#14 10.20 info: default host tuple is x86_64-unknown-linux-gnu
#14 10.20 info: syncing channel updates for 1.98.0-x86_64-unknown-linux-gnu
#14 10.36 info: latest update on 2026-08-20 for version 1.98.0 (88d9e12ae 2026-08-18)
#14 10.36 info: downloading 8 components
#14 45.91 info: default toolchain set to 1.98.0-x86_64-unknown-linux-gnu
#14 45.91 
#14 45.93   1.98.0-x86_64-unknown-linux-gnu installed - rustc 1.98.0 (88d9e12ae 2026-08-18)
#14 45.93 
#14 45.93 
#14 45.93 Rust is installed now. Great!
#14 45.93 
#14 45.93 To get started you may need to restart your current shell.
#14 45.93 This would reload your PATH environment variable to include
#14 45.93 Cargo's bin directory ($HOME/.cargo/bin).
#14 45.93 
#14 45.93 To configure your current shell, you need to source the
#14 45.93 corresponding env file under $HOME/.cargo.
#14 45.93 
#14 45.93 Consider running the right command for your shell (note the leading DOT):
#14 45.93 . "$HOME/.cargo/env" # For sh/ash/dash/pdksh/bash
#14 45.93 cargo:rerun-if-env-changed=CC_x86_64-unknown-linux-gnu
#14 45.93 CC_x86_64-unknown-linux-gnu = None
#14 45.93 cargo:rerun-if-env-changed=CC_x86_64_unknown_linux_gnu
#14 45.93 CC_x86_64_unknown_linux_gnu = None
#14 45.93 cargo:rerun-if-env-changed=HOST_CC
#14 45.93 HOST_CC = None
#14 45.93 cargo:rerun-if-env-changed=CC
#14 45.93 CC = None
#14 45.93 cargo:rerun-if-env-changed=CC_ENABLE_DEBUG_OUTPUT
#14 45.96 cargo:rerun-if-env-changed=CRATE_CC_NO_DEFAULTS
#14 45.96 CRATE_CC_NO_DEFAULTS = None
#14 45.96 cargo:rerun-if-env-changed=CFLAGS
#14 45.96 CFLAGS = None
#14 45.96 cargo:rerun-if-env-changed=HOST_CFLAGS
#14 45.96 HOST_CFLAGS = None
#14 45.96 cargo:rerun-if-env-changed=CFLAGS_x86_64_unknown_linux_gnu
#14 45.96 CFLAGS_x86_64_unknown_linux_gnu = None
#14 45.96 cargo:rerun-if-env-changed=CFLAGS_x86_64-unknown-linux-gnu
#14 45.96 CFLAGS_x86_64-unknown-linux-gnu = None
#14 DONE 46.3s

#15 [verify  6/11] WORKDIR /app
#15 DONE 0.4s

#16 [verify  7/11] COPY Cargo.toml Cargo.lock ./
#16 DONE 0.1s

#17 [verify  8/11] COPY crates ./crates
#17 DONE 0.5s

#18 [verify  9/11] COPY fuzz ./fuzz
#18 DONE 0.1s

#19 [verify 10/11] COPY scripts/check_verus.sh scripts/check_verus.py scripts/verus_evidence.py ./scripts/
#19 DONE 0.1s

#20 [verify 11/11] RUN sh scripts/check_verus.sh
#20 0.314 VERUS_GATE_NEGATIVES=10
#20 0.315 RUNNER_COMMAND=cargo verus verify --manifest-path /app/crates/gripsack-policy/Cargo.toml -p gripsack-policy --locked --message-format=json -- --output-json --time-expanded
#20 81.16 VERUS_RESULT={"encountered-error": false, "encountered-vir-error": false, "errors": 0, "is-verifying-entire-crate": true, "success": true, "verified": 244}
#20 81.16 positive: verification results:: 244 verified, 0 errors
#20 81.16 VERUS_FAMILY=recovery checked=7 functions=selection::TransactionId::from_bytes,selection::TransactionId::as_bytes,selection::SelectionIdentity::legacy,selection::SelectionIdentity::transaction,selection::SelectionIdentity::generation,selection::SelectionIdentity::transaction_id,selection::classify
#20 81.16 VERUS_FAMILY=activation checked=8 functions=activation::AttemptNumber::admit,activation::AttemptNumber::first,activation::AttemptNumber::value,activation::AttemptNumber::checked_next,activation::IntentState::attempt,activation::next_attempt,activation::finish_attempt,activation::supersede
#20 81.16 VERUS_FAMILY=ownership checked=2 functions=ownership::plan_copy,ownership::plan_link
#20 81.16 VERUS_FAMILY=retention checked=7 functions=retention::admit_gc,retention::contains_generation,retention::contains_identity,retention::plan_prune,retention::plan_delete,retention::lemma_delete_monotone,retention::lemma_delete_monotone_prefix
#20 81.16 VERUS_FAMILY=generation-inventory checked=8 functions=generation::GenerationId::new,generation::GenerationId::value,generation::GenerationId::checked_next,generation::GenerationId::checked_previous,generation::GenerationInventory::new,generation::GenerationInventory::as_slice,generation::GenerationList::new,generation::GenerationList::inventory
#20 81.16 VERUS_FAMILY=merge checked=6 functions=merge::splice_bytes,merge::lemma_rest_is_gaps,merge::lemma_splice_canonical,merge::lemma_splice_identity,merge::lemma_gaps_end_with_tail,merge::lemma_splice_preserves_edges
#20 81.16 VERUS_FAMILY=merge-scanner checked=5 functions=merge::scanner::span_text,merge::scanner::lemma_ascii_successor,merge::scanner::next_line_end,merge::scanner::scan_admits_splice,merge::scanner::scan
#20 81.16 VERUS_FAMILY=graph checked=3 functions=graph::build_closure,graph::build_only_members,graph::lemma_reachable_visited
#20 81.16 VERUS_FAMILY=graph-roles checked=2 functions=graph::roles::project_graph_roles,graph::roles::GraphRole::is_dependency
#20 81.16 VERUS_FAMILY=graph-name-index checked=3 functions=graph::name_index::bind_output_index,graph::name_index::BoundOutputIndex::position,graph::name_index::distinct_names_have_distinct_indices
#20 81.16 VERUS_FAMILY=target checked=2 functions=target::release_at_most,target::supports_target
#20 81.16 VERUS_FAMILY=scheduler checked=11 functions=schedule::PureScheduler::new,schedule::PureScheduler::start_next,schedule::PureScheduler::finish_ok,schedule::PureScheduler::finish_fail,schedule::PureScheduler::failed,schedule::lemma_unfinished_count_zero,schedule::lemma_unfinished_count_zero_reverse,schedule::lemma_unfinished_count_decrement,schedule::lemma_unfinished_count_none_finished,schedule::lemma_fresh_entry,schedule::lemma_cast_collapse
#20 81.16 VERUS_FAMILY=rate-admission checked=7 functions=rate_limit::binary_rate::admit_binary_rate,rate_limit::binary_rate::RatePeriod::nanoseconds,rate_limit::binary_rate::BinaryTokenRate::components,rate_limit::legacy_credits::admit_legacy_credits,rate_limit::TokenBucket::from_legacy,rate_limit::TokenBucket::restored,rate_limit::TokenBucket::reconfigure
#20 81.16 VERUS_FAMILY=token-transitions checked=6 functions=rate_limit::capacity_for,rate_limit::deficit_wait,rate_limit::rate_bounds,rate_limit::TokenBucket::full,rate_limit::TokenBucket::refill,rate_limit::TokenBucket::take
#20 81.16 VERUS_FAMILY=credit-encoding checked=1 functions=rate_limit::credit_balance::three_word_encoding
#20 81.16 VERUS_FAMILY=credit-arithmetic checked=15 functions=rate_limit::credit_balance::CreditBalance::from_small,rate_limit::credit_balance::CreditBalance::from_shifted,rate_limit::credit_balance::CreditBalance::to_small,rate_limit::credit_balance::CreditBalance::compare,rate_limit::credit_balance::CreditBalance::clamp,rate_limit::credit_balance::CreditBalance::add_capped,rate_limit::credit_balance::CreditBalance::rescale_capped,rate_limit::credit_balance::CreditBalance::add_assign,rate_limit::credit_balance::CreditBalance::multiply_assign,rate_limit::credit_balance::CreditBalance::subtract_assign,rate_limit::credit_balance::CreditBalance::divide_assign,rate_limit::credit_balance::credit_words::add_word,rate_limit::credit_balance::credit_words::subtract_word,rate_limit::credit_balance::credit_words::multiply_word,rate_limit::credit_balance::credit_words::divide_word
#20 81.16 VERUS_FAMILY=operation-deadline checked=5 functions=operation_budget::RemainingTime::nanoseconds,operation_budget::OperationBudget::new,operation_budget::OperationBudget::observe,operation_budget::OperationBudget::admit_wait,operation_budget::OperationBudget::stop
#20 81.16 VERUS_FAMILY=http-attempt-budget checked=7 functions=retry_budget::RetryBudget::new,retry_budget::RetryBudget::attempt_count,retry_budget::RetryBudget::waited_nanoseconds,retry_budget::RetryBudget::stop,retry_budget::RetryBudget::begin,retry_budget::RetryBudget::decide,retry_budget::RetryBudget::complete
#20 81.36 RUNNER_COMMAND=cargo verus verify --manifest-path /tmp/gripsack-verus-5g6gidwg/classifier/crates/gripsack-policy/Cargo.toml -p gripsack-policy --locked --message-format=json -- --output-json --time-expanded
#20 156.1 VERUS_RESULT={"encountered-error": true, "encountered-vir-error": false, "errors": 1, "is-verifying-entire-crate": true, "success": false, "verified": 243}
#20 156.1 VERUS_DIAGNOSTIC={"$message_type": "diagnostic", "children": [], "code": null, "level": "error", "message": "postcondition not satisfied", "rendered": "error: postcondition not satisfied\n   --> crates/gripsack-policy/src/selection.rs:96:9\n    |\n 96 |           (result == Classification::Committed) <==> facts.current == Some(facts.target),\n    |           ^^^^^^^^^^^^^^^^^^^^^^^^^^^^^^^^^^^^^^^^^^^^^^^^^^^^^^^^^^^^^^^^^^^^^^^^^^^^^^ failed this postcondition\n...\n108 | /     match (facts.previous, facts.current) {\n109 | |         (Some(_), Some(current)) if current == facts.target => Classification::Committed,\n110 | |         (Some(previous), Some(current)) if current == previous => Classification::Uncommitted,\n111 | |         (Some(_), _) => Classification::Committed,\n...   |\n114 | |         (None, Some(_)) => Classification::Ambiguous,\n115 | |     }\n    | |_____- at the end of the function body\n\n", "spans": [{"byte_end": 4095, "byte_start": 3620, "column_end": 6, "column_start": 5, "expansion": null, "file_name": "crates/gripsack-policy/src/selection.rs", "is_primary": false, "label": "at the end of the function body", "line_end": 115, "line_start": 108, "suggested_replacement": null, "suggestion_applicability": null, "text": [{"highlight_end": 44, "highlight_start": 5, "text": "    match (facts.previous, facts.current) {"}, {"highlight_end": 90, "highlight_start": 1, "text": "        (Some(_), Some(current)) if current == facts.target => Classification::Committed,"}, {"highlight_end": 95, "highlight_start": 1, "text": "        (Some(previous), Some(current)) if current == previous => Classification::Uncommitted,"}, {"highlight_end": 51, "highlight_start": 1, "text": "        (Some(_), _) => Classification::Committed,"}, {"highlight_end": 87, "highlight_start": 1, "text": "        (None, Some(current)) if current == facts.target => Classification::Committed,"}, {"highlight_end": 53, "highlight_start": 1, "text": "        (None, None) => Classification::Uncommitted,"}, {"highlight_end": 54, "highlight_start": 1, "text": "        (None, Some(_)) => Classification::Ambiguous,"}, {"highlight_end": 6, "highlight_start": 1, "text": "    }"}]}, {"byte_end": 3088, "byte_start": 3010, "column_end": 87, "column_start": 9, "expansion": null, "file_name": "crates/gripsack-policy/src/selection.rs", "is_primary": true, "label": "failed this postcondition", "line_end": 96, "line_start": 96, "suggested_replacement": null, "suggestion_applicability": null, "text": [{"highlight_end": 87, "highlight_start": 9, "text": "        (result == Classification::Committed) <==> facts.current == Some(facts.target),"}]}]}
#20 156.1 VERUS_DIAGNOSTIC={"$message_type": "diagnostic", "children": [], "code": null, "level": "error", "message": "postcondition not satisfied", "rendered": "error: postcondition not satisfied\n   --> crates/gripsack-policy/src/selection.rs:102:9\n    |\n102 | /         (result == Classification::Ambiguous) <==> (\n103 | |             facts.current != Some(facts.target)\n104 | |             && !(facts.current.is_none() && facts.previous.is_none())\n105 | |             && !(facts.previous.is_some() && facts.current == facts.previous)\n106 | |         ),\n    | |_________^ failed this postcondition\n107 |   {\n108 | /     match (facts.previous, facts.current) {\n109 | |         (Some(_), Some(current)) if current == facts.target => Classification::Committed,\n110 | |         (Some(previous), Some(current)) if current == previous => Classification::Uncommitted,\n111 | |         (Some(_), _) => Classification::Committed,\n...   |\n114 | |         (None, Some(_)) => Classification::Ambiguous,\n115 | |     }\n    | |_____- at the end of the function body\n\n", "spans": [{"byte_end": 4095, "byte_start": 3620, "column_end": 6, "column_start": 5, "expansion": null, "file_name": "crates/gripsack-policy/src/selection.rs", "is_primary": false, "label": "at the end of the function body", "line_end": 115, "line_start": 108, "suggested_replacement": null, "suggestion_applicability": null, "text": [{"highlight_end": 44, "highlight_start": 5, "text": "    match (facts.previous, facts.current) {"}, {"highlight_end": 90, "highlight_start": 1, "text": "        (Some(_), Some(current)) if current == facts.target => Classification::Committed,"}, {"highlight_end": 95, "highlight_start": 1, "text": "        (Some(previous), Some(current)) if current == previous => Classification::Uncommitted,"}, {"highlight_end": 51, "highlight_start": 1, "text": "        (Some(_), _) => Classification::Committed,"}, {"highlight_end": 87, "highlight_start": 1, "text": "        (None, Some(current)) if current == facts.target => Classification::Committed,"}, {"highlight_end": 53, "highlight_start": 1, "text": "        (None, None) => Classification::Uncommitted,"}, {"highlight_end": 54, "highlight_start": 1, "text": "        (None, Some(_)) => Classification::Ambiguous,"}, {"highlight_end": 6, "highlight_start": 1, "text": "    }"}]}, {"byte_end": 3612, "byte_start": 3362, "column_end": 10, "column_start": 9, "expansion": null, "file_name": "crates/gripsack-policy/src/selection.rs", "is_primary": true, "label": "failed this postcondition", "line_end": 106, "line_start": 102, "suggested_replacement": null, "suggestion_applicability": null, "text": [{"highlight_end": 53, "highlight_start": 9, "text": "        (result == Classification::Ambiguous) <==> ("}, {"highlight_end": 48, "highlight_start": 1, "text": "            facts.current != Some(facts.target)"}, {"highlight_end": 70, "highlight_start": 1, "text": "            && !(facts.current.is_none() && facts.previous.is_none())"}, {"highlight_end": 78, "highlight_start": 1, "text": "            && !(facts.previous.is_some() && facts.current == facts.previous)"}, {"highlight_end": 10, "highlight_start": 1, "text": "        ),"}]}]}
#20 156.1 calibration: classifier rejected in selection::classify
#20 156.5 RUNNER_COMMAND=cargo verus verify --manifest-path /tmp/gripsack-verus-5g6gidwg/classifier-transaction-identity/crates/gripsack-policy/Cargo.toml -p gripsack-policy --locked --message-format=json -- --output-json --time-expanded
#20 231.7 VERUS_RESULT={"encountered-error": true, "encountered-vir-error": false, "errors": 1, "is-verifying-entire-crate": true, "success": false, "verified": 243}
#20 231.7 VERUS_DIAGNOSTIC={"$message_type": "diagnostic", "children": [], "code": null, "level": "error", "message": "postcondition not satisfied", "rendered": "error: postcondition not satisfied\n   --> crates/gripsack-policy/src/selection.rs:96:9\n    |\n 96 |           (result == Classification::Committed) <==> facts.current == Some(facts.target),\n    |           ^^^^^^^^^^^^^^^^^^^^^^^^^^^^^^^^^^^^^^^^^^^^^^^^^^^^^^^^^^^^^^^^^^^^^^^^^^^^^^ failed this postcondition\n...\n108 | /     match (facts.previous, facts.current) {\n109 | |         (Some(_), Some(current)) if current.generation() == facts.target.generation() => Classification::Committed,\n110 | |         (Some(previous), Some(current)) if current == previous => Classification::Uncommitted,\n111 | |         (Some(_), _) => Classification::Ambiguous,\n...   |\n114 | |         (None, Some(_)) => Classification::Ambiguous,\n115 | |     }\n    | |_____- at the end of the function body\n\n", "spans": [{"byte_end": 4121, "byte_start": 3620, "column_end": 6, "column_start": 5, "expansion": null, "file_name": "crates/gripsack-policy/src/selection.rs", "is_primary": false, "label": "at the end of the function body", "line_end": 115, "line_start": 108, "suggested_replacement": null, "suggestion_applicability": null, "text": [{"highlight_end": 44, "highlight_start": 5, "text": "    match (facts.previous, facts.current) {"}, {"highlight_end": 116, "highlight_start": 1, "text": "        (Some(_), Some(current)) if current.generation() == facts.target.generation() => Classification::Committed,"}, {"highlight_end": 95, "highlight_start": 1, "text": "        (Some(previous), Some(current)) if current == previous => Classification::Uncommitted,"}, {"highlight_end": 51, "highlight_start": 1, "text": "        (Some(_), _) => Classification::Ambiguous,"}, {"highlight_end": 87, "highlight_start": 1, "text": "        (None, Some(current)) if current == facts.target => Classification::Committed,"}, {"highlight_end": 53, "highlight_start": 1, "text": "        (None, None) => Classification::Uncommitted,"}, {"highlight_end": 54, "highlight_start": 1, "text": "        (None, Some(_)) => Classification::Ambiguous,"}, {"highlight_end": 6, "highlight_start": 1, "text": "    }"}]}, {"byte_end": 3088, "byte_start": 3010, "column_end": 87, "column_start": 9, "expansion": null, "file_name": "crates/gripsack-policy/src/selection.rs", "is_primary": true, "label": "failed this postcondition", "line_end": 96, "line_start": 96, "suggested_replacement": null, "suggestion_applicability": null, "text": [{"highlight_end": 87, "highlight_start": 9, "text": "        (result == Classification::Committed) <==> facts.current == Some(facts.target),"}]}]}
#20 231.7 VERUS_DIAGNOSTIC={"$message_type": "diagnostic", "children": [], "code": null, "level": "error", "message": "postcondition not satisfied", "rendered": "error: postcondition not satisfied\n   --> crates/gripsack-policy/src/selection.rs:97:9\n    |\n 97 | /         (result == Classification::Uncommitted) <==> (\n 98 | |             (facts.current.is_none() && facts.previous.is_none())\n 99 | |             || (facts.previous.is_some() && facts.current == facts.previous\n100 | |                 && facts.current != Some(facts.target))\n101 | |         ),\n    | |_________^ failed this postcondition\n...\n108 | /     match (facts.previous, facts.current) {\n109 | |         (Some(_), Some(current)) if current.generation() == facts.target.generation() => Classification::Committed,\n110 | |         (Some(previous), Some(current)) if current == previous => Classification::Uncommitted,\n111 | |         (Some(_), _) => Classification::Ambiguous,\n...   |\n114 | |         (None, Some(_)) => Classification::Ambiguous,\n115 | |     }\n    | |_____- at the end of the function body\n\n", "spans": [{"byte_end": 4121, "byte_start": 3620, "column_end": 6, "column_start": 5, "expansion": null, "file_name": "crates/gripsack-policy/src/selection.rs", "is_primary": false, "label": "at the end of the function body", "line_end": 115, "line_start": 108, "suggested_replacement": null, "suggestion_applicability": null, "text": [{"highlight_end": 44, "highlight_start": 5, "text": "    match (facts.previous, facts.current) {"}, {"highlight_end": 116, "highlight_start": 1, "text": "        (Some(_), Some(current)) if current.generation() == facts.target.generation() => Classification::Committed,"}, {"highlight_end": 95, "highlight_start": 1, "text": "        (Some(previous), Some(current)) if current == previous => Classification::Uncommitted,"}, {"highlight_end": 51, "highlight_start": 1, "text": "        (Some(_), _) => Classification::Ambiguous,"}, {"highlight_end": 87, "highlight_start": 1, "text": "        (None, Some(current)) if current == facts.target => Classification::Committed,"}, {"highlight_end": 53, "highlight_start": 1, "text": "        (None, None) => Classification::Uncommitted,"}, {"highlight_end": 54, "highlight_start": 1, "text": "        (None, Some(_)) => Classification::Ambiguous,"}, {"highlight_end": 6, "highlight_start": 1, "text": "    }"}]}, {"byte_end": 3352, "byte_start": 3098, "column_end": 10, "column_start": 9, "expansion": null, "file_name": "crates/gripsack-policy/src/selection.rs", "is_primary": true, "label": "failed this postcondition", "line_end": 101, "line_start": 97, "suggested_replacement": null, "suggestion_applicability": null, "text": [{"highlight_end": 55, "highlight_start": 9, "text": "        (result == Classification::Uncommitted) <==> ("}, {"highlight_end": 66, "highlight_start": 1, "text": "            (facts.current.is_none() && facts.previous.is_none())"}, {"highlight_end": 76, "highlight_start": 1, "text": "            || (facts.previous.is_some() && facts.current == facts.previous"}, {"highlight_end": 56, "highlight_start": 1, "text": "                && facts.current != Some(facts.target))"}, {"highlight_end": 10, "highlight_start": 1, "text": "        ),"}]}]}
#20 231.7 calibration: classifier-transaction-identity rejected in selection::classify
#20 231.9 RUNNER_COMMAND=cargo verus verify --manifest-path /tmp/gripsack-verus-5g6gidwg/activation-interrupted-attempt/crates/gripsack-policy/Cargo.toml -p gripsack-policy --locked --message-format=json -- --output-json --time-expanded
#20 298.6 VERUS_RESULT={"encountered-error": true, "encountered-vir-error": false, "errors": 1, "is-verifying-entire-crate": true, "success": false, "verified": 243}
#20 298.6 VERUS_DIAGNOSTIC={"$message_type": "diagnostic", "children": [], "code": null, "level": "error", "message": "postcondition not satisfied", "rendered": "error: postcondition not satisfied\n   --> crates/gripsack-policy/src/activation.rs:103:9\n    |\n103 | /         (decision == StartDecision::Exhausted) <==> match *state {\n104 | |             IntentState::Started { attempt } => attempt.view() == u64::MAX,\n105 | |             _ => false,\n106 | |         },\n    | |_________^ failed this postcondition\n...\n118 |           IntentState::Pending => StartDecision::Start(AttemptNumber::first()),\n    |           -------------------- at the end of the function body\n\n", "spans": [{"byte_end": 3808, "byte_start": 3788, "column_end": 29, "column_start": 9, "expansion": null, "file_name": "crates/gripsack-policy/src/activation.rs", "is_primary": false, "label": "at the end of the function body", "line_end": 118, "line_start": 118, "suggested_replacement": null, "suggestion_applicability": null, "text": [{"highlight_end": 29, "highlight_start": 9, "text": "        IntentState::Pending => StartDecision::Start(AttemptNumber::first()),"}]}, {"byte_end": 3405, "byte_start": 3237, "column_end": 10, "column_start": 9, "expansion": null, "file_name": "crates/gripsack-policy/src/activation.rs", "is_primary": true, "label": "failed this postcondition", "line_end": 106, "line_start": 103, "suggested_replacement": null, "suggestion_applicability": null, "text": [{"highlight_end": 67, "highlight_start": 9, "text": "        (decision == StartDecision::Exhausted) <==> match *state {"}, {"highlight_end": 76, "highlight_start": 1, "text": "            IntentState::Started { attempt } => attempt.view() == u64::MAX,"}, {"highlight_end": 24, "highlight_start": 1, "text": "            _ => false,"}, {"highlight_end": 10, "highlight_start": 1, "text": "        },"}]}]}
#20 298.6 VERUS_DIAGNOSTIC={"$message_type": "diagnostic", "children": [], "code": null, "level": "error", "message": "postcondition not satisfied", "rendered": "error: postcondition not satisfied\n   --> crates/gripsack-policy/src/activation.rs:108:13\n    |\n108 |             StartDecision::Start(next) => match *state {\n    |             ^^^^^^^^^^^^^^^^^^^^^^^^^^ failed this postcondition\n...\n118 |         IntentState::Pending => StartDecision::Start(AttemptNumber::first()),\n    |         -------------------- at the end of the function body\n\n", "spans": [{"byte_end": 3808, "byte_start": 3788, "column_end": 29, "column_start": 9, "expansion": null, "file_name": "crates/gripsack-policy/src/activation.rs", "is_primary": false, "label": "at the end of the function body", "line_end": 118, "line_start": 118, "suggested_replacement": null, "suggestion_applicability": null, "text": [{"highlight_end": 29, "highlight_start": 9, "text": "        IntentState::Pending => StartDecision::Start(AttemptNumber::first()),"}]}, {"byte_end": 3470, "byte_start": 3444, "column_end": 39, "column_start": 13, "expansion": null, "file_name": "crates/gripsack-policy/src/activation.rs", "is_primary": true, "label": "failed this postcondition", "line_end": 108, "line_start": 108, "suggested_replacement": null, "suggestion_applicability": null, "text": [{"highlight_end": 39, "highlight_start": 13, "text": "            StartDecision::Start(next) => match *state {"}]}]}
#20 298.6 calibration: activation-interrupted-attempt rejected in activation::next_attempt
#20 298.8 RUNNER_COMMAND=cargo verus verify --manifest-path /tmp/gripsack-verus-5g6gidwg/activation-stale-outcome/crates/gripsack-policy/Cargo.toml -p gripsack-policy --locked --message-format=json -- --output-json --time-expanded
#20 365.2 VERUS_RESULT={"encountered-error": true, "encountered-vir-error": false, "errors": 1, "is-verifying-entire-crate": true, "success": false, "verified": 243}
#20 365.2 VERUS_DIAGNOSTIC={"$message_type": "diagnostic", "children": [], "code": null, "level": "error", "message": "postcondition not satisfied", "rendered": "error: postcondition not satisfied\n   --> crates/gripsack-policy/src/activation.rs:132:9\n    |\n132 |         next.is_some() <==> *state == (IntentState::Started { attempt }),\n    |         ^^^^^^^^^^^^^^^^^^^^^^^^^^^^^^^^^^^^^^^^^^^^^^^^^^^^^^^^^^^^^^^^ failed this postcondition\n...\n139 |         IntentState::Started { attempt: active } if *active != attempt => Some(match outcome {\n    |         ---------------------------------------- at the end of the function body\n\n", "spans": [{"byte_end": 4826, "byte_start": 4786, "column_end": 49, "column_start": 9, "expansion": null, "file_name": "crates/gripsack-policy/src/activation.rs", "is_primary": false, "label": "at the end of the function body", "line_end": 139, "line_start": 139, "suggested_replacement": null, "suggestion_applicability": null, "text": [{"highlight_end": 49, "highlight_start": 9, "text": "        IntentState::Started { attempt: active } if *active != attempt => Some(match outcome {"}]}, {"byte_end": 4551, "byte_start": 4487, "column_end": 73, "column_start": 9, "expansion": null, "file_name": "crates/gripsack-policy/src/activation.rs", "is_primary": true, "label": "failed this postcondition", "line_end": 132, "line_start": 132, "suggested_replacement": null, "suggestion_applicability": null, "text": [{"highlight_end": 73, "highlight_start": 9, "text": "        next.is_some() <==> *state == (IntentState::Started { attempt }),"}]}]}
#20 365.2 calibration: activation-stale-outcome rejected in activation::finish_attempt
#20 365.4 RUNNER_COMMAND=cargo verus verify --manifest-path /tmp/gripsack-verus-5g6gidwg/activation-supersession/crates/gripsack-policy/Cargo.toml -p gripsack-policy --locked --message-format=json -- --output-json --time-expanded
#20 430.2 VERUS_RESULT={"encountered-error": true, "encountered-vir-error": false, "errors": 1, "is-verifying-entire-crate": true, "success": false, "verified": 243}
#20 430.2 VERUS_DIAGNOSTIC={"$message_type": "diagnostic", "children": [], "code": null, "level": "error", "message": "postcondition not satisfied", "rendered": "error: postcondition not satisfied\n   --> crates/gripsack-policy/src/activation.rs:150:9\n    |\n150 |         terminal(next),\n    |         ^^^^^^^^^^^^^^ failed this postcondition\n...\n155 |         IntentState::Pending => IntentState::Superseded { last_attempt: None },\n    |         -------------------- at the end of the function body\n\n", "spans": [{"byte_end": 5393, "byte_start": 5373, "column_end": 29, "column_start": 9, "expansion": null, "file_name": "crates/gripsack-policy/src/activation.rs", "is_primary": false, "label": "at the end of the function body", "line_end": 155, "line_start": 155, "suggested_replacement": null, "suggestion_applicability": null, "text": [{"highlight_end": 29, "highlight_start": 9, "text": "        IntentState::Pending => IntentState::Superseded { last_attempt: None },"}]}, {"byte_end": 5194, "byte_start": 5180, "column_end": 23, "column_start": 9, "expansion": null, "file_name": "crates/gripsack-policy/src/activation.rs", "is_primary": true, "label": "failed this postcondition", "line_end": 150, "line_start": 150, "suggested_replacement": null, "suggestion_applicability": null, "text": [{"highlight_end": 23, "highlight_start": 9, "text": "        terminal(next),"}]}]}
#20 430.2 VERUS_DIAGNOSTIC={"$message_type": "diagnostic", "children": [], "code": null, "level": "error", "message": "postcondition not satisfied", "rendered": "error: postcondition not satisfied\n   --> crates/gripsack-policy/src/activation.rs:152:9\n    |\n152 |         !terminal(*state) ==> next == (IntentState::Superseded { last_attempt: last_attempt(*state) }),\n    |         ^^^^^^^^^^^^^^^^^^^^^^^^^^^^^^^^^^^^^^^^^^^^^^^^^^^^^^^^^^^^^^^^^^^^^^^^^^^^^^^^^^^^^^^^^^^^^^ failed this postcondition\n...\n155 |         IntentState::Pending => IntentState::Superseded { last_attempt: None },\n    |         -------------------- at the end of the function body\n\n", "spans": [{"byte_end": 5393, "byte_start": 5373, "column_end": 29, "column_start": 9, "expansion": null, "file_name": "crates/gripsack-policy/src/activation.rs", "is_primary": false, "label": "at the end of the function body", "line_end": 155, "line_start": 155, "suggested_replacement": null, "suggestion_applicability": null, "text": [{"highlight_end": 29, "highlight_start": 9, "text": "        IntentState::Pending => IntentState::Superseded { last_attempt: None },"}]}, {"byte_end": 5343, "byte_start": 5249, "column_end": 103, "column_start": 9, "expansion": null, "file_name": "crates/gripsack-policy/src/activation.rs", "is_primary": true, "label": "failed this postcondition", "line_end": 152, "line_start": 152, "suggested_replacement": null, "suggestion_applicability": null, "text": [{"highlight_end": 103, "highlight_start": 9, "text": "        !terminal(*state) ==> next == (IntentState::Superseded { last_attempt: last_attempt(*state) }),"}]}]}
#20 430.2 calibration: activation-supersession rejected in activation::supersede
#20 430.4 RUNNER_COMMAND=cargo verus verify --manifest-path /tmp/gripsack-verus-5g6gidwg/ownership-drift/crates/gripsack-policy/Cargo.toml -p gripsack-policy --locked --message-format=json -- --output-json --time-expanded
#20 494.4 VERUS_RESULT={"encountered-error": true, "encountered-vir-error": false, "errors": 1, "is-verifying-entire-crate": true, "success": false, "verified": 243}
#20 494.4 VERUS_DIAGNOSTIC={"$message_type": "diagnostic", "children": [], "code": null, "level": "error", "message": "postcondition not satisfied", "rendered": "error: postcondition not satisfied\n  --> crates/gripsack-policy/src/ownership.rs:55:9\n   |\n55 | /         (result == CopyPlan::Update) <==>\n56 | |             (!take_over && live.is_some() && live.unwrap()@ != desired@\n57 | |             && prev.is_some() && !prev.unwrap().1\n58 | |             && live.unwrap()@ == prev.unwrap().0@),\n   | |__________________________________________________^ failed this postcondition\n...\n78 |           Some((written, true)) if live == written => CopyPlan::Update,\n   |           --------------------- at the end of the function body\n\n", "spans": [{"byte_end": 3224, "byte_start": 3203, "column_end": 30, "column_start": 9, "expansion": null, "file_name": "crates/gripsack-policy/src/ownership.rs", "is_primary": false, "label": "at the end of the function body", "line_end": 78, "line_start": 78, "suggested_replacement": null, "suggestion_applicability": null, "text": [{"highlight_end": 30, "highlight_start": 9, "text": "        Some((written, true)) if live == written => CopyPlan::Update,"}]}, {"byte_end": 2499, "byte_start": 2293, "column_end": 51, "column_start": 9, "expansion": null, "file_name": "crates/gripsack-policy/src/ownership.rs", "is_primary": true, "label": "failed this postcondition", "line_end": 58, "line_start": 55, "suggested_replacement": null, "suggestion_applicability": null, "text": [{"highlight_end": 42, "highlight_start": 9, "text": "        (result == CopyPlan::Update) <==>"}, {"highlight_end": 72, "highlight_start": 1, "text": "            (!take_over && live.is_some() && live.unwrap()@ != desired@"}, {"highlight_end": 50, "highlight_start": 1, "text": "            && prev.is_some() && !prev.unwrap().1"}, {"highlight_end": 51, "highlight_start": 1, "text": "            && live.unwrap()@ == prev.unwrap().0@),"}]}]}
#20 494.4 VERUS_DIAGNOSTIC={"$message_type": "diagnostic", "children": [], "code": null, "level": "error", "message": "postcondition not satisfied", "rendered": "error: postcondition not satisfied\n  --> crates/gripsack-policy/src/ownership.rs:61:9\n   |\n61 | /         (result == CopyPlan::Preserve) <==>\n62 | |             (!take_over && live.is_some() && live.unwrap()@ != desired@\n63 | |             && !(prev.is_some() && !prev.unwrap().1\n64 | |                 && live.unwrap()@ == prev.unwrap().0@)),\n   | |_______________________________________________________^ failed this postcondition\n...\n78 |           Some((written, true)) if live == written => CopyPlan::Update,\n   |           --------------------- at the end of the function body\n\n", "spans": [{"byte_end": 3224, "byte_start": 3203, "column_end": 30, "column_start": 9, "expansion": null, "file_name": "crates/gripsack-policy/src/ownership.rs", "is_primary": false, "label": "at the end of the function body", "line_end": 78, "line_start": 78, "suggested_replacement": null, "suggestion_applicability": null, "text": [{"highlight_end": 30, "highlight_start": 9, "text": "        Some((written, true)) if live == written => CopyPlan::Update,"}]}, {"byte_end": 2839, "byte_start": 2624, "column_end": 56, "column_start": 9, "expansion": null, "file_name": "crates/gripsack-policy/src/ownership.rs", "is_primary": true, "label": "failed this postcondition", "line_end": 64, "line_start": 61, "suggested_replacement": null, "suggestion_applicability": null, "text": [{"highlight_end": 44, "highlight_start": 9, "text": "        (result == CopyPlan::Preserve) <==>"}, {"highlight_end": 72, "highlight_start": 1, "text": "            (!take_over && live.is_some() && live.unwrap()@ != desired@"}, {"highlight_end": 52, "highlight_start": 1, "text": "            && !(prev.is_some() && !prev.unwrap().1"}, {"highlight_end": 56, "highlight_start": 1, "text": "                && live.unwrap()@ == prev.unwrap().0@)),"}]}]}
#20 494.4 calibration: ownership-drift rejected in ownership::plan_copy
#20 494.6 RUNNER_COMMAND=cargo verus verify --manifest-path /tmp/gripsack-verus-5g6gidwg/gc-roots-in-deletion/crates/gripsack-policy/Cargo.toml -p gripsack-policy --locked --message-format=json -- --output-json --time-expanded
#20 559.3 VERUS_RESULT={"encountered-error": true, "encountered-vir-error": false, "errors": 1, "is-verifying-entire-crate": true, "success": false, "verified": 243}
#20 559.3 VERUS_DIAGNOSTIC={"$message_type": "diagnostic", "children": [], "code": null, "level": "error", "message": "invariant not satisfied at end of loop body", "rendered": "error: invariant not satisfied at end of loop body\n   --> crates/gripsack-policy/src/retention.rs:180:13\n    |\n180 | /             out@.map(|_i, s: &str| s@) == spec_delete_prefix(\n181 | |                 referenced@.map(|_i, s: &str| s@),\n182 | |                 candidates@.map(|_i, s: &str| s@),\n183 | |                 i as int,\n184 | |             ),\n    | |_____________^\n\n", "spans": [{"byte_end": 7034, "byte_start": 6843, "column_end": 14, "column_start": 13, "expansion": null, "file_name": "crates/gripsack-policy/src/retention.rs", "is_primary": true, "label": null, "line_end": 184, "line_start": 180, "suggested_replacement": null, "suggestion_applicability": null, "text": [{"highlight_end": 62, "highlight_start": 13, "text": "            out@.map(|_i, s: &str| s@) == spec_delete_prefix("}, {"highlight_end": 51, "highlight_start": 1, "text": "                referenced@.map(|_i, s: &str| s@),"}, {"highlight_end": 51, "highlight_start": 1, "text": "                candidates@.map(|_i, s: &str| s@),"}, {"highlight_end": 26, "highlight_start": 1, "text": "                i as int,"}, {"highlight_end": 14, "highlight_start": 1, "text": "            ),"}]}]}
#20 559.3 calibration: gc-roots-in-deletion rejected in retention::plan_delete
#20 559.5 RUNNER_COMMAND=cargo verus verify --manifest-path /tmp/gripsack-verus-5g6gidwg/gc-newest-prefix/crates/gripsack-policy/Cargo.toml -p gripsack-policy --locked --message-format=json -- --output-json --time-expanded
#20 624.6 VERUS_RESULT={"encountered-error": true, "encountered-vir-error": false, "errors": 1, "is-verifying-entire-crate": true, "success": false, "verified": 243}
#20 624.6 VERUS_DIAGNOSTIC={"$message_type": "diagnostic", "children": [], "code": null, "level": "error", "message": "invariant not satisfied at end of loop body", "rendered": "error: invariant not satisfied at end of loop body\n   --> crates/gripsack-policy/src/retention.rs:134:13\n    |\n134 |             pruned@ == spec_prune_prefix(generations@, current, i as int),\n    |             ^^^^^^^^^^^^^^^^^^^^^^^^^^^^^^^^^^^^^^^^^^^^^^^^^^^^^^^^^^^^^\n\n", "spans": [{"byte_end": 5306, "byte_start": 5245, "column_end": 74, "column_start": 13, "expansion": null, "file_name": "crates/gripsack-policy/src/retention.rs", "is_primary": true, "label": null, "line_end": 134, "line_start": 134, "suggested_replacement": null, "suggestion_applicability": null, "text": [{"highlight_end": 74, "highlight_start": 13, "text": "            pruned@ == spec_prune_prefix(generations@, current, i as int),"}]}]}
#20 624.6 calibration: gc-newest-prefix rejected in retention::plan_prune
#20 624.8 RUNNER_COMMAND=cargo verus verify --manifest-path /tmp/gripsack-verus-5g6gidwg/generation-duplicate/crates/gripsack-policy/Cargo.toml -p gripsack-policy --locked --message-format=json -- --output-json --time-expanded
#20 689.1 VERUS_RESULT={"encountered-error": true, "encountered-vir-error": false, "errors": 1, "is-verifying-entire-crate": true, "success": false, "verified": 243}
#20 689.1 VERUS_DIAGNOSTIC={"$message_type": "diagnostic", "children": [], "code": null, "level": "error", "message": "invariant not satisfied at end of loop body", "rendered": "error: invariant not satisfied at end of loop body\n  --> crates/gripsack-policy/src/generation.rs:80:17\n   |\n80 | /                 forall|j: int| 0 < j < i && j < ids.len() ==>\n81 | |                     ids@[j - 1].view() < #[trigger] ids@[j].view(),\n   | |__________________________________________________________________^\n\n", "spans": [{"byte_end": 2574, "byte_start": 2462, "column_end": 67, "column_start": 17, "expansion": null, "file_name": "crates/gripsack-policy/src/generation.rs", "is_primary": true, "label": null, "line_end": 81, "line_start": 80, "suggested_replacement": null, "suggestion_applicability": null, "text": [{"highlight_end": 62, "highlight_start": 17, "text": "                forall|j: int| 0 < j < i && j < ids.len() ==>"}, {"highlight_end": 67, "highlight_start": 1, "text": "                    ids@[j - 1].view() < #[trigger] ids@[j].view(),"}]}]}
#20 689.1 calibration: generation-duplicate rejected in generation::GenerationInventory::new
#20 689.3 RUNNER_COMMAND=cargo verus verify --manifest-path /tmp/gripsack-verus-5g6gidwg/merge-splice/crates/gripsack-policy/Cargo.toml -p gripsack-policy --locked --message-format=json -- --output-json --time-expanded
#20 753.5 VERUS_RESULT={"encountered-error": true, "encountered-vir-error": false, "errors": 1, "is-verifying-entire-crate": true, "success": false, "verified": 243}
#20 753.5 VERUS_DIAGNOSTIC={"$message_type": "diagnostic", "children": [], "code": null, "level": "error", "message": "postcondition not satisfied", "rendered": "error: postcondition not satisfied\n  --> crates/gripsack-policy/src/merge.rs:58:9\n   |\n58 |         result@ == spec_splice(text@, spans@, replacement@),\n   |         ^^^^^^^^^^^^^^^^^^^^^^^^^^^^^^^^^^^^^^^^^^^^^^^^^^^ failed this postcondition\n...\n82 |     out\n   |     --- at the end of the function body\n\n", "spans": [{"byte_end": 2858, "byte_start": 2855, "column_end": 8, "column_start": 5, "expansion": null, "file_name": "crates/gripsack-policy/src/merge.rs", "is_primary": false, "label": "at the end of the function body", "line_end": 82, "line_start": 82, "suggested_replacement": null, "suggestion_applicability": null, "text": [{"highlight_end": 8, "highlight_start": 5, "text": "    out"}]}, {"byte_end": 2129, "byte_start": 2078, "column_end": 60, "column_start": 9, "expansion": null, "file_name": "crates/gripsack-policy/src/merge.rs", "is_primary": true, "label": "failed this postcondition", "line_end": 58, "line_start": 58, "suggested_replacement": null, "suggestion_applicability": null, "text": [{"highlight_end": 60, "highlight_start": 9, "text": "        result@ == spec_splice(text@, spans@, replacement@),"}]}]}
#20 753.5 calibration: merge-splice rejected in merge::splice_bytes
#20 753.7 RUNNER_COMMAND=cargo verus verify --manifest-path /tmp/gripsack-verus-5g6gidwg/merge-scanner-utf8/crates/gripsack-policy/Cargo.toml -p gripsack-policy --locked --message-format=json -- --output-json --time-expanded
#20 817.9 VERUS_RESULT={"encountered-error": true, "encountered-vir-error": false, "errors": 1, "is-verifying-entire-crate": true, "success": false, "verified": 243}
#20 817.9 VERUS_DIAGNOSTIC={"$message_type": "diagnostic", "children": [], "code": null, "level": "error", "message": "invariant not satisfied at end of loop body", "rendered": "error: invariant not satisfied at end of loop body\n   --> crates/gripsack-policy/src/merge/scanner.rs:184:13\n    |\n184 |             valid_block_spans(text.spec_bytes(), blocks@),\n    |             ^^^^^^^^^^^^^^^^^^^^^^^^^^^^^^^^^^^^^^^^^^^^^\n\n", "spans": [{"byte_end": 6426, "byte_start": 6381, "column_end": 58, "column_start": 13, "expansion": null, "file_name": "crates/gripsack-policy/src/merge/scanner.rs", "is_primary": true, "label": null, "line_end": 184, "line_start": 184, "suggested_replacement": null, "suggestion_applicability": null, "text": [{"highlight_end": 58, "highlight_start": 13, "text": "            valid_block_spans(text.spec_bytes(), blocks@),"}]}]}
#20 817.9 calibration: merge-scanner-utf8 rejected in merge::scanner::scan
#20 818.1 RUNNER_COMMAND=cargo verus verify --manifest-path /tmp/gripsack-verus-5g6gidwg/graph-closure/crates/gripsack-policy/Cargo.toml -p gripsack-policy --locked --message-format=json -- --output-json --time-expanded
#20 883.0 VERUS_RESULT={"encountered-error": true, "encountered-vir-error": false, "errors": 1, "is-verifying-entire-crate": true, "success": false, "verified": 243}
#20 883.0 VERUS_DIAGNOSTIC={"$message_type": "diagnostic", "children": [], "code": null, "level": "error", "message": "invariant not satisfied at end of loop body", "rendered": "error: invariant not satisfied at end of loop body\n   --> crates/gripsack-policy/src/graph.rs:199:17\n    |\n199 | /                 forall|j: usize| result@.contains(j) <==>\n200 | |                     (j as int) < n_nodes && visited@[j as int] && j != root,\n    | |___________________________________________________________________________^\n\n", "spans": [{"byte_end": 9557, "byte_start": 9440, "column_end": 76, "column_start": 17, "expansion": null, "file_name": "crates/gripsack-policy/src/graph.rs", "is_primary": true, "label": null, "line_end": 200, "line_start": 199, "suggested_replacement": null, "suggestion_applicability": null, "text": [{"highlight_end": 58, "highlight_start": 17, "text": "                forall|j: usize| result@.contains(j) <==>"}, {"highlight_end": 76, "highlight_start": 1, "text": "                    (j as int) < n_nodes && visited@[j as int] && j != root,"}]}]}
#20 883.0 calibration: graph-closure rejected in graph::build_closure
#20 883.1 RUNNER_COMMAND=cargo verus verify --manifest-path /tmp/gripsack-verus-5g6gidwg/graph-validation/crates/gripsack-policy/Cargo.toml -p gripsack-policy --locked --message-format=json -- --output-json --time-expanded
#20 947.3 VERUS_RESULT={"encountered-error": true, "encountered-vir-error": false, "errors": 1, "is-verifying-entire-crate": true, "success": false, "verified": 243}
#20 947.3 VERUS_DIAGNOSTIC={"$message_type": "diagnostic", "children": [], "code": null, "level": "error", "message": "assertion failed", "rendered": "error: assertion failed\n  --> crates/gripsack-policy/src/graph/roles.rs:80:20\n   |\n80 |             assert(decision.required_validation == (role == GraphRole::Validation));\n   |                    ^^^^^^^^^^^^^^^^^^^^^^^^^^^^^^^^^^^^^^^^^^^^^^^^^^^^^^^^^^^^^^^ assertion failed\n\n", "spans": [{"byte_end": 3092, "byte_start": 3029, "column_end": 83, "column_start": 20, "expansion": null, "file_name": "crates/gripsack-policy/src/graph/roles.rs", "is_primary": true, "label": "assertion failed", "line_end": 80, "line_start": 80, "suggested_replacement": null, "suggestion_applicability": null, "text": [{"highlight_end": 83, "highlight_start": 20, "text": "            assert(decision.required_validation == (role == GraphRole::Validation));"}]}]}
#20 947.3 calibration: graph-validation rejected in graph::roles::project_graph_roles
#20 947.5 RUNNER_COMMAND=cargo verus verify --manifest-path /tmp/gripsack-verus-5g6gidwg/graph-name-index/crates/gripsack-policy/Cargo.toml -p gripsack-policy --locked --message-format=json -- --output-json --time-expanded
#20 1012.0 VERUS_RESULT={"encountered-error": true, "encountered-vir-error": false, "errors": 1, "is-verifying-entire-crate": true, "success": false, "verified": 243}
#20 1012.0 VERUS_DIAGNOSTIC={"$message_type": "diagnostic", "children": [], "code": null, "level": "error", "message": "assertion failed", "rendered": "error: assertion failed\n  --> crates/gripsack-policy/src/graph/name_index.rs:70:16\n   |\n70 |         assert(same_name == (names@[position as int]@ == declared@));\n   |                ^^^^^^^^^^^^^^^^^^^^^^^^^^^^^^^^^^^^^^^^^^^^^^^^^^^^ assertion failed\n\n", "spans": [{"byte_end": 2325, "byte_start": 2273, "column_end": 68, "column_start": 16, "expansion": null, "file_name": "crates/gripsack-policy/src/graph/name_index.rs", "is_primary": true, "label": "assertion failed", "line_end": 70, "line_start": 70, "suggested_replacement": null, "suggestion_applicability": null, "text": [{"highlight_end": 68, "highlight_start": 16, "text": "        assert(same_name == (names@[position as int]@ == declared@));"}]}]}
#20 1012.0 calibration: graph-name-index rejected in graph::name_index::bind_output_index
#20 1012.2 RUNNER_COMMAND=cargo verus verify --manifest-path /tmp/gripsack-verus-5g6gidwg/target-abi/crates/gripsack-policy/Cargo.toml -p gripsack-policy --locked --message-format=json -- --output-json --time-expanded
#20 1076.5 VERUS_RESULT={"encountered-error": true, "encountered-vir-error": false, "errors": 1, "is-verifying-entire-crate": true, "success": false, "verified": 243}
#20 1076.5 VERUS_DIAGNOSTIC={"$message_type": "diagnostic", "children": [], "code": null, "level": "error", "message": "assertion failed", "rendered": "error: assertion failed\n   --> crates/gripsack-policy/src/target.rs:106:16\n    |\n106 |         assert(abi_matches == (provider.abi == consumer.abi));\n    |                ^^^^^^^^^^^^^^^^^^^^^^^^^^^^^^^^^^^^^^^^^^^^^ assertion failed\n\n", "spans": [{"byte_end": 3644, "byte_start": 3599, "column_end": 61, "column_start": 16, "expansion": null, "file_name": "crates/gripsack-policy/src/target.rs", "is_primary": true, "label": "assertion failed", "line_end": 106, "line_start": 106, "suggested_replacement": null, "suggestion_applicability": null, "text": [{"highlight_end": 61, "highlight_start": 16, "text": "        assert(abi_matches == (provider.abi == consumer.abi));"}]}]}
#20 1076.5 calibration: target-abi rejected in target::supports_target
#20 1076.7 RUNNER_COMMAND=cargo verus verify --manifest-path /tmp/gripsack-verus-5g6gidwg/scheduler-latch/crates/gripsack-policy/Cargo.toml -p gripsack-policy --locked --message-format=json -- --output-json --time-expanded
#20 1140.9 VERUS_RESULT={"encountered-error": true, "encountered-vir-error": false, "errors": 1, "is-verifying-entire-crate": true, "success": false, "verified": 243}
#20 1140.9 VERUS_DIAGNOSTIC={"$message_type": "diagnostic", "children": [], "code": null, "level": "error", "message": "postcondition not satisfied", "rendered": "error: postcondition not satisfied\n   --> crates/gripsack-policy/src/schedule.rs:562:13\n    |\n562 |               old(self).failed ==> result.is_none(),\n    |               ^^^^^^^^^^^^^^^^^^^^^^^^^^^^^^^^^^^^^ failed this postcondition\n563 |               old(self).failed ==> final(self).failed,\n564 | /     {\n565 | |         if self.head >= self.ready.len() {\n566 | |             return None;\n...   |\n637 | |         Some(module)\n638 | |     }\n    | |_____- at the end of the function body\n\n", "spans": [{"byte_end": 26982, "byte_start": 23366, "column_end": 6, "column_start": 5, "expansion": null, "file_name": "crates/gripsack-policy/src/schedule.rs", "is_primary": false, "label": "at the end of the function body", "line_end": 638, "line_start": 564, "suggested_replacement": null, "suggestion_applicability": null, "text": [{"highlight_end": 6, "highlight_start": 5, "text": "    {"}, {"highlight_end": 43, "highlight_start": 1, "text": "        if self.head >= self.ready.len() {"}, {"highlight_end": 25, "highlight_start": 1, "text": "            return None;"}, {"highlight_end": 10, "highlight_start": 1, "text": "        }"}, {"highlight_end": 66, "highlight_start": 1, "text": "        // entry snapshots: post-mutation reasoning never touches"}, {"highlight_end": 56, "highlight_start": 1, "text": "        // old(self) \u2014 local ghosts cannot be re-seated"}, {"highlight_end": 47, "highlight_start": 1, "text": "        let ghost pre_started = self.started@;"}, {"highlight_end": 51, "highlight_start": 1, "text": "        let ghost pre_remaining = self.remaining@;"}, {"highlight_end": 45, "highlight_start": 1, "text": "        let ghost pre_queued = self.queued@;"}, {"highlight_end": 43, "highlight_start": 1, "text": "        let ghost pre_ready = self.ready@;"}, {"highlight_end": 47, "highlight_start": 1, "text": "        let ghost pre_head = self.head as int;"}, {"highlight_end": 44, "highlight_start": 1, "text": "        let module = self.ready[self.head];"}, {"highlight_end": 16, "highlight_start": 1, "text": "        proof {"}, {"highlight_end": 70, "highlight_start": 1, "text": "            // queue-readiness: the popped module is fully unblocked,"}, {"highlight_end": 67, "highlight_start": 1, "text": "            // so every dependency finished (the exact-count link)"}, {"highlight_end": 51, "highlight_start": 1, "text": "            assert(!self.started@[module as int]);"}, {"highlight_end": 57, "highlight_start": 1, "text": "            assert(self.remaining@[module as int] == 0);"}, {"highlight_end": 85, "highlight_start": 1, "text": "            lemma_unfinished_count_zero(self.deps@[module as int]@, self.finished@);"}, {"highlight_end": 10, "highlight_start": 1, "text": "        }"}, {"highlight_end": 24, "highlight_start": 1, "text": "        self.head += 1;"}, {"highlight_end": 37, "highlight_start": 1, "text": "        self.started[module] = true;"}, {"highlight_end": 16, "highlight_start": 1, "text": "        proof {"}, {"highlight_end": 71, "highlight_start": 1, "text": "            // the entry readiness clause, restated over the snapshots"}, {"highlight_end": 79, "highlight_start": 1, "text": "            assert(forall|i: int| #![trigger pre_started[i], pre_remaining[i]]"}, {"highlight_end": 61, "highlight_start": 1, "text": "                0 <= i < self.deps@.len() && !pre_started[i]"}, {"highlight_end": 61, "highlight_start": 1, "text": "                    && pre_remaining[i] == 0 && !self.failed"}, {"highlight_end": 54, "highlight_start": 1, "text": "                ==> pre_queued.contains(i as usize));"}, {"highlight_end": 44, "highlight_start": 1, "text": "            // the popped module was queued"}, {"highlight_end": 53, "highlight_start": 1, "text": "            assert(pre_queued.contains(module)) by {"}, {"highlight_end": 99, "highlight_start": 1, "text": "                assert(pre_ready.subrange(pre_head, pre_ready.len() as int).contains(module)) by {"}, {"highlight_end": 59, "highlight_start": 1, "text": "                    assert(pre_ready[pre_head] == module);"}, {"highlight_end": 19, "highlight_start": 1, "text": "                };"}, {"highlight_end": 15, "highlight_start": 1, "text": "            };"}, {"highlight_end": 60, "highlight_start": 1, "text": "            self.queued = Ghost(pre_queued.remove(module));"}, {"highlight_end": 62, "highlight_start": 1, "text": "            // the entry window was [module] plus the new one"}, {"highlight_end": 72, "highlight_start": 1, "text": "            assert(pre_ready.subrange(pre_head, pre_ready.len() as int)"}, {"highlight_end": 101, "highlight_start": 1, "text": "                == seq![module] + self.ready@.subrange(self.head as int, self.ready@.len() as int));"}, {"highlight_end": 34, "highlight_start": 1, "text": "            assert forall|i: int|"}, {"highlight_end": 60, "highlight_start": 1, "text": "                #![trigger pre_queued.contains(i as usize)]"}, {"highlight_end": 46, "highlight_start": 1, "text": "                0 <= i < self.deps@.len() ==>"}, {"highlight_end": 51, "highlight_start": 1, "text": "                (self.queued@.contains(i as usize)"}, {"highlight_end": 84, "highlight_start": 1, "text": "                    <==> (pre_queued.contains(i as usize) && i as usize != module))"}, {"highlight_end": 17, "highlight_start": 1, "text": "            by {"}, {"highlight_end": 15, "highlight_start": 1, "text": "            };"}, {"highlight_end": 93, "highlight_start": 1, "text": "            assert(self.ready@.subrange(self.head as int, self.ready@.len() as int).to_set()"}, {"highlight_end": 35, "highlight_start": 1, "text": "                =~= self.queued@);"}, {"highlight_end": 61, "highlight_start": 1, "text": "            assert forall|k: int| #![trigger self.ready@[k]]"}, {"highlight_end": 59, "highlight_start": 1, "text": "                self.head <= k < self.ready@.len() implies"}, {"highlight_end": 54, "highlight_start": 1, "text": "                !self.started@[self.ready@[k] as int]"}, {"highlight_end": 63, "highlight_start": 1, "text": "                && self.remaining@[self.ready@[k] as int] == 0"}, {"highlight_end": 17, "highlight_start": 1, "text": "            by {"}, {"highlight_end": 61, "highlight_start": 1, "text": "                assert(pre_queued.contains(self.ready@[k]));"}, {"highlight_end": 50, "highlight_start": 1, "text": "                assert(self.ready@[k] != module);"}, {"highlight_end": 15, "highlight_start": 1, "text": "            };"}, {"highlight_end": 83, "highlight_start": 1, "text": "            assert forall|i: int| #![trigger self.started@[i], self.remaining@[i]]"}, {"highlight_end": 63, "highlight_start": 1, "text": "                0 <= i < self.deps@.len() && !self.started@[i]"}, {"highlight_end": 63, "highlight_start": 1, "text": "                    && self.remaining@[i] == 0 && !self.failed"}, {"highlight_end": 58, "highlight_start": 1, "text": "                implies self.queued@.contains(i as usize)"}, {"highlight_end": 17, "highlight_start": 1, "text": "            by {"}, {"highlight_end": 41, "highlight_start": 1, "text": "                assert(!pre_started[i]);"}, {"highlight_end": 47, "highlight_start": 1, "text": "                assert(pre_remaining[i] == 0);"}, {"highlight_end": 57, "highlight_start": 1, "text": "                assert(pre_queued.contains(i as usize));"}, {"highlight_end": 67, "highlight_start": 1, "text": "                assert(self.deps@.len() <= usize::MAX as int) by {"}, {"highlight_end": 103, "highlight_start": 1, "text": "                    assert(self.deps@.len() == vstd::std_specs::vec::spec_vec_len(&self.deps) as int);"}, {"highlight_end": 19, "highlight_start": 1, "text": "                };"}, {"highlight_end": 48, "highlight_start": 1, "text": "                lemma_cast_collapse(i, module);"}, {"highlight_end": 42, "highlight_start": 1, "text": "                if i as usize == module {"}, {"highlight_end": 71, "highlight_start": 1, "text": "                    assert(self.started@[module as int]); // the write"}, {"highlight_end": 70, "highlight_start": 1, "text": "                    assert(false); // i == module, but module started"}, {"highlight_end": 18, "highlight_start": 1, "text": "                }"}, {"highlight_end": 59, "highlight_start": 1, "text": "                assert(self.queued@.contains(i as usize));"}, {"highlight_end": 15, "highlight_start": 1, "text": "            };"}, {"highlight_end": 10, "highlight_start": 1, "text": "        }"}, {"highlight_end": 21, "highlight_start": 1, "text": "        Some(module)"}, {"highlight_end": 6, "highlight_start": 1, "text": "    }"}]}, {"byte_end": 23307, "byte_start": 23270, "column_end": 50, "column_start": 13, "expansion": null, "file_name": "crates/gripsack-policy/src/schedule.rs", "is_primary": true, "label": "failed this postcondition", "line_end": 562, "line_start": 562, "suggested_replacement": null, "suggestion_applicability": null, "text": [{"highlight_end": 50, "highlight_start": 13, "text": "            old(self).failed ==> result.is_none(),"}]}]}
#20 1140.9 calibration: scheduler-latch rejected in schedule::PureScheduler::start_next
#20 1141.1 RUNNER_COMMAND=cargo verus verify --manifest-path /tmp/gripsack-verus-5g6gidwg/rate-spend/crates/gripsack-policy/Cargo.toml -p gripsack-policy --locked --message-format=json -- --output-json --time-expanded
#20 1205.7 VERUS_RESULT={"encountered-error": true, "encountered-vir-error": false, "errors": 1, "is-verifying-entire-crate": true, "success": false, "verified": 243}
#20 1205.7 VERUS_DIAGNOSTIC={"$message_type": "diagnostic", "children": [], "code": null, "level": "error", "message": "postcondition not satisfied", "rendered": "error: postcondition not satisfied\n   --> crates/gripsack-policy/src/rate_limit.rs:268:13\n    |\n268 |               admission == TokenAdmission::Granted ==> final(self).available() == old(self).available() - one_token(old(self).rate()),\n    |               ^^^^^^^^^^^^^^^^^^^^^^^^^^^^^^^^^^^^^^^^^^^^^^^^^^^^^^^^^^^^^^^^^^^^^^^^^^^^^^^^^^^^^^^^^^^^^^^^^^^^^^^^^^^^^^^^^^^^^^^ failed this postcondition\n...\n277 | /     {\n278 | |         proof { use_type_invariant(&*self); rate_bounds(self.rate); }\n279 | |         let parts = self.rate.components();\n280 | |         let period = parts.2.nanoseconds();\n...   |\n346 | |     }\n    | |_____- at the end of the function body\n\n", "spans": [{"byte_end": 15828, "byte_start": 11909, "column_end": 6, "column_start": 5, "expansion": null, "file_name": "crates/gripsack-policy/src/rate_limit.rs", "is_primary": false, "label": "at the end of the function body", "line_end": 346, "line_start": 277, "suggested_replacement": null, "suggestion_applicability": null, "text": [{"highlight_end": 6, "highlight_start": 5, "text": "    {"}, {"highlight_end": 70, "highlight_start": 1, "text": "        proof { use_type_invariant(&*self); rate_bounds(self.rate); }"}, {"highlight_end": 44, "highlight_start": 1, "text": "        let parts = self.rate.components();"}, {"highlight_end": 44, "highlight_start": 1, "text": "        let period = parts.2.nanoseconds();"}, {"highlight_end": 78, "highlight_start": 1, "text": "        let required = (IMPLICIT_SIGNIFICAND_BIT as u128) * (period as u128);"}, {"highlight_end": 57, "highlight_start": 1, "text": "        let token = CreditBalance::from_small(required);"}, {"highlight_end": 68, "highlight_start": 1, "text": "        if self.available.compare(&token) != CreditOrdering::Less {"}, {"highlight_end": 13, "highlight_start": 1, "text": "            "}, {"highlight_end": 36, "highlight_start": 1, "text": "            TokenAdmission::Granted"}, {"highlight_end": 17, "highlight_start": 1, "text": "        } else {"}, {"highlight_end": 55, "highlight_start": 1, "text": "            let available = self.available.to_small();"}, {"highlight_end": 48, "highlight_start": 1, "text": "            let deficit = required - available;"}, {"highlight_end": 31, "highlight_start": 1, "text": "            if parts.1 >= 42 {"}, {"highlight_end": 24, "highlight_start": 1, "text": "                proof {"}, {"highlight_end": 40, "highlight_start": 1, "text": "                    lemma2_to64_rest();"}, {"highlight_end": 38, "highlight_start": 1, "text": "                    if parts.1 > 42 {"}, {"highlight_end": 75, "highlight_start": 1, "text": "                        lemma_pow2_strictly_increases(42, parts.1 as nat);"}, {"highlight_end": 22, "highlight_start": 1, "text": "                    }"}, {"highlight_end": 99, "highlight_start": 1, "text": "                    assert(rate_numerator(self.rate) >= one_token(self.rate)) by (nonlinear_arith)"}, {"highlight_end": 33, "highlight_start": 1, "text": "                        requires"}, {"highlight_end": 65, "highlight_start": 1, "text": "                            parts.0 >= IMPLICIT_SIGNIFICAND_BIT,"}, {"highlight_end": 94, "highlight_start": 1, "text": "                            parts.0 == self.rate.significand(), parts.1 == self.rate.shift(),"}, {"highlight_end": 66, "highlight_start": 1, "text": "                            period == self.rate.period().nanos(),"}, {"highlight_end": 47, "highlight_start": 1, "text": "                            period < pow2(42),"}, {"highlight_end": 62, "highlight_start": 1, "text": "                            pow2(42) <= pow2(parts.1 as nat);"}, {"highlight_end": 18, "highlight_start": 1, "text": "                }"}, {"highlight_end": 67, "highlight_start": 1, "text": "                assert(self.available() == old(self).available());"}, {"highlight_end": 57, "highlight_start": 1, "text": "                assert(self.rate() == old(self).rate());"}, {"highlight_end": 64, "highlight_start": 1, "text": "                assert(1 <= old(self).rate().period().nanos());"}, {"highlight_end": 117, "highlight_start": 1, "text": "                assert(old(self).available() + rate_numerator(old(self).rate()) * 1 >= one_token(old(self).rate()));"}, {"highlight_end": 116, "highlight_start": 1, "text": "                assert(old(self).available() + rate_numerator(old(self).rate()) * 0 < one_token(old(self).rate()));"}, {"highlight_end": 56, "highlight_start": 1, "text": "                TokenAdmission::Wait { nanoseconds: 1 }"}, {"highlight_end": 21, "highlight_start": 1, "text": "            } else {"}, {"highlight_end": 44, "highlight_start": 1, "text": "                let shift = parts.1 as u64;"}, {"highlight_end": 24, "highlight_start": 1, "text": "                proof {"}, {"highlight_end": 62, "highlight_start": 1, "text": "                    lemma_u64_pow2_no_overflow(shift as nat);"}, {"highlight_end": 52, "highlight_start": 1, "text": "                    lemma_u64_shl_is_mul(1, shift);"}, {"highlight_end": 18, "highlight_start": 1, "text": "                }"}, {"highlight_end": 44, "highlight_start": 1, "text": "                let factor = 1u64 << shift;"}, {"highlight_end": 101, "highlight_start": 1, "text": "                assert((parts.0 as int) * (factor as int) <= u128::MAX as int) by (nonlinear_arith);"}, {"highlight_end": 67, "highlight_start": 1, "text": "                let per_ns = (parts.0 as u128) * (factor as u128);"}, {"highlight_end": 24, "highlight_start": 1, "text": "                proof {"}, {"highlight_end": 65, "highlight_start": 1, "text": "                    assert(per_ns == rate_numerator(self.rate));"}, {"highlight_end": 18, "highlight_start": 1, "text": "                }"}, {"highlight_end": 80, "highlight_start": 1, "text": "                let nanoseconds = deficit_wait(deficit, per_ns, Ghost(period));"}, {"highlight_end": 121, "highlight_start": 1, "text": "                assert(self.available.view() + rate_numerator(self.rate) * (nanoseconds as nat) >= one_token(self.rate))"}, {"highlight_end": 41, "highlight_start": 1, "text": "                    by (nonlinear_arith)"}, {"highlight_end": 29, "highlight_start": 1, "text": "                    requires"}, {"highlight_end": 60, "highlight_start": 1, "text": "                        self.available.view() == available,"}, {"highlight_end": 58, "highlight_start": 1, "text": "                        required == one_token(self.rate),"}, {"highlight_end": 57, "highlight_start": 1, "text": "                        deficit == required - available,"}, {"highlight_end": 61, "highlight_start": 1, "text": "                        per_ns == rate_numerator(self.rate),"}, {"highlight_end": 75, "highlight_start": 1, "text": "                        (nanoseconds as nat) * (per_ns as nat) >= deficit;"}, {"highlight_end": 126, "highlight_start": 1, "text": "                assert(self.available.view() + rate_numerator(self.rate) * ((nanoseconds - 1) as nat) < one_token(self.rate))"}, {"highlight_end": 41, "highlight_start": 1, "text": "                    by (nonlinear_arith)"}, {"highlight_end": 29, "highlight_start": 1, "text": "                    requires"}, {"highlight_end": 60, "highlight_start": 1, "text": "                        self.available.view() == available,"}, {"highlight_end": 58, "highlight_start": 1, "text": "                        required == one_token(self.rate),"}, {"highlight_end": 57, "highlight_start": 1, "text": "                        deficit == required - available,"}, {"highlight_end": 61, "highlight_start": 1, "text": "                        per_ns == rate_numerator(self.rate),"}, {"highlight_end": 80, "highlight_start": 1, "text": "                        ((nanoseconds - 1) as nat) * (per_ns as nat) < deficit;"}, {"highlight_end": 67, "highlight_start": 1, "text": "                assert(self.available() == old(self).available());"}, {"highlight_end": 57, "highlight_start": 1, "text": "                assert(self.rate() == old(self).rate());"}, {"highlight_end": 79, "highlight_start": 1, "text": "                assert(1 <= nanoseconds <= old(self).rate().period().nanos());"}, {"highlight_end": 136, "highlight_start": 1, "text": "                assert(old(self).available() + rate_numerator(old(self).rate()) * (nanoseconds as nat) >= one_token(old(self).rate()));"}, {"highlight_end": 141, "highlight_start": 1, "text": "                assert(old(self).available() + rate_numerator(old(self).rate()) * ((nanoseconds - 1) as nat) < one_token(old(self).rate()));"}, {"highlight_end": 53, "highlight_start": 1, "text": "                TokenAdmission::Wait { nanoseconds }"}, {"highlight_end": 14, "highlight_start": 1, "text": "            }"}, {"highlight_end": 10, "highlight_start": 1, "text": "        }"}, {"highlight_end": 6, "highlight_start": 1, "text": "    }"}]}, {"byte_end": 11333, "byte_start": 11214, "column_end": 132, "column_start": 13, "expansion": null, "file_name": "crates/gripsack-policy/src/rate_limit.rs", "is_primary": true, "label": "failed this postcondition", "line_end": 268, "line_start": 268, "suggested_replacement": null, "suggestion_applicability": null, "text": [{"highlight_end": 132, "highlight_start": 13, "text": "            admission == TokenAdmission::Granted ==> final(self).available() == old(self).available() - one_token(old(self).rate()),"}]}]}
#20 1205.7 calibration: rate-spend rejected in rate_limit::TokenBucket::take
#20 1205.9 RUNNER_COMMAND=cargo verus verify --manifest-path /tmp/gripsack-verus-5g6gidwg/rate-refill-unit/crates/gripsack-policy/Cargo.toml -p gripsack-policy --locked --message-format=json -- --output-json --time-expanded
#20 1270.4 VERUS_RESULT={"encountered-error": true, "encountered-vir-error": false, "errors": 1, "is-verifying-entire-crate": true, "success": false, "verified": 243}
#20 1270.4 VERUS_DIAGNOSTIC={"$message_type": "diagnostic", "children": [], "code": null, "level": "error", "message": "requires not satisfied", "rendered": "error: requires not satisfied\n   --> crates/gripsack-policy/src/rate_limit.rs:255:25\n    |\n255 |                         earned.view() == (amount as nat) * pow2(parts.1 as nat),\n    |                         ^^^^^^^^^^^^^^^^^^^^^^^^^^^^^^^^^^^^^^^^^^^^^^^^^^^^^^^\n\n", "spans": [{"byte_end": 10644, "byte_start": 10589, "column_end": 80, "column_start": 25, "expansion": null, "file_name": "crates/gripsack-policy/src/rate_limit.rs", "is_primary": true, "label": null, "line_end": 255, "line_start": 255, "suggested_replacement": null, "suggestion_applicability": null, "text": [{"highlight_end": 80, "highlight_start": 25, "text": "                        earned.view() == (amount as nat) * pow2(parts.1 as nat),"}]}]}
#20 1270.4 calibration: rate-refill-unit rejected in rate_limit::TokenBucket::refill
#20 1270.6 RUNNER_COMMAND=cargo verus verify --manifest-path /tmp/gripsack-verus-5g6gidwg/rate-wait-ceiling/crates/gripsack-policy/Cargo.toml -p gripsack-policy --locked --message-format=json -- --output-json --time-expanded
#20 1334.6 VERUS_RESULT={"encountered-error": true, "encountered-vir-error": false, "errors": 1, "is-verifying-entire-crate": true, "success": false, "verified": 243}
#20 1334.6 VERUS_DIAGNOSTIC={"$message_type": "diagnostic", "children": [], "code": null, "level": "error", "message": "requires not satisfied", "rendered": "error: requires not satisfied\n   --> crates/gripsack-policy/src/rate_limit.rs:106:13\n    |\n106 |             (wait as int) == (quotient as int) + 1,\n    |             ^^^^^^^^^^^^^^^^^^^^^^^^^^^^^^^^^^^^^^\n\n", "spans": [{"byte_end": 4253, "byte_start": 4215, "column_end": 51, "column_start": 13, "expansion": null, "file_name": "crates/gripsack-policy/src/rate_limit.rs", "is_primary": true, "label": null, "line_end": 106, "line_start": 106, "suggested_replacement": null, "suggestion_applicability": null, "text": [{"highlight_end": 51, "highlight_start": 13, "text": "            (wait as int) == (quotient as int) + 1,"}]}]}
#20 1334.6 calibration: rate-wait-ceiling rejected in rate_limit::deficit_wait
#20 1334.8 RUNNER_COMMAND=cargo verus verify --manifest-path /tmp/gripsack-verus-5g6gidwg/legacy-negative-credit/crates/gripsack-policy/Cargo.toml -p gripsack-policy --locked --message-format=json -- --output-json --time-expanded
#20 1398.9 VERUS_RESULT={"encountered-error": true, "encountered-vir-error": false, "errors": 1, "is-verifying-entire-crate": true, "success": false, "verified": 243}
#20 1398.9 VERUS_DIAGNOSTIC={"$message_type": "diagnostic", "children": [], "code": null, "level": "error", "message": "postcondition not satisfied", "rendered": "error: postcondition not satisfied\n  --> crates/gripsack-policy/src/rate_limit/legacy_credits.rs:36:9\n   |\n36 |         credits.is_some() ==> credits.unwrap().view() == legacy_amount(bits, period),\n   |         ^^^^^^^^^^^^^^^^^^^^^^^^^^^^^^^^^^^^^^^^^^^^^^^^^^^^^^^^^^^^^^^^^^^^^^^^^^^^ failed this postcondition\n...\n40 |     if bits >> 63 == 0 { return Some(CreditBalance::zero()); }\n   |                          ---------------------------------- at this exit\n\n", "spans": [{"byte_end": 1766, "byte_start": 1732, "column_end": 60, "column_start": 26, "expansion": null, "file_name": "crates/gripsack-policy/src/rate_limit/legacy_credits.rs", "is_primary": false, "label": "at this exit", "line_end": 40, "line_start": 40, "suggested_replacement": null, "suggestion_applicability": null, "text": [{"highlight_end": 60, "highlight_start": 26, "text": "    if bits >> 63 == 0 { return Some(CreditBalance::zero()); }"}]}, {"byte_end": 1595, "byte_start": 1519, "column_end": 85, "column_start": 9, "expansion": null, "file_name": "crates/gripsack-policy/src/rate_limit/legacy_credits.rs", "is_primary": true, "label": "failed this postcondition", "line_end": 36, "line_start": 36, "suggested_replacement": null, "suggestion_applicability": null, "text": [{"highlight_end": 85, "highlight_start": 9, "text": "        credits.is_some() ==> credits.unwrap().view() == legacy_amount(bits, period),"}]}]}
#20 1398.9 VERUS_DIAGNOSTIC={"$message_type": "diagnostic", "children": [], "code": null, "level": "error", "message": "postcondition not satisfied", "rendered": "error: postcondition not satisfied\n  --> crates/gripsack-policy/src/rate_limit/legacy_credits.rs:36:9\n   |\n36 |           credits.is_some() ==> credits.unwrap().view() == legacy_amount(bits, period),\n   |           ^^^^^^^^^^^^^^^^^^^^^^^^^^^^^^^^^^^^^^^^^^^^^^^^^^^^^^^^^^^^^^^^^^^^^^^^^^^^ failed this postcondition\n...\n50 | /     if exp >= EXPONENT_BIAS {\n51 | |         Some(CreditBalance::from_shifted(numerator, (exp - EXPONENT_BIAS) as u16))\n52 | |     } else {\n53 | |         let shift = if exp == 0 { 1022u64 } else { EXPONENT_BIAS - exp };\n...  |\n68 | |     }\n   | |_____- at the end of the function body\n\n", "spans": [{"byte_end": 3219, "byte_start": 2320, "column_end": 6, "column_start": 5, "expansion": null, "file_name": "crates/gripsack-policy/src/rate_limit/legacy_credits.rs", "is_primary": false, "label": "at the end of the function body", "line_end": 68, "line_start": 50, "suggested_replacement": null, "suggestion_applicability": null, "text": [{"highlight_end": 30, "highlight_start": 5, "text": "    if exp >= EXPONENT_BIAS {"}, {"highlight_end": 83, "highlight_start": 1, "text": "        Some(CreditBalance::from_shifted(numerator, (exp - EXPONENT_BIAS) as u16))"}, {"highlight_end": 13, "highlight_start": 1, "text": "    } else {"}, {"highlight_end": 74, "highlight_start": 1, "text": "        let shift = if exp == 0 { 1022u64 } else { EXPONENT_BIAS - exp };"}, {"highlight_end": 26, "highlight_start": 1, "text": "        if shift >= 128 {"}, {"highlight_end": 20, "highlight_start": 1, "text": "            proof {"}, {"highlight_end": 31, "highlight_start": 1, "text": "                lemma2_to64();"}, {"highlight_end": 41, "highlight_start": 1, "text": "                lemma_pow2_adds(64, 64);"}, {"highlight_end": 85, "highlight_start": 1, "text": "                if shift > 128 { lemma_pow2_strictly_increases(128, shift as nat); }"}, {"highlight_end": 65, "highlight_start": 1, "text": "                assert((numerator as nat) < pow2(shift as nat));"}, {"highlight_end": 90, "highlight_start": 1, "text": "                assert((numerator as nat) / pow2(shift as nat) == 0) by (nonlinear_arith)"}, {"highlight_end": 94, "highlight_start": 1, "text": "                    requires (numerator as nat) < pow2(shift as nat), pow2(shift as nat) > 0;"}, {"highlight_end": 14, "highlight_start": 1, "text": "            }"}, {"highlight_end": 40, "highlight_start": 1, "text": "            Some(CreditBalance::zero())"}, {"highlight_end": 17, "highlight_start": 1, "text": "        } else {"}, {"highlight_end": 101, "highlight_start": 1, "text": "            proof { lemma_u128_shr_is_div(numerator, shift as u128); lemma_pow2_pos(shift as nat); }"}, {"highlight_end": 64, "highlight_start": 1, "text": "            Some(CreditBalance::from_small(numerator >> shift))"}, {"highlight_end": 10, "highlight_start": 1, "text": "        }"}, {"highlight_end": 6, "highlight_start": 1, "text": "    }"}]}, {"byte_end": 1595, "byte_start": 1519, "column_end": 85, "column_start": 9, "expansion": null, "file_name": "crates/gripsack-policy/src/rate_limit/legacy_credits.rs", "is_primary": true, "label": "failed this postcondition", "line_end": 36, "line_start": 36, "suggested_replacement": null, "suggestion_applicability": null, "text": [{"highlight_end": 85, "highlight_start": 9, "text": "        credits.is_some() ==> credits.unwrap().view() == legacy_amount(bits, period),"}]}]}
#20 1398.9 calibration: legacy-negative-credit rejected in rate_limit::legacy_credits::admit_legacy_credits
#20 1399.1 RUNNER_COMMAND=cargo verus verify --manifest-path /tmp/gripsack-verus-5g6gidwg/credit-carry/crates/gripsack-policy/Cargo.toml -p gripsack-policy --locked --message-format=json -- --output-json --time-expanded
#20 1463.8 VERUS_RESULT={"encountered-error": true, "encountered-vir-error": false, "errors": 1, "is-verifying-entire-crate": true, "success": false, "verified": 243}
#20 1463.8 VERUS_DIAGNOSTIC={"$message_type": "diagnostic", "children": [], "code": null, "level": "error", "message": "postcondition not satisfied", "rendered": "error: postcondition not satisfied\n  --> crates/gripsack-policy/src/rate_limit/credit_balance/credit_words.rs:11:9\n   |\n11 | /         left as int + right as int + carry as int\n12 | |             == result.0 as int + result.1 as int * WORD_BASE as int,\n   | |___________________________________________________________________^ failed this postcondition\n...\n17 |       ((total % WORD_BASE) as u64, (total / WORD_BASE) as u64)\n   |       -------------------------------------------------------- at the end of the function body\n\n", "spans": [{"byte_end": 538, "byte_start": 482, "column_end": 61, "column_start": 5, "expansion": null, "file_name": "crates/gripsack-policy/src/rate_limit/credit_balance/credit_words.rs", "is_primary": false, "label": "at the end of the function body", "line_end": 17, "line_start": 17, "suggested_replacement": null, "suggestion_applicability": null, "text": [{"highlight_end": 61, "highlight_start": 5, "text": "    ((total % WORD_BASE) as u64, (total / WORD_BASE) as u64)"}]}, {"byte_end": 391, "byte_start": 282, "column_end": 68, "column_start": 9, "expansion": null, "file_name": "crates/gripsack-policy/src/rate_limit/credit_balance/credit_words.rs", "is_primary": true, "label": "failed this postcondition", "line_end": 12, "line_start": 11, "suggested_replacement": null, "suggestion_applicability": null, "text": [{"highlight_end": 50, "highlight_start": 9, "text": "        left as int + right as int + carry as int"}, {"highlight_end": 68, "highlight_start": 1, "text": "            == result.0 as int + result.1 as int * WORD_BASE as int,"}]}]}
#20 1463.9 calibration: credit-carry rejected in rate_limit::credit_balance::credit_words::add_word
#20 1464.1 RUNNER_COMMAND=cargo verus verify --manifest-path /tmp/gripsack-verus-5g6gidwg/credit-period-fraction/crates/gripsack-policy/Cargo.toml -p gripsack-policy --locked --message-format=json -- --output-json --time-expanded
#20 1528.3 VERUS_RESULT={"encountered-error": true, "encountered-vir-error": false, "errors": 1, "is-verifying-entire-crate": true, "success": false, "verified": 243}
#20 1528.3 VERUS_DIAGNOSTIC={"$message_type": "diagnostic", "children": [], "code": null, "level": "error", "message": "requires not satisfied", "rendered": "error: requires not satisfied\n   --> crates/gripsack-policy/src/rate_limit/credit_balance.rs:453:21\n    |\n453 |                     fraction == (fractional_product as nat) / (source_scale as nat),\n    |                     ^^^^^^^^^^^^^^^^^^^^^^^^^^^^^^^^^^^^^^^^^^^^^^^^^^^^^^^^^^^^^^^\n\n", "spans": [{"byte_end": 18436, "byte_start": 18373, "column_end": 84, "column_start": 21, "expansion": null, "file_name": "crates/gripsack-policy/src/rate_limit/credit_balance.rs", "is_primary": true, "label": null, "line_end": 453, "line_start": 453, "suggested_replacement": null, "suggestion_applicability": null, "text": [{"highlight_end": 84, "highlight_start": 21, "text": "                    fraction == (fractional_product as nat) / (source_scale as nat),"}]}]}
#20 1528.3 calibration: credit-period-fraction rejected in rate_limit::credit_balance::CreditBalance::rescale_capped
#20 1528.5 RUNNER_COMMAND=cargo verus verify --manifest-path /tmp/gripsack-verus-5g6gidwg/operation-clock-rewind/crates/gripsack-policy/Cargo.toml -p gripsack-policy --locked --message-format=json -- --output-json --time-expanded
#20 1592.8 VERUS_RESULT={"encountered-error": true, "encountered-vir-error": false, "errors": 1, "is-verifying-entire-crate": true, "success": false, "verified": 243}
#20 1592.8 VERUS_DIAGNOSTIC={"$message_type": "diagnostic", "children": [], "code": null, "level": "error", "message": "postcondition not satisfied", "rendered": "error: postcondition not satisfied\n  --> crates/gripsack-policy/src/operation_budget.rs:52:13\n   |\n52 |               final(self).observed() >= old(self).observed(),\n   |               ^^^^^^^^^^^^^^^^^^^^^^^^^^^^^^^^^^^^^^^^^^^^^^ failed this postcondition\n...\n68 | /         if self.terminal { None }\n69 | |         else { Some(RemainingTime { nanoseconds: self.allowance - self.observed }) }\n   | |____________________________________________________________________________________- at the end of the function body\n\n", "spans": [{"byte_end": 2662, "byte_start": 2552, "column_end": 85, "column_start": 9, "expansion": null, "file_name": "crates/gripsack-policy/src/operation_budget.rs", "is_primary": false, "label": "at the end of the function body", "line_end": 69, "line_start": 68, "suggested_replacement": null, "suggestion_applicability": null, "text": [{"highlight_end": 34, "highlight_start": 9, "text": "        if self.terminal { None }"}, {"highlight_end": 85, "highlight_start": 1, "text": "        else { Some(RemainingTime { nanoseconds: self.allowance - self.observed }) }"}]}, {"byte_end": 1684, "byte_start": 1638, "column_end": 59, "column_start": 13, "expansion": null, "file_name": "crates/gripsack-policy/src/operation_budget.rs", "is_primary": true, "label": "failed this postcondition", "line_end": 52, "line_start": 52, "suggested_replacement": null, "suggestion_applicability": null, "text": [{"highlight_end": 59, "highlight_start": 13, "text": "            final(self).observed() >= old(self).observed(),"}]}]}
#20 1592.8 VERUS_DIAGNOSTIC={"$message_type": "diagnostic", "children": [], "code": null, "level": "error", "message": "postcondition not satisfied", "rendered": "error: postcondition not satisfied\n  --> crates/gripsack-policy/src/operation_budget.rs:53:13\n   |\n53 | /             final(self).observed() == if elapsed_ns >= old(self).allowance() { old(self).allowance() }\n54 | |                 else if elapsed_ns > old(self).observed() { elapsed_ns } else { old(self).observed() },\n   | |______________________________________________________________________________________________________^ failed this postcondition\n...\n68 | /         if self.terminal { None }\n69 | |         else { Some(RemainingTime { nanoseconds: self.allowance - self.observed }) }\n   | |____________________________________________________________________________________- at the end of the function body\n\n", "spans": [{"byte_end": 2662, "byte_start": 2552, "column_end": 85, "column_start": 9, "expansion": null, "file_name": "crates/gripsack-policy/src/operation_budget.rs", "is_primary": false, "label": "at the end of the function body", "line_end": 69, "line_start": 68, "suggested_replacement": null, "suggestion_applicability": null, "text": [{"highlight_end": 34, "highlight_start": 9, "text": "        if self.terminal { None }"}, {"highlight_end": 85, "highlight_start": 1, "text": "        else { Some(RemainingTime { nanoseconds: self.allowance - self.observed }) }"}]}, {"byte_end": 1891, "byte_start": 1698, "column_end": 103, "column_start": 13, "expansion": null, "file_name": "crates/gripsack-policy/src/operation_budget.rs", "is_primary": true, "label": "failed this postcondition", "line_end": 54, "line_start": 53, "suggested_replacement": null, "suggestion_applicability": null, "text": [{"highlight_end": 103, "highlight_start": 13, "text": "            final(self).observed() == if elapsed_ns >= old(self).allowance() { old(self).allowance() }"}, {"highlight_end": 103, "highlight_start": 1, "text": "                else if elapsed_ns > old(self).observed() { elapsed_ns } else { old(self).observed() },"}]}]}
#20 1592.8 calibration: operation-clock-rewind rejected in operation_budget::OperationBudget::observe
#20 1593.0 RUNNER_COMMAND=cargo verus verify --manifest-path /tmp/gripsack-verus-5g6gidwg/operation-wait-at-deadline/crates/gripsack-policy/Cargo.toml -p gripsack-policy --locked --message-format=json -- --output-json --time-expanded
#20 1657.0 VERUS_RESULT={"encountered-error": true, "encountered-vir-error": false, "errors": 1, "is-verifying-entire-crate": true, "success": false, "verified": 243}
#20 1657.0 VERUS_DIAGNOSTIC={"$message_type": "diagnostic", "children": [], "code": null, "level": "error", "message": "postcondition not satisfied", "rendered": "error: postcondition not satisfied\n  --> crates/gripsack-policy/src/operation_budget.rs:79:13\n   |\n79 |               admitted ==> final(self).observed() + wait_ns < old(self).allowance(),\n   |               ^^^^^^^^^^^^^^^^^^^^^^^^^^^^^^^^^^^^^^^^^^^^^^^^^^^^^^^^^^^^^^^^^^^^^ failed this postcondition\n...\n85 | /         match self.observe(elapsed_ns) {\n86 | |             None => false,\n87 | |             Some(remaining) => {\n88 | |                 if wait_ns <= remaining.nanoseconds() { true }\n...  |\n91 | |         }\n   | |_________- at the end of the function body\n\n", "spans": [{"byte_end": 3795, "byte_start": 3563, "column_end": 10, "column_start": 9, "expansion": null, "file_name": "crates/gripsack-policy/src/operation_budget.rs", "is_primary": false, "label": "at the end of the function body", "line_end": 91, "line_start": 85, "suggested_replacement": null, "suggestion_applicability": null, "text": [{"highlight_end": 41, "highlight_start": 9, "text": "        match self.observe(elapsed_ns) {"}, {"highlight_end": 27, "highlight_start": 1, "text": "            None => false,"}, {"highlight_end": 33, "highlight_start": 1, "text": "            Some(remaining) => {"}, {"highlight_end": 63, "highlight_start": 1, "text": "                if wait_ns <= remaining.nanoseconds() { true }"}, {"highlight_end": 53, "highlight_start": 1, "text": "                else { self.terminal = true; false }"}, {"highlight_end": 14, "highlight_start": 1, "text": "            }"}, {"highlight_end": 10, "highlight_start": 1, "text": "        }"}]}, {"byte_end": 3257, "byte_start": 3188, "column_end": 82, "column_start": 13, "expansion": null, "file_name": "crates/gripsack-policy/src/operation_budget.rs", "is_primary": true, "label": "failed this postcondition", "line_end": 79, "line_start": 79, "suggested_replacement": null, "suggestion_applicability": null, "text": [{"highlight_end": 82, "highlight_start": 13, "text": "            admitted ==> final(self).observed() + wait_ns < old(self).allowance(),"}]}]}
#20 1657.0 VERUS_DIAGNOSTIC={"$message_type": "diagnostic", "children": [], "code": null, "level": "error", "message": "postcondition not satisfied", "rendered": "error: postcondition not satisfied\n  --> crates/gripsack-policy/src/operation_budget.rs:81:13\n   |\n81 | /             admitted <==> !old(self).terminal() && elapsed_ns < old(self).allowance()\n82 | |                 && wait_ns < old(self).allowance() - if elapsed_ns > old(self).observed() { elapsed_ns } else { old(self).observed() },\n   | |______________________________________________________________________________________________________________________________________^ failed this postcondition\n...\n85 | /         match self.observe(elapsed_ns) {\n86 | |             None => false,\n87 | |             Some(remaining) => {\n88 | |                 if wait_ns <= remaining.nanoseconds() { true }\n...  |\n91 | |         }\n   | |_________- at the end of the function body\n\n", "spans": [{"byte_end": 3795, "byte_start": 3563, "column_end": 10, "column_start": 9, "expansion": null, "file_name": "crates/gripsack-policy/src/operation_budget.rs", "is_primary": false, "label": "at the end of the function body", "line_end": 91, "line_start": 85, "suggested_replacement": null, "suggestion_applicability": null, "text": [{"highlight_end": 41, "highlight_start": 9, "text": "        match self.observe(elapsed_ns) {"}, {"highlight_end": 27, "highlight_start": 1, "text": "            None => false,"}, {"highlight_end": 33, "highlight_start": 1, "text": "            Some(remaining) => {"}, {"highlight_end": 63, "highlight_start": 1, "text": "                if wait_ns <= remaining.nanoseconds() { true }"}, {"highlight_end": 53, "highlight_start": 1, "text": "                else { self.terminal = true; false }"}, {"highlight_end": 14, "highlight_start": 1, "text": "            }"}, {"highlight_end": 10, "highlight_start": 1, "text": "        }"}]}, {"byte_end": 3529, "byte_start": 3321, "column_end": 135, "column_start": 13, "expansion": null, "file_name": "crates/gripsack-policy/src/operation_budget.rs", "is_primary": true, "label": "failed this postcondition", "line_end": 82, "line_start": 81, "suggested_replacement": null, "suggestion_applicability": null, "text": [{"highlight_end": 86, "highlight_start": 13, "text": "            admitted <==> !old(self).terminal() && elapsed_ns < old(self).allowance()"}, {"highlight_end": 135, "highlight_start": 1, "text": "                && wait_ns < old(self).allowance() - if elapsed_ns > old(self).observed() { elapsed_ns } else { old(self).observed() },"}]}]}
#20 1657.0 calibration: operation-wait-at-deadline rejected in operation_budget::OperationBudget::admit_wait
#20 1657.2 RUNNER_COMMAND=cargo verus verify --manifest-path /tmp/gripsack-verus-5g6gidwg/operation-terminal-revival/crates/gripsack-policy/Cargo.toml -p gripsack-policy --locked --message-format=json -- --output-json --time-expanded
#20 1721.6 VERUS_RESULT={"encountered-error": true, "encountered-vir-error": false, "errors": 1, "is-verifying-entire-crate": true, "success": false, "verified": 243}
#20 1721.6 VERUS_DIAGNOSTIC={"$message_type": "diagnostic", "children": [], "code": null, "level": "error", "message": "postcondition not satisfied", "rendered": "error: postcondition not satisfied\n   --> crates/gripsack-policy/src/operation_budget.rs:96:61\n    |\n 96 |               final(self).observed() == old(self).observed(), final(self).terminal(),\n    |                                                               ^^^^^^^^^^^^^^^^^^^^^^ failed this postcondition\n 97 |           no_unwind\n 98 | /     {\n 99 | |         proof { use_type_invariant(&*self); }\n100 | |     }\n    | |_____- at the end of the function body\n\n", "spans": [{"byte_end": 4054, "byte_start": 4001, "column_end": 6, "column_start": 5, "expansion": null, "file_name": "crates/gripsack-policy/src/operation_budget.rs", "is_primary": false, "label": "at the end of the function body", "line_end": 100, "line_start": 98, "suggested_replacement": null, "suggestion_applicability": null, "text": [{"highlight_end": 6, "highlight_start": 5, "text": "    {"}, {"highlight_end": 46, "highlight_start": 1, "text": "        proof { use_type_invariant(&*self); }"}, {"highlight_end": 6, "highlight_start": 1, "text": "    }"}]}, {"byte_end": 3977, "byte_start": 3955, "column_end": 83, "column_start": 61, "expansion": null, "file_name": "crates/gripsack-policy/src/operation_budget.rs", "is_primary": true, "label": "failed this postcondition", "line_end": 96, "line_start": 96, "suggested_replacement": null, "suggestion_applicability": null, "text": [{"highlight_end": 83, "highlight_start": 61, "text": "            final(self).observed() == old(self).observed(), final(self).terminal(),"}]}]}
#20 1721.6 calibration: operation-terminal-revival rejected in operation_budget::OperationBudget::stop
#20 1721.8 RUNNER_COMMAND=cargo verus verify --manifest-path /tmp/gripsack-verus-5g6gidwg/http-overlapping-attempt/crates/gripsack-policy/Cargo.toml -p gripsack-policy --locked --message-format=json -- --output-json --time-expanded
#20 1785.9 VERUS_RESULT={"encountered-error": true, "encountered-vir-error": false, "errors": 1, "is-verifying-entire-crate": true, "success": false, "verified": 243}
#20 1785.9 VERUS_DIAGNOSTIC={"$message_type": "diagnostic", "children": [], "code": null, "level": "error", "message": "postcondition not satisfied", "rendered": "error: postcondition not satisfied\n   --> crates/gripsack-policy/src/retry_budget.rs:151:13\n    |\n151 |             admission == old(self).expected_begin(elapsed_ns),\n    |             ^^^^^^^^^^^^^^^^^^^^^^^^^^^^^^^^^^^^^^^^^^^^^^^^^ failed this postcondition\n...\n182 |             return AttemptAdmission::Wait { nanoseconds: (self.ready_after - observed) as u64 };\n    |             ----------------------------------------------------------------------------------- at this exit\n\n", "spans": [{"byte_end": 9096, "byte_start": 9013, "column_end": 96, "column_start": 13, "expansion": null, "file_name": "crates/gripsack-policy/src/retry_budget.rs", "is_primary": false, "label": "at this exit", "line_end": 182, "line_start": 182, "suggested_replacement": null, "suggestion_applicability": null, "text": [{"highlight_end": 96, "highlight_start": 13, "text": "            return AttemptAdmission::Wait { nanoseconds: (self.ready_after - observed) as u64 };"}]}, {"byte_end": 7019, "byte_start": 6970, "column_end": 62, "column_start": 13, "expansion": null, "file_name": "crates/gripsack-policy/src/retry_budget.rs", "is_primary": true, "label": "failed this postcondition", "line_end": 151, "line_start": 151, "suggested_replacement": null, "suggestion_applicability": null, "text": [{"highlight_end": 62, "highlight_start": 13, "text": "            admission == old(self).expected_begin(elapsed_ns),"}]}]}
#20 1785.9 VERUS_DIAGNOSTIC={"$message_type": "diagnostic", "children": [], "code": null, "level": "error", "message": "postcondition not satisfied", "rendered": "error: postcondition not satisfied\n   --> crates/gripsack-policy/src/retry_budget.rs:151:13\n    |\n151 |             admission == old(self).expected_begin(elapsed_ns),\n    |             ^^^^^^^^^^^^^^^^^^^^^^^^^^^^^^^^^^^^^^^^^^^^^^^^^ failed this postcondition\n...\n179 |         if self.attempts >= ATTEMPT_LIMIT { return AttemptAdmission::Stop(self.stop(RetryRefusal::AttemptLimit)); }\n    |                                             -------------------------------------------------------------------- at this exit\n\n", "spans": [{"byte_end": 8898, "byte_start": 8830, "column_end": 113, "column_start": 45, "expansion": null, "file_name": "crates/gripsack-policy/src/retry_budget.rs", "is_primary": false, "label": "at this exit", "line_end": 179, "line_start": 179, "suggested_replacement": null, "suggestion_applicability": null, "text": [{"highlight_end": 113, "highlight_start": 45, "text": "        if self.attempts >= ATTEMPT_LIMIT { return AttemptAdmission::Stop(self.stop(RetryRefusal::AttemptLimit)); }"}]}, {"byte_end": 7019, "byte_start": 6970, "column_end": 62, "column_start": 13, "expansion": null, "file_name": "crates/gripsack-policy/src/retry_budget.rs", "is_primary": true, "label": "failed this postcondition", "line_end": 151, "line_start": 151, "suggested_replacement": null, "suggestion_applicability": null, "text": [{"highlight_end": 62, "highlight_start": 13, "text": "            admission == old(self).expected_begin(elapsed_ns),"}]}]}
#20 1785.9 VERUS_DIAGNOSTIC={"$message_type": "diagnostic", "children": [], "code": null, "level": "error", "message": "postcondition not satisfied", "rendered": "error: postcondition not satisfied\n   --> crates/gripsack-policy/src/retry_budget.rs:151:13\n    |\n151 |             admission == old(self).expected_begin(elapsed_ns),\n    |             ^^^^^^^^^^^^^^^^^^^^^^^^^^^^^^^^^^^^^^^^^^^^^^^^^ failed this postcondition\n...\n176 |             None => return AttemptAdmission::Stop(self.stop(RetryRefusal::Deadline)),\n    |                     ---------------------------------------------------------------- at this exit\n\n", "spans": [{"byte_end": 8717, "byte_start": 8653, "column_end": 85, "column_start": 21, "expansion": null, "file_name": "crates/gripsack-policy/src/retry_budget.rs", "is_primary": false, "label": "at this exit", "line_end": 176, "line_start": 176, "suggested_replacement": null, "suggestion_applicability": null, "text": [{"highlight_end": 85, "highlight_start": 21, "text": "            None => return AttemptAdmission::Stop(self.stop(RetryRefusal::Deadline)),"}]}, {"byte_end": 7019, "byte_start": 6970, "column_end": 62, "column_start": 13, "expansion": null, "file_name": "crates/gripsack-policy/src/retry_budget.rs", "is_primary": true, "label": "failed this postcondition", "line_end": 151, "line_start": 151, "suggested_replacement": null, "suggestion_applicability": null, "text": [{"highlight_end": 62, "highlight_start": 13, "text": "            admission == old(self).expected_begin(elapsed_ns),"}]}]}
#20 1785.9 VERUS_DIAGNOSTIC={"$message_type": "diagnostic", "children": [], "code": null, "level": "error", "message": "postcondition not satisfied", "rendered": "error: postcondition not satisfied\n   --> crates/gripsack-policy/src/retry_budget.rs:156:17\n    |\n156 |                 AttemptAdmission::Start { ordinal, remaining_ns } =>\n    |                 ^^^^^^^^^^^^^^^^^^^^^^^^^^^^^^^^^^^^^^^^^^^^^^^^^ failed this postcondition\n...\n182 |             return AttemptAdmission::Wait { nanoseconds: (self.ready_after - observed) as u64 };\n    |             ----------------------------------------------------------------------------------- at this exit\n\n", "spans": [{"byte_end": 9096, "byte_start": 9013, "column_end": 96, "column_start": 13, "expansion": null, "file_name": "crates/gripsack-policy/src/retry_budget.rs", "is_primary": false, "label": "at this exit", "line_end": 182, "line_start": 182, "suggested_replacement": null, "suggestion_applicability": null, "text": [{"highlight_end": 96, "highlight_start": 13, "text": "            return AttemptAdmission::Wait { nanoseconds: (self.ready_after - observed) as u64 };"}]}, {"byte_end": 7298, "byte_start": 7249, "column_end": 66, "column_start": 17, "expansion": null, "file_name": "crates/gripsack-policy/src/retry_budget.rs", "is_primary": true, "label": "failed this postcondition", "line_end": 156, "line_start": 156, "suggested_replacement": null, "suggestion_applicability": null, "text": [{"highlight_end": 66, "highlight_start": 17, "text": "                AttemptAdmission::Start { ordinal, remaining_ns } =>"}]}]}
#20 1785.9 calibration: http-overlapping-attempt rejected in retry_budget::RetryBudget::begin
#20 1786.1 RUNNER_COMMAND=cargo verus verify --manifest-path /tmp/gripsack-verus-5g6gidwg/http-minimum-wait/crates/gripsack-policy/Cargo.toml -p gripsack-policy --locked --message-format=json -- --output-json --time-expanded
#20 1850.9 VERUS_RESULT={"encountered-error": true, "encountered-vir-error": false, "errors": 1, "is-verifying-entire-crate": true, "success": false, "verified": 243}
#20 1850.9 VERUS_DIAGNOSTIC={"$message_type": "diagnostic", "children": [], "code": null, "level": "error", "message": "postcondition not satisfied", "rendered": "error: postcondition not satisfied\n   --> crates/gripsack-policy/src/retry_budget.rs:151:13\n    |\n151 |             admission == old(self).expected_begin(elapsed_ns),\n    |             ^^^^^^^^^^^^^^^^^^^^^^^^^^^^^^^^^^^^^^^^^^^^^^^^^ failed this postcondition\n...\n186 |         AttemptAdmission::Start { ordinal: self.attempts, remaining_ns: remaining as u64 }\n    |         ---------------------------------------------------------------------------------- at the end of the function body\n\n", "spans": [{"byte_end": 9377, "byte_start": 9295, "column_end": 91, "column_start": 9, "expansion": null, "file_name": "crates/gripsack-policy/src/retry_budget.rs", "is_primary": false, "label": "at the end of the function body", "line_end": 186, "line_start": 186, "suggested_replacement": null, "suggestion_applicability": null, "text": [{"highlight_end": 91, "highlight_start": 9, "text": "        AttemptAdmission::Start { ordinal: self.attempts, remaining_ns: remaining as u64 }"}]}, {"byte_end": 7019, "byte_start": 6970, "column_end": 62, "column_start": 13, "expansion": null, "file_name": "crates/gripsack-policy/src/retry_budget.rs", "is_primary": true, "label": "failed this postcondition", "line_end": 151, "line_start": 151, "suggested_replacement": null, "suggestion_applicability": null, "text": [{"highlight_end": 62, "highlight_start": 13, "text": "            admission == old(self).expected_begin(elapsed_ns),"}]}]}
#20 1850.9 VERUS_DIAGNOSTIC={"$message_type": "diagnostic", "children": [], "code": null, "level": "error", "message": "postcondition not satisfied", "rendered": "error: postcondition not satisfied\n   --> crates/gripsack-policy/src/retry_budget.rs:156:17\n    |\n156 |                 AttemptAdmission::Start { ordinal, remaining_ns } =>\n    |                 ^^^^^^^^^^^^^^^^^^^^^^^^^^^^^^^^^^^^^^^^^^^^^^^^^ failed this postcondition\n...\n186 |         AttemptAdmission::Start { ordinal: self.attempts, remaining_ns: remaining as u64 }\n    |         ---------------------------------------------------------------------------------- at the end of the function body\n\n", "spans": [{"byte_end": 9377, "byte_start": 9295, "column_end": 91, "column_start": 9, "expansion": null, "file_name": "crates/gripsack-policy/src/retry_budget.rs", "is_primary": false, "label": "at the end of the function body", "line_end": 186, "line_start": 186, "suggested_replacement": null, "suggestion_applicability": null, "text": [{"highlight_end": 91, "highlight_start": 9, "text": "        AttemptAdmission::Start { ordinal: self.attempts, remaining_ns: remaining as u64 }"}]}, {"byte_end": 7298, "byte_start": 7249, "column_end": 66, "column_start": 17, "expansion": null, "file_name": "crates/gripsack-policy/src/retry_budget.rs", "is_primary": true, "label": "failed this postcondition", "line_end": 156, "line_start": 156, "suggested_replacement": null, "suggestion_applicability": null, "text": [{"highlight_end": 66, "highlight_start": 17, "text": "                AttemptAdmission::Start { ordinal, remaining_ns } =>"}]}]}
#20 1850.9 calibration: http-minimum-wait rejected in retry_budget::RetryBudget::begin
#20 1851.1 RUNNER_COMMAND=cargo verus verify --manifest-path /tmp/gripsack-verus-5g6gidwg/http-error-precedence/crates/gripsack-policy/Cargo.toml -p gripsack-policy --locked --message-format=json -- --output-json --time-expanded
#20 1915.3 VERUS_RESULT={"encountered-error": true, "encountered-vir-error": false, "errors": 1, "is-verifying-entire-crate": true, "success": false, "verified": 243}
#20 1915.3 VERUS_DIAGNOSTIC={"$message_type": "diagnostic", "children": [], "code": null, "level": "error", "message": "postcondition not satisfied", "rendered": "error: postcondition not satisfied\n   --> crates/gripsack-policy/src/retry_budget.rs:191:13\n    |\n191 |             decision == old(self).expected_retry(elapsed_ns, retryable, server_wait_ns),\n    |             ^^^^^^^^^^^^^^^^^^^^^^^^^^^^^^^^^^^^^^^^^^^^^^^^^^^^^^^^^^^^^^^^^^^^^^^^^^^ failed this postcondition\n...\n216 |             None => return RetryDecision::Stop(self.stop(RetryRefusal::Deadline)),\n    |                     ------------------------------------------------------------- at this exit\n\n", "spans": [{"byte_end": 11421, "byte_start": 11360, "column_end": 82, "column_start": 21, "expansion": null, "file_name": "crates/gripsack-policy/src/retry_budget.rs", "is_primary": false, "label": "at this exit", "line_end": 216, "line_start": 216, "suggested_replacement": null, "suggestion_applicability": null, "text": [{"highlight_end": 82, "highlight_start": 21, "text": "            None => return RetryDecision::Stop(self.stop(RetryRefusal::Deadline)),"}]}, {"byte_end": 9602, "byte_start": 9527, "column_end": 88, "column_start": 13, "expansion": null, "file_name": "crates/gripsack-policy/src/retry_budget.rs", "is_primary": true, "label": "failed this postcondition", "line_end": 191, "line_start": 191, "suggested_replacement": null, "suggestion_applicability": null, "text": [{"highlight_end": 88, "highlight_start": 13, "text": "            decision == old(self).expected_retry(elapsed_ns, retryable, server_wait_ns),"}]}]}
#20 1915.3 VERUS_DIAGNOSTIC={"$message_type": "diagnostic", "children": [], "code": null, "level": "error", "message": "postcondition not satisfied", "rendered": "error: postcondition not satisfied\n   --> crates/gripsack-policy/src/retry_budget.rs:209:13\n    |\n209 |             old(self).in_flight() && !retryable ==> decision == RetryDecision::Stop(RetryRefusal::NonRetryable),\n    |             ^^^^^^^^^^^^^^^^^^^^^^^^^^^^^^^^^^^^^^^^^^^^^^^^^^^^^^^^^^^^^^^^^^^^^^^^^^^^^^^^^^^^^^^^^^^^^^^^^^^ failed this postcondition\n...\n216 |             None => return RetryDecision::Stop(self.stop(RetryRefusal::Deadline)),\n    |                     ------------------------------------------------------------- at this exit\n\n", "spans": [{"byte_end": 11421, "byte_start": 11360, "column_end": 82, "column_start": 21, "expansion": null, "file_name": "crates/gripsack-policy/src/retry_budget.rs", "is_primary": false, "label": "at this exit", "line_end": 216, "line_start": 216, "suggested_replacement": null, "suggestion_applicability": null, "text": [{"highlight_end": 82, "highlight_start": 21, "text": "            None => return RetryDecision::Stop(self.stop(RetryRefusal::Deadline)),"}]}, {"byte_end": 10889, "byte_start": 10790, "column_end": 112, "column_start": 13, "expansion": null, "file_name": "crates/gripsack-policy/src/retry_budget.rs", "is_primary": true, "label": "failed this postcondition", "line_end": 209, "line_start": 209, "suggested_replacement": null, "suggestion_applicability": null, "text": [{"highlight_end": 112, "highlight_start": 13, "text": "            old(self).in_flight() && !retryable ==> decision == RetryDecision::Stop(RetryRefusal::NonRetryable),"}]}]}
#20 1915.3 calibration: http-error-precedence rejected in retry_budget::RetryBudget::decide
#20 1915.5 RUNNER_COMMAND=cargo verus verify --manifest-path /tmp/gripsack-verus-5g6gidwg/http-backoff/crates/gripsack-policy/Cargo.toml -p gripsack-policy --locked --message-format=json -- --output-json --time-expanded
#20 1979.9 VERUS_RESULT={"encountered-error": true, "encountered-vir-error": false, "errors": 1, "is-verifying-entire-crate": true, "success": false, "verified": 243}
#20 1979.9 VERUS_DIAGNOSTIC={"$message_type": "diagnostic", "children": [], "code": null, "level": "error", "message": "postcondition not satisfied", "rendered": "error: postcondition not satisfied\n   --> crates/gripsack-policy/src/retry_budget.rs:191:13\n    |\n191 |             decision == old(self).expected_retry(elapsed_ns, retryable, server_wait_ns),\n    |             ^^^^^^^^^^^^^^^^^^^^^^^^^^^^^^^^^^^^^^^^^^^^^^^^^^^^^^^^^^^^^^^^^^^^^^^^^^^ failed this postcondition\n...\n230 |         RetryDecision::RetryAfter { nanoseconds: delay as u64 }\n    |         ------------------------------------------------------- at the end of the function body\n\n", "spans": [{"byte_end": 12249, "byte_start": 12194, "column_end": 64, "column_start": 9, "expansion": null, "file_name": "crates/gripsack-policy/src/retry_budget.rs", "is_primary": false, "label": "at the end of the function body", "line_end": 230, "line_start": 230, "suggested_replacement": null, "suggestion_applicability": null, "text": [{"highlight_end": 64, "highlight_start": 9, "text": "        RetryDecision::RetryAfter { nanoseconds: delay as u64 }"}]}, {"byte_end": 9602, "byte_start": 9527, "column_end": 88, "column_start": 13, "expansion": null, "file_name": "crates/gripsack-policy/src/retry_budget.rs", "is_primary": true, "label": "failed this postcondition", "line_end": 191, "line_start": 191, "suggested_replacement": null, "suggestion_applicability": null, "text": [{"highlight_end": 88, "highlight_start": 13, "text": "            decision == old(self).expected_retry(elapsed_ns, retryable, server_wait_ns),"}]}]}
#20 1979.9 VERUS_DIAGNOSTIC={"$message_type": "diagnostic", "children": [], "code": null, "level": "error", "message": "postcondition not satisfied", "rendered": "error: postcondition not satisfied\n   --> crates/gripsack-policy/src/retry_budget.rs:191:13\n    |\n191 |             decision == old(self).expected_retry(elapsed_ns, retryable, server_wait_ns),\n    |             ^^^^^^^^^^^^^^^^^^^^^^^^^^^^^^^^^^^^^^^^^^^^^^^^^^^^^^^^^^^^^^^^^^^^^^^^^^^ failed this postcondition\n...\n225 |         if !self.time.admit_wait(elapsed_ns, delay) { return RetryDecision::Stop(self.stop(RetryRefusal::Deadline)); }\n    |                                                       ------------------------------------------------------------- at this exit\n\n", "spans": [{"byte_end": 12004, "byte_start": 11943, "column_end": 116, "column_start": 55, "expansion": null, "file_name": "crates/gripsack-policy/src/retry_budget.rs", "is_primary": false, "label": "at this exit", "line_end": 225, "line_start": 225, "suggested_replacement": null, "suggestion_applicability": null, "text": [{"highlight_end": 116, "highlight_start": 55, "text": "        if !self.time.admit_wait(elapsed_ns, delay) { return RetryDecision::Stop(self.stop(RetryRefusal::Deadline)); }"}]}, {"byte_end": 9602, "byte_start": 9527, "column_end": 88, "column_start": 13, "expansion": null, "file_name": "crates/gripsack-policy/src/retry_budget.rs", "is_primary": true, "label": "failed this postcondition", "line_end": 191, "line_start": 191, "suggested_replacement": null, "suggestion_applicability": null, "text": [{"highlight_end": 88, "highlight_start": 13, "text": "            decision == old(self).expected_retry(elapsed_ns, retryable, server_wait_ns),"}]}]}
#20 1979.9 calibration: http-backoff rejected in retry_budget::RetryBudget::decide
#20 1980.1 RUNNER_COMMAND=cargo verus verify --manifest-path /tmp/gripsack-verus-5g6gidwg/http-cumulative-wait/crates/gripsack-policy/Cargo.toml -p gripsack-policy --locked --message-format=json -- --output-json --time-expanded
#20 2044.4 VERUS_RESULT={"encountered-error": true, "encountered-vir-error": false, "errors": 1, "is-verifying-entire-crate": true, "success": false, "verified": 243}
#20 2044.4 VERUS_DIAGNOSTIC={"$message_type": "diagnostic", "children": [], "code": null, "level": "error", "message": "postcondition not satisfied", "rendered": "error: postcondition not satisfied\n   --> crates/gripsack-policy/src/retry_budget.rs:196:17\n    |\n196 |                 RetryDecision::RetryAfter { nanoseconds } =>\n    |                 ^^^^^^^^^^^^^^^^^^^^^^^^^^^^^^^^^^^^^^^^^ failed this postcondition\n...\n230 |         RetryDecision::RetryAfter { nanoseconds: delay as u64 }\n    |         ------------------------------------------------------- at the end of the function body\n\n", "spans": [{"byte_end": 12281, "byte_start": 12226, "column_end": 64, "column_start": 9, "expansion": null, "file_name": "crates/gripsack-policy/src/retry_budget.rs", "is_primary": false, "label": "at the end of the function body", "line_end": 230, "line_start": 230, "suggested_replacement": null, "suggestion_applicability": null, "text": [{"highlight_end": 64, "highlight_start": 9, "text": "        RetryDecision::RetryAfter { nanoseconds: delay as u64 }"}]}, {"byte_end": 9866, "byte_start": 9825, "column_end": 58, "column_start": 17, "expansion": null, "file_name": "crates/gripsack-policy/src/retry_budget.rs", "is_primary": true, "label": "failed this postcondition", "line_end": 196, "line_start": 196, "suggested_replacement": null, "suggestion_applicability": null, "text": [{"highlight_end": 58, "highlight_start": 17, "text": "                RetryDecision::RetryAfter { nanoseconds } =>"}]}]}
#20 2044.4 calibration: http-cumulative-wait rejected in retry_budget::RetryBudget::decide
#20 2044.6 RUNNER_COMMAND=cargo verus verify --manifest-path /tmp/gripsack-verus-5g6gidwg/http-late-completion/crates/gripsack-policy/Cargo.toml -p gripsack-policy --locked --message-format=json -- --output-json --time-expanded
#20 2109.4 VERUS_RESULT={"encountered-error": true, "encountered-vir-error": false, "errors": 1, "is-verifying-entire-crate": true, "success": false, "verified": 243}
#20 2109.4 VERUS_DIAGNOSTIC={"$message_type": "diagnostic", "children": [], "code": null, "level": "error", "message": "postcondition not satisfied", "rendered": "error: postcondition not satisfied\n   --> crates/gripsack-policy/src/retry_budget.rs:235:13\n    |\n235 |             result == old(self).expected_completion(elapsed_ns),\n    |             ^^^^^^^^^^^^^^^^^^^^^^^^^^^^^^^^^^^^^^^^^^^^^^^^^^^ failed this postcondition\n...\n249 |         Ok(())\n    |         ------ at the end of the function body\n\n", "spans": [{"byte_end": 13317, "byte_start": 13311, "column_end": 15, "column_start": 9, "expansion": null, "file_name": "crates/gripsack-policy/src/retry_budget.rs", "is_primary": false, "label": "at the end of the function body", "line_end": 249, "line_start": 249, "suggested_replacement": null, "suggestion_applicability": null, "text": [{"highlight_end": 15, "highlight_start": 9, "text": "        Ok(())"}]}, {"byte_end": 12486, "byte_start": 12435, "column_end": 64, "column_start": 13, "expansion": null, "file_name": "crates/gripsack-policy/src/retry_budget.rs", "is_primary": true, "label": "failed this postcondition", "line_end": 235, "line_start": 235, "suggested_replacement": null, "suggestion_applicability": null, "text": [{"highlight_end": 64, "highlight_start": 13, "text": "            result == old(self).expected_completion(elapsed_ns),"}]}]}
#20 2109.4 VERUS_DIAGNOSTIC={"$message_type": "diagnostic", "children": [], "code": null, "level": "error", "message": "postcondition not satisfied", "rendered": "error: postcondition not satisfied\n   --> crates/gripsack-policy/src/retry_budget.rs:238:13\n    |\n238 | /             result.is_ok() ==> old(self).in_flight() && old(self).stopped().is_none()\n239 | |                 && final(self).finished() && final(self).observed() < OPERATION_NANOSECONDS,\n    | |___________________________________________________________________________________________^ failed this postcondition\n...\n249 |           Ok(())\n    |           ------ at the end of the function body\n\n", "spans": [{"byte_end": 13317, "byte_start": 13311, "column_end": 15, "column_start": 9, "expansion": null, "file_name": "crates/gripsack-policy/src/retry_budget.rs", "is_primary": false, "label": "at the end of the function body", "line_end": 249, "line_start": 249, "suggested_replacement": null, "suggestion_applicability": null, "text": [{"highlight_end": 15, "highlight_start": 9, "text": "        Ok(())"}]}, {"byte_end": 12829, "byte_start": 12664, "column_end": 92, "column_start": 13, "expansion": null, "file_name": "crates/gripsack-policy/src/retry_budget.rs", "is_primary": true, "label": "failed this postcondition", "line_end": 239, "line_start": 238, "suggested_replacement": null, "suggestion_applicability": null, "text": [{"highlight_end": 86, "highlight_start": 13, "text": "            result.is_ok() ==> old(self).in_flight() && old(self).stopped().is_none()"}, {"highlight_end": 92, "highlight_start": 1, "text": "                && final(self).finished() && final(self).observed() < OPERATION_NANOSECONDS,"}]}]}
#20 2109.4 calibration: http-late-completion rejected in retry_budget::RetryBudget::complete
#20 2109.6 RUNNER_COMMAND=cargo verus verify --manifest-path /tmp/gripsack-verus-5g6gidwg/unrelated-lemma/crates/gripsack-policy/Cargo.toml -p gripsack-policy --locked --message-format=json -- --output-json --time-expanded
#20 2173.6 VERUS_RESULT={"encountered-error": true, "encountered-vir-error": false, "errors": 1, "is-verifying-entire-crate": true, "success": false, "verified": 244}
#20 2173.6 VERUS_DIAGNOSTIC={"$message_type": "diagnostic", "children": [], "code": null, "level": "error", "message": "postcondition not satisfied", "rendered": "error: postcondition not satisfied\n   --> crates/gripsack-policy/src/selection.rs:118:54\n    |\n118 | pub proof fn unrelated_calibration_failure() ensures false {}\n    | --------------------------------------------         ^^^^^ failed this postcondition\n    | |\n    | at the end of the function body\n\n", "spans": [{"byte_end": 4143, "byte_start": 4099, "column_end": 45, "column_start": 1, "expansion": null, "file_name": "crates/gripsack-policy/src/selection.rs", "is_primary": false, "label": "at the end of the function body", "line_end": 118, "line_start": 118, "suggested_replacement": null, "suggestion_applicability": null, "text": [{"highlight_end": 45, "highlight_start": 1, "text": "pub proof fn unrelated_calibration_failure() ensures false {}"}]}, {"byte_end": 4157, "byte_start": 4152, "column_end": 59, "column_start": 54, "expansion": null, "file_name": "crates/gripsack-policy/src/selection.rs", "is_primary": true, "label": "failed this postcondition", "line_end": 118, "line_start": 118, "suggested_replacement": null, "suggestion_applicability": null, "text": [{"highlight_end": 59, "highlight_start": 54, "text": "pub proof fn unrelated_calibration_failure() ensures false {}"}]}]}
#20 2173.6 calibration: unrelated lemma refused as classifier evidence
#20 2173.6 VERUS_CALIBRATIONS=32
#20 2173.6 verify gate: OK
#20 DONE 2175.3s

#21 exporting to image
#21 exporting layers
#21 exporting layers 78.5s done
#21 exporting manifest sha256:dfba2f978e23f14fc5bc4b561aecbad30a06970f458371cba5019a555ebbf429 0.0s done
#21 exporting config sha256:f63af1283bfa7cdc7d2fd9bca2f729e8aefb7369d064f7e7342f04531c26c034 0.0s done
#21 exporting attestation manifest sha256:84106654790b7d75e98ac035d259f2eb9c0dbc52b5a9cc9b0b946510126b5f79 0.0s done
#21 exporting manifest list sha256:e83e26fd53fdb0300f5735db44fde7b31add06cbe96b6ba2ce05f5cb4544ea24 0.0s done
#21 naming to docker.io/library/gripsack-verify:latest done
#21 unpacking to docker.io/library/gripsack-verify:latest
#21 unpacking to docker.io/library/gripsack-verify:latest 28.0s done
#21 DONE 106.6s

#22 resolving provenance for metadata file
#22 DONE 0.0s
 Image gripsack-verify Built 
 Container gripsack-verify-run-5381d9a7920a Creating 
 Container gripsack-verify-run-5381d9a7920a Created 
gate passed: cargo verus verify -p gripsack-policy + seeded-mutant calibration (scripts/check_verus.sh)


=== RATE CLI SMOKE SOURCE ===
from pathlib import Path
import hashlib
import json
import os
import subprocess
import sys
import tempfile

sys.path.insert(0, str(Path.cwd()))
from conftest import GRIP, make_env_repo
from test_fetchers import FETCH_FIXTURE, PLUGIN_MODULES

base_environment = dict(os.environ)

def prepare(root, rate, count):
    home = root / 'home'
    home.mkdir()
    state = home / '.local/share/gripsack'
    tools = root / 'tools'
    tools.mkdir()
    calls = root / 'calls.jsonl'
    fixture = FETCH_FIXTURE.replace('"1/s"', json.dumps(rate)).replace(
        'elif req["op"] == "fetch":\n',
        'elif req["op"] == "fetch":\n'
        '    import time\n'
        f'    with open({str(calls)!r}, "a") as record: record.write(json.dumps({{"time": time.monotonic_ns()}}) + "\\n")\n',
    )
    fetcher = tools / 'gripfetch-demo'
    fetcher.write_text(fixture)
    fetcher.chmod(0o755)
    os.environ.clear()
    os.environ.update(base_environment)
    os.environ.update(HOME=str(home), GRIPSACK_HOME=str(state), GRIPSACK_TRUST_ALL='1', PATH=str(tools) + ':' + base_environment['PATH'])
    os.environ.pop('XDG_DATA_HOME', None)
    modules = {name: PLUGIN_MODULES['a'].replace('module("a"', f'module("{name}"').replace('demo-a', f'demo-{name}') for name in 'abcd'[:count]}
    repo = make_env_repo(root / 'repo', modules)
    config = repo / 'env.toml'
    config.write_text(config.read_text() + '\n[throttle]\n"demo.local" = ' + json.dumps(rate) + '\n')
    return home, state, calls, repo

def apply(repo):
    result = subprocess.run([str(GRIP.resolve()), 'apply', '--host', 'testhost'], cwd=repo, capture_output=True, text=True, timeout=30)
    print('COMMAND', str(GRIP.resolve()), 'apply --host testhost', 'CWD', repo, 'EXIT', result.returncode, flush=True)
    print(result.stdout, end='', flush=True)
    print(result.stderr, end='', flush=True)
    return result.returncode

with tempfile.TemporaryDirectory(prefix='gripsack-rate-cli-') as temporary:
    root = Path(temporary)
    print('BINARY_SHA256=' + hashlib.sha256(GRIP.resolve().read_bytes()).hexdigest(), flush=True)
    for label, rate in [('fractional', '1.5/s'), ('largest', '1.7976931348623157e308/s')]:
        case = root / label
        case.mkdir()
        home, state, calls, repo = prepare(case, rate, 4)
        assert apply(repo) == 0
        events = [json.loads(line) for line in calls.read_text().splitlines()]
        assert len(events) == 4, events
        for name in 'abcd':
            assert (home / f'.local/bin/demo-{name}').read_text() == '#!/bin/sh\necho demo\n'
        saved = json.loads((state / 'throttle.json').read_text())['demo.local']
        assert saved['version'] == 1 and saved['period_ns'] == 1_000_000_000
        spacing = (max(event['time'] for event in events) - min(event['time'] for event in events)) / 1e9
        if label == 'fractional':
            assert spacing >= 1.5, spacing
        print(f'OBSERVED {label}: four actual plugin fetches, installed payloads, persisted exact credits, invocation spacing {spacing:.6f}s', flush=True)
    case = root / 'persisted-deadline'
    case.mkdir()
    home, state, calls, repo = prepare(case, '1.5/hr', 2)
    assert apply(repo) == 1
    assert len(calls.read_text().splitlines()) == 1
    assert apply(repo) == 1
    assert len(calls.read_text().splitlines()) == 1
    config = repo / 'env.toml'
    config.write_text(config.read_text().replace('"1.5/hr"', '"100/s"'))
    assert apply(repo) == 0
    for name in 'ab':
        assert (home / f'.local/bin/demo-{name}').read_text() == '#!/bin/sh\necho demo\n'
    print('OBSERVED persisted-deadline: insufficient tokens refused both commands without another fetch; explicit higher-rate override recovered both payloads', flush=True)
print('RATE_CLI_SMOKE=3', flush=True)


=== COMPLETE RATE CLI SMOKE OUTPUT ===
 Image gripsack-e2e Building 
#1 [internal] load local bake definitions
#1 reading from stdin 525B done
#1 DONE 0.0s

#2 [internal] load build definition from Dockerfile
#2 transferring dockerfile:
#2 transferring dockerfile: 11.13kB done
#2 DONE 0.0s

#3 resolve image config for docker-image://docker.io/docker/dockerfile:1
#3 DONE 0.5s

#4 docker-image://docker.io/docker/dockerfile:1@sha256:ecfaec9ed6d810b56388c508f4121597bfbba70d41a6dfeee4d8cad5f295fc32
#4 resolve docker.io/docker/dockerfile:1@sha256:ecfaec9ed6d810b56388c508f4121597bfbba70d41a6dfeee4d8cad5f295fc32 0.0s done
#4 CACHED

#5 [internal] load metadata for docker.io/library/rust:alpine@sha256:a10e64dd139b7387337c7fbe8aca31b959b57b2fd4c8ae20a02cf1d6ea424dce
#5 DONE 0.0s

#6 [internal] load metadata for docker.io/library/python:3.13-slim@sha256:9d2e5553305c7c7b0097999bb17187c69b921ccd6bc9d40e4bb5ebe652c00285
#6 DONE 0.6s

#7 [internal] load .dockerignore
#7 transferring context: 139B done
#7 DONE 0.1s

#8 [e2e  4/12] ADD --checksum=sha256:394f07f4da2bebe6ce6f1e7ce0fa16429b29b08c35e3fac3fe25972676dff4b2 https://github.com/denoland/deno/releases/download/v2.9.6/deno-x86_64-unknown-linux-gnu.zip /tmp/deno.zip
#8 DONE 0.0s

#9 [builder  1/10] FROM docker.io/library/rust:alpine@sha256:a10e64dd139b7387337c7fbe8aca31b959b57b2fd4c8ae20a02cf1d6ea424dce
#9 resolve docker.io/library/rust:alpine@sha256:a10e64dd139b7387337c7fbe8aca31b959b57b2fd4c8ae20a02cf1d6ea424dce 0.0s done
#9 DONE 0.0s

#10 [e2e  1/12] FROM docker.io/library/python:3.13-slim@sha256:9d2e5553305c7c7b0097999bb17187c69b921ccd6bc9d40e4bb5ebe652c00285
#10 resolve docker.io/library/python:3.13-slim@sha256:9d2e5553305c7c7b0097999bb17187c69b921ccd6bc9d40e4bb5ebe652c00285 0.0s done
#10 DONE 0.0s

#11 [internal] load build context
#11 transferring context: 707.98kB 0.1s done
#11 DONE 0.1s

#12 [builder  6/10] COPY crates ./crates
#12 CACHED

#13 [builder  8/10] COPY schema ./schema
#13 CACHED

#14 [builder  9/10] COPY typescript ./typescript
#14 CACHED

#15 [builder  7/10] COPY fuzz ./fuzz
#15 CACHED

#16 [builder  2/10] RUN apk add --no-cache musl-dev git curl xz     && rustup component add clippy rustfmt
#16 CACHED

#17 [builder  3/10] RUN set -e;     arch="$(uname -m)";     case "$arch" in       x86_64)  sha=3374daaf153e6f82028add5e4bf7cc2deab46537dee24f20be80df831193aeb4 ;;       aarch64) sha=35d90cee9648037eaa4c1a2649fdca9d1b9a9997b972d37be7f8629139ba1294 ;;       *) echo "unsupported arch: $arch" >&2; exit 1 ;;     esac;     curl -fsSL -o /tmp/ca.tar.xz "https://github.com/rust-secure-code/cargo-auditable/releases/download/v0.7.5/cargo-auditable-${arch}-unknown-linux-musl.tar.xz";     echo "$sha  /tmp/ca.tar.xz" | sha256sum -c -;     mkdir -p /tmp/ca && tar -xJf /tmp/ca.tar.xz -C /tmp/ca;     mv /tmp/ca/*/cargo-auditable /usr/local/bin/cargo-auditable;     rm -rf /tmp/ca /tmp/ca.tar.xz
#17 CACHED

#18 [builder  4/10] WORKDIR /app
#18 CACHED

#19 [builder  5/10] COPY Cargo.toml Cargo.lock ./
#19 CACHED

#20 [builder 10/10] COPY scripts ./scripts
#20 CACHED

#21 [bin 1/1] RUN cargo build --locked -p gripsack
#21 0.452     Updating crates.io index
#21 1.868  Downloading crates ...
#21 1.926   Downloaded adler2 v2.0.1
#21 1.933   Downloaded anstyle-query v1.1.5
#21 1.949   Downloaded stable_deref_trait v1.2.1
#21 1.952   Downloaded cfg-if v1.0.4
#21 1.955   Downloaded cpufeatures v0.3.0
#21 1.959   Downloaded subtle v2.6.1
#21 1.962   Downloaded anstyle v1.0.14
#21 1.966   Downloaded convert_case v0.4.0
#21 1.968   Downloaded find-msvc-tools v0.1.11
#21 1.971   Downloaded clap_lex v1.1.0
#21 1.973   Downloaded idna_adapter v1.2.2
#21 1.975   Downloaded shell-words v1.1.1
#21 1.977   Downloaded itoa v1.0.18
#21 1.982   Downloaded form_urlencoded v1.2.2
#21 1.983   Downloaded crypto-common v0.2.2
#21 1.985   Downloaded strsim v0.11.1
#21 1.989   Downloaded percent-encoding v2.3.2
#21 1.991   Downloaded ambient-authority v0.0.2
#21 1.993   Downloaded shlex v2.0.1
#21 1.996   Downloaded thread_local v1.1.10
#21 1.999   Downloaded colorchoice v1.0.5
#21 2.002   Downloaded thiserror v2.0.20
#21 2.013   Downloaded block-buffer v0.12.1
#21 2.016   Downloaded scopeguard v1.2.0
#21 2.020   Downloaded tracing-serde v0.2.0
#21 2.022   Downloaded heck v0.5.0
#21 2.024   Downloaded utf8parse v0.2.2
#21 2.026   Downloaded untrusted v0.9.0
#21 2.031   Downloaded unit-prefix v0.5.2
#21 2.034   Downloaded fs-set-times v0.20.3
#21 2.038   Downloaded equivalent v1.0.2
#21 2.041   Downloaded jobserver v0.1.35
#21 2.047   Downloaded lazy_static v1.5.0
#21 2.052   Downloaded potential_utf v0.1.6
#21 2.055   Downloaded openssl-probe v0.2.1
#21 2.060   Downloaded errno v0.3.14
#21 2.063   Downloaded maybe-owned v0.3.4
#21 2.066   Downloaded is_terminal_polyfill v1.70.2
#21 2.068   Downloaded httpdate v1.0.3
#21 2.071   Downloaded serde_spanned v1.1.1
#21 2.074   Downloaded matchers v0.2.0
#21 2.077   Downloaded zerofrom-derive v0.1.7
#21 2.080   Downloaded filetime v0.2.29
#21 2.084   Downloaded pin-project-lite v0.2.17
#21 2.097   Downloaded yoke-derive v0.8.2
#21 2.099   Downloaded io-lifetimes v2.0.4
#21 2.102   Downloaded fastrand v2.5.0
#21 2.105   Downloaded anstream v1.0.0
#21 2.109   Downloaded displaydoc v0.2.7
#21 2.113   Downloaded anstyle-parse v1.0.0
#21 2.116   Downloaded verus_builtin v0.0.0-2026-09-06-0133
#21 2.118   Downloaded utf8_iter v1.0.4
#21 2.120   Downloaded digest v0.11.3
#21 2.125   Downloaded quote v1.0.47
#21 2.131   Downloaded rustls-native-certs v0.8.4
#21 2.133   Downloaded webpki-roots v0.26.11
#21 2.137   Downloaded io-lifetimes v3.0.1
#21 2.139   Downloaded lock_api v0.4.14
#21 2.142   Downloaded rustix-linux-procfs v0.1.1
#21 2.144   Downloaded owo-colors v4.3.0
#21 2.147   Downloaded nu-ansi-term v0.50.3
#21 2.153   Downloaded bzip2 v0.6.1
#21 2.157   Downloaded hybrid-array v0.4.14
#21 2.161   Downloaded litemap v0.8.3
#21 2.167   Downloaded ipnet v2.12.1
#21 2.169   Downloaded io-extras v0.19.0
#21 2.174   Downloaded console v0.16.4
#21 2.177   Downloaded simd-adler32 v0.3.10
#21 2.181   Downloaded thiserror-impl v2.0.20
#21 2.184   Downloaded getrandom v0.2.17
#21 2.189   Downloaded toml_datetime v0.7.5+spec-1.1.0
#21 2.192   Downloaded crc32fast v1.5.1
#21 2.198   Downloaded dialoguer v0.12.0
#21 2.205   Downloaded pkg-config v0.3.34
#21 2.209   Downloaded rustls-pki-types v1.15.1
#21 2.214   Downloaded once_cell v1.21.4
#21 2.220   Downloaded tracing-log v0.2.0
#21 2.223   Downloaded toml_datetime v1.1.1+spec-1.1.0
#21 2.226   Downloaded xattr v1.6.1
#21 2.230   Downloaded parking_lot_core v0.9.12
#21 2.234   Downloaded base64 v0.22.1
#21 2.243   Downloaded serde_core v1.0.229
#21 2.247   Downloaded cap-std v4.0.3
#21 2.255   Downloaded icu_provider v2.3.1
#21 2.260   Downloaded zerovec-derive v0.11.6
#21 2.264   Downloaded zerofrom v0.1.8
#21 2.266   Downloaded const-oid v0.10.2
#21 2.271   Downloaded log v0.4.34
#21 2.276   Downloaded proc-macro2 v1.0.107
#21 2.282   Downloaded clap v4.6.6
#21 2.298   Downloaded writeable v0.6.4
#21 2.303   Downloaded clap_derive v4.6.4
#21 2.308   Downloaded getrandom v0.4.3
#21 2.316   Downloaded zeroize v1.9.0
#21 2.320   Downloaded zstd-safe v7.2.4
#21 2.323   Downloaded parking_lot v0.12.5
#21 2.331   Downloaded libbz2-rs-sys v0.2.5
#21 2.335   Downloaded cap-primitives v4.0.3
#21 2.357   Downloaded bitflags v2.13.1
#21 2.365   Downloaded indicatif v0.18.6
#21 2.373   Downloaded icu_normalizer_data v2.3.0
#21 2.377   Downloaded icu_locale_core v2.3.0
#21 2.393   Downloaded aho-corasick v1.1.5
#21 2.402   Downloaded ryu v1.0.23
#21 2.410   Downloaded icu_collections v2.3.0
#21 2.424   Downloaded flate2 v1.1.9
#21 2.432   Downloaded zmij v1.0.23
#21 2.437   Downloaded miniz_oxide v0.8.9
#21 2.442   Downloaded serde_derive v1.0.229
#21 2.447   Downloaded smallvec v1.15.2
#21 2.450   Downloaded serde v1.0.229
#21 2.457   Downloaded rustls-webpki v0.103.15
#21 2.463   Downloaded bumpalo v3.20.3
#21 2.467   Downloaded synstructure v0.13.2
#21 2.469   Downloaded tempfile v3.27.0
#21 2.475   Downloaded tinystr v0.8.4
#21 2.479   Downloaded toml_parser v1.1.3+spec-1.1.0
#21 2.484   Downloaded tracing-attributes v0.1.31
#21 2.489   Downloaded yoke v0.8.3
#21 2.492   Downloaded memchr v2.8.3
#21 2.506   Downloaded cc v1.4.4
#21 2.512   Downloaded indexmap v2.14.0
#21 2.520   Downloaded icu_properties v2.3.0
#21 2.527   Downloaded zstd v0.13.3
#21 2.534   Downloaded xz2 v0.1.7
#21 2.539   Downloaded idna v1.1.0
#21 2.545   Downloaded sha2 v0.11.0
#21 2.554   Downloaded tracing-core v0.1.36
#21 2.560   Downloaded hashbrown v0.17.1
#21 2.571   Downloaded toml v1.1.4+spec-1.1.0
#21 2.579   Downloaded toml v0.9.12+spec-1.1.0
#21 2.587   Downloaded toml_writer v1.1.2+spec-1.1.0
#21 2.589   Downloaded unicode-ident v1.0.24
#21 2.596   Downloaded clap_builder v4.6.6
#21 2.606   Downloaded serde_json v1.0.151
#21 2.619   Downloaded unsafe-libyaml v0.2.11
#21 2.625   Downloaded icu_properties_data v2.3.0
#21 2.640   Downloaded portable-atomic v1.15.0
#21 2.654   Downloaded serde_yaml v0.9.34+deprecated
#21 2.660   Downloaded tar v0.4.46
#21 2.666   Downloaded toml_edit v0.25.13+spec-1.1.0
#21 2.673   Downloaded zopfli v0.8.3
#21 2.677   Downloaded sharded-slab v0.1.7
#21 2.683   Downloaded url v2.5.8
#21 2.688   Downloaded regex-syntax v0.8.11
#21 2.697   Downloaded rustls v0.23.45
#21 2.717   Downloaded zerotrie v0.2.5
#21 2.725   Downloaded typed-path v0.12.3
#21 2.743   Downloaded rustix v1.1.4
#21 2.801   Downloaded ureq v2.12.1
#21 2.810   Downloaded icu_normalizer v2.3.0
#21 2.822   Downloaded zerovec v0.11.8
#21 2.833   Downloaded typenum v1.20.1
#21 2.838   Downloaded regex-automata v0.4.18
#21 2.862   Downloaded zip v8.6.0
#21 2.870   Downloaded lzma-sys v0.1.20
#21 2.922   Downloaded libc v0.2.189
#21 3.044   Downloaded winnow v0.7.15
#21 3.063   Downloaded winnow v1.0.4
#21 3.083   Downloaded tracing-subscriber v0.3.23
#21 3.097   Downloaded zlib-rs v0.6.7
#21 3.106   Downloaded ring v0.17.14
#21 3.173   Downloaded webpki-roots v1.0.9
#21 3.177   Downloaded verus_prettyplease v0.0.0-2026-09-06-0133
#21 3.183   Downloaded unicode-width v0.2.2
#21 3.190   Downloaded verus_state_machines_macros v0.0.0-2026-09-06-0133
#21 3.193   Downloaded vstd v0.0.0-2026-09-06-0133
#21 3.208   Downloaded verus_builtin_macros v0.0.0-2026-09-06-0133
#21 3.213   Downloaded syn v2.0.119
#21 3.227   Downloaded syn v3.0.4
#21 3.241   Downloaded linux-raw-sys v0.12.1
#21 3.303   Downloaded verus_syn v0.0.0-2026-09-06-0133
#21 3.318   Downloaded tracing v0.1.44
#21 3.335   Downloaded zstd-sys v2.0.16+zstd.1.5.7
#21 3.559    Compiling proc-macro2 v1.0.107
#21 3.559    Compiling unicode-ident v1.0.24
#21 3.559    Compiling quote v1.0.47
#21 3.559    Compiling libc v0.2.189
#21 3.559    Compiling cfg-if v1.0.4
#21 3.563    Compiling serde_core v1.0.229
#21 3.563    Compiling shlex v2.0.1
#21 3.565    Compiling find-msvc-tools v0.1.11
#21 3.568    Compiling hashbrown v0.17.1
#21 3.568    Compiling once_cell v1.21.4
#21 3.568    Compiling equivalent v1.0.2
#21 3.573    Compiling stable_deref_trait v1.2.1
#21 3.581    Compiling rustix v1.1.4
#21 3.581    Compiling bitflags v2.13.1
#21 3.585    Compiling serde v1.0.229
#21 3.585    Compiling linux-raw-sys v0.12.1
#21 3.586    Compiling pkg-config v0.3.34
#21 3.586    Compiling verus_prettyplease v0.0.0-2026-09-06-0133
#21 3.589    Compiling zmij v1.0.23
#21 3.592    Compiling smallvec v1.15.2
#21 3.595    Compiling itoa v1.0.18
#21 3.600    Compiling memchr v2.8.3
#21 3.604    Compiling serde_json v1.0.151
#21 3.604    Compiling io-lifetimes v3.0.1
#21 3.604    Compiling vstd v0.0.0-2026-09-06-0133
#21 3.615    Compiling litemap v0.8.3
#21 3.615    Compiling writeable v0.6.4
#21 3.615    Compiling convert_case v0.4.0
#21 3.616    Compiling typenum v1.20.1
#21 3.616    Compiling winnow v1.0.4
#21 3.616    Compiling io-lifetimes v2.0.4
#21 3.616    Compiling zeroize v1.9.0
#21 3.638    Compiling icu_normalizer_data v2.3.0
#21 3.644    Compiling icu_properties_data v2.3.0
#21 3.649    Compiling log v0.4.34
#21 3.692    Compiling thiserror v2.0.20
#21 3.804    Compiling toml_writer v1.1.2+spec-1.1.0
#21 3.869    Compiling verus_builtin v0.0.0-2026-09-06-0133
#21 3.887    Compiling utf8_iter v1.0.4
#21 3.905    Compiling io-extras v0.19.0
#21 3.938    Compiling getrandom v0.4.3
#21 3.944    Compiling cap-primitives v4.0.3
#21 3.961    Compiling rustls-pki-types v1.15.1
#21 3.969    Compiling tracing-core v0.1.36
#21 4.001    Compiling cap-std v4.0.3
#21 4.006    Compiling ambient-authority v0.0.2
#21 4.032    Compiling const-oid v0.10.2
#21 4.052    Compiling maybe-owned v0.3.4
#21 4.053    Compiling ipnet v2.12.1
#21 4.059    Compiling crc32fast v1.5.1
#21 4.075    Compiling winnow v0.7.15
#21 4.088    Compiling simd-adler32 v0.3.10
#21 4.095    Compiling cpufeatures v0.3.0
#21 4.114    Compiling zstd-safe v7.2.4
#21 4.114    Compiling untrusted v0.9.0
#21 4.223    Compiling fastrand v2.5.0
#21 4.247    Compiling pin-project-lite v0.2.17
#21 4.272    Compiling percent-encoding v2.3.2
#21 4.282    Compiling adler2 v2.0.1
#21 4.284    Compiling rustls v0.23.45
#21 4.310    Compiling parking_lot_core v0.9.12
#21 4.311    Compiling subtle v2.6.1
#21 4.329    Compiling libbz2-rs-sys v0.2.5
#21 4.330    Compiling bumpalo v3.20.3
#21 4.330    Compiling zlib-rs v0.6.7
#21 4.350    Compiling scopeguard v1.2.0
#21 4.363    Compiling openssl-probe v0.2.1
#21 4.419    Compiling miniz_oxide v0.8.9
#21 4.451    Compiling form_urlencoded v1.2.2
#21 4.459    Compiling lock_api v0.4.14
#21 4.485    Compiling base64 v0.22.1
#21 4.493    Compiling utf8parse v0.2.2
#21 4.541    Compiling regex-syntax v0.8.11
#21 4.551    Compiling typed-path v0.12.3
#21 4.565    Compiling anstyle-query v1.1.5
#21 4.598    Compiling webpki-roots v1.0.9
#21 4.609    Compiling anstyle-parse v1.0.0
#21 4.611    Compiling rustls-native-certs v0.8.4
#21 4.623    Compiling ryu v1.0.23
#21 4.647    Compiling is_terminal_polyfill v1.70.2
#21 4.687    Compiling indexmap v2.14.0
#21 4.725    Compiling webpki-roots v0.26.11
#21 4.730    Compiling lazy_static v1.5.0
#21 4.747    Compiling unsafe-libyaml v0.2.11
#21 4.756    Compiling httpdate v1.0.3
#21 4.765    Compiling anstyle v1.0.14
#21 4.772    Compiling portable-atomic v1.15.0
#21 4.833    Compiling zopfli v0.8.3
#21 4.846    Compiling unicode-width v0.2.2
#21 4.863    Compiling colorchoice v1.0.5
#21 4.864    Compiling sharded-slab v0.1.7
#21 4.902    Compiling tracing-log v0.2.0
#21 4.914    Compiling thread_local v1.1.10
#21 4.930    Compiling strsim v0.11.1
#21 4.955    Compiling nu-ansi-term v0.50.3
#21 4.956    Compiling owo-colors v4.3.0
#21 4.986    Compiling heck v0.5.0
#21 5.007    Compiling clap_lex v1.1.0
#21 5.059    Compiling unit-prefix v0.5.2
#21 5.132    Compiling shell-words v1.1.1
#21 5.238    Compiling anstream v1.0.0
#21 5.266    Compiling hybrid-array v0.4.14
#21 5.304    Compiling bzip2 v0.6.1
#21 5.412    Compiling syn v3.0.4
#21 5.417    Compiling syn v2.0.119
#21 5.417    Compiling verus_syn v0.0.0-2026-09-06-0133
#21 5.592    Compiling clap_builder v4.6.6
#21 5.675    Compiling toml_parser v1.1.3+spec-1.1.0
#21 5.815    Compiling jobserver v0.1.35
#21 5.815    Compiling getrandom v0.2.17
#21 5.815    Compiling filetime v0.2.29
#21 5.815    Compiling console v0.16.4
#21 6.068    Compiling parking_lot v0.12.5
#21 6.075    Compiling crypto-common v0.2.2
#21 6.075    Compiling block-buffer v0.12.1
#21 6.125    Compiling cc v1.4.4
#21 6.398    Compiling indicatif v0.18.6
#21 6.442    Compiling regex-automata v0.4.18
#21 7.088    Compiling digest v0.11.3
#21 7.208    Compiling sha2 v0.11.0
#21 7.659    Compiling serde_spanned v1.1.1
#21 7.659    Compiling toml_datetime v0.7.5+spec-1.1.0
#21 7.659    Compiling toml_datetime v1.1.1+spec-1.1.0
#21 7.852    Compiling ring v0.17.14
#21 7.852    Compiling zstd-sys v2.0.16+zstd.1.5.7
#21 7.852    Compiling lzma-sys v0.1.20
#21 7.913    Compiling toml v1.1.4+spec-1.1.0
#21 7.913    Compiling toml_edit v0.25.13+spec-1.1.0
#21 7.928    Compiling toml v0.9.12+spec-1.1.0
#21 8.021    Compiling flate2 v1.1.9
#21 8.917    Compiling rustix-linux-procfs v0.1.1
#21 8.928    Compiling fs-set-times v0.20.3
#21 8.929    Compiling tempfile v3.27.0
#21 8.929    Compiling xattr v1.6.1
#21 9.069    Compiling matchers v0.2.0
#21 9.095    Compiling tar v0.4.46
#21 9.273    Compiling xz2 v0.1.7
#21 9.281    Compiling dialoguer v0.12.0
#21 10.28    Compiling gripsack-fs v0.42.0 (/app/crates/gripsack-fs)
#21 10.91    Compiling synstructure v0.13.2
#21 11.64    Compiling zerovec-derive v0.11.6
#21 11.64    Compiling displaydoc v0.2.7
#21 11.64    Compiling serde_derive v1.0.229
#21 11.64    Compiling thiserror-impl v2.0.20
#21 11.64    Compiling clap_derive v4.6.4
#21 12.15    Compiling rustls-webpki v0.103.15
#21 12.15    Compiling zerofrom-derive v0.1.7
#21 12.15    Compiling yoke-derive v0.8.2
#21 12.15    Compiling tracing-attributes v0.1.31
#21 12.61    Compiling zstd v0.13.3
#21 12.93    Compiling zip v8.6.0
#21 13.82    Compiling zerofrom v0.1.8
#21 13.85    Compiling tracing v0.1.44
#21 13.93    Compiling yoke v0.8.3
#21 13.99    Compiling clap v4.6.6
#21 14.11    Compiling zerovec v0.11.8
#21 14.11    Compiling zerotrie v0.2.5
#21 14.22    Compiling verus_state_machines_macros v0.0.0-2026-09-06-0133
#21 14.22    Compiling verus_builtin_macros v0.0.0-2026-09-06-0133
#21 14.67    Compiling tinystr v0.8.4
#21 14.67    Compiling potential_utf v0.1.6
#21 14.74    Compiling icu_collections v2.3.0
#21 14.80    Compiling icu_locale_core v2.3.0
#21 15.36    Compiling gripsack-process v0.42.0 (/app/crates/gripsack-process)
#21 15.36    Compiling serde_yaml v0.9.34+deprecated
#21 15.36    Compiling tracing-serde v0.2.0
#21 15.45    Compiling tracing-subscriber v0.3.23
#21 15.63    Compiling icu_provider v2.3.1
#21 15.87    Compiling icu_properties v2.3.0
#21 15.87    Compiling icu_normalizer v2.3.0
#21 17.26    Compiling idna_adapter v1.2.2
#21 17.34    Compiling idna v1.1.0
#21 17.73    Compiling url v2.5.8
#21 18.30    Compiling ureq v2.12.1
#21 23.65    Compiling gripsack-policy v0.42.0 (/app/crates/gripsack-policy)
#21 24.05    Compiling gripsack-ir v0.42.0 (/app/crates/gripsack-ir)
#21 26.94    Compiling gripsack-store v0.42.0 (/app/crates/gripsack-store)
#21 26.94    Compiling gripsack-config v0.42.0 (/app/crates/gripsack-config)
#21 26.94    Compiling griplint v0.42.0 (/app/crates/griplint)
#21 29.03    Compiling gripsack-fetch v0.42.0 (/app/crates/gripsack-fetch)
#21 29.03    Compiling gripsack-trace v0.42.0 (/app/crates/gripsack-trace)
#21 30.86    Compiling gripsack-lint v0.42.0 (/app/crates/gripsack-lint)
#21 30.86    Compiling gripsack-exec v0.42.0 (/app/crates/gripsack-exec)
#21 35.43    Compiling gripsack v0.42.0 (/app/crates/gripsack)
#21 41.82     Finished `dev` profile [unoptimized + debuginfo] target(s) in 41.50s
#21 DONE 42.2s

#22 [e2e  2/12] WORKDIR /app
#22 CACHED

#23 [e2e  5/12] RUN python3 -m zipfile -e /tmp/deno.zip /tmp/deno     && mkdir -p /root/.local/share/gripsack/tools/deno-2.9.6     && mv /tmp/deno/deno /root/.local/share/gripsack/tools/deno-2.9.6/deno     && chmod 755 /root/.local/share/gripsack/tools/deno-2.9.6/deno     && rm -rf /tmp/deno.zip /tmp/deno
#23 CACHED

#24 [e2e  3/12] RUN apt-get update -qq && apt-get install -y -qq --no-install-recommends git     && rm -rf /var/lib/apt/lists/*
#24 CACHED

#25 [e2e  4/12] ADD --checksum=sha256:394f07f4da2bebe6ce6f1e7ce0fa16429b29b08c35e3fac3fe25972676dff4b2 https://github.com/denoland/deno/releases/download/v2.9.6/deno-x86_64-unknown-linux-gnu.zip /tmp/deno.zip
#25 CACHED

#26 [e2e  6/12] RUN printf 'uv==%s --hash=sha256:f7d6248ad9f2d282fea795f248da8fa666ab382df50d8385bd98e01049440a0c --hash=sha256:bd0afae6918795c6a61a649e64d735e339f3d62f8310235da6f19eb3f66f323b\n' "0.12.10" > /tmp/uv.req     && pip install --no-cache-dir --no-deps --require-hashes -r /tmp/uv.req     && uv --version     && rm -f /tmp/uv.req
#26 CACHED

#27 [e2e  7/12] COPY --from=bin /app/target/debug/grip /usr/local/bin/grip
#27 DONE 0.1s

#28 [e2e  8/12] COPY e2e/pyproject.toml e2e/uv.lock ./e2e/
#28 DONE 0.1s

#29 [e2e  9/12] RUN cd e2e && uv sync --locked
#29 0.297 Using CPython 3.13.15 interpreter at: /usr/local/bin/python3
#29 0.297 Creating virtual environment at: .venv
#29 0.305 Resolved 10 packages in 3ms
#29 0.399 Downloading pygments (1.2MiB)
#29 0.473  Downloaded pygments
#29 0.473 Prepared 5 packages in 168ms
#29 0.490 Installed 5 packages in 15ms
#29 0.490  + iniconfig==2.3.0
#29 0.490  + packaging==26.3
#29 0.490  + pluggy==1.6.0
#29 0.490  + pygments==2.21.0
#29 0.490  + pytest==9.1.1
#29 DONE 0.5s

#30 [e2e 10/12] COPY e2e ./e2e
#30 DONE 0.1s

#31 [e2e 11/12] COPY examples ./examples
#31 DONE 0.1s

#32 [e2e 12/12] WORKDIR /app/e2e
#32 DONE 0.0s

#33 exporting to image
#33 exporting layers
#33 exporting layers 3.0s done
#33 exporting manifest sha256:b2d34d83f8b7b47d0fad6e9580f226221be601f13450466057bb62d7380367b2 0.0s done
#33 exporting config sha256:e34a3dc22a9cab3ab8093663212336f98de1c32cdf147937611efe9d865b5a7d 0.0s done
#33 exporting attestation manifest sha256:09fdbc548d3de2b1cd811ab23776b1552a122fcdf18d21d5a11e1781e836c2b5 0.0s done
#33 exporting manifest list sha256:666db792c4998c212171c92b979a9f2ca53756d1b615b5a247f9d44e7022fb67 0.0s done
#33 naming to docker.io/library/gripsack-e2e:latest done
#33 unpacking to docker.io/library/gripsack-e2e:latest
#33 unpacking to docker.io/library/gripsack-e2e:latest 0.8s done
#33 DONE 3.9s

#34 resolving provenance for metadata file
#34 DONE 0.0s
 Image gripsack-e2e Built 
 Container gripsack-e2e-run-d6235e610a39 Creating 
 Container gripsack-e2e-run-d6235e610a39 Created 
BINARY_SHA256=c17bb826dc41095b52cc0e75435d2c1c9d8735f14b8f596d1efdacaa75d3c809
COMMAND /usr/local/bin/grip apply --host testhost CWD /tmp/gripsack-rate-cli-edkyuksf/fractional/repo EXIT 0
  d ✓ fetched plugin gripfetch-demo
  d ✓ linked d → ~/.local/bin/demo-d
  c ✓ fetched plugin gripfetch-demo
  c ✓ linked c → ~/.local/bin/demo-c
  a ✓ fetched plugin gripfetch-demo
  a ✓ linked a → ~/.local/bin/demo-a
  b ✓ fetched plugin gripfetch-demo
  b ✓ linked b → ~/.local/bin/demo-b
[1m[32mapplied —[39m[0m generation 1 active ([2m1.8s[0m)
OBSERVED fractional: four actual plugin fetches, installed payloads, persisted exact credits, invocation spacing 1.666636s
COMMAND /usr/local/bin/grip apply --host testhost CWD /tmp/gripsack-rate-cli-edkyuksf/largest/repo EXIT 0
  a ✓ fetched plugin gripfetch-demo
  a ✓ linked a → ~/.local/bin/demo-a
  c ✓ fetched plugin gripfetch-demo
  c ✓ linked c → ~/.local/bin/demo-c
  b ✓ fetched plugin gripfetch-demo
  b ✓ linked b → ~/.local/bin/demo-b
  d ✓ fetched plugin gripfetch-demo
  d ✓ linked d → ~/.local/bin/demo-d
[1m[32mapplied —[39m[0m generation 1 active ([2m0.2s[0m)
OBSERVED largest: four actual plugin fetches, installed payloads, persisted exact credits, invocation spacing 0.016550s
COMMAND /usr/local/bin/grip apply --host testhost CWD /tmp/gripsack-rate-cli-edkyuksf/persisted-deadline/repo EXIT 1
error[E301]: step fetch failed in b: fetch failed: source error fetching demo: gripfetch-demo cannot acquire a demo.local token within its operation deadline
  --> /tmp/gripsack-rate-cli-edkyuksf/persisted-deadline/repo/modules/b.ts:4:16
   |
   4 | export default module("b", {
   |                ^ raised here
COMMAND /usr/local/bin/grip apply --host testhost CWD /tmp/gripsack-rate-cli-edkyuksf/persisted-deadline/repo EXIT 1
error[E301]: step fetch failed in b: fetch failed: source error fetching demo: gripfetch-demo cannot acquire a demo.local token within its operation deadline
  --> /tmp/gripsack-rate-cli-edkyuksf/persisted-deadline/repo/modules/b.ts:4:16
   |
   4 | export default module("b", {
   |                ^ raised here
COMMAND /usr/local/bin/grip apply --host testhost CWD /tmp/gripsack-rate-cli-edkyuksf/persisted-deadline/repo EXIT 0
  a ✓ fetched plugin gripfetch-demo
  a ✓ linked a → ~/.local/bin/demo-a
  b ✓ fetched plugin gripfetch-demo
  b ✓ linked b → ~/.local/bin/demo-b
[1m[32mapplied —[39m[0m generation 1 active ([2m0.1s[0m)
OBSERVED persisted-deadline: insufficient tokens refused both commands without another fetch; explicit higher-rate override recovered both payloads
RATE_CLI_SMOKE=3


=== HTTP CLI SMOKE SOURCE ===
from pathlib import Path
import hashlib
import json
import os
import subprocess
import sys
import tempfile

sys.path.insert(0, str(Path.cwd()))
from conftest import GRIP
from test_http_policy import HttpFixture, tarball_repo

base_environment = dict(os.environ)
with tempfile.TemporaryDirectory(prefix='gripsack-http-budget-cli-') as temporary:
    root = Path(temporary)
    print('BINARY_SHA256=' + hashlib.sha256(GRIP.resolve().read_bytes()).hexdigest(), flush=True)
    for mode, names, expected_code, expected_counts, limited in [
        ('flaky', ('tool',), 1, {'/tool': 3}, False),
        ('always-500', ('tool',), 2, {'/tool': 3}, False),
        ('cooldown', ('alpha', 'omega'), 2, {'/alpha': 1}, False),
        ('partial', ('tool',), 1, {'/tool': 2}, False),
        ('partial', ('tool',), 2, {'/tool': 2}, True),
    ]:
        home = root / (mode + ('-limited' if limited else ''))
        home.mkdir()
        os.environ.clear()
        os.environ.update(base_environment)
        os.environ.update(HOME=str(home), GRIPSACK_HOME=str(home / '.local/share/gripsack'), GRIPSACK_TRUST_ALL='1')
        for variable in ('XDG_DATA_HOME', 'GH_TOKEN', 'GITHUB_TOKEN', 'GH_HOST', 'GITHUB_HOST', 'GH_ENTERPRISE_TOKEN', 'GITHUB_ENTERPRISE_TOKEN', 'ALL_PROXY', 'all_proxy', 'HTTP_PROXY', 'http_proxy', 'HTTPS_PROXY', 'https_proxy'):
            os.environ.pop(variable, None)
        os.environ['NO_PROXY'] = '*'
        server = HttpFixture()
        try:
            server.mode = mode
            repo = tarball_repo(home, server, names)
            if limited:
                with (repo / 'env.toml').open('a') as config:
                    config.write(f'\n[settings]\ndownload_limit_bytes = {len(server.archive)}\n')
            result = subprocess.run([str(GRIP.resolve()), 'update', '--check', '--host', 'testhost'], cwd=repo, capture_output=True, text=True, timeout=30)
            print('COMMAND', str(GRIP.resolve()), 'update --check --host testhost', 'MODE', mode, 'LIMITED', limited, 'EXIT', result.returncode, flush=True)
            print(result.stdout, end='', flush=True)
            print(result.stderr, end='', flush=True)
            assert result.returncode == expected_code
            assert dict(server.counts) == expected_counts, dict(server.counts)
            assert not (repo / 'locks/testhost.lock').exists()
            assert not (home / '.local/share/gripsack/store').exists()
            print('OBSERVED_REQUESTS=' + json.dumps(dict(server.counts), sort_keys=True), flush=True)
        finally:
            server.close()
print('HTTP_BUDGET_CLI_SMOKE=5', flush=True)


=== COMPLETE HTTP CLI SMOKE OUTPUT ===
 Image gripsack-e2e Building 
#1 [internal] load local bake definitions
#1 reading from stdin 525B done
#1 DONE 0.0s

#2 [internal] load build definition from Dockerfile
#2 transferring dockerfile: 11.18kB done
#2 DONE 0.0s

#3 resolve image config for docker-image://docker.io/docker/dockerfile:1
#3 DONE 0.6s

#4 docker-image://docker.io/docker/dockerfile:1@sha256:ecfaec9ed6d810b56388c508f4121597bfbba70d41a6dfeee4d8cad5f295fc32
#4 resolve docker.io/docker/dockerfile:1@sha256:ecfaec9ed6d810b56388c508f4121597bfbba70d41a6dfeee4d8cad5f295fc32 0.0s done
#4 CACHED

#5 [internal] load metadata for docker.io/library/python:3.13-slim@sha256:9d2e5553305c7c7b0097999bb17187c69b921ccd6bc9d40e4bb5ebe652c00285
#5 ...

#6 [internal] load metadata for docker.io/library/rust:alpine@sha256:a10e64dd139b7387337c7fbe8aca31b959b57b2fd4c8ae20a02cf1d6ea424dce
#6 DONE 0.6s

#5 [internal] load metadata for docker.io/library/python:3.13-slim@sha256:9d2e5553305c7c7b0097999bb17187c69b921ccd6bc9d40e4bb5ebe652c00285
#5 DONE 0.6s

#7 [internal] load .dockerignore
#7 transferring context: 139B done
#7 DONE 0.0s

#8 [e2e  4/12] ADD --checksum=sha256:394f07f4da2bebe6ce6f1e7ce0fa16429b29b08c35e3fac3fe25972676dff4b2 https://github.com/denoland/deno/releases/download/v2.9.6/deno-x86_64-unknown-linux-gnu.zip /tmp/deno.zip
#8 DONE 0.0s

#9 [builder  1/10] FROM docker.io/library/rust:alpine@sha256:a10e64dd139b7387337c7fbe8aca31b959b57b2fd4c8ae20a02cf1d6ea424dce
#9 resolve docker.io/library/rust:alpine@sha256:a10e64dd139b7387337c7fbe8aca31b959b57b2fd4c8ae20a02cf1d6ea424dce 0.0s done
#9 DONE 0.0s

#10 [e2e  1/12] FROM docker.io/library/python:3.13-slim@sha256:9d2e5553305c7c7b0097999bb17187c69b921ccd6bc9d40e4bb5ebe652c00285
#10 resolve docker.io/library/python:3.13-slim@sha256:9d2e5553305c7c7b0097999bb17187c69b921ccd6bc9d40e4bb5ebe652c00285 0.0s done
#10 DONE 0.0s

#11 [internal] load build context
#11 transferring context: 909.04kB 0.1s done
#11 DONE 0.1s

#12 [builder  2/10] RUN apk add --no-cache musl-dev git curl xz     && rustup component add clippy rustfmt
#12 CACHED

#13 [builder  3/10] RUN set -e;     arch="$(uname -m)";     case "$arch" in       x86_64)  sha=3374daaf153e6f82028add5e4bf7cc2deab46537dee24f20be80df831193aeb4 ;;       aarch64) sha=35d90cee9648037eaa4c1a2649fdca9d1b9a9997b972d37be7f8629139ba1294 ;;       *) echo "unsupported arch: $arch" >&2; exit 1 ;;     esac;     curl -fsSL -o /tmp/ca.tar.xz "https://github.com/rust-secure-code/cargo-auditable/releases/download/v0.7.5/cargo-auditable-${arch}-unknown-linux-musl.tar.xz";     echo "$sha  /tmp/ca.tar.xz" | sha256sum -c -;     mkdir -p /tmp/ca && tar -xJf /tmp/ca.tar.xz -C /tmp/ca;     mv /tmp/ca/*/cargo-auditable /usr/local/bin/cargo-auditable;     rm -rf /tmp/ca /tmp/ca.tar.xz
#13 CACHED

#14 [builder  4/10] WORKDIR /app
#14 CACHED

#15 [builder  5/10] COPY Cargo.toml Cargo.lock ./
#15 DONE 0.2s

#16 [builder  6/10] COPY crates ./crates
#16 DONE 0.3s

#17 [builder  7/10] COPY fuzz ./fuzz
#17 DONE 0.1s

#18 [builder  8/10] COPY schema ./schema
#18 DONE 0.1s

#19 [builder  9/10] COPY typescript ./typescript
#19 DONE 0.1s

#20 [builder 10/10] COPY scripts ./scripts
#20 DONE 0.1s

#21 [bin 1/1] RUN cargo build --locked -p gripsack
#21 0.286     Updating crates.io index
#21 2.438  Downloading crates ...
#21 2.505   Downloaded adler2 v2.0.1
#21 2.521   Downloaded equivalent v1.0.2
#21 2.530   Downloaded block-buffer v0.12.1
#21 2.533   Downloaded sharded-slab v0.1.7
#21 2.540   Downloaded clap_lex v1.1.0
#21 2.542   Downloaded ambient-authority v0.0.2
#21 2.544   Downloaded aho-corasick v1.1.5
#21 2.552   Downloaded convert_case v0.4.0
#21 2.554   Downloaded errno v0.3.14
#21 2.558   Downloaded heck v0.5.0
#21 2.561   Downloaded anstyle-query v1.1.5
#21 2.563   Downloaded serde_derive v1.0.229
#21 2.568   Downloaded idna_adapter v1.2.2
#21 2.570   Downloaded crypto-common v0.2.2
#21 2.572   Downloaded cpufeatures v0.3.0
#21 2.575   Downloaded cfg-if v1.0.4
#21 2.578   Downloaded colorchoice v1.0.5
#21 2.581   Downloaded potential_utf v0.1.6
#21 2.583   Downloaded anstyle v1.0.14
#21 2.585   Downloaded digest v0.11.3
#21 2.590   Downloaded httpdate v1.0.3
#21 2.594   Downloaded openssl-probe v0.2.1
#21 2.597   Downloaded lazy_static v1.5.0
#21 2.601   Downloaded scopeguard v1.2.0
#21 2.604   Downloaded tracing-subscriber v0.3.23
#21 2.619   Downloaded form_urlencoded v1.2.2
#21 2.621   Downloaded matchers v0.2.0
#21 2.623   Downloaded itoa v1.0.18
#21 2.628   Downloaded tracing-serde v0.2.0
#21 2.630   Downloaded percent-encoding v2.3.2
#21 2.632   Downloaded is_terminal_polyfill v1.70.2
#21 2.635   Downloaded subtle v2.6.1
#21 2.638   Downloaded displaydoc v0.2.7
#21 2.641   Downloaded io-lifetimes v3.0.1
#21 2.644   Downloaded rustls-native-certs v0.8.4
#21 2.646   Downloaded rustix-linux-procfs v0.1.1
#21 2.648   Downloaded unit-prefix v0.5.2
#21 2.652   Downloaded anstream v1.0.0
#21 2.655   Downloaded cap-std v4.0.3
#21 2.662   Downloaded clap_derive v4.6.4
#21 2.666   Downloaded console v0.16.4
#21 2.669   Downloaded maybe-owned v0.3.4
#21 2.671   Downloaded pkg-config v0.3.34
#21 2.675   Downloaded owo-colors v4.3.0
#21 2.678   Downloaded quote v1.0.47
#21 2.683   Downloaded thread_local v1.1.10
#21 2.686   Downloaded find-msvc-tools v0.1.11
#21 2.688   Downloaded fs-set-times v0.20.3
#21 2.691   Downloaded zerofrom-derive v0.1.7
#21 2.693   Downloaded fastrand v2.5.0
#21 2.696   Downloaded stable_deref_trait v1.2.1
#21 2.699   Downloaded pin-project-lite v0.2.17
#21 2.714   Downloaded utf8_iter v1.0.4
#21 2.716   Downloaded io-lifetimes v2.0.4
#21 2.719   Downloaded lock_api v0.4.14
#21 2.722   Downloaded filetime v0.2.29
#21 2.727   Downloaded crc32fast v1.5.1
#21 2.732   Downloaded hybrid-array v0.4.14
#21 2.737   Downloaded yoke-derive v0.8.2
#21 2.740   Downloaded anstyle-parse v1.0.0
#21 2.743   Downloaded bzip2 v0.6.1
#21 2.747   Downloaded getrandom v0.2.17
#21 2.753   Downloaded xattr v1.6.1
#21 2.757   Downloaded jobserver v0.1.35
#21 2.761   Downloaded nu-ansi-term v0.50.3
#21 2.767   Downloaded io-extras v0.19.0
#21 2.771   Downloaded litemap v0.8.3
#21 2.776   Downloaded ipnet v2.12.1
#21 2.779   Downloaded parking_lot_core v0.9.12
#21 2.784   Downloaded zerofrom v0.1.8
#21 2.786   Downloaded once_cell v1.21.4
#21 2.791   Downloaded utf8parse v0.2.2
#21 2.794   Downloaded verus_builtin v0.0.0-2026-09-06-0133
#21 2.796   Downloaded clap v4.6.6
#21 2.813   Downloaded bitflags v2.13.1
#21 2.821   Downloaded dialoguer v0.12.0
#21 2.828   Downloaded strsim v0.11.1
#21 2.832   Downloaded getrandom v0.4.3
#21 2.839   Downloaded const-oid v0.10.2
#21 2.843   Downloaded icu_provider v2.3.1
#21 2.849   Downloaded serde_spanned v1.1.1
#21 2.851   Downloaded webpki-roots v0.26.11
#21 2.855   Downloaded libbz2-rs-sys v0.2.5
#21 2.859   Downloaded shell-words v1.1.1
#21 2.861   Downloaded rustls-pki-types v1.15.1
#21 2.866   Downloaded log v0.4.34
#21 2.871   Downloaded proc-macro2 v1.0.107
#21 2.876   Downloaded untrusted v0.9.0
#21 2.881   Downloaded base64 v0.22.1
#21 2.889   Downloaded miniz_oxide v0.8.9
#21 2.894   Downloaded ryu v1.0.23
#21 2.902   Downloaded icu_locale_core v2.3.0
#21 2.919   Downloaded serde_core v1.0.229
#21 2.924   Downloaded icu_normalizer_data v2.3.0
#21 2.928   Downloaded parking_lot v0.12.5
#21 2.934   Downloaded serde v1.0.229
#21 2.942   Downloaded cap-primitives v4.0.3
#21 2.964   Downloaded indicatif v0.18.6
#21 2.972   Downloaded rustls-webpki v0.103.15
#21 2.977   Downloaded flate2 v1.1.9
#21 2.985   Downloaded bumpalo v3.20.3
#21 2.990   Downloaded memchr v2.8.3
#21 3.003   Downloaded icu_properties v2.3.0
#21 3.009   Downloaded indexmap v2.14.0
#21 3.017   Downloaded toml_datetime v0.7.5+spec-1.1.0
#21 3.019   Downloaded icu_collections v2.3.0
#21 3.031   Downloaded toml_writer v1.1.2+spec-1.1.0
#21 3.034   Downloaded cc v1.4.4
#21 3.039   Downloaded writeable v0.6.4
#21 3.043   Downloaded shlex v2.0.1
#21 3.047   Downloaded toml_datetime v1.1.1+spec-1.1.0
#21 3.049   Downloaded tracing-log v0.2.0
#21 3.053   Downloaded tinystr v0.8.4
#21 3.057   Downloaded zstd v0.13.3
#21 3.064   Downloaded xz2 v0.1.7
#21 3.068   Downloaded hashbrown v0.17.1
#21 3.076   Downloaded synstructure v0.13.2
#21 3.078   Downloaded zerovec-derive v0.11.6
#21 3.082   Downloaded clap_builder v4.6.6
#21 3.092   Downloaded thiserror v2.0.20
#21 3.103   Downloaded thiserror-impl v2.0.20
#21 3.105   Downloaded unicode-ident v1.0.24
#21 3.113   Downloaded zeroize v1.9.0
#21 3.116   Downloaded simd-adler32 v0.3.10
#21 3.120   Downloaded icu_properties_data v2.3.0
#21 3.135   Downloaded idna v1.1.0
#21 3.141   Downloaded serde_json v1.0.151
#21 3.153   Downloaded portable-atomic v1.15.0
#21 3.167   Downloaded tracing-attributes v0.1.31
#21 3.173   Downloaded sha2 v0.11.0
#21 3.183   Downloaded smallvec v1.15.2
#21 3.187   Downloaded yoke v0.8.3
#21 3.190   Downloaded zstd-safe v7.2.4
#21 3.193   Downloaded toml_parser v1.1.3+spec-1.1.0
#21 3.197   Downloaded tempfile v3.27.0
#21 3.203   Downloaded serde_yaml v0.9.34+deprecated
#21 3.209   Downloaded toml v0.9.12+spec-1.1.0
#21 3.218   Downloaded zmij v1.0.23
#21 3.222   Downloaded rustls v0.23.45
#21 3.245   Downloaded regex-syntax v0.8.11
#21 3.255   Downloaded unsafe-libyaml v0.2.11
#21 3.262   Downloaded rustix v1.1.4
#21 3.317   Downloaded zopfli v0.8.3
#21 3.320   Downloaded tracing-core v0.1.36
#21 3.325   Downloaded toml v1.1.4+spec-1.1.0
#21 3.333   Downloaded tar v0.4.46
#21 3.339   Downloaded verus_prettyplease v0.0.0-2026-09-06-0133
#21 3.347   Downloaded icu_normalizer v2.3.0
#21 3.357   Downloaded verus_state_machines_macros v0.0.0-2026-09-06-0133
#21 3.361   Downloaded toml_edit v0.25.13+spec-1.1.0
#21 3.368   Downloaded regex-automata v0.4.18
#21 3.390   Downloaded url v2.5.8
#21 3.394   Downloaded typed-path v0.12.3
#21 3.411   Downloaded zerotrie v0.2.5
#21 3.420   Downloaded lzma-sys v0.1.20
#21 3.471   Downloaded typenum v1.20.1
#21 3.476   Downloaded libc v0.2.189
#21 3.592   Downloaded zerovec v0.11.8
#21 3.602   Downloaded ureq v2.12.1
#21 3.611   Downloaded verus_builtin_macros v0.0.0-2026-09-06-0133
#21 3.615   Downloaded zip v8.6.0
#21 3.622   Downloaded winnow v0.7.15
#21 3.640   Downloaded winnow v1.0.4
#21 3.657   Downloaded ring v0.17.14
#21 3.719   Downloaded zlib-rs v0.6.7
#21 3.728   Downloaded webpki-roots v1.0.9
#21 3.732   Downloaded unicode-width v0.2.2
#21 3.739   Downloaded verus_syn v0.0.0-2026-09-06-0133
#21 3.754   Downloaded vstd v0.0.0-2026-09-06-0133
#21 3.769   Downloaded linux-raw-sys v0.12.1
#21 3.872   Downloaded syn v2.0.119
#21 3.887   Downloaded syn v3.0.4
#21 3.902   Downloaded tracing v0.1.44
#21 3.920   Downloaded zstd-sys v2.0.16+zstd.1.5.7
#21 4.141    Compiling proc-macro2 v1.0.107
#21 4.141    Compiling quote v1.0.47
#21 4.141    Compiling unicode-ident v1.0.24
#21 4.141    Compiling libc v0.2.189
#21 4.141    Compiling cfg-if v1.0.4
#21 4.141    Compiling serde_core v1.0.229
#21 4.147    Compiling find-msvc-tools v0.1.11
#21 4.148    Compiling shlex v2.0.1
#21 4.150    Compiling hashbrown v0.17.1
#21 4.150    Compiling equivalent v1.0.2
#21 4.151    Compiling once_cell v1.21.4
#21 4.151    Compiling stable_deref_trait v1.2.1
#21 4.151    Compiling rustix v1.1.4
#21 4.152    Compiling bitflags v2.13.1
#21 4.163    Compiling linux-raw-sys v0.12.1
#21 4.163    Compiling serde v1.0.229
#21 4.167    Compiling verus_prettyplease v0.0.0-2026-09-06-0133
#21 4.171    Compiling pkg-config v0.3.34
#21 4.178    Compiling zmij v1.0.23
#21 4.178    Compiling smallvec v1.15.2
#21 4.186    Compiling memchr v2.8.3
#21 4.192    Compiling serde_json v1.0.151
#21 4.192    Compiling itoa v1.0.18
#21 4.195    Compiling convert_case v0.4.0
#21 4.196    Compiling vstd v0.0.0-2026-09-06-0133
#21 4.196    Compiling io-lifetimes v2.0.4
#21 4.197    Compiling litemap v0.8.3
#21 4.198    Compiling zeroize v1.9.0
#21 4.198    Compiling typenum v1.20.1
#21 4.198    Compiling winnow v1.0.4
#21 4.198    Compiling verus_builtin v0.0.0-2026-09-06-0133
#21 4.198    Compiling writeable v0.6.4
#21 4.199    Compiling io-lifetimes v3.0.1
#21 4.207    Compiling toml_writer v1.1.2+spec-1.1.0
#21 4.219    Compiling icu_properties_data v2.3.0
#21 4.224    Compiling thiserror v2.0.20
#21 4.370    Compiling io-extras v0.19.0
#21 4.431    Compiling icu_normalizer_data v2.3.0
#21 4.471    Compiling utf8_iter v1.0.4
#21 4.490    Compiling log v0.4.34
#21 4.504    Compiling cap-primitives v4.0.3
#21 4.513    Compiling getrandom v0.4.3
#21 4.530    Compiling rustls-pki-types v1.15.1
#21 4.578    Compiling tracing-core v0.1.36
#21 4.590    Compiling maybe-owned v0.3.4
#21 4.596    Compiling cap-std v4.0.3
#21 4.601    Compiling ambient-authority v0.0.2
#21 4.619    Compiling const-oid v0.10.2
#21 4.622    Compiling crc32fast v1.5.1
#21 4.660    Compiling ipnet v2.12.1
#21 4.675    Compiling untrusted v0.9.0
#21 4.685    Compiling zstd-safe v7.2.4
#21 4.722    Compiling cpufeatures v0.3.0
#21 4.749    Compiling fastrand v2.5.0
#21 4.772    Compiling winnow v0.7.15
#21 4.799    Compiling simd-adler32 v0.3.10
#21 4.811    Compiling percent-encoding v2.3.2
#21 4.834    Compiling adler2 v2.0.1
#21 4.835    Compiling rustls v0.23.45
#21 4.877    Compiling parking_lot_core v0.9.12
#21 4.914    Compiling pin-project-lite v0.2.17
#21 4.918    Compiling bumpalo v3.20.3
#21 4.929    Compiling scopeguard v1.2.0
#21 4.962    Compiling subtle v2.6.1
#21 4.963    Compiling zlib-rs v0.6.7
#21 4.970    Compiling libbz2-rs-sys v0.2.5
#21 4.986    Compiling base64 v0.22.1
#21 4.988    Compiling regex-syntax v0.8.11
#21 5.030    Compiling openssl-probe v0.2.1
#21 5.051    Compiling lock_api v0.4.14
#21 5.071    Compiling form_urlencoded v1.2.2
#21 5.099    Compiling typed-path v0.12.3
#21 5.126    Compiling webpki-roots v1.0.9
#21 5.144    Compiling indexmap v2.14.0
#21 5.199    Compiling miniz_oxide v0.8.9
#21 5.214    Compiling utf8parse v0.2.2
#21 5.227    Compiling rustls-native-certs v0.8.4
#21 5.260    Compiling webpki-roots v0.26.11
#21 5.288    Compiling anstyle v1.0.14
#21 5.297    Compiling ryu v1.0.23
#21 5.314    Compiling zopfli v0.8.3
#21 5.326    Compiling anstyle-parse v1.0.0
#21 5.339    Compiling httpdate v1.0.3
#21 5.357    Compiling unicode-width v0.2.2
#21 5.358    Compiling colorchoice v1.0.5
#21 5.370    Compiling portable-atomic v1.15.0
#21 5.394    Compiling is_terminal_polyfill v1.70.2
#21 5.453    Compiling anstyle-query v1.1.5
#21 5.457    Compiling lazy_static v1.5.0
#21 5.478    Compiling unsafe-libyaml v0.2.11
#21 5.490    Compiling tracing-log v0.2.0
#21 5.530    Compiling thread_local v1.1.10
#21 5.545    Compiling sharded-slab v0.1.7
#21 5.556    Compiling owo-colors v4.3.0
#21 5.569    Compiling heck v0.5.0
#21 5.595    Compiling anstream v1.0.0
#21 5.608    Compiling strsim v0.11.1
#21 5.617    Compiling nu-ansi-term v0.50.3
#21 5.629    Compiling clap_lex v1.1.0
#21 5.654    Compiling unit-prefix v0.5.2
#21 5.719    Compiling shell-words v1.1.1
#21 5.816    Compiling bzip2 v0.6.1
#21 5.832    Compiling hybrid-array v0.4.14
#21 5.917    Compiling clap_builder v4.6.6
#21 6.132    Compiling syn v3.0.4
#21 6.133    Compiling syn v2.0.119
#21 6.140    Compiling verus_syn v0.0.0-2026-09-06-0133
#21 6.293    Compiling jobserver v0.1.35
#21 6.293    Compiling getrandom v0.2.17
#21 6.293    Compiling filetime v0.2.29
#21 6.293    Compiling console v0.16.4
#21 6.531    Compiling toml_parser v1.1.3+spec-1.1.0
#21 6.542    Compiling parking_lot v0.12.5
#21 6.601    Compiling cc v1.4.4
#21 6.615    Compiling crypto-common v0.2.2
#21 6.615    Compiling block-buffer v0.12.1
#21 7.040    Compiling indicatif v0.18.6
#21 7.047    Compiling regex-automata v0.4.18
#21 7.744    Compiling digest v0.11.3
#21 7.920    Compiling sha2 v0.11.0
#21 8.432    Compiling serde_spanned v1.1.1
#21 8.432    Compiling toml_datetime v0.7.5+spec-1.1.0
#21 8.432    Compiling toml_datetime v1.1.1+spec-1.1.0
#21 8.471    Compiling zstd-sys v2.0.16+zstd.1.5.7
#21 8.471    Compiling ring v0.17.14
#21 8.471    Compiling lzma-sys v0.1.20
#21 8.638    Compiling flate2 v1.1.9
#21 8.737    Compiling toml v0.9.12+spec-1.1.0
#21 8.768    Compiling toml v1.1.4+spec-1.1.0
#21 8.768    Compiling toml_edit v0.25.13+spec-1.1.0
#21 9.880    Compiling fs-set-times v0.20.3
#21 9.927    Compiling rustix-linux-procfs v0.1.1
#21 9.927    Compiling tempfile v3.27.0
#21 9.928    Compiling xattr v1.6.1
#21 10.02    Compiling xz2 v0.1.7
#21 10.17    Compiling tar v0.4.46
#21 10.31    Compiling matchers v0.2.0
#21 10.34    Compiling dialoguer v0.12.0
#21 11.39    Compiling gripsack-fs v0.42.0 (/app/crates/gripsack-fs)
#21 12.27    Compiling synstructure v0.13.2
#21 12.77    Compiling rustls-webpki v0.103.15
#21 13.04    Compiling zerovec-derive v0.11.6
#21 13.04    Compiling serde_derive v1.0.229
#21 13.04    Compiling displaydoc v0.2.7
#21 13.04    Compiling thiserror-impl v2.0.20
#21 13.05    Compiling clap_derive v4.6.4
#21 13.50    Compiling zstd v0.13.3
#21 13.82    Compiling zip v8.6.0
#21 14.03    Compiling zerofrom-derive v0.1.7
#21 14.03    Compiling yoke-derive v0.8.2
#21 14.04    Compiling tracing-attributes v0.1.31
#21 15.70    Compiling clap v4.6.6
#21 15.75    Compiling zerofrom v0.1.8
#21 15.85    Compiling yoke v0.8.3
#21 15.89    Compiling tracing v0.1.44
#21 16.03    Compiling zerovec v0.11.8
#21 16.03    Compiling zerotrie v0.2.5
#21 16.09    Compiling verus_builtin_macros v0.0.0-2026-09-06-0133
#21 16.09    Compiling verus_state_machines_macros v0.0.0-2026-09-06-0133
#21 16.72    Compiling tinystr v0.8.4
#21 16.72    Compiling potential_utf v0.1.6
#21 16.79    Compiling icu_collections v2.3.0
#21 16.85    Compiling icu_locale_core v2.3.0
#21 17.50    Compiling serde_yaml v0.9.34+deprecated
#21 17.50    Compiling tracing-serde v0.2.0
#21 17.60    Compiling tracing-subscriber v0.3.23
#21 17.76    Compiling icu_provider v2.3.1
#21 18.03    Compiling icu_properties v2.3.0
#21 18.03    Compiling icu_normalizer v2.3.0
#21 19.28    Compiling idna_adapter v1.2.2
#21 19.37    Compiling idna v1.1.0
#21 19.75    Compiling url v2.5.8
#21 20.40    Compiling ureq v2.12.1
#21 25.60    Compiling gripsack-policy v0.42.0 (/app/crates/gripsack-policy)
#21 26.08    Compiling gripsack-ir v0.42.0 (/app/crates/gripsack-ir)
#21 26.08    Compiling gripsack-process v0.42.0 (/app/crates/gripsack-process)
#21 29.43    Compiling gripsack-store v0.42.0 (/app/crates/gripsack-store)
#21 29.43    Compiling gripsack-config v0.42.0 (/app/crates/gripsack-config)
#21 29.43    Compiling griplint v0.42.0 (/app/crates/griplint)
#21 31.53    Compiling gripsack-fetch v0.42.0 (/app/crates/gripsack-fetch)
#21 31.53    Compiling gripsack-trace v0.42.0 (/app/crates/gripsack-trace)
#21 33.49    Compiling gripsack-lint v0.42.0 (/app/crates/gripsack-lint)
#21 33.49    Compiling gripsack-exec v0.42.0 (/app/crates/gripsack-exec)
#21 38.57    Compiling gripsack v0.42.0 (/app/crates/gripsack)
#21 45.37     Finished `dev` profile [unoptimized + debuginfo] target(s) in 45.21s
#21 DONE 45.8s

#22 [e2e  2/12] WORKDIR /app
#22 CACHED

#23 [e2e  3/12] RUN apt-get update -qq && apt-get install -y -qq --no-install-recommends git     && rm -rf /var/lib/apt/lists/*
#23 CACHED

#24 [e2e  4/12] ADD --checksum=sha256:394f07f4da2bebe6ce6f1e7ce0fa16429b29b08c35e3fac3fe25972676dff4b2 https://github.com/denoland/deno/releases/download/v2.9.6/deno-x86_64-unknown-linux-gnu.zip /tmp/deno.zip
#24 CACHED

#25 [e2e  5/12] RUN python3 -m zipfile -e /tmp/deno.zip /tmp/deno     && mkdir -p /root/.local/share/gripsack/tools/deno-2.9.6     && mv /tmp/deno/deno /root/.local/share/gripsack/tools/deno-2.9.6/deno     && chmod 755 /root/.local/share/gripsack/tools/deno-2.9.6/deno     && rm -rf /tmp/deno.zip /tmp/deno
#25 CACHED

#26 [e2e  6/12] RUN printf 'uv==%s --hash=sha256:f7d6248ad9f2d282fea795f248da8fa666ab382df50d8385bd98e01049440a0c --hash=sha256:bd0afae6918795c6a61a649e64d735e339f3d62f8310235da6f19eb3f66f323b\n' "0.12.10" > /tmp/uv.req     && pip install --no-cache-dir --no-deps --require-hashes -r /tmp/uv.req     && uv --version     && rm -f /tmp/uv.req
#26 CACHED

#27 [e2e  7/12] COPY --from=bin /app/target/debug/grip /usr/local/bin/grip
#27 DONE 0.1s

#28 [e2e  8/12] COPY e2e/pyproject.toml e2e/uv.lock ./e2e/
#28 DONE 0.1s

#29 [e2e  9/12] RUN cd e2e && uv sync --locked
#29 0.297 Using CPython 3.13.15 interpreter at: /usr/local/bin/python3
#29 0.297 Creating virtual environment at: .venv
#29 0.305 Resolved 10 packages in 3ms
#29 0.386 Downloading pygments (1.2MiB)
#29 0.507  Downloaded pygments
#29 0.508 Prepared 5 packages in 202ms
#29 0.524 Installed 5 packages in 15ms
#29 0.524  + iniconfig==2.3.0
#29 0.524  + packaging==26.3
#29 0.524  + pluggy==1.6.0
#29 0.524  + pygments==2.21.0
#29 0.524  + pytest==9.1.1
#29 DONE 0.5s

#30 [e2e 10/12] COPY e2e ./e2e
#30 DONE 0.1s

#31 [e2e 11/12] COPY examples ./examples
#31 DONE 0.1s

#32 [e2e 12/12] WORKDIR /app/e2e
#32 DONE 0.1s

#33 exporting to image
#33 exporting layers
#33 exporting layers 2.9s done
#33 exporting manifest sha256:cc42b61d5349d21a880e616238fb103ef04833933c8cc2d0a3b90bdff9216526 0.0s done
#33 exporting config sha256:a90ea17677bfbdb7fb1dca43efd650ac029bc3c73fa6801a99bc0aa695f01cb8 0.0s done
#33 exporting attestation manifest sha256:c43e1e70255dd6aa0f737e7f6933f1f6bed4b04c628327fc9d1488c7354eba55 0.0s done
#33 exporting manifest list sha256:a30c6f7d9b420fe30e69f77d5a60e1dbca456c33c2d39f1f8e9aab89b71be119 0.0s done
#33 naming to docker.io/library/gripsack-e2e:latest done
#33 unpacking to docker.io/library/gripsack-e2e:latest
#33 unpacking to docker.io/library/gripsack-e2e:latest 0.8s done
#33 DONE 3.9s

#34 resolving provenance for metadata file
#34 DONE 0.0s
 Image gripsack-e2e Built 
 Container gripsack-e2e-run-ce5c21436a2b Creating 
 Container gripsack-e2e-run-ce5c21436a2b Created 
BINARY_SHA256=e45c51bf41f22f78b717b38ded9c2514f4ad964902b042dbbb209d34750edb18
COMMAND /usr/local/bin/grip update --check --host testhost MODE flaky LIMITED False EXIT 1
  tool would bump (unlocked → eec3ce5af3ee63c7cf1ace8c69e3ca08d39245e016bee1b2942431353459dcb6)
    layout: 1 paths checked
survey complete: 0 unchanged, 1 would change, 0 skipped, 0 failed — lockfile and source cache unchanged
2026-09-29T04:10:54.755302Z  WARN gripsack_fetch::http::request: retrying HTTP policy attempt attempt=1 failure=status code 500 wait_ms=1000
2026-09-29T04:10:55.757095Z  WARN gripsack_fetch::http::request: retrying HTTP policy attempt attempt=2 failure=status code 503 wait_ms=2000
OBSERVED_REQUESTS={"/tool": 3}
COMMAND /usr/local/bin/grip update --check --host testhost MODE always-500 LIMITED False EXIT 2
  tool failed: fetch failed: http error fetching http://127.0.0.1:42107/tool: status code 500; policy attempts 3; stop: attempt limit reached; elapsed 3.034s, retry wait 3.000s
survey incomplete: 0 unchanged, 0 would change, 0 skipped, 1 failed — lockfile and source cache unchanged
2026-09-29T04:10:58.627091Z  WARN gripsack_fetch::http::request: retrying HTTP policy attempt attempt=1 failure=status code 500 wait_ms=1000
2026-09-29T04:10:59.629197Z  WARN gripsack_fetch::http::request: retrying HTTP policy attempt attempt=2 failure=status code 500 wait_ms=2000
2026-09-29T04:11:01.631038Z  WARN gripsack_fetch::http::request: HTTP operation failed attempts=3 failure=status code 500 stop=attempt limit reached
OBSERVED_REQUESTS={"/tool": 3}
COMMAND /usr/local/bin/grip update --check --host testhost MODE cooldown LIMITED False EXIT 2
  alpha failed: fetch failed: http error fetching http://127.0.0.1:43005/alpha: status code 429 (rate limited); policy attempts 1; stop: server delay exceeds retry-wait budget; elapsed 0.030s, retry wait 0.000s; server cooldown 120s
  omega failed: fetch failed: http error fetching http://127.0.0.1:43005/omega: status code 429 (rate limited); policy attempts 0; stop: host cooldown active; request not attempted; elapsed 0.000s, retry wait 0.000s; server cooldown 120s
survey incomplete: 0 unchanged, 0 would change, 0 skipped, 2 failed — lockfile and source cache unchanged
2026-09-29T04:11:02.478496Z  WARN gripsack_fetch::http::request: HTTP operation failed attempts=1 failure=status code 429 (rate limited) stop=server delay exceeds retry-wait budget
OBSERVED_REQUESTS={"/alpha": 1}
COMMAND /usr/local/bin/grip update --check --host testhost MODE partial LIMITED False EXIT 1
  tool would bump (unlocked → 094fa86d2a966cfd9662dcf357f837d95780076137f37e7dd0611d372d33374a)
    layout: 1 paths checked
survey complete: 0 unchanged, 1 would change, 0 skipped, 0 failed — lockfile and source cache unchanged
2026-09-29T04:11:03.341429Z  WARN gripsack_fetch::http::request: retrying HTTP policy attempt attempt=1 failure=response body interrupted wait_ms=1000
OBSERVED_REQUESTS={"/tool": 2}
COMMAND /usr/local/bin/grip update --check --host testhost MODE partial LIMITED True EXIT 2
  tool failed: fetch failed: HTTP transfer across attempts exceeds the 115 byte cap — refusing to truncate silently
survey incomplete: 0 unchanged, 0 would change, 0 skipped, 1 failed — lockfile and source cache unchanged
2026-09-29T04:11:05.938903Z  WARN gripsack_fetch::http::request: retrying HTTP policy attempt attempt=1 failure=response body interrupted wait_ms=1000
2026-09-29T04:11:06.940982Z  WARN gripsack_fetch::http::request: HTTP consumption failed without replay attempts=2 stop="permanent resource or local I/O failure"
OBSERVED_REQUESTS={"/tool": 2}
HTTP_BUDGET_CLI_SMOKE=5
