M-V7 integrated Rust and effect calibration
Date: 2026-09-29
Source candidate: 8143443 (committed after these source-unchanged checks).
FUZZ=not_run_owner_instruction
Scope: full Linux Docker Rust gate, not native or exact-candidate CI. The first run failed clippy on two needless borrows in a test fixture; these were fixed, then the full gate passed.
Current source/runner/calibration fingerprints are printed by the gate.

FIRST_FAILED_GATE
 Image gripsack-test Building 
#1 [internal] load local bake definitions
#1 reading from stdin 530B done
#1 DONE 0.0s

#2 [internal] load build definition from Dockerfile
#2 transferring dockerfile:
#2 transferring dockerfile: 11.37kB done
#2 DONE 0.0s

#3 resolve image config for docker-image://docker.io/docker/dockerfile:1
#3 DONE 0.6s

#4 docker-image://docker.io/docker/dockerfile:1@sha256:ecfaec9ed6d810b56388c508f4121597bfbba70d41a6dfeee4d8cad5f295fc32
#4 resolve docker.io/docker/dockerfile:1@sha256:ecfaec9ed6d810b56388c508f4121597bfbba70d41a6dfeee4d8cad5f295fc32 0.0s done
#4 CACHED

#5 [internal] load metadata for docker.io/library/rust:alpine@sha256:a10e64dd139b7387337c7fbe8aca31b959b57b2fd4c8ae20a02cf1d6ea424dce
#5 DONE 0.0s

#6 [internal] load .dockerignore
#6 transferring context: 139B done
#6 DONE 0.0s

#7 [internal] load build context
#7 DONE 0.0s

#8 [builder  1/10] FROM docker.io/library/rust:alpine@sha256:a10e64dd139b7387337c7fbe8aca31b959b57b2fd4c8ae20a02cf1d6ea424dce
#8 resolve docker.io/library/rust:alpine@sha256:a10e64dd139b7387337c7fbe8aca31b959b57b2fd4c8ae20a02cf1d6ea424dce
#8 resolve docker.io/library/rust:alpine@sha256:a10e64dd139b7387337c7fbe8aca31b959b57b2fd4c8ae20a02cf1d6ea424dce 0.0s done
#8 DONE 0.0s

#7 [internal] load build context
#7 transferring context: 3.54MB 0.2s done
#7 DONE 0.3s

#9 [builder  9/10] COPY typescript ./typescript
#9 CACHED

#10 [builder 10/10] COPY scripts ./scripts
#10 DONE 0.0s

#11 [builder  6/10] COPY crates ./crates
#11 CACHED

#12 [builder  7/10] COPY fuzz ./fuzz
#12 CACHED

#13 [builder  2/10] RUN apk add --no-cache musl-dev git curl xz     && rustup component add clippy rustfmt
#13 CACHED

#14 [builder  5/10] COPY Cargo.toml Cargo.lock ./
#14 CACHED

#15 [builder  9/10] COPY typescript ./typescript
#15 CACHED

#16 [builder  8/10] COPY schema ./schema
#16 CACHED

#17 [builder  3/10] RUN set -e;     arch="$(uname -m)";     case "$arch" in       x86_64)  sha=3374daaf153e6f82028add5e4bf7cc2deab46537dee24f20be80df831193aeb4 ;;       aarch64) sha=35d90cee9648037eaa4c1a2649fdca9d1b9a9997b972d37be7f8629139ba1294 ;;       *) echo "unsupported arch: $arch" >&2; exit 1 ;;     esac;     curl -fsSL -o /tmp/ca.tar.xz "https://github.com/rust-secure-code/cargo-auditable/releases/download/v0.7.5/cargo-auditable-${arch}-unknown-linux-musl.tar.xz";     echo "$sha  /tmp/ca.tar.xz" | sha256sum -c -;     mkdir -p /tmp/ca && tar -xJf /tmp/ca.tar.xz -C /tmp/ca;     mv /tmp/ca/*/cargo-auditable /usr/local/bin/cargo-auditable;     rm -rf /tmp/ca /tmp/ca.tar.xz
#17 CACHED

#18 [builder  4/10] WORKDIR /app
#18 CACHED

#19 [builder 10/10] COPY scripts ./scripts
#19 CACHED

#20 [test 1/2] RUN cargo fmt --check     && cargo clippy --locked --workspace --all-targets -- -D warnings     && cargo test --locked
#20 1.427     Updating crates.io index
#20 4.646  Downloading crates ...
#20 4.742   Downloaded bit-set v0.8.0
#20 4.754   Downloaded adler2 v2.0.1
#20 4.761   Downloaded block-buffer v0.12.1
#20 4.766   Downloaded ambient-authority v0.0.2
#20 4.770   Downloaded borrow-or-share v0.2.4
#20 4.776   Downloaded colorchoice v1.0.5
#20 4.780   Downloaded convert_case v0.4.0
#20 4.784   Downloaded fs-set-times v0.20.3
#20 4.796   Downloaded heck v0.5.0
#20 4.807   Downloaded httpdate v1.0.3
#20 4.816   Downloaded anstyle-query v1.1.5
#20 4.821   Downloaded errno v0.3.14
#20 4.830   Downloaded matchers v0.2.0
#20 4.840   Downloaded num-iter v0.1.46
#20 4.843   Downloaded clap_lex v1.1.0
#20 4.850   Downloaded num-cmp v0.1.0
#20 4.855   Downloaded num v0.4.3
#20 4.862   Downloaded form_urlencoded v1.2.2
#20 4.865   Downloaded itoa v1.0.18
#20 4.872   Downloaded pin-project-lite v0.2.17
#20 4.900   Downloaded maybe-owned v0.3.4
#20 4.909   Downloaded percent-encoding v2.3.2
#20 4.909   Downloaded pkg-config v0.3.34
#20 4.915   Downloaded ref-cast v1.0.27
#20 4.932   Downloaded potential_utf v0.1.6
#20 4.937   Downloaded is_terminal_polyfill v1.70.2
#20 4.943   Downloaded lazy_static v1.5.0
#20 4.951   Downloaded equivalent v1.0.2
#20 4.955   Downloaded cfg-if v1.0.4
#20 4.962   Downloaded crypto-common v0.2.2
#20 4.966   Downloaded cpufeatures v0.3.0
#20 4.971   Downloaded jsonschema-regex v0.55.0
#20 4.973   Downloaded zerofrom v0.1.8
#20 4.977   Downloaded filetime v0.2.29
#20 4.985   Downloaded data-encoding v2.11.1
#20 4.989   Downloaded nu-ansi-term v0.50.3
#20 5.009   Downloaded scopeguard v1.2.0
#20 5.011   Downloaded bytecount v0.6.9
#20 5.025   Downloaded autocfg v1.5.1
#20 5.039   Downloaded fastrand v2.5.0
#20 5.053   Downloaded anstyle v1.0.14
#20 5.060   Downloaded anstyle-parse v1.0.0
#20 5.068   Downloaded find-msvc-tools v0.1.11
#20 5.074   Downloaded email_address v0.2.9
#20 5.082   Downloaded idna_adapter v1.2.2
#20 5.087   Downloaded io-lifetimes v2.0.4
#20 5.092   Downloaded num-integer v0.1.47
#20 5.097   Downloaded ahash v0.8.12
#20 5.104   Downloaded aho-corasick v1.1.5
#20 5.126   Downloaded bit-vec v0.8.0
#20 5.134   Downloaded io-lifetimes v3.0.1
#20 5.140   Downloaded num-complex v0.4.6
#20 5.145   Downloaded strsim v0.11.1
#20 5.150   Downloaded stable_deref_trait v1.2.1
#20 5.154   Downloaded jobserver v0.1.35
#20 5.164   Downloaded lock_api v0.4.14
#20 5.169   Downloaded anstream v1.0.0
#20 5.179   Downloaded ipnet v2.12.1
#20 5.184   Downloaded openssl-probe v0.2.1
#20 5.191   Downloaded outref v0.5.2
#20 5.196   Downloaded scoped-tls v1.0.1
#20 5.201   Downloaded shell-words v1.1.1
#20 5.204   Downloaded strum v0.28.0
#20 5.208   Downloaded foldhash v0.2.0
#20 5.213   Downloaded serde_spanned v1.1.1
#20 5.219   Downloaded crc32fast v1.5.1
#20 5.227   Downloaded dialoguer v0.12.0
#20 5.242   Downloaded hybrid-array v0.4.14
#20 5.250   Downloaded bzip2 v0.6.1
#20 5.258   Downloaded getrandom v0.2.17
#20 5.268   Downloaded allocator-api2 v0.2.21
#20 5.276   Downloaded num-rational v0.4.2
#20 5.280   Downloaded cap-std v4.0.3
#20 5.295   Downloaded clap_derive v4.6.4
#20 5.302   Downloaded subtle v2.6.1
#20 5.309   Downloaded io-extras v0.19.0
#20 5.316   Downloaded litemap v0.8.3
#20 5.326   Downloaded console v0.16.4
#20 5.333   Downloaded displaydoc v0.2.7
#20 5.340   Downloaded digest v0.11.3
#20 5.347   Downloaded zstd-safe v7.2.4
#20 5.352   Downloaded owo-colors v4.3.0
#20 5.359   Downloaded zmij v1.0.23
#20 5.365   Downloaded getrandom v0.4.3
#20 5.377   Downloaded generator v0.8.10
#20 5.392   Downloaded log v0.4.34
#20 5.402   Downloaded bitflags v2.13.1
#20 5.414   Downloaded fluent-uri v0.4.1
#20 5.425   Downloaded icu_provider v2.3.1
#20 5.435   Downloaded utf8_iter v1.0.4
#20 5.439   Downloaded zerofrom-derive v0.1.7
#20 5.445   Downloaded micromap v0.3.0
#20 5.473   Downloaded libbz2-rs-sys v0.2.5
#20 5.480   Downloaded parking_lot_core v0.9.12
#20 5.487   Downloaded utf8parse v0.2.2
#20 5.490   Downloaded jsonschema-value v0.55.0
#20 5.496   Downloaded verus_builtin v0.0.0-2026-09-06-0133
#20 5.502   Downloaded once_cell v1.21.4
#20 5.513   Downloaded indicatif v0.18.6
#20 5.525   Downloaded const-oid v0.10.2
#20 5.533   Downloaded getrandom v0.3.4
#20 5.544   Downloaded base64 v0.22.1
#20 5.558   Downloaded miniz_oxide v0.8.9
#20 5.566   Downloaded icu_normalizer_data v2.3.0
#20 5.572   Downloaded loom v0.7.2
#20 5.589   Downloaded parking_lot v0.12.5
#20 5.597   Downloaded zopfli v0.8.3
#20 5.603   Downloaded flate2 v1.1.9
#20 5.618   Downloaded icu_collections v2.3.0
#20 5.642   Downloaded icu_locale_core v2.3.0
#20 5.667   Downloaded num-traits v0.2.19
#20 5.680   Downloaded uuid-simd v0.8.0
#20 5.682   Downloaded clap v4.6.6
#20 5.711   Downloaded cc v1.4.4
#20 5.719   Downloaded icu_properties v2.3.0
#20 5.733   Downloaded cap-primitives v4.0.3
#20 5.771   Downloaded indexmap v2.14.0
#20 5.786   Downloaded memchr v2.8.3
#20 5.840   Downloaded num-bigint v0.4.8
#20 5.855   Downloaded unit-prefix v0.5.2
#20 5.860   Downloaded zerotrie v0.2.5
#20 5.874   Downloaded bumpalo v3.20.3
#20 5.888   Downloaded fraction v0.17.0
#20 5.908   Downloaded zerovec v0.11.8
#20 5.927   Downloaded idna v1.1.0
#20 5.936   Downloaded hashbrown v0.17.1
#20 5.953   Downloaded icu_properties_data v2.3.0
#20 5.983   Downloaded clap_builder v4.6.6
#20 6.005   Downloaded fancy-regex v0.19.1
#20 6.031   Downloaded ref-cast-impl v1.0.27
#20 6.034   Downloaded webpki-roots v0.26.11
#20 6.041   Downloaded tracing-serde v0.2.0
#20 6.047   Downloaded xattr v1.6.1
#20 6.057   Downloaded yoke-derive v0.8.2
#20 6.062   Downloaded thread_local v1.1.10
#20 6.069   Downloaded quote v1.0.47
#20 6.079   Downloaded toml_writer v1.1.2+spec-1.1.0
#20 6.084   Downloaded rustversion v1.0.23
#20 6.095   Downloaded shlex v2.0.1
#20 6.100   Downloaded version_check v0.9.5
#20 6.105   Downloaded rustix-linux-procfs v0.1.1
#20 6.109   Downloaded rustls-native-certs v0.8.4
#20 6.113   Downloaded strum_macros v0.28.0
#20 6.120   Downloaded toml_datetime v0.7.5+spec-1.1.0
#20 6.125   Downloaded zeroize v1.9.0
#20 6.131   Downloaded toml_datetime v1.1.1+spec-1.1.0
#20 6.135   Downloaded untrusted v0.9.0
#20 6.143   Downloaded xz2 v0.1.7
#20 6.149   Downloaded vsimd v0.8.0
#20 6.156   Downloaded writeable v0.6.4
#20 6.163   Downloaded icu_normalizer v2.3.0
#20 6.179   Downloaded synstructure v0.13.2
#20 6.182   Downloaded tinystr v0.8.4
#20 6.189   Downloaded thiserror-impl v2.0.20
#20 6.193   Downloaded zstd v0.13.3
#20 6.204   Downloaded jsonschema v0.55.0
#20 6.252   Downloaded lzma-sys v0.1.20
#20 6.344   Downloaded tracing-log v0.2.0
#20 6.349   Downloaded zstd-sys v2.0.16+zstd.1.5.7
#20 6.382   Downloaded libc v0.2.189
#20 6.550   Downloaded zerovec-derive v0.11.6
#20 6.556   Downloaded rustls-pki-types v1.15.1
#20 6.563   Downloaded simd-adler32 v0.3.10
#20 6.569   Downloaded sha2 v0.11.0
#20 6.582   Downloaded proc-macro2 v1.0.107
#20 6.591   Downloaded smallvec v1.15.2
#20 6.597   Downloaded toml_parser v1.1.3+spec-1.1.0
#20 6.603   Downloaded tracing-attributes v0.1.31
#20 6.612   Downloaded yoke v0.8.3
#20 6.618   Downloaded unicode-general-category v1.1.0
#20 6.623   Downloaded thiserror v2.0.20
#20 6.638   Downloaded ryu v1.0.23
#20 6.649   Downloaded serde_core v1.0.229
#20 6.661   Downloaded serde_yaml v0.9.34+deprecated
#20 6.670   Downloaded tempfile v3.27.0
#20 6.679   Downloaded unsafe-libyaml v0.2.11
#20 6.691   Downloaded referencing v0.55.0
#20 6.705   Downloaded unicode-ident v1.0.24
#20 6.715   Downloaded tracing-core v0.1.36
#20 6.725   Downloaded toml v0.9.12+spec-1.1.0
#20 6.738   Downloaded toml v1.1.4+spec-1.1.0
#20 6.751   Downloaded serde_derive v1.0.229
#20 6.757   Downloaded sharded-slab v0.1.7
#20 6.769   Downloaded verus_prettyplease v0.0.0-2026-09-06-0133
#20 6.778   Downloaded tar v0.4.46
#20 6.789   Downloaded toml_edit v0.25.13+spec-1.1.0
#20 6.798   Downloaded rustls-webpki v0.103.15
#20 6.808   Downloaded serde v1.0.229
#20 6.818   Downloaded linux-raw-sys v0.12.1
#20 6.928   Downloaded url v2.5.8
#20 6.933   Downloaded verus_state_machines_macros v0.0.0-2026-09-06-0133
#20 6.939   Downloaded typed-path v0.12.3
#20 6.967   Downloaded typenum v1.20.1
#20 6.974   Downloaded ureq v2.12.1
#20 6.988   Downloaded verus_builtin_macros v0.0.0-2026-09-06-0133
#20 6.996   Downloaded serde_json v1.0.151
#20 7.017   Downloaded zip v8.6.0
#20 7.028   Downloaded regex v1.13.1
#20 7.040   Downloaded winnow v1.0.4
#20 7.067   Downloaded portable-atomic v1.15.0
#20 7.086   Downloaded winnow v0.7.15
#20 7.113   Downloaded tracing-subscriber v0.3.23
#20 7.134   Downloaded webpki-roots v1.0.9
#20 7.140   Downloaded zlib-rs v0.6.7
#20 7.154   Downloaded zerocopy v0.8.56
#20 7.202   Downloaded unicode-width v0.2.2
#20 7.214   Downloaded syn v2.0.119
#20 7.241   Downloaded syn v3.0.4
#20 7.264   Downloaded vstd v0.0.0-2026-09-06-0133
#20 7.289   Downloaded rustls v0.23.45
#20 7.318   Downloaded regex-syntax v0.8.11
#20 7.331   Downloaded rustix v1.1.4
#20 7.411   Downloaded verus_syn v0.0.0-2026-09-06-0133
#20 7.434   Downloaded tracing v0.1.44
#20 7.460   Downloaded regex-automata v0.4.18
#20 7.493   Downloaded ring v0.17.14
#20 8.048    Compiling proc-macro2 v1.0.107
#20 8.048    Compiling quote v1.0.47
#20 8.048    Compiling unicode-ident v1.0.24
#20 8.048    Compiling libc v0.2.189
#20 8.049     Checking cfg-if v1.0.4
#20 8.062    Compiling serde_core v1.0.229
#20 8.062    Compiling serde v1.0.229
#20 8.068     Checking memchr v2.8.3
#20 8.074     Checking once_cell v1.21.4
#20 8.074     Checking allocator-api2 v0.2.21
#20 8.074     Checking equivalent v1.0.2
#20 8.074     Checking foldhash v0.2.0
#20 8.084    Compiling verus_prettyplease v0.0.0-2026-09-06-0133
#20 8.094    Compiling hashbrown v0.17.1
#20 8.108    Compiling vstd v0.0.0-2026-09-06-0133
#20 8.108    Compiling convert_case v0.4.0
#20 8.109    Compiling zmij v1.0.23
#20 8.109    Compiling serde_json v1.0.151
#20 8.109     Checking itoa v1.0.18
#20 8.126     Checking verus_builtin v0.0.0-2026-09-06-0133
#20 8.126    Compiling shlex v2.0.1
#20 8.126    Compiling find-msvc-tools v0.1.11
#20 8.146     Checking smallvec v1.15.2
#20 8.146    Compiling thiserror v2.0.20
#20 8.146    Compiling rustix v1.1.4
#20 8.164     Checking bitflags v2.13.1
#20 8.181     Checking linux-raw-sys v0.12.1
#20 8.182     Checking stable_deref_trait v1.2.1
#20 8.182     Checking typenum v1.20.1
#20 8.183     Checking winnow v1.0.4
#20 8.183    Compiling io-lifetimes v3.0.1
#20 8.184    Compiling io-lifetimes v2.0.4
#20 8.375    Compiling pkg-config v0.3.34
#20 8.391     Checking toml_writer v1.1.2+spec-1.1.0
#20 8.393    Compiling getrandom v0.4.3
#20 8.394     Checking log v0.4.34
#20 8.526    Compiling io-extras v0.19.0
#20 8.582     Checking const-oid v0.10.2
#20 8.582    Compiling parking_lot_core v0.9.12
#20 8.615     Checking percent-encoding v2.3.2
#20 8.730     Checking scopeguard v1.2.0
#20 8.742    Compiling cap-primitives v4.0.3
#20 8.781     Checking cpufeatures v0.3.0
#20 8.855     Checking fastrand v2.5.0
#20 8.879     Checking writeable v0.6.4
#20 8.880     Checking zeroize v1.9.0
#20 8.892     Checking lock_api v0.4.14
#20 8.910    Compiling cap-std v4.0.3
#20 8.973     Checking ambient-authority v0.0.2
#20 9.070     Checking maybe-owned v0.3.4
#20 9.129     Checking ipnet v2.12.1
#20 9.111     Checking litemap v0.8.3
#20 9.140     Checking tracing-core v0.1.36
#20 9.152     Checking winnow v0.7.15
#20 9.152     Checking utf8_iter v1.0.4
#20 9.187    Compiling icu_normalizer_data v2.3.0
#20 9.197    Compiling icu_properties_data v2.3.0
#20 9.197     Checking rustls-pki-types v1.15.1
#20 9.197     Checking regex-syntax v0.8.11
#20 9.252    Compiling crc32fast v1.5.1
#20 9.312     Checking pin-project-lite v0.2.17
#20 9.337    Compiling autocfg v1.5.1
#20 9.379     Checking untrusted v0.9.0
#20 9.380    Compiling zstd-safe v7.2.4
#20 9.410     Checking simd-adler32 v0.3.10
#20 9.443     Checking base64 v0.22.1
#20 9.466     Checking aho-corasick v1.1.5
#20 9.484    Compiling rustls v0.23.45
#20 9.647     Checking adler2 v2.0.1
#20 9.665     Checking form_urlencoded v1.2.2
#20 9.712     Checking bumpalo v3.20.3
#20 9.724     Checking libbz2-rs-sys v0.2.5
#20 9.725     Checking zlib-rs v0.6.7
#20 9.852     Checking subtle v2.6.1
#20 9.942     Checking typed-path v0.12.3
#20 9.944     Checking miniz_oxide v0.8.9
#20 9.956     Checking openssl-probe v0.2.1
#20 9.988     Checking webpki-roots v1.0.9
#20 9.992     Checking httpdate v1.0.3
#20 10.01    Compiling heck v0.5.0
#20 10.11    Compiling version_check v0.9.5
#20 10.11    Compiling zerocopy v0.8.56
#20 10.17    Compiling indexmap v2.14.0
#20 10.20    Compiling getrandom v0.3.4
#20 10.22    Compiling ref-cast v1.0.27
#20 10.29     Checking lazy_static v1.5.0
#20 10.35     Checking tracing-log v0.2.0
#20 10.35     Checking thread_local v1.1.10
#20 10.35     Checking bit-vec v0.8.0
#20 10.37     Checking nu-ansi-term v0.50.3
#20 10.42     Checking borrow-or-share v0.2.4
#20 10.49     Checking webpki-roots v0.26.11
#20 10.56    Compiling unicode-general-category v1.1.0
#20 10.59    Compiling rustversion v1.0.23
#20 10.60    Compiling num-traits v0.2.19
#20 10.64     Checking bytecount v0.6.9
#20 10.74     Checking rustls-native-certs v0.8.4
#20 10.78     Checking sharded-slab v0.1.7
#20 10.83     Checking bzip2 v0.6.1
#20 10.84    Compiling ahash v0.8.12
#20 10.87     Checking vsimd v0.8.0
#20 10.90     Checking bit-set v0.8.0
#20 10.90     Checking unsafe-libyaml v0.2.11
#20 10.94     Checking zopfli v0.8.3
#20 10.97     Checking micromap v0.3.0
#20 11.00     Checking ryu v1.0.23
#20 11.03     Checking num-cmp v0.1.0
#20 11.08     Checking hybrid-array v0.4.14
#20 11.13    Compiling syn v3.0.4
#20 11.23    Compiling syn v2.0.119
#20 11.31    Compiling verus_syn v0.0.0-2026-09-06-0133
#20 11.44    Compiling jobserver v0.1.35
#20 11.46     Checking outref v0.5.2
#20 11.47     Checking utf8parse v0.2.2
#20 11.49     Checking data-encoding v2.11.1
#20 11.58     Checking unicode-width v0.2.2
#20 11.62    Compiling portable-atomic v1.15.0
#20 11.73     Checking anstyle-parse v1.0.0
#20 11.76     Checking colorchoice v1.0.5
#20 11.82     Checking is_terminal_polyfill v1.70.2
#20 11.88     Checking anstyle v1.0.14
#20 12.00     Checking anstyle-query v1.1.5
#20 12.00     Checking strsim v0.11.1
#20 12.06    Compiling owo-colors v4.3.0
#20 12.06     Checking clap_lex v1.1.0
#20 12.14    Compiling cc v1.4.4
#20 12.16     Checking flate2 v1.1.9
#20 12.18     Checking shell-words v1.1.1
#20 12.20     Checking scoped-tls v1.0.1
#20 12.22     Checking unit-prefix v0.5.2
#20 12.40     Checking toml_parser v1.1.3+spec-1.1.0
#20 12.76     Checking anstream v1.0.0
#20 12.80     Checking getrandom v0.2.17
#20 12.81     Checking filetime v0.2.29
#20 12.81     Checking console v0.16.4
#20 12.85     Checking uuid-simd v0.8.0
#20 13.35     Checking clap_builder v4.6.6
#20 13.40     Checking parking_lot v0.12.5
#20 13.68     Checking block-buffer v0.12.1
#20 13.68     Checking crypto-common v0.2.2
#20 13.76     Checking num-integer v0.1.47
#20 13.76     Checking num-complex v0.4.6
#20 14.07     Checking indicatif v0.18.6
#20 14.24     Checking num-bigint v0.4.8
#20 14.24     Checking num-iter v0.1.46
#20 14.88     Checking regex-automata v0.4.18
#20 14.88     Checking jsonschema-regex v0.55.0
#20 14.91    Compiling zstd-sys v2.0.16+zstd.1.5.7
#20 14.91    Compiling ring v0.17.14
#20 14.91    Compiling lzma-sys v0.1.20
#20 14.91    Compiling generator v0.8.10
#20 15.23     Checking serde_spanned v1.1.1
#20 15.23     Checking toml_datetime v0.7.5+spec-1.1.0
#20 15.25     Checking toml_datetime v1.1.1+spec-1.1.0
#20 15.30     Checking digest v0.11.3
#20 15.54     Checking sha2 v0.11.0
#20 15.57     Checking toml v1.1.4+spec-1.1.0
#20 15.57     Checking toml_edit v0.25.13+spec-1.1.0
#20 15.59     Checking toml v0.9.12+spec-1.1.0
#20 16.08     Checking num-rational v0.4.2
#20 16.73     Checking num v0.4.3
#20 16.85     Checking fraction v0.17.0
#20 17.12     Checking xz2 v0.1.7
#20 17.19     Checking rustix-linux-procfs v0.1.1
#20 17.19     Checking fs-set-times v0.20.3
#20 17.22     Checking tempfile v3.27.0
#20 17.23     Checking xattr v1.6.1
#20 17.46     Checking tar v0.4.46
#20 17.63     Checking dialoguer v0.12.0
#20 18.49     Checking gripsack-fs v0.42.0 (/app/crates/gripsack-fs)
#20 19.08    Compiling synstructure v0.13.2
#20 19.39     Checking matchers v0.2.0
#20 19.39     Checking regex v1.13.1
#20 19.40     Checking fancy-regex v0.19.1
#20 19.49     Checking rustls-webpki v0.103.15
#20 19.84     Checking zstd v0.13.3
#20 20.15     Checking zip v8.6.0
#20 20.36    Compiling serde_derive v1.0.229
#20 20.36    Compiling thiserror-impl v2.0.20
#20 20.36    Compiling zerovec-derive v0.11.6
#20 20.36    Compiling displaydoc v0.2.7
#20 20.36    Compiling ref-cast-impl v1.0.27
#20 20.37    Compiling clap_derive v4.6.4
#20 20.96    Compiling zerofrom-derive v0.1.7
#20 20.96    Compiling yoke-derive v0.8.2
#20 20.96    Compiling tracing-attributes v0.1.31
#20 20.96    Compiling strum_macros v0.28.0
#20 22.82     Checking zerofrom v0.1.8
#20 22.89     Checking tracing v0.1.44
#20 22.98     Checking yoke v0.8.3
#20 23.09     Checking clap v4.6.6
#20 23.22     Checking zerovec v0.11.8
#20 23.22     Checking zerotrie v0.2.5
#20 23.26    Compiling verus_builtin_macros v0.0.0-2026-09-06-0133
#20 23.26    Compiling verus_state_machines_macros v0.0.0-2026-09-06-0133
#20 23.92     Checking strum v0.28.0
#20 23.96     Checking tinystr v0.8.4
#20 23.96     Checking potential_utf v0.1.6
#20 24.06     Checking icu_collections v2.3.0
#20 24.17     Checking icu_locale_core v2.3.0
#20 25.16     Checking icu_provider v2.3.1
#20 25.20     Checking tracing-serde v0.2.0
#20 25.20     Checking fluent-uri v0.4.1
#20 25.20     Checking serde_yaml v0.9.34+deprecated
#20 25.20     Checking email_address v0.2.9
#20 25.37     Checking tracing-subscriber v0.3.23
#20 25.49     Checking jsonschema-value v0.55.0
#20 25.51     Checking icu_normalizer v2.3.0
#20 25.51     Checking icu_properties v2.3.0
#20 26.00     Checking referencing v0.55.0
#20 26.73     Checking jsonschema v0.55.0
#20 27.09     Checking idna_adapter v1.2.2
#20 27.11     Checking loom v0.7.2
#20 27.17     Checking idna v1.1.0
#20 27.47     Checking url v2.5.8
#20 28.06     Checking ureq v2.12.1
#20 33.47     Checking gripsack-policy v0.42.0 (/app/crates/gripsack-policy)
#20 34.03     Checking gripsack-ir v0.42.0 (/app/crates/gripsack-ir)
#20 34.03     Checking gripsack-process v0.42.0 (/app/crates/gripsack-process)
#20 34.52     Checking gripsack-buildkit v0.42.0 (/app/crates/gripsack-buildkit)
#20 36.50     Checking gripsack-store v0.42.0 (/app/crates/gripsack-store)
#20 36.50     Checking gripsack-config v0.42.0 (/app/crates/gripsack-config)
#20 36.50     Checking griplint v0.42.0 (/app/crates/griplint)
#20 38.33     Checking gripsack-fetch v0.42.0 (/app/crates/gripsack-fetch)
#20 38.33     Checking gripsack-trace v0.42.0 (/app/crates/gripsack-trace)
#20 39.77     Checking gripsack-exec v0.42.0 (/app/crates/gripsack-exec)
#20 39.77     Checking gripsack-lint v0.42.0 (/app/crates/gripsack-lint)
#20 41.22     Checking gripsack-fuzz v0.0.0 (/app/fuzz)
#20 41.22     Checking gripsack v0.42.0 (/app/crates/gripsack)
#20 41.55 error: this expression creates a reference which is immediately dereferenced by the compiler
#20 41.55    --> crates/gripsack-exec/src/ops/model.rs:233:13
#20 41.55     |
#20 41.55 233 |             &capability,
#20 41.55     |             ^^^^^^^^^^^ help: change this to: `capability`
#20 41.55     |
#20 41.55     = help: for further information visit https://rust-lang.github.io/rust-clippy/rust-1.98.0/index.html#needless_borrow
#20 41.55     = note: `-D clippy::needless-borrow` implied by `-D warnings`
#20 41.55     = help: to override `-D warnings` add `#[allow(clippy::needless_borrow)]`
#20 41.55 
#20 41.55 error: this expression creates a reference which is immediately dereferenced by the compiler
#20 41.55    --> crates/gripsack-exec/src/ops/model.rs:289:13
#20 41.55     |
#20 41.55 289 |             &capability,
#20 41.55     |             ^^^^^^^^^^^ help: change this to: `capability`
#20 41.55     |
#20 41.55     = help: for further information visit https://rust-lang.github.io/rust-clippy/rust-1.98.0/index.html#needless_borrow
#20 41.55 
#20 41.70 error: could not compile `gripsack-exec` (lib test) due to 2 previous errors
#20 41.70 warning: build failed, waiting for other jobs to finish...
#20 ERROR: process "/bin/sh -c cargo fmt --check     && cargo clippy --locked --workspace --all-targets -- -D warnings     && cargo test --locked" did not complete successfully: exit code: 101
------
 > [test 1/2] RUN cargo fmt --check     && cargo clippy --locked --workspace --all-targets -- -D warnings     && cargo test --locked:
41.55 error: this expression creates a reference which is immediately dereferenced by the compiler
41.55    --> crates/gripsack-exec/src/ops/model.rs:289:13
41.55     |
41.55 289 |             &capability,
41.55     |             ^^^^^^^^^^^ help: change this to: `capability`
41.55     |
41.55     = help: for further information visit https://rust-lang.github.io/rust-clippy/rust-1.98.0/index.html#needless_borrow
41.55 
41.70 error: could not compile `gripsack-exec` (lib test) due to 2 previous errors
41.70 warning: build failed, waiting for other jobs to finish...
------
Dockerfile:52

--------------------

  51 |     FROM builder AS test

  52 | >>> RUN cargo fmt --check \

  53 | >>>     && cargo clippy --locked --workspace --all-targets -- -D warnings \

  54 | >>>     && cargo test --locked

  55 |     # Published artifacts and coordinator/journal/GC admission boundaries

--------------------

failed to solve: process "/bin/sh -c cargo fmt --check     && cargo clippy --locked --workspace --all-targets -- -D warnings     && cargo test --locked" did not complete successfully: exit code: 101



Wall time: 45.15 seconds

Command exited with code 1
CORRECTED_COMPLETE_GATE
 Image gripsack-test Building 
#1 [internal] load local bake definitions
#1 reading from stdin 530B done
#1 DONE 0.0s

#2 [internal] load build definition from Dockerfile
#2 transferring dockerfile: 11.37kB done
#2 DONE 0.0s

#3 resolve image config for docker-image://docker.io/docker/dockerfile:1
#3 DONE 0.4s

#4 docker-image://docker.io/docker/dockerfile:1@sha256:ecfaec9ed6d810b56388c508f4121597bfbba70d41a6dfeee4d8cad5f295fc32
#4 resolve docker.io/docker/dockerfile:1@sha256:ecfaec9ed6d810b56388c508f4121597bfbba70d41a6dfeee4d8cad5f295fc32 0.0s done
#4 CACHED

#5 [internal] load metadata for docker.io/library/rust:alpine@sha256:a10e64dd139b7387337c7fbe8aca31b959b57b2fd4c8ae20a02cf1d6ea424dce
#5 DONE 0.0s

#6 [internal] load .dockerignore
#6 transferring context: 139B done
#6 DONE 0.0s

#7 [builder  1/10] FROM docker.io/library/rust:alpine@sha256:a10e64dd139b7387337c7fbe8aca31b959b57b2fd4c8ae20a02cf1d6ea424dce
#7 resolve docker.io/library/rust:alpine@sha256:a10e64dd139b7387337c7fbe8aca31b959b57b2fd4c8ae20a02cf1d6ea424dce 0.0s done
#7 DONE 0.0s

#8 [internal] load build context
#8 transferring context: 101.02kB 0.1s done
#8 DONE 0.1s

#9 [builder  2/10] RUN apk add --no-cache musl-dev git curl xz     && rustup component add clippy rustfmt
#9 CACHED

#10 [builder  3/10] RUN set -e;     arch="$(uname -m)";     case "$arch" in       x86_64)  sha=3374daaf153e6f82028add5e4bf7cc2deab46537dee24f20be80df831193aeb4 ;;       aarch64) sha=35d90cee9648037eaa4c1a2649fdca9d1b9a9997b972d37be7f8629139ba1294 ;;       *) echo "unsupported arch: $arch" >&2; exit 1 ;;     esac;     curl -fsSL -o /tmp/ca.tar.xz "https://github.com/rust-secure-code/cargo-auditable/releases/download/v0.7.5/cargo-auditable-${arch}-unknown-linux-musl.tar.xz";     echo "$sha  /tmp/ca.tar.xz" | sha256sum -c -;     mkdir -p /tmp/ca && tar -xJf /tmp/ca.tar.xz -C /tmp/ca;     mv /tmp/ca/*/cargo-auditable /usr/local/bin/cargo-auditable;     rm -rf /tmp/ca /tmp/ca.tar.xz
#10 CACHED

#11 [builder  4/10] WORKDIR /app
#11 CACHED

#12 [builder  5/10] COPY Cargo.toml Cargo.lock ./
#12 CACHED

#13 [builder  6/10] COPY crates ./crates
#13 DONE 0.5s

#14 [builder  7/10] COPY fuzz ./fuzz
#14 DONE 0.1s

#15 [builder  8/10] COPY schema ./schema
#15 DONE 0.1s

#16 [builder  9/10] COPY typescript ./typescript
#16 DONE 0.1s

#17 [builder 10/10] COPY scripts ./scripts
#17 DONE 0.1s

#18 [test 1/2] RUN cargo fmt --check     && cargo clippy --locked --workspace --all-targets -- -D warnings     && cargo test --locked
#18 1.500     Updating crates.io index
#18 3.114  Downloading crates ...
#18 3.200   Downloaded borrow-or-share v0.2.4
#18 3.210   Downloaded icu_normalizer_data v2.3.0
#18 3.217   Downloaded ahash v0.8.12
#18 3.223   Downloaded allocator-api2 v0.2.21
#18 3.229   Downloaded anstyle-query v1.1.5
#18 3.233   Downloaded block-buffer v0.12.1
#18 3.236   Downloaded jsonschema-regex v0.55.0
#18 3.238   Downloaded bzip2 v0.6.1
#18 3.245   Downloaded fs-set-times v0.20.3
#18 3.249   Downloaded bytecount v0.6.9
#18 3.258   Downloaded openssl-probe v0.2.1
#18 3.261   Downloaded httpdate v1.0.3
#18 3.264   Downloaded errno v0.3.14
#18 3.268   Downloaded maybe-owned v0.3.4
#18 3.271   Downloaded cfg-if v1.0.4
#18 3.275   Downloaded heck v0.5.0
#18 3.279   Downloaded is_terminal_polyfill v1.70.2
#18 3.281   Downloaded bit-set v0.8.0
#18 3.286   Downloaded itoa v1.0.18
#18 3.290   Downloaded matchers v0.2.0
#18 3.293   Downloaded zerofrom-derive v0.1.7
#18 3.296   Downloaded convert_case v0.4.0
#18 3.298   Downloaded clap_lex v1.1.0
#18 3.300   Downloaded colorchoice v1.0.5
#18 3.302   Downloaded zerofrom v0.1.8
#18 3.304   Downloaded anstyle v1.0.14
#18 3.307   Downloaded bit-vec v0.8.0
#18 3.311   Downloaded autocfg v1.5.1
#18 3.315   Downloaded percent-encoding v2.3.2
#18 3.317   Downloaded equivalent v1.0.2
#18 3.321   Downloaded cpufeatures v0.3.0
#18 3.324   Downloaded anstyle-parse v1.0.0
#18 3.328   Downloaded num-cmp v0.1.0
#18 3.330   Downloaded form_urlencoded v1.2.2
#18 3.333   Downloaded crypto-common v0.2.2
#18 3.336   Downloaded adler2 v2.0.1
#18 3.338   Downloaded find-msvc-tools v0.1.11
#18 3.341   Downloaded data-encoding v2.11.1
#18 3.343   Downloaded idna_adapter v1.2.2
#18 3.345   Downloaded outref v0.5.2
#18 3.348   Downloaded num-iter v0.1.46
#18 3.351   Downloaded ref-cast v1.0.27
#18 3.357   Downloaded io-lifetimes v2.0.4
#18 3.360   Downloaded displaydoc v0.2.7
#18 3.365   Downloaded potential_utf v0.1.6
#18 3.367   Downloaded clap_derive v4.6.4
#18 3.372   Downloaded email_address v0.2.9
#18 3.377   Downloaded ref-cast-impl v1.0.27
#18 3.379   Downloaded fastrand v2.5.0
#18 3.383   Downloaded num-complex v0.4.6
#18 3.387   Downloaded lock_api v0.4.14
#18 3.390   Downloaded generator v0.8.10
#18 3.399   Downloaded lazy_static v1.5.0
#18 3.404   Downloaded ambient-authority v0.0.2
#18 3.406   Downloaded tracing-serde v0.2.0
#18 3.409   Downloaded io-lifetimes v3.0.1
#18 3.412   Downloaded jobserver v0.1.35
#18 3.418   Downloaded ipnet v2.12.1
#18 3.421   Downloaded foldhash v0.2.0
#18 3.424   Downloaded scoped-tls v1.0.1
#18 3.427   Downloaded anstream v1.0.0
#18 3.432   Downloaded vsimd v0.8.0
#18 3.436   Downloaded strum v0.28.0
#18 3.439   Downloaded scopeguard v1.2.0
#18 3.442   Downloaded subtle v2.6.1
#18 3.446   Downloaded console v0.16.4
#18 3.450   Downloaded crc32fast v1.5.1
#18 3.457   Downloaded filetime v0.2.29
#18 3.461   Downloaded num v0.4.3
#18 3.464   Downloaded strsim v0.11.1
#18 3.467   Downloaded dialoguer v0.12.0
#18 3.475   Downloaded num-integer v0.1.47
#18 3.480   Downloaded getrandom v0.2.17
#18 3.486   Downloaded hashbrown v0.17.1
#18 3.497   Downloaded litemap v0.8.3
#18 3.503   Downloaded nu-ansi-term v0.50.3
#18 3.509   Downloaded xattr v1.6.1
#18 3.514   Downloaded yoke-derive v0.8.2
#18 3.516   Downloaded thread_local v1.1.10
#18 3.520   Downloaded digest v0.11.3
#18 3.526   Downloaded xz2 v0.1.7
#18 3.531   Downloaded shell-words v1.1.1
#18 3.533   Downloaded icu_provider v2.3.1
#18 3.540   Downloaded getrandom v0.4.3
#18 3.548   Downloaded cap-std v4.0.3
#18 3.557   Downloaded stable_deref_trait v1.2.1
#18 3.559   Downloaded loom v0.7.2
#18 3.571   Downloaded bitflags v2.13.1
#18 3.578   Downloaded fluent-uri v0.4.1
#18 3.586   Downloaded untrusted v0.9.0
#18 3.591   Downloaded miniz_oxide v0.8.9
#18 3.596   Downloaded jsonschema-value v0.55.0
#18 3.600   Downloaded webpki-roots v0.26.11
#18 3.605   Downloaded icu_locale_core v2.3.0
#18 3.622   Downloaded serde_spanned v1.1.1
#18 3.625   Downloaded getrandom v0.3.4
#18 3.632   Downloaded micromap v0.3.0
#18 3.643   Downloaded libbz2-rs-sys v0.2.5
#18 3.648   Downloaded log v0.4.34
#18 3.656   Downloaded base64 v0.22.1
#18 3.668   Downloaded indicatif v0.18.6
#18 3.676   Downloaded hybrid-array v0.4.14
#18 3.682   Downloaded const-oid v0.10.2
#18 3.687   Downloaded clap v4.6.6
#18 3.705   Downloaded unit-prefix v0.5.2
#18 3.708   Downloaded io-extras v0.19.0
#18 3.713   Downloaded yoke v0.8.3
#18 3.717   Downloaded cc v1.4.4
#18 3.722   Downloaded cap-primitives v4.0.3
#18 3.743   Downloaded indexmap v2.14.0
#18 3.752   Downloaded flate2 v1.1.9
#18 3.761   Downloaded verus_prettyplease v0.0.0-2026-09-06-0133
#18 3.768   Downloaded verus_builtin v0.0.0-2026-09-06-0133
#18 3.770   Downloaded icu_properties v2.3.0
#18 3.777   Downloaded memchr v2.8.3
#18 3.793   Downloaded fraction v0.17.0
#18 3.805   Downloaded num-bigint v0.4.8
#18 3.814   Downloaded verus_state_machines_macros v0.0.0-2026-09-06-0133
#18 3.819   Downloaded version_check v0.9.5
#18 3.823   Downloaded icu_collections v2.3.0
#18 3.836   Downloaded utf8_iter v1.0.4
#18 3.838   Downloaded bumpalo v3.20.3
#18 3.842   Downloaded uuid-simd v0.8.0
#18 3.845   Downloaded verus_builtin_macros v0.0.0-2026-09-06-0133
#18 3.851   Downloaded zmij v1.0.23
#18 3.856   Downloaded zstd-safe v7.2.4
#18 3.861   Downloaded owo-colors v4.3.0
#18 3.864   Downloaded icu_properties_data v2.3.0
#18 3.878   Downloaded zeroize v1.9.0
#18 3.881   Downloaded zstd v0.13.3
#18 3.888   Downloaded zerovec-derive v0.11.6
#18 3.892   Downloaded idna v1.1.0
#18 3.897   Downloaded aho-corasick v1.1.5
#18 3.906   Downloaded clap_builder v4.6.6
#18 3.918   Downloaded winnow v0.7.15
#18 3.939   Downloaded winnow v1.0.4
#18 3.959   Downloaded utf8parse v0.2.2
#18 3.961   Downloaded num-rational v0.4.2
#18 3.964   Downloaded fancy-regex v0.19.1
#18 3.975   Downloaded pin-project-lite v0.2.17
#18 3.990   Downloaded webpki-roots v1.0.9
#18 3.995   Downloaded simd-adler32 v0.3.10
#18 4.000   Downloaded rustversion v1.0.23
#18 4.006   Downloaded zerocopy v0.8.56
#18 4.040   Downloaded synstructure v0.13.2
#18 4.042   Downloaded vstd v0.0.0-2026-09-06-0133
#18 4.060   Downloaded thiserror-impl v2.0.20
#18 4.063   Downloaded toml_writer v1.1.2+spec-1.1.0
#18 4.066   Downloaded verus_syn v0.0.0-2026-09-06-0133
#18 4.085   Downloaded toml_datetime v0.7.5+spec-1.1.0
#18 4.089   Downloaded rustix-linux-procfs v0.1.1
#18 4.091   Downloaded tinystr v0.8.4
#18 4.095   Downloaded icu_normalizer v2.3.0
#18 4.107   Downloaded strum_macros v0.28.0
#18 4.112   Downloaded jsonschema v0.55.0
#18 4.139   Downloaded rustls-native-certs v0.8.4
#18 4.142   Downloaded pkg-config v0.3.34
#18 4.145   Downloaded tracing-log v0.2.0
#18 4.149   Downloaded once_cell v1.21.4
#18 4.154   Downloaded parking_lot v0.12.5
#18 4.159   Downloaded lzma-sys v0.1.20
#18 4.208   Downloaded libc v0.2.189
#18 4.328   Downloaded quote v1.0.47
#18 4.333   Downloaded writeable v0.6.4
#18 4.338   Downloaded parking_lot_core v0.9.12
#18 4.342   Downloaded toml_datetime v1.1.1+spec-1.1.0
#18 4.344   Downloaded sha2 v0.11.0
#18 4.353   Downloaded unicode-general-category v1.1.0
#18 4.356   Downloaded smallvec v1.15.2
#18 4.359   Downloaded tempfile v3.27.0
#18 4.364   Downloaded linux-raw-sys v0.12.1
#18 4.431   Downloaded rustls-pki-types v1.15.1
#18 4.436   Downloaded thiserror v2.0.20
#18 4.446   Downloaded tracing-attributes v0.1.31
#18 4.451   Downloaded zopfli v0.8.3
#18 4.455   Downloaded proc-macro2 v1.0.107
#18 4.461   Downloaded referencing v0.55.0
#18 4.470   Downloaded num-traits v0.2.19
#18 4.474   Downloaded unsafe-libyaml v0.2.11
#18 4.481   Downloaded serde_yaml v0.9.34+deprecated
#18 4.491   Downloaded tracing-core v0.1.36
#18 4.497   Downloaded ryu v1.0.23
#18 4.505   Downloaded shlex v2.0.1
#18 4.509   Downloaded toml v0.9.12+spec-1.1.0
#18 4.517   Downloaded serde_derive v1.0.229
#18 4.522   Downloaded unicode-ident v1.0.24
#18 4.529   Downloaded toml v1.1.4+spec-1.1.0
#18 4.537   Downloaded toml_parser v1.1.3+spec-1.1.0
#18 4.541   Downloaded serde_core v1.0.229
#18 4.546   Downloaded sharded-slab v0.1.7
#18 4.553   Downloaded toml_edit v0.25.13+spec-1.1.0
#18 4.560   Downloaded tar v0.4.46
#18 4.566   Downloaded zerotrie v0.2.5
#18 4.573   Downloaded serde v1.0.229
#18 4.580   Downloaded url v2.5.8
#18 4.583   Downloaded typed-path v0.12.3
#18 4.601   Downloaded rustls-webpki v0.103.15
#18 4.606   Downloaded typenum v1.20.1
#18 4.611   Downloaded ureq v2.12.1
#18 4.620   Downloaded zip v8.6.0
#18 4.627   Downloaded zerovec v0.11.8
#18 4.639   Downloaded serde_json v1.0.151
#18 4.651   Downloaded regex v1.13.1
#18 4.659   Downloaded portable-atomic v1.15.0
#18 4.672   Downloaded tracing-subscriber v0.3.23
#18 4.686   Downloaded zlib-rs v0.6.7
#18 4.695   Downloaded unicode-width v0.2.2
#18 4.701   Downloaded syn v2.0.119
#18 4.719   Downloaded syn v3.0.4
#18 4.734   Downloaded regex-syntax v0.8.11
#18 4.743   Downloaded rustls v0.23.45
#18 4.762   Downloaded rustix v1.1.4
#18 4.819   Downloaded tracing v0.1.44
#18 4.836   Downloaded regex-automata v0.4.18
#18 4.860   Downloaded zstd-sys v2.0.16+zstd.1.5.7
#18 4.880   Downloaded ring v0.17.14
#18 5.197    Compiling proc-macro2 v1.0.107
#18 5.197    Compiling unicode-ident v1.0.24
#18 5.197    Compiling quote v1.0.47
#18 5.198    Compiling libc v0.2.189
#18 5.198     Checking cfg-if v1.0.4
#18 5.198    Compiling serde_core v1.0.229
#18 5.198    Compiling serde v1.0.229
#18 5.206     Checking memchr v2.8.3
#18 5.209     Checking once_cell v1.21.4
#18 5.209     Checking equivalent v1.0.2
#18 5.209     Checking foldhash v0.2.0
#18 5.220     Checking allocator-api2 v0.2.21
#18 5.220    Compiling verus_prettyplease v0.0.0-2026-09-06-0133
#18 5.220    Compiling hashbrown v0.17.1
#18 5.221    Compiling convert_case v0.4.0
#18 5.232    Compiling vstd v0.0.0-2026-09-06-0133
#18 5.233    Compiling zmij v1.0.23
#18 5.233    Compiling serde_json v1.0.151
#18 5.233     Checking verus_builtin v0.0.0-2026-09-06-0133
#18 5.242     Checking itoa v1.0.18
#18 5.242    Compiling shlex v2.0.1
#18 5.253    Compiling find-msvc-tools v0.1.11
#18 5.258     Checking smallvec v1.15.2
#18 5.263    Compiling thiserror v2.0.20
#18 5.269    Compiling rustix v1.1.4
#18 5.278     Checking linux-raw-sys v0.12.1
#18 5.278     Checking bitflags v2.13.1
#18 5.302     Checking stable_deref_trait v1.2.1
#18 5.309     Checking typenum v1.20.1
#18 5.315     Checking winnow v1.0.4
#18 5.316     Checking toml_writer v1.1.2+spec-1.1.0
#18 5.325    Compiling io-lifetimes v2.0.4
#18 5.348    Compiling io-lifetimes v3.0.1
#18 5.348    Compiling pkg-config v0.3.34
#18 5.349    Compiling parking_lot_core v0.9.12
#18 5.400     Checking log v0.4.34
#18 5.417     Checking const-oid v0.10.2
#18 5.444    Compiling io-extras v0.19.0
#18 5.465    Compiling getrandom v0.4.3
#18 5.490     Checking percent-encoding v2.3.2
#18 5.507    Compiling cap-primitives v4.0.3
#18 5.532     Checking scopeguard v1.2.0
#18 5.586     Checking cpufeatures v0.3.0
#18 5.587     Checking ambient-authority v0.0.2
#18 5.608     Checking ipnet v2.12.1
#18 5.609     Checking writeable v0.6.4
#18 5.623    Compiling cap-std v4.0.3
#18 5.632     Checking zeroize v1.9.0
#18 5.635     Checking lock_api v0.4.14
#18 5.666     Checking litemap v0.8.3
#18 5.675     Checking fastrand v2.5.0
#18 5.675     Checking maybe-owned v0.3.4
#18 5.710     Checking tracing-core v0.1.36
#18 5.711    Compiling icu_properties_data v2.3.0
#18 5.741     Checking utf8_iter v1.0.4
#18 5.781    Compiling icu_normalizer_data v2.3.0
#18 5.809     Checking winnow v0.7.15
#18 5.855     Checking rustls-pki-types v1.15.1
#18 5.872     Checking regex-syntax v0.8.11
#18 5.951     Checking pin-project-lite v0.2.17
#18 5.951    Compiling crc32fast v1.5.1
#18 5.951    Compiling zstd-safe v7.2.4
#18 5.967     Checking simd-adler32 v0.3.10
#18 5.989    Compiling autocfg v1.5.1
#18 6.019     Checking untrusted v0.9.0
#18 6.019     Checking base64 v0.22.1
#18 6.020     Checking adler2 v2.0.1
#18 6.020    Compiling rustls v0.23.45
#18 6.085     Checking form_urlencoded v1.2.2
#18 6.087     Checking aho-corasick v1.1.5
#18 6.108     Checking subtle v2.6.1
#18 6.183     Checking bumpalo v3.20.3
#18 6.184     Checking zlib-rs v0.6.7
#18 6.209     Checking libbz2-rs-sys v0.2.5
#18 6.251     Checking openssl-probe v0.2.1
#18 6.219     Checking miniz_oxide v0.8.9
#18 6.251     Checking typed-path v0.12.3
#18 6.252     Checking httpdate v1.0.3
#18 6.252    Compiling heck v0.5.0
#18 6.253    Compiling zerocopy v0.8.56
#18 6.333    Compiling indexmap v2.14.0
#18 6.350    Compiling version_check v0.9.5
#18 6.375    Compiling getrandom v0.3.4
#18 6.375     Checking webpki-roots v1.0.9
#18 6.375    Compiling ref-cast v1.0.27
#18 6.407     Checking rustls-native-certs v0.8.4
#18 6.427     Checking lazy_static v1.5.0
#18 6.428     Checking tracing-log v0.2.0
#18 6.492     Checking thread_local v1.1.10
#18 6.516    Compiling unicode-general-category v1.1.0
#18 6.572    Compiling rustversion v1.0.23
#18 6.586     Checking sharded-slab v0.1.7
#18 6.646     Checking borrow-or-share v0.2.4
#18 6.668     Checking nu-ansi-term v0.50.3
#18 6.684     Checking bit-vec v0.8.0
#18 6.740     Checking vsimd v0.8.0
#18 6.740     Checking bytecount v0.6.9
#18 6.767     Checking num-cmp v0.1.0
#18 6.768     Checking zopfli v0.8.3
#18 6.769    Compiling num-traits v0.2.19
#18 6.810     Checking webpki-roots v0.26.11
#18 6.812     Checking ryu v1.0.23
#18 6.892    Compiling ahash v0.8.12
#18 6.931     Checking micromap v0.3.0
#18 6.953     Checking unsafe-libyaml v0.2.11
#18 6.995     Checking outref v0.5.2
#18 7.024     Checking data-encoding v2.11.1
#18 7.024     Checking utf8parse v0.2.2
#18 7.059     Checking anstyle v1.0.14
#18 7.078     Checking unicode-width v0.2.2
#18 7.102     Checking bzip2 v0.6.1
#18 7.112     Checking bit-set v0.8.0
#18 7.128     Checking is_terminal_polyfill v1.70.2
#18 7.148     Checking anstyle-parse v1.0.0
#18 7.157     Checking hybrid-array v0.4.14
#18 7.169     Checking anstyle-query v1.1.5
#18 7.280     Checking colorchoice v1.0.5
#18 7.313    Compiling portable-atomic v1.15.0
#18 7.330     Checking strsim v0.11.1
#18 7.348    Compiling owo-colors v4.3.0
#18 7.364     Checking clap_lex v1.1.0
#18 7.381     Checking toml_parser v1.1.3+spec-1.1.0
#18 7.381     Checking anstream v1.0.0
#18 7.414     Checking shell-words v1.1.1
#18 7.462     Checking unit-prefix v0.5.2
#18 7.471     Checking scoped-tls v1.0.1
#18 7.508     Checking uuid-simd v0.8.0
#18 7.570    Compiling syn v3.0.4
#18 7.570    Compiling syn v2.0.119
#18 7.570    Compiling verus_syn v0.0.0-2026-09-06-0133
#18 7.617    Compiling jobserver v0.1.35
#18 7.688     Checking getrandom v0.2.17
#18 7.688     Checking filetime v0.2.29
#18 7.720     Checking console v0.16.4
#18 7.746     Checking clap_builder v4.6.6
#18 7.897     Checking flate2 v1.1.9
#18 7.906    Compiling cc v1.4.4
#18 7.931     Checking parking_lot v0.12.5
#18 8.017     Checking block-buffer v0.12.1
#18 8.018     Checking crypto-common v0.2.2
#18 8.409     Checking num-integer v0.1.47
#18 8.409     Checking num-complex v0.4.6
#18 8.480     Checking regex-automata v0.4.18
#18 8.480     Checking jsonschema-regex v0.55.0
#18 8.663     Checking num-bigint v0.4.8
#18 8.664     Checking num-iter v0.1.46
#18 8.716     Checking indicatif v0.18.6
#18 8.864     Checking serde_spanned v1.1.1
#18 8.864     Checking toml_datetime v0.7.5+spec-1.1.0
#18 8.864     Checking toml_datetime v1.1.1+spec-1.1.0
#18 8.915     Checking digest v0.11.3
#18 9.059     Checking sha2 v0.11.0
#18 9.067     Checking toml v1.1.4+spec-1.1.0
#18 9.067     Checking toml_edit v0.25.13+spec-1.1.0
#18 9.101     Checking toml v0.9.12+spec-1.1.0
#18 9.535    Compiling ring v0.17.14
#18 9.535    Compiling zstd-sys v2.0.16+zstd.1.5.7
#18 9.535    Compiling lzma-sys v0.1.20
#18 9.542    Compiling generator v0.8.10
#18 10.06     Checking num-rational v0.4.2
#18 10.31     Checking rustix-linux-procfs v0.1.1
#18 10.34     Checking fs-set-times v0.20.3
#18 10.34     Checking tempfile v3.27.0
#18 10.34     Checking xattr v1.6.1
#18 10.50     Checking num v0.4.3
#18 10.51     Checking tar v0.4.46
#18 10.56     Checking fraction v0.17.0
#18 10.59     Checking xz2 v0.1.7
#18 10.64     Checking dialoguer v0.12.0
#18 11.24     Checking gripsack-fs v0.42.0 (/app/crates/gripsack-fs)
#18 11.39     Checking matchers v0.2.0
#18 11.39     Checking fancy-regex v0.19.1
#18 11.39     Checking regex v1.13.1
#18 12.44     Checking zstd v0.13.3
#18 12.51     Checking rustls-webpki v0.103.15
#18 12.61     Checking zip v8.6.0
#18 12.63    Compiling synstructure v0.13.2
#18 12.92    Compiling serde_derive v1.0.229
#18 12.92    Compiling thiserror-impl v2.0.20
#18 12.92    Compiling zerovec-derive v0.11.6
#18 12.92    Compiling displaydoc v0.2.7
#18 12.92    Compiling ref-cast-impl v1.0.27
#18 12.92    Compiling clap_derive v4.6.4
#18 14.15    Compiling zerofrom-derive v0.1.7
#18 14.15    Compiling yoke-derive v0.8.2
#18 14.15    Compiling tracing-attributes v0.1.31
#18 14.15    Compiling strum_macros v0.28.0
#18 15.44     Checking clap v4.6.6
#18 15.49    Compiling verus_state_machines_macros v0.0.0-2026-09-06-0133
#18 15.49    Compiling verus_builtin_macros v0.0.0-2026-09-06-0133
#18 15.73     Checking zerofrom v0.1.8
#18 15.83     Checking yoke v0.8.3
#18 15.85     Checking tracing v0.1.44
#18 16.04     Checking zerovec v0.11.8
#18 16.04     Checking zerotrie v0.2.5
#18 16.45     Checking strum v0.28.0
#18 16.58     Checking tinystr v0.8.4
#18 16.58     Checking potential_utf v0.1.6
#18 16.64     Checking icu_collections v2.3.0
#18 16.70     Checking icu_locale_core v2.3.0
#18 16.82     Checking tracing-serde v0.2.0
#18 16.82     Checking fluent-uri v0.4.1
#18 16.82     Checking serde_yaml v0.9.34+deprecated
#18 16.82     Checking email_address v0.2.9
#18 16.92     Checking tracing-subscriber v0.3.23
#18 17.03     Checking jsonschema-value v0.55.0
#18 17.31     Checking referencing v0.55.0
#18 17.35     Checking icu_provider v2.3.1
#18 17.51     Checking icu_normalizer v2.3.0
#18 17.51     Checking icu_properties v2.3.0
#18 17.77     Checking jsonschema v0.55.0
#18 18.11     Checking loom v0.7.2
#18 18.43     Checking idna_adapter v1.2.2
#18 18.51     Checking idna v1.1.0
#18 18.73     Checking url v2.5.8
#18 19.22     Checking ureq v2.12.1
#18 26.48     Checking gripsack-policy v0.42.0 (/app/crates/gripsack-policy)
#18 27.06     Checking gripsack-ir v0.42.0 (/app/crates/gripsack-ir)
#18 27.06     Checking gripsack-process v0.42.0 (/app/crates/gripsack-process)
#18 27.59     Checking gripsack-buildkit v0.42.0 (/app/crates/gripsack-buildkit)
#18 29.65     Checking gripsack-store v0.42.0 (/app/crates/gripsack-store)
#18 29.65     Checking gripsack-config v0.42.0 (/app/crates/gripsack-config)
#18 29.65     Checking griplint v0.42.0 (/app/crates/griplint)
#18 31.16     Checking gripsack-fetch v0.42.0 (/app/crates/gripsack-fetch)
#18 31.16     Checking gripsack-trace v0.42.0 (/app/crates/gripsack-trace)
#18 32.35     Checking gripsack-exec v0.42.0 (/app/crates/gripsack-exec)
#18 32.35     Checking gripsack-lint v0.42.0 (/app/crates/gripsack-lint)
#18 33.67     Checking gripsack-fuzz v0.0.0 (/app/fuzz)
#18 33.67     Checking gripsack v0.42.0 (/app/crates/gripsack)
#18 35.10     Finished `dev` profile [unoptimized + debuginfo] target(s) in 33.71s
#18 35.76    Compiling cfg-if v1.0.4
#18 35.76    Compiling equivalent v1.0.2
#18 35.76    Compiling memchr v2.8.3
#18 35.76    Compiling once_cell v1.21.4
#18 35.76    Compiling allocator-api2 v0.2.21
#18 35.76    Compiling foldhash v0.2.0
#18 35.77    Compiling verus_builtin v0.0.0-2026-09-06-0133
#18 35.77    Compiling itoa v1.0.18
#18 35.77    Compiling bitflags v2.13.1
#18 35.77    Compiling linux-raw-sys v0.12.1
#18 35.77    Compiling smallvec v1.15.2
#18 35.77    Compiling typenum v1.20.1
#18 35.77    Compiling winnow v1.0.4
#18 35.77    Compiling toml_writer v1.1.2+spec-1.1.0
#18 35.77    Compiling const-oid v0.10.2
#18 35.78    Compiling stable_deref_trait v1.2.1
#18 35.79    Compiling cpufeatures v0.3.0
#18 35.80    Compiling libc v0.2.189
#18 35.80    Compiling serde_core v1.0.229
#18 35.80    Compiling indexmap v2.14.0
#18 35.80    Compiling zmij v1.0.23
#18 35.81    Compiling fastrand v2.5.0
#18 35.81    Compiling ambient-authority v0.0.2
#18 35.81    Compiling maybe-owned v0.3.4
#18 35.82    Compiling io-lifetimes v3.0.1
#18 35.82    Compiling io-lifetimes v2.0.4
#18 35.83    Compiling log v0.4.34
#18 35.83    Compiling percent-encoding v2.3.2
#18 35.83    Compiling ipnet v2.12.1
#18 35.88    Compiling thiserror v2.0.20
#18 35.88    Compiling scopeguard v1.2.0
#18 35.88    Compiling winnow v0.7.15
#18 35.88    Compiling zerofrom v0.1.8
#18 35.88    Compiling writeable v0.6.4
#18 35.88    Compiling litemap v0.8.3
#18 35.88    Compiling zeroize v1.9.0
#18 35.92    Compiling utf8_iter v1.0.4
#18 35.93    Compiling io-extras v0.19.0
#18 35.96    Compiling lock_api v0.4.14
#18 35.98    Compiling regex-syntax v0.8.11
#18 35.99    Compiling pin-project-lite v0.2.17
#18 35.99    Compiling icu_normalizer_data v2.3.0
#18 36.03    Compiling yoke v0.8.3
#18 36.04    Compiling tracing-core v0.1.36
#18 36.05    Compiling icu_properties_data v2.3.0
#18 36.06    Compiling untrusted v0.9.0
#18 36.09    Compiling base64 v0.22.1
#18 36.10    Compiling simd-adler32 v0.3.10
#18 36.11    Compiling rustls-pki-types v1.15.1
#18 36.11    Compiling crc32fast v1.5.1
#18 36.13    Compiling adler2 v2.0.1
#18 36.14    Compiling form_urlencoded v1.2.2
#18 36.16    Compiling subtle v2.6.1
#18 36.16    Compiling zlib-rs v0.6.7
#18 36.17    Compiling bumpalo v3.20.3
#18 36.19    Compiling libbz2-rs-sys v0.2.5
#18 36.19    Compiling typed-path v0.12.3
#18 36.20    Compiling openssl-probe v0.2.1
#18 36.22    Compiling num-traits v0.2.19
#18 36.18    Compiling httpdate v1.0.3
#18 36.18    Compiling zerocopy v0.8.56
#18 36.22    Compiling hashbrown v0.17.1
#18 36.24    Compiling zerovec v0.11.8
#18 36.24    Compiling zerotrie v0.2.5
#18 36.30    Compiling rustix v1.1.4
#18 36.32    Compiling lazy_static v1.5.0
#18 36.32    Compiling ref-cast v1.0.27
#18 36.33    Compiling thread_local v1.1.10
#18 36.37    Compiling miniz_oxide v0.8.9
#18 36.38    Compiling nu-ansi-term v0.50.3
#18 36.41    Compiling sharded-slab v0.1.7
#18 36.42    Compiling borrow-or-share v0.2.4
#18 36.42    Compiling bit-vec v0.8.0
#18 36.44    Compiling micromap v0.3.0
#18 36.45    Compiling vsimd v0.8.0
#18 36.51    Compiling zopfli v0.8.3
#18 36.54    Compiling ryu v1.0.23
#18 36.62    Compiling aho-corasick v1.1.5
#18 36.63    Compiling unsafe-libyaml v0.2.11
#18 36.77    Compiling bytecount v0.6.9
#18 36.80    Compiling outref v0.5.2
#18 36.85    Compiling bit-set v0.8.0
#18 36.91    Compiling webpki-roots v1.0.9
#18 36.93    Compiling rustls-native-certs v0.8.4
#18 36.93    Compiling num-cmp v0.1.0
#18 36.94    Compiling strum v0.28.0
#18 36.98    Compiling tracing v0.1.44
#18 37.08    Compiling bzip2 v0.6.1
#18 37.10    Compiling tracing-log v0.2.0
#18 37.15    Compiling hybrid-array v0.4.14
#18 37.16    Compiling webpki-roots v0.26.11
#18 37.18    Compiling tinystr v0.8.4
#18 37.21    Compiling verus_state_machines_macros v0.0.0-2026-09-06-0133
#18 37.25    Compiling potential_utf v0.1.6
#18 37.26    Compiling uuid-simd v0.8.0
#18 37.27    Compiling unicode-general-category v1.1.0
#18 37.30    Compiling data-encoding v2.11.1
#18 37.38    Compiling jobserver v0.1.35
#18 37.43    Compiling getrandom v0.4.3
#18 37.44    Compiling parking_lot_core v0.9.12
#18 37.46    Compiling icu_collections v2.3.0
#18 37.49    Compiling icu_locale_core v2.3.0
#18 37.51    Compiling getrandom v0.2.17
#18 37.51    Compiling filetime v0.2.29
#18 37.53    Compiling getrandom v0.3.4
#18 37.58    Compiling num-integer v0.1.47
#18 37.61    Compiling num-complex v0.4.6
#18 37.61    Compiling utf8parse v0.2.2
#18 37.67    Compiling scoped-tls v1.0.1
#18 37.72    Compiling anstyle-parse v1.0.0
#18 37.75    Compiling cc v1.4.4
#18 37.80    Compiling parking_lot v0.12.5
#18 37.82    Compiling toml_parser v1.1.3+spec-1.1.0
#18 37.88    Compiling anstyle v1.0.14
#18 37.89    Compiling unicode-width v0.2.2
#18 37.90    Compiling colorchoice v1.0.5
#18 37.92    Compiling anstyle-query v1.1.5
#18 37.95    Compiling is_terminal_polyfill v1.70.2
#18 37.99    Compiling num-bigint v0.4.8
#18 37.99    Compiling num-iter v0.1.46
#18 38.02    Compiling clap_lex v1.1.0
#18 38.03    Compiling strsim v0.11.1
#18 38.04    Compiling portable-atomic v1.15.0
#18 38.06    Compiling shell-words v1.1.1
#18 38.06    Compiling unit-prefix v0.5.2
#18 38.14    Compiling owo-colors v4.3.0
#18 38.17    Compiling console v0.16.4
#18 38.22    Compiling block-buffer v0.12.1
#18 38.24    Compiling crypto-common v0.2.2
#18 38.25    Compiling anstream v1.0.0
#18 38.61    Compiling clap_builder v4.6.6
#18 39.13    Compiling indicatif v0.18.6
#18 39.20    Compiling icu_provider v2.3.1
#18 39.20    Compiling regex-automata v0.4.18
#18 39.20    Compiling jsonschema-regex v0.55.0
#18 39.50    Compiling digest v0.11.3
#18 39.51    Compiling icu_normalizer v2.3.0
#18 39.51    Compiling icu_properties v2.3.0
#18 39.71    Compiling sha2 v0.11.0
#18 39.82    Compiling serde v1.0.229
#18 39.82    Compiling serde_json v1.0.151
#18 39.82    Compiling serde_spanned v1.1.1
#18 39.82    Compiling toml_datetime v0.7.5+spec-1.1.0
#18 39.82    Compiling toml_datetime v1.1.1+spec-1.1.0
#18 39.99    Compiling zstd-sys v2.0.16+zstd.1.5.7
#18 39.99    Compiling ring v0.17.14
#18 39.99    Compiling lzma-sys v0.1.20
#18 39.99    Compiling generator v0.8.10
#18 40.04    Compiling num-rational v0.4.2
#18 40.18    Compiling toml v0.9.12+spec-1.1.0
#18 40.22    Compiling toml v1.1.4+spec-1.1.0
#18 40.23    Compiling toml_edit v0.25.13+spec-1.1.0
#18 40.29    Compiling flate2 v1.1.9
#18 40.64    Compiling num v0.4.3
#18 40.70    Compiling fraction v0.17.0
#18 40.76    Compiling tracing-serde v0.2.0
#18 40.76    Compiling fluent-uri v0.4.1
#18 40.76    Compiling email_address v0.2.9
#18 40.76    Compiling serde_yaml v0.9.34+deprecated
#18 41.51    Compiling idna_adapter v1.2.2
#18 41.62    Compiling idna v1.1.0
#18 41.83    Compiling fs-set-times v0.20.3
#18 41.93    Compiling tempfile v3.27.0
#18 41.97    Compiling rustix-linux-procfs v0.1.1
#18 42.02    Compiling rustls v0.23.45
#18 42.03    Compiling xattr v1.6.1
#18 42.04    Compiling clap v4.6.6
#18 42.10    Compiling url v2.5.8
#18 42.25    Compiling cap-primitives v4.0.3
#18 42.28    Compiling tar v0.4.46
#18 42.41    Compiling dialoguer v0.12.0
#18 43.10    Compiling cap-std v4.0.3
#18 43.24    Compiling ahash v0.8.12
#18 43.52    Compiling gripsack-fs v0.42.0 (/app/crates/gripsack-fs)
#18 43.57    Compiling jsonschema-value v0.55.0
#18 43.61    Compiling referencing v0.55.0
#18 43.85    Compiling matchers v0.2.0
#18 43.85    Compiling fancy-regex v0.19.1
#18 43.85    Compiling regex v1.13.1
#18 43.86    Compiling xz2 v0.1.7
#18 43.92    Compiling tracing-subscriber v0.3.23
#18 43.99    Compiling zstd-safe v7.2.4
#18 44.27    Compiling zstd v0.13.3
#18 44.38    Compiling rustls-webpki v0.103.15
#18 44.44    Compiling vstd v0.0.0-2026-09-06-0133
#18 44.51    Compiling zip v8.6.0
#18 45.30    Compiling jsonschema v0.55.0
#18 45.97    Compiling loom v0.7.2
#18 47.34    Compiling gripsack-policy v0.42.0 (/app/crates/gripsack-policy)
#18 47.96    Compiling gripsack-ir v0.42.0 (/app/crates/gripsack-ir)
#18 47.96    Compiling gripsack-process v0.42.0 (/app/crates/gripsack-process)
#18 48.79    Compiling gripsack-buildkit v0.42.0 (/app/crates/gripsack-buildkit)
#18 49.00    Compiling ureq v2.12.1
#18 52.21    Compiling gripsack-store v0.42.0 (/app/crates/gripsack-store)
#18 52.21    Compiling gripsack-config v0.42.0 (/app/crates/gripsack-config)
#18 52.21    Compiling griplint v0.42.0 (/app/crates/griplint)
#18 54.65    Compiling gripsack-fetch v0.42.0 (/app/crates/gripsack-fetch)
#18 54.65    Compiling gripsack-trace v0.42.0 (/app/crates/gripsack-trace)
#18 56.88    Compiling gripsack-exec v0.42.0 (/app/crates/gripsack-exec)
#18 56.88    Compiling gripsack-lint v0.42.0 (/app/crates/gripsack-lint)
#18 59.56    Compiling gripsack-fuzz v0.0.0 (/app/fuzz)
#18 63.32    Compiling gripsack v0.42.0 (/app/crates/gripsack)
#18 70.80     Finished `test` profile [unoptimized + debuginfo] target(s) in 35.68s
#18 70.84      Running unittests src/lib.rs (target/debug/deps/griplint-649ce6e1a3a65ac3)
#18 70.84 
#18 70.84 running 19 tests
#18 70.85 test admission::tests::explicit_no_table_preserves_coverage_without_parsing ... ok
#18 70.85 test admission::tests::file_loader_has_the_same_admission_boundary ... ok
#18 70.85 test document::tests::error_spans_map_bytes_to_code_point_columns ... ok
#18 70.85 test document::tests::indented_multichar_keys_get_real_columns ... ok
#18 70.85 test checks::tests::version_coverage_is_numeric_not_textual ... ok
#18 70.85 test golden::severity_serializes_lowercase ... ok
#18 70.85 test value::tests::numbers_compare_across_int_and_float ... ok
#18 70.85 test value::tests::typed_matching_keeps_null_and_boolean_distinct ... ok
#18 70.85 test difflib::tests::the_fixture_suggestions_hold ... ok
#18 70.85 test document::tests::json_and_yaml_null_stay_null ... ok
#18 70.85 test admission::tests::formats_dispatch_without_extension_assumptions ... ok
#18 70.85 test admission::tests::whole_rules_check_sections_without_checking_their_members ... ok
#18 70.85 test admission::tests::free_keys_and_sections_preserve_arbitrary_descendants ... ok
#18 70.85 test admission::tests::key_diagnostics_and_leniency_survive_admission ... ok
#18 70.86 test admission::tests::markers_are_typed_and_exclusive ... ok
#18 70.86 test admission::tests::malformed_key_rules_never_turn_sections_free ... ok
#18 70.86 test admission::tests::metadata_and_dispatch_must_be_actionable ... ok
#18 70.90 test admission::tests::every_embedded_pack_is_admitted ... ok
#18 71.04 test golden::golden_corpus_replays ... ok
#18 71.04 
#18 71.04 test result: ok. 19 passed; 0 failed; 0 ignored; 0 measured; 0 filtered out; finished in 0.19s
#18 71.04 
#18 71.04      Running unittests src/main.rs (target/debug/deps/grip-3800ab207c3b98ff)
#18 71.04 
#18 71.04 running 22 tests
#18 71.04 test commands::adopt::generate::tests::ident_is_always_a_valid_ts_identifier ... ok
#18 71.04 test commands::adopt::generate::tests::module_source_shapes ... ok
#18 71.04 test commands::adopt::generate::tests::module_source_escapes_hostile_strings ... ok
#18 71.04 test commands::adopt::generate::tests::names_and_idents ... ok
#18 71.04 test commands::adopt::generate::tests::update_host_bails_on_unexpected_shape ... ok
#18 71.04 test commands::adopt::generate::tests::update_host_ignores_the_template_header_comment ... ok
#18 71.04 test commands::adopt::generate::tests::update_host_multiline_array ... ok
#18 71.04 test commands::adopt::generate::tests::update_host_single_line_arrays ... ok
#18 71.04 test render::tests::missing_file_degrades_gracefully ... ok
#18 71.04 test render::tests::renders_header_and_help_without_color ... ok
#18 71.05 test commands::frontend::tests::every_builtin_read_grant_rejects_a_comma_before_deno_spawn ... ok
#18 71.05 test commands::self_update::installation::tests::deleted_suffix_is_only_stripped_for_a_missing_original ... ok
#18 71.05 test commands::self_update::installation::tests::replacement_invalidates_installed_version_evidence ... ok
#18 71.05 test commands::self_update::payload::tests::root_and_nested_candidates_are_ambiguous ... ok
#18 71.05 test render::tests::invalid_diagnostic_coordinates_never_read_a_source_snippet ... ok
#18 71.05 test commands::self_update::payload::tests::probe_requires_success_and_a_single_grip_version ... ok
#18 71.05 test render::tests::renders_snippet_when_file_exists ... ok
#18 71.05 test commands::self_update::installation::tests::parent_drift_does_not_redirect_publication ... ok
#18 71.05 test commands::self_update::payload::tests::symlink_files_and_symlink_directories_are_not_candidates ... ok
#18 71.05 test render::tests::source_snippets_cannot_escape_the_repo_capability ... ok
#18 71.06 test commands::self_update::installation::tests::symlink_install_keeps_target_semantics ... ok
#18 71.06 test commands::self_update::payload::tests::flooding_version_peer_is_rejected ... ok
#18 71.06 
#18 71.06 test result: ok. 22 passed; 0 failed; 0 ignored; 0 measured; 0 filtered out; finished in 0.02s
#18 71.06 
#18 71.06      Running unittests src/lib.rs (target/debug/deps/gripsack_buildkit-8e7c235711e28aa1)
#18 71.06 
#18 71.06 running 23 tests
#18 71.06 test protocol::tests::digests_and_sessions_validate_their_shape ... ok
#18 71.06 test protocol::tests::hostile_headers_reject_before_any_body_is_read ... ok
#18 71.06 test protocol::tests::negotiation_is_one_exact_version_pair ... ok
#18 71.06 test transport::tests::the_real_go_bridge_negotiates_fails_closed_and_cancels_idempotently ... ignored, requires tools/buildkit-bridge/bridge-bin (built by the pinned golang gate)
#18 71.06 test protocol::tests::the_gate_fences_stale_duplicate_and_flooding_events ... ok
#18 71.06 test protocol::tests::trailing_bytes_and_unknown_fields_reject ... ok
#18 71.06 test worker::linux::tests::failed_launch_with_no_container_id_never_deletes_by_name ... ok
#18 71.06 test protocol::tests::every_message_round_trips_byte_exactly ... ok
#18 71.06 test worker::linux::tests::the_real_docker_worker_provisions_leases_and_stops ... ignored, requires a real docker engine with the pinned buildkitd image
#18 71.06 test worker::linux::tests::the_real_docker_worker_refuses_a_foreign_cache_volume ... ignored, requires a real docker engine with the pinned buildkitd image
#18 71.06 test worker::linux::tests::foreign_cache_volume_blocks_provision_without_launch_or_deletion ... ok
#18 71.06 test worker::linux::tests::worker_identity_rejects_unsafe_or_unbounded_docker_names ... ok
#18 71.06 test worker::linux::tests::failed_version_probe_cannot_authorize_a_lease ... ok
#18 71.06 test worker::linux::tests::failed_removal_does_not_claim_stopped_and_can_retry ... ok
#18 71.06 test worker::tests::a_crashed_worker_keeps_its_leases_until_explicit_drain ... ok
#18 71.06 test worker::linux::tests::live_lease_blocks_worker_deletion_until_drained ... ok
#18 71.06 test worker::linux::tests::foreign_container_identity_blocks_deletion_and_stop ... ok
#18 71.06 test worker::tests::a_worker_with_a_live_lease_cannot_stop_or_be_deleted ... ok
#18 71.06 test worker::tests::cleanup_only_deletes_owned_resources_and_never_retained_ones ... ok
#18 71.06 test worker::tests::illegal_transitions_reject_instead_of_guessing ... ok
#18 71.06 test worker::tests::two_clients_lease_one_ready_worker_concurrently ... ok
#18 71.06 test worker::tests::unknown_leases_reject_and_ids_never_repeat ... ok
#18 71.06 test protocol::tests::log_chunks_are_bounded_after_decode ... ok
#18 71.06 
#18 71.06 test result: ok. 20 passed; 0 failed; 3 ignored; 0 measured; 0 filtered out; finished in 0.00s
#18 71.06 
#18 71.06      Running unittests src/lib.rs (target/debug/deps/gripsack_config-98cadf244e260699)
#18 71.06 
#18 71.06 running 12 tests
#18 71.07 test tests::defaults_are_sane ... ok
#18 71.07 test tests::eval_deps_is_gone ... ok
#18 71.07 test tests::python_frontend_is_a_migration_error ... ok
#18 71.07 test tests::parses_env_toml ... ok
#18 71.07 test tests::parses_throttle_table ... ok
#18 71.07 test tests::typescript_frontend_declaration_is_tolerated ... ok
#18 71.07 test tests::typo_key_is_a_span_labeled_diagnostic ... ok
#18 71.07 test tests::repo_wins_user_fills_gaps ... ok
#18 71.07 test tests::repo_build_env_cannot_claim_operator_credential_routing ... ok
#18 71.07 test tests::unknown_frontend_value_errors_the_same_way ... ok
#18 71.07 test tests::unknown_top_level_key_is_an_error ... ok
#18 71.07 test tests::user_value_used_when_repo_silent ... ok
#18 71.07 
#18 71.07 test result: ok. 12 passed; 0 failed; 0 ignored; 0 measured; 0 filtered out; finished in 0.00s
#18 71.07 
#18 71.07      Running unittests src/lib.rs (target/debug/deps/gripsack_exec-c32baec50b0bcd06)
#18 71.07 
#18 71.07 running 56 tests
#18 71.07 test facts::tests::glibc_version_parses_both_ldd_wordings ... ok
#18 71.07 test facts::tests::facts_match_the_running_host ... ok
#18 71.07 test frontend::tests::path_deno_version_gate_matches_major ... ok
#18 71.07 test lineage_model::a_mid_apply_external_write_is_aborted_never_clobbered ... ok
#18 71.07 test lineage_model::chmod_only_drift_is_preserved_never_silently_reverted ... ok
#18 71.07 test lineage_model::preserved_drift_never_authorizes_an_update ... ok
#18 71.07 test managed_blocks::tests::broken_scanner_utf8_boundary_returns_error_instead_of_panicking ... ok
#18 71.07 test managed_blocks::tests::malformed_markers_never_grant_splice_ranges ... ok
#18 71.07 test managed_blocks::tests::later_hand_edits_are_classified_and_other_modules_stay_untouched ... ok
#18 71.08 test managed_blocks::tests::foreign_bytes_survive_reconcile_and_removal ... ok
#18 71.08 test managed_blocks::tests::only_the_first_body_line_can_be_a_legacy_header ... ok
#18 71.08 test managed_blocks::tests::markers_roundtrip_across_comment_styles_and_legacy_metadata ... ok
#18 71.08 test report::update_model::every_survey_order_preserves_error_over_change_precedence ... ok
#18 71.08 test resolve::identity_tests::provenance_differences_hash_identically ... ok
#18 71.08 test deploy::tests::symlinked_ancestor_into_repo_is_detected ... ok
#18 71.08 test template::tests::template_substitutes_and_escapes ... ok
#18 71.08 test deploy::tests::restore_never_writes_a_dangling_owned_link ... ok
#18 71.08 test template::tests::template_unbalanced_braces_error ... ok
#18 71.08 test managed_blocks::tests::every_mode_record_participates_independently_of_order ... ok
#18 71.08 test template::tests::template_undefined_variable_is_a_loud_error ... ok
#18 71.08 test tests::build_edges_constrain_order_too ... ok
#18 71.08 test tests::cycles_are_named ... ok
#18 71.08 test tests::dependencies_come_first ... ok
#18 71.08 test tests::diamond_is_deterministic ... ok
#18 71.08 test tests::waves_levelize_the_dag ... ok
#18 71.08 test source::overlay::tests::leaf_link_is_replaced_without_writing_its_target ... ok
#18 71.08 test source::overlay::tests::fetched_link_ancestor_cannot_redirect_an_overlay ... ok
#18 71.09 test lineage_model::ownership_lineage_holds_over_every_sequence ... ok
#18 71.10 test gc::root_model::pinned_collection_survives_root_replacement ... ok
#18 71.10 test source::overlay::tests::top_level_links_have_the_same_preview_and_staged_identity ... ok
#18 71.11 test source::overlay::tests::overlay_pin_and_bytes_belong_to_the_same_snapshot ... ok
#18 71.11 test ops::model::tests::a_build_only_dep_plans_zero_destination_ops ... ok
#18 71.12 test env::tests::duplicate_contributions_render_once ... ok
#18 71.12 test env::tests::renders_set_prepend_append_with_store_resolution ... ok
#18 71.13 test env::tests::empty_contributions_remove_the_file ... ok
#18 71.14 test lockfile::tests::roundtrip ... ok
#18 71.17 test ops::model::tests::a_spelling_change_plans_no_op ... ok
#18 71.18 test deploy::tests::journaled_mutation_must_reach_its_intended_state ... ok
#18 71.19 test gc::tests::why_owns_finds_the_owner ... ok
#18 71.23 test update::tests::check_and_publish_agree_on_metadata_only_pin_changes ... ok
#18 71.23 test update::tests::selected_survey_preserves_every_result_and_only_complete_publish_changes_lock ... ok
#18 71.24 test gc::tests::collects_only_unreferenced_store_paths ... ok
#18 71.25 test gc::tests::keep_generations_prunes_oldest_and_their_paths ... ok
#18 71.25 test gc::tests::never_prunes_the_current_generation ... ok
#18 71.29 test gc::tests::a_session_for_another_home_authorizes_nothing_here ... ok
#18 71.30 test gc::tests::unfinished_recovery_blocks_collection ... ok
#18 71.32 test gc::tests::quarantined_entries_block_collection ... ok
#18 71.33 test mode_model::links_carry_the_payload_mode_without_normalizing_it ... ok
#18 71.39 test gc::tests::reconciled_journal_unblocks_collection ... ok
#18 71.65 test mode_model::merge_host_modes_are_planned_and_drift_never_authorizes_prune ... ok
#18 71.67 test gc::root_model::unfinished_recovery_preserves_every_history_object ... ok
#18 71.80 test frontend::tests::embed_materializes_tree_and_marker ... ok
#18 72.32 test gc::root_model::retained_histories_protect_complete_roots ... ok
#18 72.35 test frontend::tests::materialize_flips_the_stable_current_link ... ok
#18 74.95 test mode_model::whole_file_modes_survive_update_restore_drift_and_prune ... ok
#18 75.71 test ops::model::tests::the_planned_op_matches_the_algebra_and_executes_to_its_intent ... ok
#18 75.71 
#18 75.71 test result: ok. 56 passed; 0 failed; 0 ignored; 0 measured; 0 filtered out; finished in 4.64s
#18 75.71 
#18 75.71      Running tests/workspace_execution_gate.rs (target/debug/deps/workspace_execution_gate-d1c33c6bd52e6e98)
#18 75.71 
#18 75.71 running 1 test
#18 75.71 test every_direct_executor_entry_rejects_before_home_mutation ... ok
#18 75.71 
#18 75.71 test result: ok. 1 passed; 0 failed; 0 ignored; 0 measured; 0 filtered out; finished in 0.00s
#18 75.71 
#18 75.71      Running unittests src/lib.rs (target/debug/deps/gripsack_fetch-8e8bdad2d8954868)
#18 75.71 
#18 75.71 running 78 tests
#18 75.72 test bottle::tests::future_macos_major_admits_its_own_codename ... ok
#18 75.72 test bottle::tests::all_is_a_last_resort_under_a_validated_policy ... ok
#18 75.72 test bottle::tests::apple_silicon_orders_by_chronology_not_spelling ... ok
#18 75.72 test bottle::tests::arm64_linux_is_not_a_mac_bottle ... ok
#18 75.72 test bottle::tests::intel_mac_never_takes_the_linux_bottle ... ok
#18 75.72 test bottle::tests::intel_mac_takes_the_newest_bottle_the_host_can_run ... ok
#18 75.72 test bottle::tests::linux_matches_exact_architecture ... ok
#18 75.72 test bottle::tests::missing_macos_version_fact_refuses_rather_than_guessing ... ok
#18 75.72 test bottle::tests::older_macos_refuses_newer_bottle_with_the_requirement ... ok
#18 75.72 test bottle::tests::unknown_tags_are_reported_not_matched ... ok
#18 75.72 test bottle::tests::unsupported_architecture_fails_clearly ... ok
#18 75.72 test bottle::tests::version_parsing_is_componentwise ... ok
#18 75.72 test host::tests::bundled_releases_have_full_platform_tables ... ok
#18 75.72 test host::tests::placeholder_table_covers_every_convention ... ok
#18 75.72 test host::tests::resolves_the_host_asset ... ok
#18 75.72 test http::failure::tests::certificate_failures_are_not_transient_connections ... ok
#18 75.72 test http::failure::tests::failure_locations_redact_credentials_and_queries ... ok
#18 75.72 test host::tests::deno_urls_use_the_glibc_linux_assets ... ok
#18 75.72 test http::body::tests::a_new_attempt_cannot_reset_consumed_transfer_bytes ... ok
#18 75.72 test http::retry::tests::an_expired_clock_observation_cannot_admit_an_attempt ... ok
#18 75.72 test http::retry::tests::real_retry_policy_has_fixed_deadline_and_bounded_attempts ... ok
#18 75.72 test http::retry::tests::terminal_classes_and_upstream_cooldowns_never_get_fast_replays ... ok
#18 75.72 test http::tests::bound_credentials_require_tls_and_registry_artifact_refuses_cleartext ... ok
#18 75.72 test http::tests::host_binding_survives_url_normalization ... ok
#18 75.72 test http::tests::credential_routing_model_uses_actual_host_selector ... ok
#18 75.72 test http::tests::proxy_bypass_preserves_domain_and_port_boundaries ... ok
#18 75.72 test placeholders::tests::explicit_bare_version_is_shared_without_changing_legacy_asset_precedence ... ok
#18 75.72 test placeholders::tests::missing_empty_or_escaping_expansions_never_become_paths ... ok
#18 75.72 test plugins::tests::parse_ref_shapes ... ok
#18 75.72 test resolve::atom_tests::no_core_tag_is_none_and_malformed_versions_skip ... ok
#18 75.72 test resolve::atom_tests::picks_the_newest_core_tag_among_mixed_namespaces ... ok
#18 75.72 test resolve::base_url_tests::bare_ghe_host_gets_api_v3 ... ok
#18 75.72 test plugins::segment_tests::traversal_tags_are_refused ... ok
#18 75.72 test resolve::tests::missing_asset_lists_available ... ok
#18 75.73 test resolve::tests::picks_expanded_asset ... ok
#18 75.73 test resolve::tests::v_prefix_variants_match ... ok
#18 75.73 test tests::exe_naming ... ok
#18 75.73 test throttle::tests::a_backward_wall_clock_does_not_refill_the_same_interval_twice ... ok
#18 75.73 test tests::discovers_executable_on_path ... ok
#18 75.73 test throttle::tests::fractional_declarations_retain_their_exact_refill_boundary ... ok
#18 75.73 test fetch::archive::tests::zip_entry_budget_precedes_directory_allocation ... ok
#18 75.73 test fetch::archive::tests::zip_crc_cannot_be_bypassed_by_raw_stream_decoding ... ok
#18 75.73 test fetch::archive::tests::link_cycles_and_dangling_targets_reject_before_archive_materialization ... ok
#18 75.73 test throttle::tests::plugin_declaration_replaces_builtin_default ... ok
#18 75.73 test throttle::tests::rate_admission_rejects_nonfinite_and_unfillable_buckets ... ok
#18 75.73 test throttle::tests::token_wait_cannot_outlive_or_reset_an_operation_deadline ... ok
#18 75.73 test throttle::tests::url_host_extraction ... ok
#18 75.73 test fetch::archive::tests::bare_and_compressed_binaries_preserve_executability ... ok
#18 75.73 test fetch::archive::tests::aggregate_tar_path_metadata_is_bounded_before_extraction ... ok
#18 75.73 test throttle::tests::user_override_beats_plugin_declaration ... ok
#18 75.74 test fetch::archive::tests::tar_composed_links_cannot_escape_the_payload_root_in_either_order ... ok
#18 75.74 test fetch::archive::tests::decompressed_limit_is_checked_on_actual_bytes ... ok
#18 75.74 test fetch::archive::tests::tar_hardlink_before_its_file_uses_the_pinned_payload_root ... ok
#18 75.74 test fetch::archive::tests::traversal_is_rejected_before_tar_materialization ... ok
#18 75.74 test fetch::archive::tests::filesystem_tree_validation_and_copy_share_link_graph ... ok
#18 75.74 test fetch::plugin::tests::bounded_tree_is_checked_before_hash ... ok
#18 75.74 test fetch::plugin::tests::no_response_or_nonzero_exit_is_not_a_fetch ... ok
#18 75.74 test throttle::tests::persisted_token_and_time_bounds_cannot_panic_or_mint_extra_tokens ... ok
#18 75.74 test fetch::archive::tests::a_symlink_destination_cannot_redirect_acquisition ... ok
#18 75.74 test plugins::tests::receipt_roundtrips_and_current_resolves ... ok
#18 75.74 test fetch::archive::tests::xz_tar_extracts_without_a_payload_buffer ... ok
#18 75.74 test fetch::tarball::tests::transport_mismatch_never_extracts_payload ... ok
#18 75.74 test fetch::archive::tests::zip_composed_links_cannot_escape_the_payload_root_in_either_order ... ok
#18 75.74 test fetch::plugin::tests::round_trip_and_reported_hash_verification ... ok
#18 75.75 test fetch::plugin::tests::simultaneous_pipe_pressure_and_early_response ... ok
#18 75.75 test fetch::plugin::tests::response_does_not_hide_output_failure ... ok
#18 75.75 test fetch::file::tests::file_fetch_extracts_tarball ... ok
#18 75.75 test http::request::tests::cooldown_contention_cannot_extend_the_original_operation_deadline ... ok
#18 75.75 test fetch::archive::tests::forward_and_composed_internal_links_remain_usable_in_tar_and_zip ... ok
#18 75.75 test throttle::persistence::tests::changed_period_preserves_a_saved_partial_token_instead_of_resetting_the_burst ... ok
#18 75.75 test throttle::persistence::tests::a_saved_fractional_timestamp_cannot_refill_an_already_accounted_interval ... ok
#18 75.76 test throttle::tests::capability_registration_consumes_the_same_contended_deadline ... ok
#18 75.79 test throttle::tests::mutex_contention_cannot_outlive_or_grant_after_the_original_deadline ... ok
#18 75.80 test fetch::git::tests::git_fetch_clones_at_rev ... ok
#18 75.98 test throttle::tests::bucket_enforces_the_budget ... ok
#18 76.28 test http::request::tests::a_successful_body_consumer_cannot_complete_after_the_operation_deadline ... ok
#18 80.25 test fetch::plugin::tests::silent_and_response_then_linger_both_fail ... ok
#18 80.26 test fetch::plugin::tests::capability_results_require_a_clean_exit ... ok
#18 80.26 
#18 80.26 test result: ok. 78 passed; 0 failed; 0 ignored; 0 measured; 0 filtered out; finished in 4.54s
#18 80.26 
#18 80.26      Running unittests src/lib.rs (target/debug/deps/gripsack_fs-269bf90eee70c137)
#18 80.26 
#18 80.26 running 16 tests
#18 80.27 test streamed::tests::failed_stream_keeps_old_destination_and_cleans_private_temp ... ok
#18 80.27 test tests::copy_dir_preserves_symlinks_and_merges ... ok
#18 80.28 test streamed::tests::publishes_complete_bytes_and_exact_mode_in_real_operation_order ... ok
#18 80.28 test persistence_model::streamed_executable_publication_is_ordered_at_every_cut ... ok
#18 80.28 test persistence_model::observed_directory_birth_is_sealed_before_nested_publication_returns ... ok
#18 80.28 test tests::atomic_write_creates_parent_dirs ... ok
#18 80.28 test tests::symlink_replace_flips_atomically ... ok
#18 80.28 test persistence_model::ambient_directory_sync_failure_prevents_consumer_effect ... ok
#18 80.29 test tests::atomic_write_lands_content_without_leftovers ... ok
#18 80.29 test tests::atomic_write_with_mode_lands_exact_permissions ... ok
#18 80.29 test tests::atomic_write_preserves_the_destinations_mode ... ok
#18 80.29 test tests::publish_refuses_an_existing_dest ... ok
#18 80.29 test tests::publish_lands_files_read_only ... ok
#18 80.31 test tests::publish_cross_filesystem_preserves_modes ... ok
#18 80.39 test persistence_model::atomic_file_link_and_tree_publication_are_ordered_at_every_cut ... ok
#18 81.60 test tests::writes_stay_on_the_pinned_inode_under_parent_swap ... ok
#18 81.60 
#18 81.60 test result: ok. 16 passed; 0 failed; 0 ignored; 0 measured; 0 filtered out; finished in 1.33s
#18 81.60 
#18 81.60      Running unittests src/lib.rs (target/debug/deps/gripsack_fuzz-e5edb31bb745822b)
#18 81.60 
#18 81.60 running 0 tests
#18 81.60 
#18 81.60 test result: ok. 0 passed; 0 failed; 0 ignored; 0 measured; 0 filtered out; finished in 0.00s
#18 81.60 
#18 81.60      Running unittests src/bin/replay.rs (target/debug/deps/replay-05b4b6109cd36324)
#18 81.60 
#18 81.60 running 0 tests
#18 81.60 
#18 81.60 test result: ok. 0 passed; 0 failed; 0 ignored; 0 measured; 0 filtered out; finished in 0.00s
#18 81.60 
#18 81.60      Running unittests src/lib.rs (target/debug/deps/gripsack_ir-3b19633ffcb5d796)
#18 81.60 
#18 81.60 running 68 tests
#18 81.60 test host_name::tests::rejects_path_shaped_hosts_before_they_can_name_files ... ok
#18 81.60 test sema::contract_tests::unknown_fields_are_parse_errors_now ... ok
#18 81.60 test sema::destinations::tests::step_entries_obey_destination_rules ... ok
#18 81.60 test sema::destinations::case_tests::case_variant_destinations_fold_on_every_host ... ok
#18 81.60 test sema::placeholders::tests::the_known_set_passes_clean ... ok
#18 81.61 test sema::steps::tests::single_fetch_step_pins_multiple_refused ... ok
#18 81.61 test sema::placeholders::tests::a_typo_is_an_error_with_a_span_and_a_suggestion ... ok
#18 81.61 test sema::resources::tests::resources_require_an_action_that_actually_acquires_them ... ok
#18 81.61 test sema::tests::dotfiles_only_module_needs_no_source ... ok
#18 81.61 test sema::tests::destination_shaped_verify_path_is_e109 ... ok
#18 81.61 test sema::tests::malformed_json_is_e000 ... ok
#18 81.61 test sema::tests::declared_and_builtin_resources_pass ... ok
#18 81.61 test sema::tests::spanless_nodes_still_render ... ok
#18 81.61 test sema::tests::legacy_ir_is_rejected_before_decoding_renamed_fields ... ok
#18 81.61 test sema::tests::rejects_wrong_version ... ok
#18 81.61 test sema::tests::merge_and_template_modes_pass_sema_with_vars_and_marker ... ok
#18 81.61 test sema::tests::collects_multiple_diagnostics ... ok
#18 81.61 test sema::tests::explicit_steps_validate ... ok
#18 81.61 test sema::tests::unknown_edge_kind_is_span_labeled_e122 ... ok
#18 81.61 test sema::tests::cross_module_ref_into_declarative_module ... ok
#18 81.61 test sema::tests::run_action_parses_with_outputs ... ok
#18 81.61 test sema::tests::steps_plus_declarative_fields_is_e103 ... ok
#18 81.61 test sema::tests::undeclared_resource_is_e107 ... ok
#18 81.61 test sema::tests::duplicate_and_reserved_step_ids_are_e106 ... ok
#18 81.61 test sema::tests::external_done_barrier_is_valid_but_self_barrier_is_rejected ... ok
#18 81.61 test sema::tests::unknown_dependency_carries_span_and_code ... ok
#18 81.61 test sema::workspace::destinations::tests::duplicate_profile_destinations_label_every_declaration ... ok
#18 81.61 test sema::workspace::names::tests::duplicate_output_names_label_both_spans ... ok
#18 81.61 test sema::workspace::destinations::tests::mixed_policies_over_one_path_still_collide ... ok
#18 81.61 test sema::workspace::cycles::tests::production_cycles_label_every_member ... ok
#18 81.61 test sema::workspace::cycles::tests::task_dependency_cycles_are_rejected ... ok
#18 81.62 test sema::workspace::cycles::tests::validation_edges_never_close_a_cycle ... ok
#18 81.62 test sema::tests::parses_and_validates_example ... ok
#18 81.62 test sema::workspace::policy::tests::omitted_required_validation_and_producer_fail_closed_with_both_sites ... ok
#18 81.62 test sema::workspace::destinations::tests::distinct_markers_over_one_host_file_coexist_but_one_marker_is_one_owner ... ok
#18 81.62 test sema::workspace::policy::tests::omitted_build_input_and_runtime_edges_fail_admission ... ok
#18 81.62 test sema::workspace::policy::tests::catalog_index_corruption_rejects_before_closure ... ok
#18 81.62 test sema::workspace::refs::tests::check_subject_must_resolve_to_an_output ... ok
#18 81.62 test sema::workspace::destinations::tests::same_destination_across_profiles_rejects_and_equal_names_coexist ... ok
#18 81.62 test sema::workspace::policy::tests::projected_kind_or_binding_reclassification_fails_closed ... ok
#18 81.62 test sema::workspace::refs::tests::selection_target_mismatch_labels_both_sites ... ok
#18 81.62 test sema::workspace::policy::tests::production_closure_excludes_runtime_and_preserves_validation ... ok
#18 81.62 test sema::paths::tests::path_shape_rules ... ok
#18 81.62 test sema::workspace::tests::provider_backed_package_needs_no_recipe_output ... ok
#18 81.62 test sema::workspace::policy::tests::adjacent_local_steps_lower_to_ordering_not_build_edges ... ok
#18 81.62 test sema::workspace::span_value::tests::decoded_bash_interpolation_rejects_at_original_script_line ... ok
#18 81.62 test sema::workspace::tests::package_and_recipe_workspace_admits ... ok
#18 81.62 test sema::workspace::tests::profile_with_literal_file_needs_no_synthetic_package ... ok
#18 81.62 test workspace::platform::tests::target_floor_and_abi_admit_only_compatible_consumers ... ok
#18 81.62 test sema::workspace::tests::envelope_shape_is_version_dispatched ... ok
#18 81.62 test sema::workspace::span_value::tests::file_content_requires_source_unless_literal ... ok
#18 81.62 test sema::workspace::tests::unknown_workspace_fields_label_the_declaring_span ... ok
#18 81.62 test sema::workspace::span_value::tests::invalid_nested_command_coordinates_remain_source_labeled ... ok
#18 81.62 test sema::workspace::refs::tests::artifact_references_reject_non_artifact_kinds ... ok
#18 81.62 test sema::workspace::refs::tests::producer_target_mismatch_labels_both_sites ... ok
#18 81.62 test sema::workspace::span_value::tests::incompatible_abi_and_unsafe_prefix_label_the_declaration ... ok
#18 81.62 test sema::workspace::refs::tests::invalid_references_are_rejected ... ok
#18 81.62 test sema::workspace::policy::tests::projected_reference_site_substitution_fails_closed ... ok
#18 81.62 test sema::workspace::tests::provider_fetch_fields_never_drop_silently ... ok
#18 81.62 test sema::workspace::span_value::tests::degenerate_spans_and_values_are_rejected ... ok
#18 81.62 test sema::workspace::refs::tests::fixed_prefix_packages_cannot_be_selected_without_prefix ... ok
#18 81.62 test sema::workspace::tests::unknown_workspace_fields_never_drop_silently ... ok
#18 81.63 test sema::workspace::span_value::tests::decoded_repo_file_origin_rejects_paths_outside_the_captured_repository ... ok
#18 81.63 test sema::workspace::policy::tests::substituted_graph_references_fail_closed_at_declaration ... ok
#18 81.63 test sema::workspace::context::tests::command_references_and_contexts_are_admitted ... ok
#18 81.63 test sema::workspace::span_value::tests::escaping_profile_file_destinations_reject_at_the_declaration ... ok
#18 81.63 test sema::workspace::refs::tests::task_schedule_profile_image_refs_are_typed ... ok
#18 81.63 test sema::workspace::refs::tests::artifact_selectors_must_be_normalized_relative_paths ... ok
#18 81.63 
#18 81.63 test result: ok. 68 passed; 0 failed; 0 ignored; 0 measured; 0 filtered out; finished in 0.03s
#18 81.63 
#18 81.63      Running tests/schema_acceptance.rs (target/debug/deps/schema_acceptance-1a169573e71c6ca0)
#18 81.63 
#18 81.63 running 3 tests
#18 81.66 test schema_pattern_assertions_execute ... ok
#18 81.66 test valid_documents_are_admitted_by_both_sides ... ok
#18 81.67 test rejected_documents_fail_both_sides ... ok
#18 81.67 
#18 81.67 test result: ok. 3 passed; 0 failed; 0 ignored; 0 measured; 0 filtered out; finished in 0.04s
#18 81.67 
#18 81.67      Running tests/workspace_admission.rs (target/debug/deps/workspace_admission-69161928380216ad)
#18 81.67 
#18 81.67 running 3 tests
#18 81.67 test provider_backed_package_lists_as_single_output ... ok
#18 81.67 test admitted_workspace_exposes_named_outputs ... ok
#18 81.67 test serialization_preserves_each_version_envelope ... ok
#18 81.67 
#18 81.67 test result: ok. 3 passed; 0 failed; 0 ignored; 0 measured; 0 filtered out; finished in 0.00s
#18 81.67 
#18 81.67      Running tests/workspace_v4_compat.rs (target/debug/deps/workspace_v4_compat-b35fac2a52f57c5d)
#18 81.67 
#18 81.67 running 3 tests
#18 81.68 test versions_reject_each_others_fields_and_bad_refs ... ok
#18 81.71 test historical_schema_and_reader_preserve_opaque_platform_strings ... ok
#18 81.71 test historical_recipe_execution_and_fixed_layout_never_gain_new_policy ... ok
#18 81.71 
#18 81.71 test result: ok. 3 passed; 0 failed; 0 ignored; 0 measured; 0 filtered out; finished in 0.04s
#18 81.71 
#18 81.71      Running tests/workspace_v5_acceptance.rs (target/debug/deps/workspace_v5_acceptance-33fcbef4cdc72330)
#18 81.71 
#18 81.71 running 5 tests
#18 81.82 test version_dispatch_asymmetry ... ok
#18 81.84 test schema_authored_constraints_execute ... ok
#18 81.84 test valid_documents_are_admitted_by_both_sides ... ok
#18 81.85 test rejected_documents_fail_both_sides ... ok
#18 81.85 test each_output_kind_rejects_undeclared_authority_with_its_own_span ... ok
#18 81.85 
#18 81.85 test result: ok. 5 passed; 0 failed; 0 ignored; 0 measured; 0 filtered out; finished in 0.14s
#18 81.85 
#18 81.85      Running unittests src/lib.rs (target/debug/deps/gripsack_lint-f721408e4bc2f904)
#18 81.85 
#18 81.85 running 8 tests
#18 81.85 test exchange::tests::severity_coercion_and_crash_codes ... ok
#18 81.85 test exchange::tests::spawn_failure_is_e01 ... ok
#18 81.85 test exchange::tests::missing_response_retains_only_last_three_stderr_lines ... ok
#18 81.85 test exchange::tests::valid_diagnostics_survive_nonzero_exit ... ok
#18 81.87 test exchange::tests::pressure_before_input_and_response_before_input_completion ... ok
#18 81.87 test exchange::tests::output_failure_after_response_keeps_diagnostics_and_adds_e02 ... ok
#18 81.91 test exchange::tests::input_limit_is_not_a_success ... ok
#18 86.37 test exchange::tests::silence_and_response_then_linger_are_deadline_failures ... ok
#18 86.37 
#18 86.37 test result: ok. 8 passed; 0 failed; 0 ignored; 0 measured; 0 filtered out; finished in 4.52s
#18 86.37 
#18 86.37      Running unittests src/lib.rs (target/debug/deps/gripsack_policy-6fb76687af620f0e)
#18 86.38 
#18 86.38 running 0 tests
#18 86.38 
#18 86.38 test result: ok. 0 passed; 0 failed; 0 ignored; 0 measured; 0 filtered out; finished in 0.00s
#18 86.38 
#18 86.38      Running tests/name_index.rs (target/debug/deps/name_index-b8d7482da2a86275)
#18 86.38 
#18 86.38 running 1 test
#18 86.38 test catalog_indices_cannot_bind_another_name_or_escape_the_catalog ... ok
#18 86.38 
#18 86.38 test result: ok. 1 passed; 0 failed; 0 ignored; 0 measured; 0 filtered out; finished in 0.00s
#18 86.38 
#18 86.38      Running tests/retention.rs (target/debug/deps/retention-f5332f07ee7f6f7c)
#18 86.38 
#18 86.38 running 2 tests
#18 86.38 test exact_pruning_boundaries_preserve_current_without_shifting_the_prefix ... ok
#18 86.38 test inventory_admits_only_strictly_ascending_identities ... ok
#18 86.38 
#18 86.38 test result: ok. 2 passed; 0 failed; 0 ignored; 0 measured; 0 filtered out; finished in 0.00s
#18 86.38 
#18 86.38      Running tests/schedule_smoke.rs (target/debug/deps/schedule_smoke-94fdc3e3d650f21b)
#18 86.39 
#18 86.39 running 2 tests
#18 86.39 test pure_scheduler_latches_on_failure ... ok
#18 86.39 test pure_scheduler_runs_a_diamond ... ok
#18 86.39 
#18 86.39 test result: ok. 2 passed; 0 failed; 0 ignored; 0 measured; 0 filtered out; finished in 0.00s
#18 86.39 
#18 86.39      Running unittests src/lib.rs (target/debug/deps/gripsack_process-528b04977d62ae27)
#18 86.39 
#18 86.39 running 33 tests
#18 86.39 test deadline::tests::an_unfillable_wait_stops_later_admission ... ok
#18 86.39 test deadline::tests::clock_observations_cannot_extend_or_revive_admission ... ok
#18 86.39 test input::tests::rejected_append_preserves_the_admitted_request ... ok
#18 86.39 test tests::expired_operation_rejects_spawn_without_overriding_input_failure ... ok
#18 86.39 test tests::input_rejected_before_spawn ... ok
#18 86.39 test lifecycle::tests::reaped_leader_cannot_reauthorize_group_signals ... ok
#18 86.39 test tests::lifecycle::completed_cleanup_cannot_erase_an_expired_operation ... ok
#18 86.39 test tests::empty_input_is_closed_immediately ... ok
#18 86.39 test tests::exact_line_limit_and_empty_lines ... ok
#18 86.39 test tests::framing_and_input_eof ... ok
#18 86.39 test tests::lifecycle::no_response_is_a_normal_exit ... ok
#18 86.39 test tests::lifecycle::exit_and_signal_status_are_not_routing_policy ... ok
#18 86.40 test tests::lifecycle::callback_panic_kills_and_reaps_the_leader ... ok
#18 86.41 test tests::native::legacy_descriptor_sweep_hides_inherited_canary ... ok
#18 86.43 test tests::native::spawn_failure_keeps_the_kernel_error_and_does_not_report_success ... ok
#18 86.43 test tests::spawn_error_and_zero_budget ... ok
#18 86.43 test tests::pressure::response_still_sends_input_and_preserves_exit_failure ... ok
#18 86.43 test tests::native::native_child_cannot_read_ungranted_environment_or_inherited_descriptor ... ok
#18 86.43 test tests::lifecycle::inherited_pipes_are_killed_on_leader_exit_not_after_a_linger ... ok
#18 86.43 test tests::tail_is_exact_and_can_be_disabled ... ok
#18 86.43 test tests::pressure::binary_stderr_tail_is_exact_across_pipe_chunks ... ok
#18 86.44 test tests::pressure::simultaneous_input_and_output_pressure ... ok
#18 86.44 test tests::native::legacy_memfd_flag_support_keeps_sealed_execution ... ok
#18 86.44 test tests::pressure::huge_unterminated_line_is_stopped_incrementally ... ok
#18 86.44 test tests::native::raw_bytes_have_no_line_limit_but_keep_the_total_output_limit ... ok
#18 86.44 test tests::native::selected_script_survives_source_replacement_and_stale_approval_refuses ... ok
#18 86.45 test tests::native::retained_authority_survives_closed_standard_descriptors ... ok
#18 86.45 test tests::pressure::stdout_and_stderr_floods_are_cumulative ... ok
#18 86.46 test tests::pressure::response_does_not_disable_any_output_bound ... ok
#18 86.53 test tests::pressure::early_stdin_close_is_not_an_io_error ... ok
#18 87.91 test tests::operation_and_exchange_deadlines_each_bound_cleanup ... ok
#18 89.40 test tests::lifecycle::silent_process_with_closed_pipes_still_has_a_deadline ... ok
#18 89.40 test tests::pressure::blocked_input_does_not_block_response_or_deadline ... ok
#18 89.40 
#18 89.40 test result: ok. 33 passed; 0 failed; 0 ignored; 0 measured; 0 filtered out; finished in 3.01s
#18 89.40 
#18 89.40      Running unittests src/lib.rs (target/debug/deps/gripsack_store-d6751e0fa76fe490)
#18 89.40 
#18 89.40 running 70 tests
#18 89.41 test hash::tests::the_two_identity_domains_never_collide ... ok
#18 89.41 test journal::marker::repeated_model::ambiguous_current_retains_partial_journal_without_touching_destinations ... ok
#18 89.41 test journal::admission_tests::required_marker_fields_never_default_to_fresh_state ... ok
#18 89.41 test journal::marker::repeated_model::partial_restore_then_second_crash_keeps_new_edit_and_restores_other_dest ... ok
#18 89.41 test hash::tests::canonical_hash_ignores_mtime_but_not_exec_bit ... ok
#18 89.42 test hash::tests::canonical_hash_covers_symlink_target ... ok
#18 89.42 test hash::tests::tree_hash_is_deterministic_and_content_sensitive ... ok
#18 89.42 test hash::reference_vector::pinned_tree_vector ... ok
#18 89.42 test hash::tests::overlay_hash_matches_materialized_staging ... ok
#18 89.42 test journal::tests::cross_variant_identities_never_compare_equal ... ok
#18 89.42 test journal::admission_tests::marker_scalar_boundaries_roundtrip_without_identity_loss ... ok
#18 89.42 test hash::tests::overlay_hash_of_dir_source_matches_staged_tree ... ok
#18 89.42 test journal::admission_tests::marker_wrong_types_duplicates_and_overflow_do_not_admit_facts ... ok
#18 89.42 test journal::model::tests::every_schedule_satisfies_the_oracle ... ok
#18 89.42 test journal::admission_tests::truncation_and_invalid_framing_never_admit_partial_records ... ok
#18 89.43 test journal::admission_tests::entry_versions_and_distinct_prior_states_roundtrip ... ok
#18 89.43 test journal::marker::repeated_model::numeric_commit_mutant_fails_the_identical_oracle ... ok
#18 89.43 test journal::admission_tests::entry_missing_duplicate_version_and_scalar_bytes_are_rejected ... ok
#18 89.43 test journal::tests::non_utf8_link_targets_are_refused_not_lossy_compared ... ok
#18 89.43 test journal::tests::wire_admission_rejects_legacy_versions_and_malformed ... ok
#18 89.43 test ownership::tests::workspace_markers_cannot_be_reinterpreted_as_legacy_module_names ... ok
#18 89.46 test paths::tests::canonical_dest_collapses_spelling_aliases ... ok
#18 89.46 test paths::tests::canonical_dest_refuses_parent_traversal ... ok
#18 89.46 test paths::tests::canonical_dest_resolves_a_symlinked_ancestor ... ok
#18 89.46 test paths::tests::generation_layout ... ok
#18 89.46 test paths::tests::hash_is_stable_and_input_sensitive ... ok
#18 89.46 test paths::tests::home_resolution ... ok
#18 89.46 test paths::tests::store_path_format ... ok
#18 89.49 test journal::tests::malformed_entries_fail_closed_into_quarantine ... ok
#18 89.49 test journal::tests::legacy_untagged_entries_fail_closed_with_evidence_kept ... ok
#18 89.49 test prior::tests::historical_prior_wire_admits_only_hashes_and_permission_bits ... ok
#18 89.49 test trust::tests::canonical_key_falls_back_to_absolute ... ok
#18 89.49 test generations::tests::manifest_roundtrip_and_listing ... ok
#18 89.49 test trust::tests::only_an_explicit_y_trusts ... ok
#18 89.49 test trust::tests::gate_blocks_untrusted_repos_without_a_tty ... ok
#18 89.49 test trust::tests::rfc3339_known_instants ... ok
#18 89.49 test trust::tests::sandbox_summary_survives_wrapping_intact ... ok
#18 89.49 test generations::tests::manifests_are_strictly_validated ... ok
#18 89.52 test journal::tests::non_utf8_destinations_are_refused_before_capture ... ok
#18 89.53 test journal::tests::unsafe_metadata_symlinks_never_read_or_chmod_their_referents ... ok
#18 89.53 test prior::tests::captured_blob_is_private_and_corrupt_bytes_cannot_restore ... ok
#18 89.53 test trust::tests::remove_forgets_the_repo ... ok
#18 89.54 test journal::protocol_tests::changed_destination_cannot_gain_a_mutation_permit ... ok
#18 89.55 test journal::marker::repeated_model::exhaustive_independent_destinations_and_two_crashes ... ok
#18 89.55 test trust::tests::trust_is_keyed_on_canonical_path ... ok
#18 89.56 test journal::tests::recovery_cleanup_keeps_the_pinned_journal_after_a_directory_replacement ... ok
#18 89.56 test trust::tests::concurrent_adds_keep_both_entries ... ok
#18 89.57 test journal::tests::tagged_entries_round_trip_through_the_wire ... ok
#18 89.57 test trust::tests::trust_toml_round_trip ... ok
#18 89.58 test journal::protocol_tests::permitted_mutation_uses_the_captured_parent ... ok
#18 89.58 test journal::tests::a_retained_v1_entry_recovers_without_inventing_an_intermediate_state ... ok
#18 89.58 test journal::tests::commit_run_clears_the_window ... ok
#18 89.58 test journal::tests::post_crash_sentinel_symlink_is_kept ... ok
#18 89.59 test journal::tests::crash_before_flip_restores ... ok
#18 89.60 test journal::tests::user_edit_after_crash_wins ... ok
#18 89.61 test journal::tests::post_crash_edit_beats_the_landed_mutation ... ok
#18 89.61 test journal::protocol_tests::unfinished_mutation_cannot_end_the_run ... ok
#18 89.62 test journal::tests::absent_prior_and_symlink_prior_recover ... ok
#18 89.62 test journal::tests::crash_between_record_and_write_restores_prior ... ok
#18 89.62 test generations::tests::publish_is_atomic_and_allocation_monotonic ... ok
#18 89.63 test journal::tests::crash_after_flip_but_before_cleanup_reads_committed ... ok
#18 89.63 test journal::tests::recovery_restores_the_exact_mode ... ok
#18 89.63 test journal::tests::crash_after_write_restores_prior_bytes ... ok
#18 89.64 test journal::tests::completed_rollback_reads_committed ... ok
#18 89.65 test generations::tests::flip_and_current ... ok
#18 89.65 test journal::protocol_tests::mutation_error_retains_evidence_and_recovers_the_original ... ok
#18 89.65 test journal::tests::an_intervening_foreign_edit_cannot_extend_a_journaled_chain ... ok
#18 89.69 test journal::tests::crashed_rollback_restores_priors ... ok
#18 89.83 test journal::tests::repeated_destination_mutations_restore_the_run_original_at_both_crash_windows ... ok
#18 93.69 test journal::admission_tests::rejected_metadata_cannot_reach_destination_effects ... ok
#18 93.69 
#18 93.69 test result: ok. 70 passed; 0 failed; 0 ignored; 0 measured; 0 filtered out; finished in 4.29s
#18 93.69 
#18 93.69      Running unittests src/lib.rs (target/debug/deps/gripsack_trace-c5396fef83537514)
#18 93.70 
#18 93.70 running 0 tests
#18 93.70 
#18 93.70 test result: ok. 0 passed; 0 failed; 0 ignored; 0 measured; 0 filtered out; finished in 0.00s
#18 93.70 
#18 93.70    Doc-tests griplint
#18 93.79 
#18 93.79 running 0 tests
#18 93.79 
#18 93.79 test result: ok. 0 passed; 0 failed; 0 ignored; 0 measured; 0 filtered out; finished in 0.00s
#18 93.79 
#18 93.79    Doc-tests gripsack_buildkit
#18 93.90 
#18 93.90 running 0 tests
#18 93.90 
#18 93.90 test result: ok. 0 passed; 0 failed; 0 ignored; 0 measured; 0 filtered out; finished in 0.00s
#18 93.90 
#18 93.91    Doc-tests gripsack_config
#18 93.97 
#18 93.97 running 0 tests
#18 93.97 
#18 93.97 test result: ok. 0 passed; 0 failed; 0 ignored; 0 measured; 0 filtered out; finished in 0.00s
#18 93.97 
#18 93.98    Doc-tests gripsack_exec
#18 94.14 
#18 94.14 running 0 tests
#18 94.14 
#18 94.14 test result: ok. 0 passed; 0 failed; 0 ignored; 0 measured; 0 filtered out; finished in 0.00s
#18 94.14 
#18 94.15    Doc-tests gripsack_fetch
#18 94.32 
#18 94.32 running 0 tests
#18 94.32 
#18 94.32 test result: ok. 0 passed; 0 failed; 0 ignored; 0 measured; 0 filtered out; finished in 0.00s
#18 94.32 
#18 94.33    Doc-tests gripsack_fs
#18 94.38 
#18 94.38 running 0 tests
#18 94.38 
#18 94.38 test result: ok. 0 passed; 0 failed; 0 ignored; 0 measured; 0 filtered out; finished in 0.00s
#18 94.38 
#18 94.39    Doc-tests gripsack_fuzz
#18 94.44 
#18 94.44 running 0 tests
#18 94.44 
#18 94.44 test result: ok. 0 passed; 0 failed; 0 ignored; 0 measured; 0 filtered out; finished in 0.00s
#18 94.44 
#18 94.44    Doc-tests gripsack_ir
#18 94.85 
#18 94.85 running 0 tests
#18 94.85 
#18 94.85 test result: ok. 0 passed; 0 failed; 0 ignored; 0 measured; 0 filtered out; finished in 0.00s
#18 94.85 
#18 94.86    Doc-tests gripsack_lint
#18 94.91 
#18 94.91 running 0 tests
#18 94.91 
#18 94.91 test result: ok. 0 passed; 0 failed; 0 ignored; 0 measured; 0 filtered out; finished in 0.00s
#18 94.91 
#18 94.92    Doc-tests gripsack_policy
#18 95.27 
#18 95.27 running 1 test
#18 95.35 test crates/gripsack-policy/src/generation.rs - generation::GenerationInventory (line 56) - compile fail ... ok
#18 95.35 
#18 95.35 test result: ok. 1 passed; 0 failed; 0 ignored; 0 measured; 0 filtered out; finished in 0.08s
#18 95.35 
#18 95.36    Doc-tests gripsack_process
#18 95.44 
#18 95.44 running 0 tests
#18 95.44 
#18 95.44 test result: ok. 0 passed; 0 failed; 0 ignored; 0 measured; 0 filtered out; finished in 0.00s
#18 95.44 
#18 95.44    Doc-tests gripsack_store
#18 95.66 
#18 95.66 running 0 tests
#18 95.66 
#18 95.66 test result: ok. 0 passed; 0 failed; 0 ignored; 0 measured; 0 filtered out; finished in 0.00s
#18 95.66 
#18 95.66    Doc-tests gripsack_trace
#18 95.70 
#18 95.70 running 0 tests
#18 95.70 
#18 95.70 test result: ok. 0 passed; 0 failed; 0 ignored; 0 measured; 0 filtered out; finished in 0.00s
#18 95.70 
#18 DONE 96.1s

#19 [test 2/2] RUN apk add --no-cache python3     && cargo package --list -p gripsack-exec | grep -q "embedded_frontend.rs"     && python3 scripts/gen_diagnostic_registry.py --check     && python3 scripts/gen_diagnostic_registry.py --self-check     && python3 scripts/gen_frontend_embed.py --check     && python3 scripts/check_scheduler_loom.py     && python3 scripts/check_journal_admission.py     && python3 scripts/check_journal_protocol.py     && python3 scripts/check_gc_roots.py     && python3 scripts/check_rate_admission.py     && python3 scripts/check_http_budget.py     && python3 scripts/check_process_bounds.py     && python3 scripts/check_update_survey.py
#19 0.953 ( 1/13) Installing libbz2 (1.0.8-r6)
#19 0.965 ( 2/13) Installing libffi (3.5.2-r1)
#19 0.976 ( 3/13) Installing gdbm (1.26-r0)
#19 0.987 ( 4/13) Installing mpdecimal (4.0.1-r0)
#19 1.000 ( 5/13) Installing ncurses-terminfo-base (6.6_p20260516-r0)
#19 1.019 ( 6/13) Installing libncursesw (6.6_p20260516-r0)
#19 1.037 ( 7/13) Installing libpanelw (6.6_p20260516-r0)
#19 1.048 ( 8/13) Installing readline (8.3.3-r1)
#19 1.062 ( 9/13) Installing sqlite-libs (3.53.4-r0)
#19 1.104 (10/13) Installing python3 (3.14.7-r1)
#19 1.458 (11/13) Installing python3-pycache-pyc0 (3.14.7-r1)
#19 1.711 (12/13) Installing pyc (3.14.7-r1)
#19 1.711 (13/13) Installing python3-pyc (3.14.7-r1)
#19 1.712 Executing busybox-1.37.0-r31.trigger
#19 1.720 OK: 246.6 MiB in 58 packages
#19 1.857 diagnostic registry: 39 unique core codes, 5 frontend allocations; generated files fresh
#19 1.882 calibration: invalid registry version rejected on its named property
#19 1.882 calibration: duplicate diagnostic code rejected on its named property
#19 1.882 calibration: duplicate frontend diagnostic name rejected on its named property
#19 1.882 diagnostic registry calibration: 3 named mutants rejected
#19 1.913 embedded_frontend.rs: fresh (31 files)
#19 2.248 RUNNER_COMMAND=cargo test --locked -p gripsack-exec --features loom-tests --lib schedule::coordination::model::
#19 41.74    Compiling proc-macro2 v1.0.107
#19 41.74    Compiling quote v1.0.47
#19 41.74    Compiling unicode-ident v1.0.24
#19 41.74    Compiling libc v0.2.189
#19 41.74    Compiling find-msvc-tools v0.1.11
#19 41.74    Compiling shlex v2.0.1
#19 41.74    Compiling cfg-if v1.0.4
#19 41.74    Compiling stable_deref_trait v1.2.1
#19 41.74    Compiling serde_core v1.0.229
#19 41.74    Compiling once_cell v1.21.4
#19 41.74    Compiling rustix v1.1.4
#19 41.74    Compiling pkg-config v0.3.34
#19 41.74    Compiling linux-raw-sys v0.12.1
#19 41.74    Compiling bitflags v2.13.1
#19 41.74    Compiling verus_prettyplease v0.0.0-2026-09-06-0133
#19 41.74    Compiling hashbrown v0.17.1
#19 41.74    Compiling equivalent v1.0.2
#19 41.74    Compiling smallvec v1.15.2
#19 41.74    Compiling litemap v0.8.3
#19 41.74    Compiling writeable v0.6.4
#19 41.74    Compiling log v0.4.34
#19 41.74    Compiling utf8_iter v1.0.4
#19 41.74    Compiling icu_normalizer_data v2.3.0
#19 41.74    Compiling typenum v1.20.1
#19 41.74    Compiling icu_properties_data v2.3.0
#19 41.74    Compiling io-lifetimes v2.0.4
#19 41.74    Compiling zeroize v1.9.0
#19 41.74    Compiling convert_case v0.4.0
#19 41.74    Compiling zmij v1.0.23
#19 41.74    Compiling io-lifetimes v3.0.1
#19 41.74    Compiling vstd v0.0.0-2026-09-06-0133
#19 41.74    Compiling serde v1.0.229
#19 41.74    Compiling memchr v2.8.3
#19 41.74    Compiling io-extras v0.19.0
#19 41.74    Compiling verus_builtin v0.0.0-2026-09-06-0133
#19 41.74    Compiling serde_json v1.0.151
#19 41.74    Compiling itoa v1.0.18
#19 41.74    Compiling rustversion v1.0.23
#19 41.74    Compiling thiserror v2.0.20
#19 41.74    Compiling cap-primitives v4.0.3
#19 41.74    Compiling rustls-pki-types v1.15.1
#19 41.74    Compiling crc32fast v1.5.1
#19 41.74    Compiling winnow v1.0.4
#19 41.74    Compiling tracing-core v0.1.36
#19 41.74    Compiling ipnet v2.12.1
#19 41.74    Compiling untrusted v0.9.0
#19 41.74    Compiling zstd-safe v7.2.4
#19 41.74    Compiling maybe-owned v0.3.4
#19 41.74    Compiling simd-adler32 v0.3.10
#19 41.74    Compiling ambient-authority v0.0.2
#19 41.74    Compiling getrandom v0.4.3
#19 41.74    Compiling cap-std v4.0.3
#19 41.74    Compiling toml_writer v1.1.2+spec-1.1.0
#19 41.74    Compiling const-oid v0.10.2
#19 41.74    Compiling rustls v0.23.45
#19 41.74    Compiling regex-syntax v0.8.11
#19 41.74    Compiling percent-encoding v2.3.2
#19 41.74    Compiling adler2 v2.0.1
#19 41.74    Compiling cpufeatures v0.3.0
#19 41.74    Compiling pin-project-lite v0.2.17
#19 41.74    Compiling parking_lot_core v0.9.12
#19 41.74    Compiling bumpalo v3.20.3
#19 41.74    Compiling lazy_static v1.5.0
#19 41.74    Compiling form_urlencoded v1.2.2
#19 41.74    Compiling miniz_oxide v0.8.9
#19 41.74    Compiling subtle v2.6.1
#19 41.74    Compiling libbz2-rs-sys v0.2.5
#19 41.74    Compiling toml_parser v1.1.3+spec-1.1.0
#19 41.74    Compiling zlib-rs v0.6.7
#19 41.74    Compiling scopeguard v1.2.0
#19 41.74    Compiling winnow v0.7.15
#19 41.74    Compiling fastrand v2.5.0
#19 41.74    Compiling webpki-roots v1.0.9
#19 41.74    Compiling lock_api v0.4.14
#19 41.74    Compiling tracing-log v0.2.0
#19 41.74    Compiling webpki-roots v0.26.11
#19 41.74    Compiling sharded-slab v0.1.7
#19 41.74    Compiling thread_local v1.1.10
#19 41.74    Compiling nu-ansi-term v0.50.3
#19 41.74    Compiling typed-path v0.12.3
#19 41.74    Compiling openssl-probe v0.2.1
#19 41.74    Compiling base64 v0.22.1
#19 41.74    Compiling indexmap v2.14.0
#19 41.74    Compiling zopfli v0.8.3
#19 41.74    Compiling scoped-tls v1.0.1
#19 41.74    Compiling httpdate v1.0.3
#19 41.74    Compiling rustls-native-certs v0.8.4
#19 41.74    Compiling bzip2 v0.6.1
#19 41.74    Compiling hybrid-array v0.4.14
#19 41.74    Compiling syn v2.0.119
#19 41.74    Compiling syn v3.0.4
#19 41.74    Compiling verus_syn v0.0.0-2026-09-06-0133
#19 41.74    Compiling jobserver v0.1.35
#19 41.74    Compiling getrandom v0.2.17
#19 41.74    Compiling filetime v0.2.29
#19 41.74    Compiling crypto-common v0.2.2
#19 41.74    Compiling block-buffer v0.12.1
#19 41.74    Compiling regex-automata v0.4.18
#19 41.74    Compiling cc v1.4.4
#19 41.74    Compiling parking_lot v0.12.5
#19 41.74    Compiling digest v0.11.3
#19 41.74    Compiling sha2 v0.11.0
#19 41.74    Compiling serde_spanned v1.1.1
#19 41.74    Compiling toml_datetime v0.7.5+spec-1.1.0
#19 41.74    Compiling toml_datetime v1.1.1+spec-1.1.0
#19 41.74    Compiling zstd-sys v2.0.16+zstd.1.5.7
#19 41.74    Compiling ring v0.17.14
#19 41.74    Compiling lzma-sys v0.1.20
#19 41.74    Compiling generator v0.8.10
#19 41.74    Compiling toml v0.9.12+spec-1.1.0
#19 41.74    Compiling toml v1.1.4+spec-1.1.0
#19 41.74    Compiling flate2 v1.1.9
#19 41.74    Compiling matchers v0.2.0
#19 41.74    Compiling rustix-linux-procfs v0.1.1
#19 41.74    Compiling fs-set-times v0.20.3
#19 41.74    Compiling xattr v1.6.1
#19 41.74    Compiling tempfile v3.27.0
#19 41.74    Compiling tar v0.4.46
#19 41.74    Compiling zerovec-derive v0.11.6
#19 41.74    Compiling displaydoc v0.2.7
#19 41.74    Compiling serde_derive v1.0.229
#19 41.74    Compiling thiserror-impl v2.0.20
#19 41.74    Compiling xz2 v0.1.7
#19 41.74    Compiling gripsack-fs v0.42.0 (/tmp/gripsack-loom-2gzv_3wl/source/crates/gripsack-fs)
#19 41.74    Compiling synstructure v0.13.2
#19 41.74    Compiling rustls-webpki v0.103.15
#19 41.74    Compiling zstd v0.13.3
#19 41.74    Compiling zip v8.6.0
#19 41.74    Compiling zerofrom-derive v0.1.7
#19 41.74    Compiling yoke-derive v0.8.2
#19 41.74    Compiling tracing-attributes v0.1.31
#19 41.74    Compiling verus_builtin_macros v0.0.0-2026-09-06-0133
#19 41.74    Compiling verus_state_machines_macros v0.0.0-2026-09-06-0133
#19 41.74    Compiling zerofrom v0.1.8
#19 41.74    Compiling tracing v0.1.44
#19 41.74    Compiling yoke v0.8.3
#19 41.74    Compiling tracing-subscriber v0.3.23
#19 41.74    Compiling zerovec v0.11.8
#19 41.74    Compiling zerotrie v0.2.5
#19 41.74    Compiling tinystr v0.8.4
#19 41.74    Compiling potential_utf v0.1.6
#19 41.74    Compiling icu_collections v2.3.0
#19 41.74    Compiling icu_locale_core v2.3.0
#19 41.74    Compiling loom v0.7.2
#19 41.74    Compiling icu_provider v2.3.1
#19 41.74    Compiling icu_properties v2.3.0
#19 41.74    Compiling icu_normalizer v2.3.0
#19 41.74    Compiling idna_adapter v1.2.2
#19 41.74    Compiling idna v1.1.0
#19 41.74    Compiling url v2.5.8
#19 41.74    Compiling ureq v2.12.1
#19 41.74    Compiling gripsack-policy v0.42.0 (/tmp/gripsack-loom-2gzv_3wl/source/crates/gripsack-policy)
#19 41.74    Compiling gripsack-ir v0.42.0 (/tmp/gripsack-loom-2gzv_3wl/source/crates/gripsack-ir)
#19 41.74    Compiling gripsack-process v0.42.0 (/tmp/gripsack-loom-2gzv_3wl/source/crates/gripsack-process)
#19 41.74    Compiling gripsack-store v0.42.0 (/tmp/gripsack-loom-2gzv_3wl/source/crates/gripsack-store)
#19 41.74    Compiling gripsack-config v0.42.0 (/tmp/gripsack-loom-2gzv_3wl/source/crates/gripsack-config)
#19 41.74    Compiling gripsack-fetch v0.42.0 (/tmp/gripsack-loom-2gzv_3wl/source/crates/gripsack-fetch)
#19 41.74    Compiling gripsack-exec v0.42.0 (/tmp/gripsack-loom-2gzv_3wl/source/crates/gripsack-exec)
#19 41.74     Finished `test` profile [unoptimized + debuginfo] target(s) in 39.44s
#19 41.74      Running unittests src/lib.rs (/tmp/gripsack-loom-2gzv_3wl/target/debug/deps/gripsack_exec-66661a3742c5a081)
#19 41.74 
#19 41.74 running 3 tests
#19 41.74 test schedule::coordination::model::failure_latches_and_drains_without_lost_notification ... ok
#19 41.74 test schedule::coordination::model::panic_completes_once_and_wakes_waiters ... ok
#19 41.74 test schedule::coordination::model::diamond_completion_wakes_waiters_and_publishes_dependencies ... ok
#19 41.74 
#19 41.74 test result: ok. 3 passed; 0 failed; 0 ignored; 0 measured; 56 filtered out; finished in 0.06s
#19 41.74 
#19 41.74 
#19 41.74 LOOM_SCHEDULER=3
#19 41.74 RUNNER_COMMAND=cargo test --locked -p gripsack-exec --features loom-tests --lib schedule::coordination::model::diamond_completion_wakes_waiters_and_publishes_dependencies
#19 45.56    Compiling gripsack-exec v0.42.0 (/tmp/gripsack-loom-2gzv_3wl/source/crates/gripsack-exec)
#19 45.56     Finished `test` profile [unoptimized + debuginfo] target(s) in 3.57s
#19 45.56      Running unittests src/lib.rs (/tmp/gripsack-loom-2gzv_3wl/target/debug/deps/gripsack_exec-66661a3742c5a081)
#19 45.56 
#19 45.56 running 1 test
#19 45.56 
#19 45.56 thread 'schedule::coordination::model::diamond_completion_wakes_waiters_and_publishes_dependencies' (4267) panicked at /usr/local/cargo/registry/src/index.crates.io-1949cf8c6b5b557f/loom-0.7.2/src/rt/execution.rs:216:13:
#19 45.56 deadlock; threads = [(Id(0), Blocked(Location(None))), (Id(1), Terminated), (Id(2), Blocked(Location(None)))]
#19 45.56 note: run with `RUST_BACKTRACE=1` environment variable to display a backtrace
#19 45.56 
#19 45.56 thread 'schedule::coordination::model::diamond_completion_wakes_waiters_and_publishes_dependencies' (4267) panicked at /usr/local/cargo/registry/src/index.crates.io-1949cf8c6b5b557f/loom-0.7.2/src/rt/thread.rs:276:39:
#19 45.56 called `Option::unwrap()` on a `None` value
#19 45.56 stack backtrace:
#19 45.56    0:     0x739d42e875f1 - std[f4f322d5fb81df6e]::backtrace_rs::backtrace::libunwind::trace
#19 45.56                                at /rustc/88d9e12ae178fab0fb5cc050a94da85685d449ea/library/std/src/../../backtrace/src/backtrace/libunwind.rs:117:9
#19 45.56    1:     0x739d42e875f1 - std[f4f322d5fb81df6e]::backtrace_rs::backtrace::trace_unsynchronized::<std[f4f322d5fb81df6e]::sys::backtrace::_print_fmt::{closure#1}>
#19 45.56                                at /rustc/88d9e12ae178fab0fb5cc050a94da85685d449ea/library/std/src/../../backtrace/src/backtrace/mod.rs:66:14
#19 45.56    2:     0x739d42e875f1 - std[f4f322d5fb81df6e]::sys::backtrace::_print_fmt
#19 45.56                                at /rustc/88d9e12ae178fab0fb5cc050a94da85685d449ea/library/std/src/sys/backtrace.rs:74:9
#19 45.56    3:     0x739d42e875f1 - <<std[f4f322d5fb81df6e]::sys::backtrace::BacktraceLock>::print::DisplayBacktrace as core[5d33459993e3d723]::fmt::Display>::fmt
#19 45.56                                at /rustc/88d9e12ae178fab0fb5cc050a94da85685d449ea/library/std/src/sys/backtrace.rs:44:26
#19 45.56    4:     0x739d42ebc99a - <core[5d33459993e3d723]::fmt::rt::Argument>::fmt
#19 45.56                                at /rustc/88d9e12ae178fab0fb5cc050a94da85685d449ea/library/core/src/fmt/rt.rs:152:76
#19 45.56    5:     0x739d42ebc99a - core[5d33459993e3d723]::fmt::write
#19 45.56    6:     0x739d42e8d03c - std[f4f322d5fb81df6e]::io::default_write_fmt::<alloc[f3282932177de6b4]::vec::Vec<u8>>
#19 45.56                                at /rustc/88d9e12ae178fab0fb5cc050a94da85685d449ea/library/std/src/io/mod.rs:626:11
#19 45.56    7:     0x739d42e8d03c - <alloc[f3282932177de6b4]::vec::Vec<u8> as std[f4f322d5fb81df6e]::io::Write>::write_fmt
#19 45.56                                at /rustc/88d9e12ae178fab0fb5cc050a94da85685d449ea/library/std/src/io/mod.rs:1730:13
#19 45.56    8:     0x739d42e61dd2 - <std[f4f322d5fb81df6e]::sys::backtrace::BacktraceLock>::print
#19 45.56                                at /rustc/88d9e12ae178fab0fb5cc050a94da85685d449ea/library/std/src/sys/backtrace.rs:47:9
#19 45.56    9:     0x739d42e61dd2 - std[f4f322d5fb81df6e]::panicking::default_hook::{closure#0}
#19 45.56                                at /rustc/88d9e12ae178fab0fb5cc050a94da85685d449ea/library/std/src/panicking.rs:292:27
#19 45.56   10:     0x739d42e7da84 - std[f4f322d5fb81df6e]::panicking::default_hook
#19 45.56                                at /rustc/88d9e12ae178fab0fb5cc050a94da85685d449ea/library/std/src/panicking.rs:316:9
#19 45.56   11:     0x739d424fdce0 - <alloc[f3282932177de6b4]::boxed::Box<dyn for<'a, 'b> core[5d33459993e3d723]::ops::function::Fn<(&'a std[f4f322d5fb81df6e]::panic::PanicHookInfo<'b>,), Output = ()> + core[5d33459993e3d723]::marker::Send + core[5d33459993e3d723]::marker::Sync> as core[5d33459993e3d723]::ops::function::Fn<(&std[f4f322d5fb81df6e]::panic::PanicHookInfo,)>>::call
#19 45.56                                at /rustc/88d9e12ae178fab0fb5cc050a94da85685d449ea/library/alloc/src/boxed.rs:2333:9
#19 45.56   12:     0x739d424fdce0 - test[4256d8fa28ac835e]::test_main_inner::<test[4256d8fa28ac835e]::test_main_static::{closure#0}>::{closure#0}
#19 45.56                                at /rustc/88d9e12ae178fab0fb5cc050a94da85685d449ea/library/test/src/lib.rs:155:21
#19 45.56   13:     0x739d42582613 - <alloc[f3282932177de6b4]::boxed::Box<dyn for<'a, 'b> core[5d33459993e3d723]::ops::function::Fn<(&'a std[f4f322d5fb81df6e]::panic::PanicHookInfo<'b>,), Output = ()> + core[5d33459993e3d723]::marker::Send + core[5d33459993e3d723]::marker::Sync> as core[5d33459993e3d723]::ops::function::Fn<(&std[f4f322d5fb81df6e]::panic::PanicHookInfo,)>>::call
#19 45.56                                at /rustc/88d9e12ae178fab0fb5cc050a94da85685d449ea/library/alloc/src/boxed.rs:2333:9
#19 45.56   14:     0x739d4257dbe4 - generator[87b94d97073f9995]::detail::gen::catch_unwind_filter::<generator[87b94d97073f9995]::detail::gen::gen_init_impl::{closure#0}, ()>::{closure#0}::{closure#0}
#19 45.56                                at /usr/local/cargo/registry/src/index.crates.io-1949cf8c6b5b557f/generator-0.8.10/src/detail/gen.rs:19:13
#19 45.56   15:     0x739d42e7ddb2 - <alloc[f3282932177de6b4]::boxed::Box<dyn for<'a, 'b> core[5d33459993e3d723]::ops::function::Fn<(&'a std[f4f322d5fb81df6e]::panic::PanicHookInfo<'b>,), Output = ()> + core[5d33459993e3d723]::marker::Send + core[5d33459993e3d723]::marker::Sync> as core[5d33459993e3d723]::ops::function::Fn<(&std[f4f322d5fb81df6e]::panic::PanicHookInfo,)>>::call
#19 45.56                                at /rustc/88d9e12ae178fab0fb5cc050a94da85685d449ea/library/alloc/src/boxed.rs:2333:9
#19 45.56   16:     0x739d42e7ddb2 - std[f4f322d5fb81df6e]::panicking::panic_with_hook
#19 45.56                                at /rustc/88d9e12ae178fab0fb5cc050a94da85685d449ea/library/std/src/panicking.rs:823:13
#19 45.56   17:     0x739d42e61eb4 - std[f4f322d5fb81df6e]::panicking::panic_handler::{closure#0}
#19 45.56                                at /rustc/88d9e12ae178fab0fb5cc050a94da85685d449ea/library/std/src/panicking.rs:681:13
#19 45.56   18:     0x739d42e592b9 - std[f4f322d5fb81df6e]::sys::backtrace::__rust_end_short_backtrace::<std[f4f322d5fb81df6e]::panicking::panic_handler::{closure#0}, !>
#19 45.56                                at /rustc/88d9e12ae178fab0fb5cc050a94da85685d449ea/library/std/src/sys/backtrace.rs:182:18
#19 45.56   19:     0x739d42e62f8d - __rustc[4b1ee1ef74718a7b]::rust_begin_unwind
#19 45.56                                at /rustc/88d9e12ae178fab0fb5cc050a94da85685d449ea/library/std/src/panicking.rs:679:5
#19 45.56   20:     0x739d4233ebac - core[5d33459993e3d723]::panicking::panic_fmt
#19 45.56                                at /rustc/88d9e12ae178fab0fb5cc050a94da85685d449ea/library/core/src/panicking.rs:80:14
#19 45.56   21:     0x739d4233eb72 - core[5d33459993e3d723]::panicking::panic
#19 45.56                                at /rustc/88d9e12ae178fab0fb5cc050a94da85685d449ea/library/core/src/panicking.rs:150:5
#19 45.56   22:     0x739d4233e899 - core[5d33459993e3d723]::option::unwrap_failed
#19 45.56                                at /rustc/88d9e12ae178fab0fb5cc050a94da85685d449ea/library/core/src/option.rs:2251:5
#19 45.56   23:     0x739d42554f3d - <core[5d33459993e3d723]::option::Option<usize>>::unwrap
#19 45.56                                at /rustc/88d9e12ae178fab0fb5cc050a94da85685d449ea/library/core/src/option.rs:1014:21
#19 45.56   24:     0x739d42554f3d - <loom[c97bddb326b4e68f]::rt::thread::Set>::active_mut
#19 45.56                                at /usr/local/cargo/registry/src/index.crates.io-1949cf8c6b5b557f/loom-0.7.2/src/rt/thread.rs:276:39
#19 45.56   25:     0x739d42560fc5 - <loom[c97bddb326b4e68f]::rt::object::Ref<loom[c97bddb326b4e68f]::rt::arc::State>>::set_action
#19 45.56                                at /usr/local/cargo/registry/src/index.crates.io-1949cf8c6b5b557f/loom-0.7.2/src/rt/object.rs:387:27
#19 45.56   26:     0x739d4255eab8 - <loom[c97bddb326b4e68f]::rt::object::Ref<loom[c97bddb326b4e68f]::rt::arc::State>>::branch_action::<loom[c97bddb326b4e68f]::rt::arc::Action>::{closure#0}
#19 45.56                                at /usr/local/cargo/registry/src/index.crates.io-1949cf8c6b5b557f/loom-0.7.2/src/rt/object.rs:354:18
#19 45.56   27:     0x739d425395ec - loom[c97bddb326b4e68f]::rt::branch::<<loom[c97bddb326b4e68f]::rt::object::Ref<loom[c97bddb326b4e68f]::rt::arc::State>>::branch_action<loom[c97bddb326b4e68f]::rt::arc::Action>::{closure#0}, ()>::{closure#0}
#19 45.56                                at /usr/local/cargo/registry/src/index.crates.io-1949cf8c6b5b557f/loom-0.7.2/src/rt/mod.rs:122:19
#19 45.56   28:     0x739d42535061 - <loom[c97bddb326b4e68f]::rt::scheduler::Scheduler>::with_execution::<loom[c97bddb326b4e68f]::rt::branch<<loom[c97bddb326b4e68f]::rt::object::Ref<loom[c97bddb326b4e68f]::rt::arc::State>>::branch_action<loom[c97bddb326b4e68f]::rt::arc::Action>::{closure#0}, ()>::{closure#0}, ((), bool)>::{closure#0}
#19 45.56                                at /usr/local/cargo/registry/src/index.crates.io-1949cf8c6b5b557f/loom-0.7.2/src/rt/scheduler.rs:43:34
#19 45.56   29:     0x739d425330fe - <loom[c97bddb326b4e68f]::rt::scheduler::Scheduler>::with_state::<<loom[c97bddb326b4e68f]::rt::scheduler::Scheduler>::with_execution<loom[c97bddb326b4e68f]::rt::branch<<loom[c97bddb326b4e68f]::rt::object::Ref<loom[c97bddb326b4e68f]::rt::arc::State>>::branch_action<loom[c97bddb326b4e68f]::rt::arc::Action>::{closure#0}, ()>::{closure#0}, ((), bool)>::{closure#0}, ((), bool)>::{closure#0}
#19 45.56                                at /usr/local/cargo/registry/src/index.crates.io-1949cf8c6b5b557f/loom-0.7.2/src/rt/scheduler.rs:131:28
#19 45.56   30:     0x739d42535f51 - <scoped_tls[87e03fecbc1fc0b7]::ScopedKey<core[5d33459993e3d723]::cell::RefCell<loom[c97bddb326b4e68f]::rt::scheduler::State>>>::with::<<loom[c97bddb326b4e68f]::rt::scheduler::Scheduler>::with_state<<loom[c97bddb326b4e68f]::rt::scheduler::Scheduler>::with_execution<loom[c97bddb326b4e68f]::rt::branch<<loom[c97bddb326b4e68f]::rt::object::Ref<loom[c97bddb326b4e68f]::rt::arc::State>>::branch_action<loom[c97bddb326b4e68f]::rt::arc::Action>::{closure#0}, ()>::{closure#0}, ((), bool)>::{closure#0}, ((), bool)>::{closure#0}, ((), bool)>
#19 45.56                                at /usr/local/cargo/registry/src/index.crates.io-1949cf8c6b5b557f/scoped-tls-1.0.1/src/lib.rs:171:13
#19 45.56   31:     0x739d425315ae - <loom[c97bddb326b4e68f]::rt::scheduler::Scheduler>::with_state::<<loom[c97bddb326b4e68f]::rt::scheduler::Scheduler>::with_execution<loom[c97bddb326b4e68f]::rt::branch<<loom[c97bddb326b4e68f]::rt::object::Ref<loom[c97bddb326b4e68f]::rt::arc::State>>::branch_action<loom[c97bddb326b4e68f]::rt::arc::Action>::{closure#0}, ()>::{closure#0}, ((), bool)>::{closure#0}, ((), bool)>
#19 45.56                                at /usr/local/cargo/registry/src/index.crates.io-1949cf8c6b5b557f/loom-0.7.2/src/rt/scheduler.rs:131:15
#19 45.56   32:     0x739d42532ae6 - <loom[c97bddb326b4e68f]::rt::scheduler::Scheduler>::with_execution::<loom[c97bddb326b4e68f]::rt::branch<<loom[c97bddb326b4e68f]::rt::object::Ref<loom[c97bddb326b4e68f]::rt::arc::State>>::branch_action<loom[c97bddb326b4e68f]::rt::arc::Action>::{closure#0}, ()>::{closure#0}, ((), bool)>
#19 45.56                                at /usr/local/cargo/registry/src/index.crates.io-1949cf8c6b5b557f/loom-0.7.2/src/rt/scheduler.rs:43:9
#19 45.56   33:     0x739d42538986 - loom[c97bddb326b4e68f]::rt::execution::<loom[c97bddb326b4e68f]::rt::branch<<loom[c97bddb326b4e68f]::rt::object::Ref<loom[c97bddb326b4e68f]::rt::arc::State>>::branch_action<loom[c97bddb326b4e68f]::rt::arc::Action>::{closure#0}, ()>::{closure#0}, ((), bool)>
#19 45.56                                at /usr/local/cargo/registry/src/index.crates.io-1949cf8c6b5b557f/loom-0.7.2/src/rt/mod.rs:174:5
#19 45.56   34:     0x739d42538689 - loom[c97bddb326b4e68f]::rt::branch::<<loom[c97bddb326b4e68f]::rt::object::Ref<loom[c97bddb326b4e68f]::rt::arc::State>>::branch_action<loom[c97bddb326b4e68f]::rt::arc::Action>::{closure#0}, ()>
#19 45.56                                at /usr/local/cargo/registry/src/index.crates.io-1949cf8c6b5b557f/loom-0.7.2/src/rt/mod.rs:121:25
#19 45.56   35:     0x739d4255e398 - <loom[c97bddb326b4e68f]::rt::object::Ref<loom[c97bddb326b4e68f]::rt::arc::State>>::branch_action::<loom[c97bddb326b4e68f]::rt::arc::Action>
#19 45.56                                at /usr/local/cargo/registry/src/index.crates.io-1949cf8c6b5b557f/loom-0.7.2/src/rt/object.rs:351:9
#19 45.56   36:     0x739d4255c2b0 - <loom[c97bddb326b4e68f]::rt::arc::Arc>::branch
#19 45.56                                at /usr/local/cargo/registry/src/index.crates.io-1949cf8c6b5b557f/loom-0.7.2/src/rt/arc.rs:160:11
#19 45.56   37:     0x739d4255c352 - <loom[c97bddb326b4e68f]::rt::arc::Arc>::ref_dec
#19 45.56                                at /usr/local/cargo/registry/src/index.crates.io-1949cf8c6b5b557f/loom-0.7.2/src/rt/arc.rs:113:14
#19 45.56   38:     0x739d424db0f8 - <loom[c97bddb326b4e68f]::sync::arc::Arc<alloc[f3282932177de6b4]::vec::Vec<loom[c97bddb326b4e68f]::sync::atomic::int::AtomicUsize>> as core[5d33459993e3d723]::ops::drop::Drop>::drop
#19 45.56                                at /usr/local/cargo/registry/src/index.crates.io-1949cf8c6b5b557f/loom-0.7.2/src/sync/arc.rs:247:21
#19 45.56   39:     0x739d424d3b0a - core[5d33459993e3d723]::ptr::drop_glue::<loom[c97bddb326b4e68f]::sync::arc::Arc<alloc[f3282932177de6b4]::vec::Vec<loom[c97bddb326b4e68f]::sync::atomic::int::AtomicUsize>>>
#19 45.56                                at /rustc/88d9e12ae178fab0fb5cc050a94da85685d449ea/library/core/src/ptr/mod.rs:823:1
#19 45.56   40:     0x739d424efc6b - gripsack_exec[d2b026e9f5bf8163]::schedule::coordination::model::explore::{closure#0}
#19 45.56                                at /tmp/gripsack-loom-2gzv_3wl/source/crates/gripsack-exec/src/schedule/coordination_model.rs:87:5
#19 45.56   41:     0x739d423ef2b1 - <loom[c97bddb326b4e68f]::model::Builder>::check::<gripsack_exec[d2b026e9f5bf8163]::schedule::coordination::model::explore::{closure#0}>::{closure#0}
#19 45.56                                at /usr/local/cargo/registry/src/index.crates.io-1949cf8c6b5b557f/loom-0.7.2/src/model.rs:194:17
#19 45.56   42:     0x739d424d73e1 - <<loom[c97bddb326b4e68f]::model::Builder>::check<gripsack_exec[d2b026e9f5bf8163]::schedule::coordination::model::explore::{closure#0}>::{closure#0} as core[5d33459993e3d723]::ops::function::FnOnce<()>>::call_once::{shim:vtable#0}
#19 45.56                                at /rustc/88d9e12ae178fab0fb5cc050a94da85685d449ea/library/core/src/ops/function.rs:250:5
#19 45.56   43:     0x739d42547de8 - <alloc[f3282932177de6b4]::boxed::Box<dyn core[5d33459993e3d723]::ops::function::FnOnce<(), Output = ()>> as core[5d33459993e3d723]::ops::function::FnOnce<()>>::call_once
#19 45.56                                at /rustc/88d9e12ae178fab0fb5cc050a94da85685d449ea/library/alloc/src/boxed.rs:2319:9
#19 45.56   44:     0x739d425356eb - loom[c97bddb326b4e68f]::rt::scheduler::spawn_thread::{closure#0}
#19 45.56                                at /usr/local/cargo/registry/src/index.crates.io-1949cf8c6b5b557f/loom-0.7.2/src/rt/scheduler.rs:142:17
#19 45.56   45:     0x739d4254de7e - <loom[c97bddb326b4e68f]::rt::scheduler::spawn_thread::{closure#0} as core[5d33459993e3d723]::ops::function::FnOnce<()>>::call_once
#19 45.56                                at /rustc/88d9e12ae178fab0fb5cc050a94da85685d449ea/library/core/src/ops/function.rs:250:5
#19 45.56   46:     0x739d4254a622 - <generator[87b94d97073f9995]::gen_impl::GeneratorImpl<core[5d33459993e3d723]::option::Option<alloc[f3282932177de6b4]::boxed::Box<dyn core[5d33459993e3d723]::ops::function::FnOnce<(), Output = ()>>>, ()>>::init_code::<loom[c97bddb326b4e68f]::rt::scheduler::spawn_thread::{closure#0}>::{closure#0}
#19 45.56                                at /usr/local/cargo/registry/src/index.crates.io-1949cf8c6b5b557f/generator-0.8.10/src/gen_impl.rs:357:21
#19 45.56   47:     0x739d4253ee41 - <generator[87b94d97073f9995]::stack::StackBox<<generator[87b94d97073f9995]::gen_impl::GeneratorImpl<core[5d33459993e3d723]::option::Option<alloc[f3282932177de6b4]::boxed::Box<dyn core[5d33459993e3d723]::ops::function::FnOnce<(), Output = ()>>>, ()>>::init_code<loom[c97bddb326b4e68f]::rt::scheduler::spawn_thread::{closure#0}>::{closure#0}>>::call_once
#19 45.56                                at /usr/local/cargo/registry/src/index.crates.io-1949cf8c6b5b557f/generator-0.8.10/src/stack/mod.rs:137:13
#19 45.56   48:     0x739d4257f74d - <generator[87b94d97073f9995]::stack::Func>::call_once
#19 45.56                                at /usr/local/cargo/registry/src/index.crates.io-1949cf8c6b5b557f/generator-0.8.10/src/stack/mod.rs:119:9
#19 45.56   49:     0x739d4257dd3e - generator[87b94d97073f9995]::detail::gen::gen_init_impl::{closure#0}
#19 45.56                                at /usr/local/cargo/registry/src/index.crates.io-1949cf8c6b5b557f/generator-0.8.10/src/detail/gen.rs:35:14
#19 45.56   50:     0x739d42582783 - <generator[87b94d97073f9995]::detail::gen::gen_init_impl::{closure#0} as core[5d33459993e3d723]::ops::function::FnOnce<()>>::call_once
#19 45.56                                at /rustc/88d9e12ae178fab0fb5cc050a94da85685d449ea/library/core/src/ops/function.rs:250:5
#19 45.56   51:     0x739d4257d865 - std[f4f322d5fb81df6e]::panicking::catch_unwind::do_call::<generator[87b94d97073f9995]::detail::gen::gen_init_impl::{closure#0}, ()>
#19 45.56                                at /rustc/88d9e12ae178fab0fb5cc050a94da85685d449ea/library/std/src/panicking.rs:576:43
#19 45.56   52:     0x739d4258294b - __rust_try
#19 45.56   53:     0x739d4257cd46 - std[f4f322d5fb81df6e]::panicking::catch_unwind::<(), generator[87b94d97073f9995]::detail::gen::gen_init_impl::{closure#0}>
#19 45.56                                at /rustc/88d9e12ae178fab0fb5cc050a94da85685d449ea/library/std/src/panicking.rs:544:19
#19 45.56   54:     0x739d4257cd46 - std[f4f322d5fb81df6e]::panic::catch_unwind::<generator[87b94d97073f9995]::detail::gen::gen_init_impl::{closure#0}, ()>
#19 45.56                                at /rustc/88d9e12ae178fab0fb5cc050a94da85685d449ea/library/std/src/panic.rs:359:14
#19 45.56   55:     0x739d4257d56d - generator[87b94d97073f9995]::detail::gen::catch_unwind_filter::<generator[87b94d97073f9995]::detail::gen::gen_init_impl::{closure#0}, ()>
#19 45.56                                at /usr/local/cargo/registry/src/index.crates.io-1949cf8c6b5b557f/generator-0.8.10/src/detail/gen.rs:23:5
#19 45.56   56:     0x739d42580647 - generator[87b94d97073f9995]::detail::gen::gen_init_impl
#19 45.56                                at /usr/local/cargo/registry/src/index.crates.io-1949cf8c6b5b557f/generator-0.8.10/src/detail/gen.rs:50:25
#19 45.56   57:     0x739d42580613 - generator[87b94d97073f9995]::detail::asm::gen_init
#19 45.56                                at /usr/local/cargo/registry/src/index.crates.io-1949cf8c6b5b557f/generator-0.8.10/src/detail/x86_64_unix.rs:8:5
#19 45.56 
#19 45.56 thread 'schedule::coordination::model::diamond_completion_wakes_waiters_and_publishes_dependencies' (4267) panicked at /rustc/88d9e12ae178fab0fb5cc050a94da85685d449ea/library/core/src/panicking.rs:233:5:
#19 45.56 panic in a destructor during cleanup
#19 45.56 thread caused non-unwinding panic. aborting.
#19 45.56 error: test failed, to rerun pass `-p gripsack-exec --lib`
#19 45.56 
#19 45.56 Caused by:
#19 45.56   process didn't exit successfully: `/tmp/gripsack-loom-2gzv_3wl/target/debug/deps/gripsack_exec-66661a3742c5a081 'schedule::coordination::model::diamond_completion_wakes_waiters_and_publishes_dependencies'` (signal: 6, SIGABRT: process abort signal)
#19 45.56 
#19 45.56 calibration: missing-notification rejected by Loom waiter deadlock
#19 45.56 RUNNER_COMMAND=cargo test --locked -p gripsack-exec --features loom-tests --lib schedule::coordination::model::diamond_completion_wakes_waiters_and_publishes_dependencies
#19 49.19    Compiling gripsack-exec v0.42.0 (/tmp/gripsack-loom-2gzv_3wl/source/crates/gripsack-exec)
#19 49.19     Finished `test` profile [unoptimized + debuginfo] target(s) in 3.40s
#19 49.19      Running unittests src/lib.rs (/tmp/gripsack-loom-2gzv_3wl/target/debug/deps/gripsack_exec-66661a3742c5a081)
#19 49.19 
#19 49.19 running 1 test
#19 49.19 
#19 49.19 thread 'schedule::coordination::model::diamond_completion_wakes_waiters_and_publishes_dependencies' (4546) panicked at /usr/local/cargo/registry/src/index.crates.io-1949cf8c6b5b557f/loom-0.7.2/src/rt/execution.rs:216:13:
#19 49.19 deadlock; threads = [(Id(0), Blocked(Location(None))), (Id(1), Blocked(Location(None))), (Id(2), Blocked(Location(None)))]
#19 49.19 note: run with `RUST_BACKTRACE=1` environment variable to display a backtrace
#19 49.19 
#19 49.19 thread 'schedule::coordination::model::diamond_completion_wakes_waiters_and_publishes_dependencies' (4546) panicked at /usr/local/cargo/registry/src/index.crates.io-1949cf8c6b5b557f/loom-0.7.2/src/rt/thread.rs:276:39:
#19 49.19 called `Option::unwrap()` on a `None` value
#19 49.19 stack backtrace:
#19 49.19    0:     0x74edeb114cf1 - std[f4f322d5fb81df6e]::backtrace_rs::backtrace::libunwind::trace
#19 49.19                                at /rustc/88d9e12ae178fab0fb5cc050a94da85685d449ea/library/std/src/../../backtrace/src/backtrace/libunwind.rs:117:9
#19 49.19    1:     0x74edeb114cf1 - std[f4f322d5fb81df6e]::backtrace_rs::backtrace::trace_unsynchronized::<std[f4f322d5fb81df6e]::sys::backtrace::_print_fmt::{closure#1}>
#19 49.19                                at /rustc/88d9e12ae178fab0fb5cc050a94da85685d449ea/library/std/src/../../backtrace/src/backtrace/mod.rs:66:14
#19 49.19    2:     0x74edeb114cf1 - std[f4f322d5fb81df6e]::sys::backtrace::_print_fmt
#19 49.19                                at /rustc/88d9e12ae178fab0fb5cc050a94da85685d449ea/library/std/src/sys/backtrace.rs:74:9
#19 49.19    3:     0x74edeb114cf1 - <<std[f4f322d5fb81df6e]::sys::backtrace::BacktraceLock>::print::DisplayBacktrace as core[5d33459993e3d723]::fmt::Display>::fmt
#19 49.19                                at /rustc/88d9e12ae178fab0fb5cc050a94da85685d449ea/library/std/src/sys/backtrace.rs:44:26
#19 49.19    4:     0x74edeb14a09a - <core[5d33459993e3d723]::fmt::rt::Argument>::fmt
#19 49.19                                at /rustc/88d9e12ae178fab0fb5cc050a94da85685d449ea/library/core/src/fmt/rt.rs:152:76
#19 49.19    5:     0x74edeb14a09a - core[5d33459993e3d723]::fmt::write
#19 49.19    6:     0x74edeb11a73c - std[f4f322d5fb81df6e]::io::default_write_fmt::<alloc[f3282932177de6b4]::vec::Vec<u8>>
#19 49.19                                at /rustc/88d9e12ae178fab0fb5cc050a94da85685d449ea/library/std/src/io/mod.rs:626:11
#19 49.19    7:     0x74edeb11a73c - <alloc[f3282932177de6b4]::vec::Vec<u8> as std[f4f322d5fb81df6e]::io::Write>::write_fmt
#19 49.19                                at /rustc/88d9e12ae178fab0fb5cc050a94da85685d449ea/library/std/src/io/mod.rs:1730:13
#19 49.19    8:     0x74edeb0ef4d2 - <std[f4f322d5fb81df6e]::sys::backtrace::BacktraceLock>::print
#19 49.19                                at /rustc/88d9e12ae178fab0fb5cc050a94da85685d449ea/library/std/src/sys/backtrace.rs:47:9
#19 49.19    9:     0x74edeb0ef4d2 - std[f4f322d5fb81df6e]::panicking::default_hook::{closure#0}
#19 49.19                                at /rustc/88d9e12ae178fab0fb5cc050a94da85685d449ea/library/std/src/panicking.rs:292:27
#19 49.19   10:     0x74edeb10b184 - std[f4f322d5fb81df6e]::panicking::default_hook
#19 49.19                                at /rustc/88d9e12ae178fab0fb5cc050a94da85685d449ea/library/std/src/panicking.rs:316:9
#19 49.19   11:     0x74edea788ca0 - <alloc[f3282932177de6b4]::boxed::Box<dyn for<'a, 'b> core[5d33459993e3d723]::ops::function::Fn<(&'a std[f4f322d5fb81df6e]::panic::PanicHookInfo<'b>,), Output = ()> + core[5d33459993e3d723]::marker::Send + core[5d33459993e3d723]::marker::Sync> as core[5d33459993e3d723]::ops::function::Fn<(&std[f4f322d5fb81df6e]::panic::PanicHookInfo,)>>::call
#19 49.19                                at /rustc/88d9e12ae178fab0fb5cc050a94da85685d449ea/library/alloc/src/boxed.rs:2333:9
#19 49.19   12:     0x74edea788ca0 - test[4256d8fa28ac835e]::test_main_inner::<test[4256d8fa28ac835e]::test_main_static::{closure#0}>::{closure#0}
#19 49.19                                at /rustc/88d9e12ae178fab0fb5cc050a94da85685d449ea/library/test/src/lib.rs:155:21
#19 49.19   13:     0x74edea80fcf3 - <alloc[f3282932177de6b4]::boxed::Box<dyn for<'a, 'b> core[5d33459993e3d723]::ops::function::Fn<(&'a std[f4f322d5fb81df6e]::panic::PanicHookInfo<'b>,), Output = ()> + core[5d33459993e3d723]::marker::Send + core[5d33459993e3d723]::marker::Sync> as core[5d33459993e3d723]::ops::function::Fn<(&std[f4f322d5fb81df6e]::panic::PanicHookInfo,)>>::call
#19 49.19                                at /rustc/88d9e12ae178fab0fb5cc050a94da85685d449ea/library/alloc/src/boxed.rs:2333:9
#19 49.19   14:     0x74edea80b2c4 - generator[87b94d97073f9995]::detail::gen::catch_unwind_filter::<generator[87b94d97073f9995]::detail::gen::gen_init_impl::{closure#0}, ()>::{closure#0}::{closure#0}
#19 49.19                                at /usr/local/cargo/registry/src/index.crates.io-1949cf8c6b5b557f/generator-0.8.10/src/detail/gen.rs:19:13
#19 49.19   15:     0x74edeb10b4b2 - <alloc[f3282932177de6b4]::boxed::Box<dyn for<'a, 'b> core[5d33459993e3d723]::ops::function::Fn<(&'a std[f4f322d5fb81df6e]::panic::PanicHookInfo<'b>,), Output = ()> + core[5d33459993e3d723]::marker::Send + core[5d33459993e3d723]::marker::Sync> as core[5d33459993e3d723]::ops::function::Fn<(&std[f4f322d5fb81df6e]::panic::PanicHookInfo,)>>::call
#19 49.19                                at /rustc/88d9e12ae178fab0fb5cc050a94da85685d449ea/library/alloc/src/boxed.rs:2333:9
#19 49.19   16:     0x74edeb10b4b2 - std[f4f322d5fb81df6e]::panicking::panic_with_hook
#19 49.19                                at /rustc/88d9e12ae178fab0fb5cc050a94da85685d449ea/library/std/src/panicking.rs:823:13
#19 49.19   17:     0x74edeb0ef5b4 - std[f4f322d5fb81df6e]::panicking::panic_handler::{closure#0}
#19 49.19                                at /rustc/88d9e12ae178fab0fb5cc050a94da85685d449ea/library/std/src/panicking.rs:681:13
#19 49.19   18:     0x74edeb0e69b9 - std[f4f322d5fb81df6e]::sys::backtrace::__rust_end_short_backtrace::<std[f4f322d5fb81df6e]::panicking::panic_handler::{closure#0}, !>
#19 49.19                                at /rustc/88d9e12ae178fab0fb5cc050a94da85685d449ea/library/std/src/sys/backtrace.rs:182:18
#19 49.19   19:     0x74edeb0f068d - __rustc[4b1ee1ef74718a7b]::rust_begin_unwind
#19 49.19                                at /rustc/88d9e12ae178fab0fb5cc050a94da85685d449ea/library/std/src/panicking.rs:679:5
#19 49.19   20:     0x74edea5c9bac - core[5d33459993e3d723]::panicking::panic_fmt
#19 49.19                                at /rustc/88d9e12ae178fab0fb5cc050a94da85685d449ea/library/core/src/panicking.rs:80:14
#19 49.19   21:     0x74edea5c9b72 - core[5d33459993e3d723]::panicking::panic
#19 49.19                                at /rustc/88d9e12ae178fab0fb5cc050a94da85685d449ea/library/core/src/panicking.rs:150:5
#19 49.19   22:     0x74edea5c9899 - core[5d33459993e3d723]::option::unwrap_failed
#19 49.19                                at /rustc/88d9e12ae178fab0fb5cc050a94da85685d449ea/library/core/src/option.rs:2251:5
#19 49.19   23:     0x74edea7e227d - <core[5d33459993e3d723]::option::Option<usize>>::unwrap
#19 49.19                                at /rustc/88d9e12ae178fab0fb5cc050a94da85685d449ea/library/core/src/option.rs:1014:21
#19 49.19   24:     0x74edea7e227d - <loom[c97bddb326b4e68f]::rt::thread::Set>::active_mut
#19 49.19                                at /usr/local/cargo/registry/src/index.crates.io-1949cf8c6b5b557f/loom-0.7.2/src/rt/thread.rs:276:39
#19 49.19   25:     0x74edea7ee445 - <loom[c97bddb326b4e68f]::rt::object::Ref<loom[c97bddb326b4e68f]::rt::arc::State>>::set_action
#19 49.19                                at /usr/local/cargo/registry/src/index.crates.io-1949cf8c6b5b557f/loom-0.7.2/src/rt/object.rs:387:27
#19 49.19   26:     0x74edea7ebf38 - <loom[c97bddb326b4e68f]::rt::object::Ref<loom[c97bddb326b4e68f]::rt::arc::State>>::branch_action::<loom[c97bddb326b4e68f]::rt::arc::Action>::{closure#0}
#19 49.19                                at /usr/local/cargo/registry/src/index.crates.io-1949cf8c6b5b557f/loom-0.7.2/src/rt/object.rs:354:18
#19 49.19   27:     0x74edea7c4bbc - loom[c97bddb326b4e68f]::rt::branch::<<loom[c97bddb326b4e68f]::rt::object::Ref<loom[c97bddb326b4e68f]::rt::arc::State>>::branch_action<loom[c97bddb326b4e68f]::rt::arc::Action>::{closure#0}, ()>::{closure#0}
#19 49.19                                at /usr/local/cargo/registry/src/index.crates.io-1949cf8c6b5b557f/loom-0.7.2/src/rt/mod.rs:122:19
#19 49.19   28:     0x74edea7c0371 - <loom[c97bddb326b4e68f]::rt::scheduler::Scheduler>::with_execution::<loom[c97bddb326b4e68f]::rt::branch<<loom[c97bddb326b4e68f]::rt::object::Ref<loom[c97bddb326b4e68f]::rt::arc::State>>::branch_action<loom[c97bddb326b4e68f]::rt::arc::Action>::{closure#0}, ()>::{closure#0}, ((), bool)>::{closure#0}
#19 49.19                                at /usr/local/cargo/registry/src/index.crates.io-1949cf8c6b5b557f/loom-0.7.2/src/rt/scheduler.rs:43:34
#19 49.19   29:     0x74edea7be21e - <loom[c97bddb326b4e68f]::rt::scheduler::Scheduler>::with_state::<<loom[c97bddb326b4e68f]::rt::scheduler::Scheduler>::with_execution<loom[c97bddb326b4e68f]::rt::branch<<loom[c97bddb326b4e68f]::rt::object::Ref<loom[c97bddb326b4e68f]::rt::arc::State>>::branch_action<loom[c97bddb326b4e68f]::rt::arc::Action>::{closure#0}, ()>::{closure#0}, ((), bool)>::{closure#0}, ((), bool)>::{closure#0}
#19 49.19                                at /usr/local/cargo/registry/src/index.crates.io-1949cf8c6b5b557f/loom-0.7.2/src/rt/scheduler.rs:131:28
#19 49.19   30:     0x74edea7c12a1 - <scoped_tls[87e03fecbc1fc0b7]::ScopedKey<core[5d33459993e3d723]::cell::RefCell<loom[c97bddb326b4e68f]::rt::scheduler::State>>>::with::<<loom[c97bddb326b4e68f]::rt::scheduler::Scheduler>::with_state<<loom[c97bddb326b4e68f]::rt::scheduler::Scheduler>::with_execution<loom[c97bddb326b4e68f]::rt::branch<<loom[c97bddb326b4e68f]::rt::object::Ref<loom[c97bddb326b4e68f]::rt::arc::State>>::branch_action<loom[c97bddb326b4e68f]::rt::arc::Action>::{closure#0}, ()>::{closure#0}, ((), bool)>::{closure#0}, ((), bool)>::{closure#0}, ((), bool)>
#19 49.19                                at /usr/local/cargo/registry/src/index.crates.io-1949cf8c6b5b557f/scoped-tls-1.0.1/src/lib.rs:171:13
#19 49.19   31:     0x74edea7bc56e - <loom[c97bddb326b4e68f]::rt::scheduler::Scheduler>::with_state::<<loom[c97bddb326b4e68f]::rt::scheduler::Scheduler>::with_execution<loom[c97bddb326b4e68f]::rt::branch<<loom[c97bddb326b4e68f]::rt::object::Ref<loom[c97bddb326b4e68f]::rt::arc::State>>::branch_action<loom[c97bddb326b4e68f]::rt::arc::Action>::{closure#0}, ()>::{closure#0}, ((), bool)>::{closure#0}, ((), bool)>
#19 49.19                                at /usr/local/cargo/registry/src/index.crates.io-1949cf8c6b5b557f/loom-0.7.2/src/rt/scheduler.rs:131:15
#19 49.19   32:     0x74edea7bdbe6 - <loom[c97bddb326b4e68f]::rt::scheduler::Scheduler>::with_execution::<loom[c97bddb326b4e68f]::rt::branch<<loom[c97bddb326b4e68f]::rt::object::Ref<loom[c97bddb326b4e68f]::rt::arc::State>>::branch_action<loom[c97bddb326b4e68f]::rt::arc::Action>::{closure#0}, ()>::{closure#0}, ((), bool)>
#19 49.19                                at /usr/local/cargo/registry/src/index.crates.io-1949cf8c6b5b557f/loom-0.7.2/src/rt/scheduler.rs:43:9
#19 49.19   33:     0x74edea7c3f36 - loom[c97bddb326b4e68f]::rt::execution::<loom[c97bddb326b4e68f]::rt::branch<<loom[c97bddb326b4e68f]::rt::object::Ref<loom[c97bddb326b4e68f]::rt::arc::State>>::branch_action<loom[c97bddb326b4e68f]::rt::arc::Action>::{closure#0}, ()>::{closure#0}, ((), bool)>
#19 49.19                                at /usr/local/cargo/registry/src/index.crates.io-1949cf8c6b5b557f/loom-0.7.2/src/rt/mod.rs:174:5
#19 49.19   34:     0x74edea7c3c39 - loom[c97bddb326b4e68f]::rt::branch::<<loom[c97bddb326b4e68f]::rt::object::Ref<loom[c97bddb326b4e68f]::rt::arc::State>>::branch_action<loom[c97bddb326b4e68f]::rt::arc::Action>::{closure#0}, ()>
#19 49.19                                at /usr/local/cargo/registry/src/index.crates.io-1949cf8c6b5b557f/loom-0.7.2/src/rt/mod.rs:121:25
#19 49.19   35:     0x74edea7eb818 - <loom[c97bddb326b4e68f]::rt::object::Ref<loom[c97bddb326b4e68f]::rt::arc::State>>::branch_action::<loom[c97bddb326b4e68f]::rt::arc::Action>
#19 49.19                                at /usr/local/cargo/registry/src/index.crates.io-1949cf8c6b5b557f/loom-0.7.2/src/rt/object.rs:351:9
#19 49.19   36:     0x74edea7e9730 - <loom[c97bddb326b4e68f]::rt::arc::Arc>::branch
#19 49.19                                at /usr/local/cargo/registry/src/index.crates.io-1949cf8c6b5b557f/loom-0.7.2/src/rt/arc.rs:160:11
#19 49.19   37:     0x74edea7e97d2 - <loom[c97bddb326b4e68f]::rt::arc::Arc>::ref_dec
#19 49.19                                at /usr/local/cargo/registry/src/index.crates.io-1949cf8c6b5b557f/loom-0.7.2/src/rt/arc.rs:113:14
#19 49.19   38:     0x74edea7661a8 - <loom[c97bddb326b4e68f]::sync::arc::Arc<gripsack_exec[d2b026e9f5bf8163]::schedule::coordination::Coordinator<alloc[f3282932177de6b4]::vec::Vec<core[5d33459993e3d723]::option::Option<gripsack_exec[d2b026e9f5bf8163]::schedule::coordination::model::ResultKind>>>> as core[5d33459993e3d723]::ops::drop::Drop>::drop
#19 49.19                                at /usr/local/cargo/registry/src/index.crates.io-1949cf8c6b5b557f/loom-0.7.2/src/sync/arc.rs:247:21
#19 49.19   39:     0x74edea75eb5a - core[5d33459993e3d723]::ptr::drop_glue::<loom[c97bddb326b4e68f]::sync::arc::Arc<gripsack_exec[d2b026e9f5bf8163]::schedule::coordination::Coordinator<alloc[f3282932177de6b4]::vec::Vec<core[5d33459993e3d723]::option::Option<gripsack_exec[d2b026e9f5bf8163]::schedule::coordination::model::ResultKind>>>>>
#19 49.19                                at /rustc/88d9e12ae178fab0fb5cc050a94da85685d449ea/library/core/src/ptr/mod.rs:823:1
#19 49.19   40:     0x74edea75fca7 - core[5d33459993e3d723]::ptr::drop_glue::<gripsack_exec[d2b026e9f5bf8163]::schedule::coordination::model::explore::{closure#0}::{closure#1}>
#19 49.19                                at /rustc/88d9e12ae178fab0fb5cc050a94da85685d449ea/library/core/src/ptr/mod.rs:823:1
#19 49.19   41:     0x74edea77a968 - gripsack_exec[d2b026e9f5bf8163]::schedule::coordination::model::explore::{closure#0}::{closure#1}
#19 49.19                                at /tmp/gripsack-loom-2gzv_3wl/source/crates/gripsack-exec/src/schedule/coordination_model.rs:64:13
#19 49.19   42:     0x74edea65786e - loom[c97bddb326b4e68f]::thread::spawn_internal::<gripsack_exec[d2b026e9f5bf8163]::schedule::coordination::model::explore::{closure#0}::{closure#1}, ()>::{closure#0}
#19 49.19                                at /usr/local/cargo/registry/src/index.crates.io-1949cf8c6b5b557f/loom-0.7.2/src/thread.rs:168:47
#19 49.19   43:     0x74edea751660 - loom[c97bddb326b4e68f]::rt::spawn::<loom[c97bddb326b4e68f]::thread::spawn_internal<gripsack_exec[d2b026e9f5bf8163]::schedule::coordination::model::explore::{closure#0}::{closure#1}, ()>::{closure#0}>::{closure#1}
#19 49.19                                at /usr/local/cargo/registry/src/index.crates.io-1949cf8c6b5b557f/loom-0.7.2/src/rt/mod.rs:78:13
#19 49.19   44:     0x74edea7624ee - <loom[c97bddb326b4e68f]::rt::spawn<loom[c97bddb326b4e68f]::thread::spawn_internal<gripsack_exec[d2b026e9f5bf8163]::schedule::coordination::model::explore::{closure#0}::{closure#1}, ()>::{closure#0}>::{closure#1} as core[5d33459993e3d723]::ops::function::FnOnce<()>>::call_once::{shim:vtable#0}
#19 49.19                                at /rustc/88d9e12ae178fab0fb5cc050a94da85685d449ea/library/core/src/ops/function.rs:250:5
#19 49.19   45:     0x74edea7d4778 - <alloc[f3282932177de6b4]::boxed::Box<dyn core[5d33459993e3d723]::ops::function::FnOnce<(), Output = ()>> as core[5d33459993e3d723]::ops::function::FnOnce<()>>::call_once
#19 49.19                                at /rustc/88d9e12ae178fab0fb5cc050a94da85685d449ea/library/alloc/src/boxed.rs:2319:9
#19 49.19   46:     0x74edea7c0a3b - loom[c97bddb326b4e68f]::rt::scheduler::spawn_thread::{closure#0}
#19 49.19                                at /usr/local/cargo/registry/src/index.crates.io-1949cf8c6b5b557f/loom-0.7.2/src/rt/scheduler.rs:142:17
#19 49.19   47:     0x74edea7da82e - <loom[c97bddb326b4e68f]::rt::scheduler::spawn_thread::{closure#0} as core[5d33459993e3d723]::ops::function::FnOnce<()>>::call_once
#19 49.19                                at /rustc/88d9e12ae178fab0fb5cc050a94da85685d449ea/library/core/src/ops/function.rs:250:5
#19 49.19   48:     0x74edea7d6fd2 - <generator[87b94d97073f9995]::gen_impl::GeneratorImpl<core[5d33459993e3d723]::option::Option<alloc[f3282932177de6b4]::boxed::Box<dyn core[5d33459993e3d723]::ops::function::FnOnce<(), Output = ()>>>, ()>>::init_code::<loom[c97bddb326b4e68f]::rt::scheduler::spawn_thread::{closure#0}>::{closure#0}
#19 49.19                                at /usr/local/cargo/registry/src/index.crates.io-1949cf8c6b5b557f/generator-0.8.10/src/gen_impl.rs:357:21
#19 49.19   49:     0x74edea7ca411 - <generator[87b94d97073f9995]::stack::StackBox<<generator[87b94d97073f9995]::gen_impl::GeneratorImpl<core[5d33459993e3d723]::option::Option<alloc[f3282932177de6b4]::boxed::Box<dyn core[5d33459993e3d723]::ops::function::FnOnce<(), Output = ()>>>, ()>>::init_code<loom[c97bddb326b4e68f]::rt::scheduler::spawn_thread::{closure#0}>::{closure#0}>>::call_once
#19 49.19                                at /usr/local/cargo/registry/src/index.crates.io-1949cf8c6b5b557f/generator-0.8.10/src/stack/mod.rs:137:13
#19 49.19   50:     0x74edea80ce2d - <generator[87b94d97073f9995]::stack::Func>::call_once
#19 49.19                                at /usr/local/cargo/registry/src/index.crates.io-1949cf8c6b5b557f/generator-0.8.10/src/stack/mod.rs:119:9
#19 49.19   51:     0x74edea80b41e - generator[87b94d97073f9995]::detail::gen::gen_init_impl::{closure#0}
#19 49.19                                at /usr/local/cargo/registry/src/index.crates.io-1949cf8c6b5b557f/generator-0.8.10/src/detail/gen.rs:35:14
#19 49.19   52:     0x74edea80fe63 - <generator[87b94d97073f9995]::detail::gen::gen_init_impl::{closure#0} as core[5d33459993e3d723]::ops::function::FnOnce<()>>::call_once
#19 49.19                                at /rustc/88d9e12ae178fab0fb5cc050a94da85685d449ea/library/core/src/ops/function.rs:250:5
#19 49.19   53:     0x74edea80af45 - std[f4f322d5fb81df6e]::panicking::catch_unwind::do_call::<generator[87b94d97073f9995]::detail::gen::gen_init_impl::{closure#0}, ()>
#19 49.19                                at /rustc/88d9e12ae178fab0fb5cc050a94da85685d449ea/library/std/src/panicking.rs:576:43
#19 49.19   54:     0x74edea81002b - __rust_try
#19 49.19   55:     0x74edea80a426 - std[f4f322d5fb81df6e]::panicking::catch_unwind::<(), generator[87b94d97073f9995]::detail::gen::gen_init_impl::{closure#0}>
#19 49.19                                at /rustc/88d9e12ae178fab0fb5cc050a94da85685d449ea/library/std/src/panicking.rs:544:19
#19 49.19   56:     0x74edea80a426 - std[f4f322d5fb81df6e]::panic::catch_unwind::<generator[87b94d97073f9995]::detail::gen::gen_init_impl::{closure#0}, ()>
#19 49.19                                at /rustc/88d9e12ae178fab0fb5cc050a94da85685d449ea/library/std/src/panic.rs:359:14
#19 49.19   57:     0x74edea80ac4d - generator[87b94d97073f9995]::detail::gen::catch_unwind_filter::<generator[87b94d97073f9995]::detail::gen::gen_init_impl::{closure#0}, ()>
#19 49.19                                at /usr/local/cargo/registry/src/index.crates.io-1949cf8c6b5b557f/generator-0.8.10/src/detail/gen.rs:23:5
#19 49.19   58:     0x74edea80dd27 - generator[87b94d97073f9995]::detail::gen::gen_init_impl
#19 49.19                                at /usr/local/cargo/registry/src/index.crates.io-1949cf8c6b5b557f/generator-0.8.10/src/detail/gen.rs:50:25
#19 49.19   59:     0x74edea80dcf3 - generator[87b94d97073f9995]::detail::asm::gen_init
#19 49.19                                at /usr/local/cargo/registry/src/index.crates.io-1949cf8c6b5b557f/generator-0.8.10/src/detail/x86_64_unix.rs:8:5
#19 49.19 
#19 49.19 thread 'schedule::coordination::model::diamond_completion_wakes_waiters_and_publishes_dependencies' (4546) panicked at /usr/local/cargo/registry/src/index.crates.io-1949cf8c6b5b557f/loom-0.7.2/src/rt/thread.rs:276:39:
#19 49.19 called `Option::unwrap()` on a `None` value
#19 49.19 stack backtrace:
#19 49.19    0:     0x74edeb114cf1 - std[f4f322d5fb81df6e]::backtrace_rs::backtrace::libunwind::trace
#19 49.19                                at /rustc/88d9e12ae178fab0fb5cc050a94da85685d449ea/library/std/src/../../backtrace/src/backtrace/libunwind.rs:117:9
#19 49.19    1:     0x74edeb114cf1 - std[f4f322d5fb81df6e]::backtrace_rs::backtrace::trace_unsynchronized::<std[f4f322d5fb81df6e]::sys::backtrace::_print_fmt::{closure#1}>
#19 49.19                                at /rustc/88d9e12ae178fab0fb5cc050a94da85685d449ea/library/std/src/../../backtrace/src/backtrace/mod.rs:66:14
#19 49.19    2:     0x74edeb114cf1 - std[f4f322d5fb81df6e]::sys::backtrace::_print_fmt
#19 49.19                                at /rustc/88d9e12ae178fab0fb5cc050a94da85685d449ea/library/std/src/sys/backtrace.rs:74:9
#19 49.19    3:     0x74edeb114cf1 - <<std[f4f322d5fb81df6e]::sys::backtrace::BacktraceLock>::print::DisplayBacktrace as core[5d33459993e3d723]::fmt::Display>::fmt
#19 49.19                                at /rustc/88d9e12ae178fab0fb5cc050a94da85685d449ea/library/std/src/sys/backtrace.rs:44:26
#19 49.19    4:     0x74edeb14a09a - <core[5d33459993e3d723]::fmt::rt::Argument>::fmt
#19 49.19                                at /rustc/88d9e12ae178fab0fb5cc050a94da85685d449ea/library/core/src/fmt/rt.rs:152:76
#19 49.19    5:     0x74edeb14a09a - core[5d33459993e3d723]::fmt::write
#19 49.19    6:     0x74edeb11a73c - std[f4f322d5fb81df6e]::io::default_write_fmt::<alloc[f3282932177de6b4]::vec::Vec<u8>>
#19 49.19                                at /rustc/88d9e12ae178fab0fb5cc050a94da85685d449ea/library/std/src/io/mod.rs:626:11
#19 49.19    7:     0x74edeb11a73c - <alloc[f3282932177de6b4]::vec::Vec<u8> as std[f4f322d5fb81df6e]::io::Write>::write_fmt
#19 49.19                                at /rustc/88d9e12ae178fab0fb5cc050a94da85685d449ea/library/std/src/io/mod.rs:1730:13
#19 49.19    8:     0x74edeb0ef4d2 - <std[f4f322d5fb81df6e]::sys::backtrace::BacktraceLock>::print
#19 49.19                                at /rustc/88d9e12ae178fab0fb5cc050a94da85685d449ea/library/std/src/sys/backtrace.rs:47:9
#19 49.19    9:     0x74edeb0ef4d2 - std[f4f322d5fb81df6e]::panicking::default_hook::{closure#0}
#19 49.19                                at /rustc/88d9e12ae178fab0fb5cc050a94da85685d449ea/library/std/src/panicking.rs:292:27
#19 49.19   10:     0x74edeb10b184 - std[f4f322d5fb81df6e]::panicking::default_hook
#19 49.19                                at /rustc/88d9e12ae178fab0fb5cc050a94da85685d449ea/library/std/src/panicking.rs:316:9
#19 49.19   11:     0x74edea788ca0 - <alloc[f3282932177de6b4]::boxed::Box<dyn for<'a, 'b> core[5d33459993e3d723]::ops::function::Fn<(&'a std[f4f322d5fb81df6e]::panic::PanicHookInfo<'b>,), Output = ()> + core[5d33459993e3d723]::marker::Send + core[5d33459993e3d723]::marker::Sync> as core[5d33459993e3d723]::ops::function::Fn<(&std[f4f322d5fb81df6e]::panic::PanicHookInfo,)>>::call
#19 49.19                                at /rustc/88d9e12ae178fab0fb5cc050a94da85685d449ea/library/alloc/src/boxed.rs:2333:9
#19 49.19   12:     0x74edea788ca0 - test[4256d8fa28ac835e]::test_main_inner::<test[4256d8fa28ac835e]::test_main_static::{closure#0}>::{closure#0}
#19 49.19                                at /rustc/88d9e12ae178fab0fb5cc050a94da85685d449ea/library/test/src/lib.rs:155:21
#19 49.19   13:     0x74edea80fcf3 - <alloc[f3282932177de6b4]::boxed::Box<dyn for<'a, 'b> core[5d33459993e3d723]::ops::function::Fn<(&'a std[f4f322d5fb81df6e]::panic::PanicHookInfo<'b>,), Output = ()> + core[5d33459993e3d723]::marker::Send + core[5d33459993e3d723]::marker::Sync> as core[5d33459993e3d723]::ops::function::Fn<(&std[f4f322d5fb81df6e]::panic::PanicHookInfo,)>>::call
#19 49.19                                at /rustc/88d9e12ae178fab0fb5cc050a94da85685d449ea/library/alloc/src/boxed.rs:2333:9
#19 49.19   14:     0x74edea80b2c4 - generator[87b94d97073f9995]::detail::gen::catch_unwind_filter::<generator[87b94d97073f9995]::detail::gen::gen_init_impl::{closure#0}, ()>::{closure#0}::{closure#0}
#19 49.19                                at /usr/local/cargo/registry/src/index.crates.io-1949cf8c6b5b557f/generator-0.8.10/src/detail/gen.rs:19:13
#19 49.19   15:     0x74edeb10b4b2 - <alloc[f3282932177de6b4]::boxed::Box<dyn for<'a, 'b> core[5d33459993e3d723]::ops::function::Fn<(&'a std[f4f322d5fb81df6e]::panic::PanicHookInfo<'b>,), Output = ()> + core[5d33459993e3d723]::marker::Send + core[5d33459993e3d723]::marker::Sync> as core[5d33459993e3d723]::ops::function::Fn<(&std[f4f322d5fb81df6e]::panic::PanicHookInfo,)>>::call
#19 49.19                                at /rustc/88d9e12ae178fab0fb5cc050a94da85685d449ea/library/alloc/src/boxed.rs:2333:9
#19 49.19   16:     0x74edeb10b4b2 - std[f4f322d5fb81df6e]::panicking::panic_with_hook
#19 49.19                                at /rustc/88d9e12ae178fab0fb5cc050a94da85685d449ea/library/std/src/panicking.rs:823:13
#19 49.19   17:     0x74edeb0ef5b4 - std[f4f322d5fb81df6e]::panicking::panic_handler::{closure#0}
#19 49.19                                at /rustc/88d9e12ae178fab0fb5cc050a94da85685d449ea/library/std/src/panicking.rs:681:13
#19 49.19   18:     0x74edeb0e69b9 - std[f4f322d5fb81df6e]::sys::backtrace::__rust_end_short_backtrace::<std[f4f322d5fb81df6e]::panicking::panic_handler::{closure#0}, !>
#19 49.19                                at /rustc/88d9e12ae178fab0fb5cc050a94da85685d449ea/library/std/src/sys/backtrace.rs:182:18
#19 49.19   19:     0x74edeb0f068d - __rustc[4b1ee1ef74718a7b]::rust_begin_unwind
#19 49.19                                at /rustc/88d9e12ae178fab0fb5cc050a94da85685d449ea/library/std/src/panicking.rs:679:5
#19 49.19   20:     0x74edea5c9bac - core[5d33459993e3d723]::panicking::panic_fmt
#19 49.19                                at /rustc/88d9e12ae178fab0fb5cc050a94da85685d449ea/library/core/src/panicking.rs:80:14
#19 49.19   21:     0x74edea5c9b72 - core[5d33459993e3d723]::panicking::panic
#19 49.19                                at /rustc/88d9e12ae178fab0fb5cc050a94da85685d449ea/library/core/src/panicking.rs:150:5
#19 49.19   22:     0x74edea5c9899 - core[5d33459993e3d723]::option::unwrap_failed
#19 49.19                                at /rustc/88d9e12ae178fab0fb5cc050a94da85685d449ea/library/core/src/option.rs:2251:5
#19 49.19   23:     0x74edea7e227d - <core[5d33459993e3d723]::option::Option<usize>>::unwrap
#19 49.19                                at /rustc/88d9e12ae178fab0fb5cc050a94da85685d449ea/library/core/src/option.rs:1014:21
#19 49.19   24:     0x74edea7e227d - <loom[c97bddb326b4e68f]::rt::thread::Set>::active_mut
#19 49.19                                at /usr/local/cargo/registry/src/index.crates.io-1949cf8c6b5b557f/loom-0.7.2/src/rt/thread.rs:276:39
#19 49.19   25:     0x74edea7ee445 - <loom[c97bddb326b4e68f]::rt::object::Ref<loom[c97bddb326b4e68f]::rt::arc::State>>::set_action
#19 49.19                                at /usr/local/cargo/registry/src/index.crates.io-1949cf8c6b5b557f/loom-0.7.2/src/rt/object.rs:387:27
#19 49.19   26:     0x74edea7ebf38 - <loom[c97bddb326b4e68f]::rt::object::Ref<loom[c97bddb326b4e68f]::rt::arc::State>>::branch_action::<loom[c97bddb326b4e68f]::rt::arc::Action>::{closure#0}
#19 49.19                                at /usr/local/cargo/registry/src/index.crates.io-1949cf8c6b5b557f/loom-0.7.2/src/rt/object.rs:354:18
#19 49.19   27:     0x74edea7c4bbc - loom[c97bddb326b4e68f]::rt::branch::<<loom[c97bddb326b4e68f]::rt::object::Ref<loom[c97bddb326b4e68f]::rt::arc::State>>::branch_action<loom[c97bddb326b4e68f]::rt::arc::Action>::{closure#0}, ()>::{closure#0}
#19 49.19                                at /usr/local/cargo/registry/src/index.crates.io-1949cf8c6b5b557f/loom-0.7.2/src/rt/mod.rs:122:19
#19 49.19   28:     0x74edea7c0371 - <loom[c97bddb326b4e68f]::rt::scheduler::Scheduler>::with_execution::<loom[c97bddb326b4e68f]::rt::branch<<loom[c97bddb326b4e68f]::rt::object::Ref<loom[c97bddb326b4e68f]::rt::arc::State>>::branch_action<loom[c97bddb326b4e68f]::rt::arc::Action>::{closure#0}, ()>::{closure#0}, ((), bool)>::{closure#0}
#19 49.19                                at /usr/local/cargo/registry/src/index.crates.io-1949cf8c6b5b557f/loom-0.7.2/src/rt/scheduler.rs:43:34
#19 49.19   29:     0x74edea7be21e - <loom[c97bddb326b4e68f]::rt::scheduler::Scheduler>::with_state::<<loom[c97bddb326b4e68f]::rt::scheduler::Scheduler>::with_execution<loom[c97bddb326b4e68f]::rt::branch<<loom[c97bddb326b4e68f]::rt::object::Ref<loom[c97bddb326b4e68f]::rt::arc::State>>::branch_action<loom[c97bddb326b4e68f]::rt::arc::Action>::{closure#0}, ()>::{closure#0}, ((), bool)>::{closure#0}, ((), bool)>::{closure#0}
#19 49.19                                at /usr/local/cargo/registry/src/index.crates.io-1949cf8c6b5b557f/loom-0.7.2/src/rt/scheduler.rs:131:28
#19 49.19   30:     0x74edea7c12a1 - <scoped_tls[87e03fecbc1fc0b7]::ScopedKey<core[5d33459993e3d723]::cell::RefCell<loom[c97bddb326b4e68f]::rt::scheduler::State>>>::with::<<loom[c97bddb326b4e68f]::rt::scheduler::Scheduler>::with_state<<loom[c97bddb326b4e68f]::rt::scheduler::Scheduler>::with_execution<loom[c97bddb326b4e68f]::rt::branch<<loom[c97bddb326b4e68f]::rt::object::Ref<loom[c97bddb326b4e68f]::rt::arc::State>>::branch_action<loom[c97bddb326b4e68f]::rt::arc::Action>::{closure#0}, ()>::{closure#0}, ((), bool)>::{closure#0}, ((), bool)>::{closure#0}, ((), bool)>
#19 49.19                                at /usr/local/cargo/registry/src/index.crates.io-1949cf8c6b5b557f/scoped-tls-1.0.1/src/lib.rs:171:13
#19 49.19   31:     0x74edea7bc56e - <loom[c97bddb326b4e68f]::rt::scheduler::Scheduler>::with_state::<<loom[c97bddb326b4e68f]::rt::scheduler::Scheduler>::with_execution<loom[c97bddb326b4e68f]::rt::branch<<loom[c97bddb326b4e68f]::rt::object::Ref<loom[c97bddb326b4e68f]::rt::arc::State>>::branch_action<loom[c97bddb326b4e68f]::rt::arc::Action>::{closure#0}, ()>::{closure#0}, ((), bool)>::{closure#0}, ((), bool)>
#19 49.19                                at /usr/local/cargo/registry/src/index.crates.io-1949cf8c6b5b557f/loom-0.7.2/src/rt/scheduler.rs:131:15
#19 49.19   32:     0x74edea7bdbe6 - <loom[c97bddb326b4e68f]::rt::scheduler::Scheduler>::with_execution::<loom[c97bddb326b4e68f]::rt::branch<<loom[c97bddb326b4e68f]::rt::object::Ref<loom[c97bddb326b4e68f]::rt::arc::State>>::branch_action<loom[c97bddb326b4e68f]::rt::arc::Action>::{closure#0}, ()>::{closure#0}, ((), bool)>
#19 49.19                                at /usr/local/cargo/registry/src/index.crates.io-1949cf8c6b5b557f/loom-0.7.2/src/rt/scheduler.rs:43:9
#19 49.19   33:     0x74edea7c3f36 - loom[c97bddb326b4e68f]::rt::execution::<loom[c97bddb326b4e68f]::rt::branch<<loom[c97bddb326b4e68f]::rt::object::Ref<loom[c97bddb326b4e68f]::rt::arc::State>>::branch_action<loom[c97bddb326b4e68f]::rt::arc::Action>::{closure#0}, ()>::{closure#0}, ((), bool)>
#19 49.19                                at /usr/local/cargo/registry/src/index.crates.io-1949cf8c6b5b557f/loom-0.7.2/src/rt/mod.rs:174:5
#19 49.19   34:     0x74edea7c3c39 - loom[c97bddb326b4e68f]::rt::branch::<<loom[c97bddb326b4e68f]::rt::object::Ref<loom[c97bddb326b4e68f]::rt::arc::State>>::branch_action<loom[c97bddb326b4e68f]::rt::arc::Action>::{closure#0}, ()>
#19 49.19                                at /usr/local/cargo/registry/src/index.crates.io-1949cf8c6b5b557f/loom-0.7.2/src/rt/mod.rs:121:25
#19 49.19   35:     0x74edea7eb818 - <loom[c97bddb326b4e68f]::rt::object::Ref<loom[c97bddb326b4e68f]::rt::arc::State>>::branch_action::<loom[c97bddb326b4e68f]::rt::arc::Action>
#19 49.19                                at /usr/local/cargo/registry/src/index.crates.io-1949cf8c6b5b557f/loom-0.7.2/src/rt/object.rs:351:9
#19 49.19   36:     0x74edea7e9730 - <loom[c97bddb326b4e68f]::rt::arc::Arc>::branch
#19 49.19                                at /usr/local/cargo/registry/src/index.crates.io-1949cf8c6b5b557f/loom-0.7.2/src/rt/arc.rs:160:11
#19 49.19   37:     0x74edea7e97d2 - <loom[c97bddb326b4e68f]::rt::arc::Arc>::ref_dec
#19 49.19                                at /usr/local/cargo/registry/src/index.crates.io-1949cf8c6b5b557f/loom-0.7.2/src/rt/arc.rs:113:14
#19 49.19   38:     0x74edea7660b8 - <loom[c97bddb326b4e68f]::sync::arc::Arc<alloc[f3282932177de6b4]::vec::Vec<loom[c97bddb326b4e68f]::sync::atomic::int::AtomicUsize>> as core[5d33459993e3d723]::ops::drop::Drop>::drop
#19 49.19                                at /usr/local/cargo/registry/src/index.crates.io-1949cf8c6b5b557f/loom-0.7.2/src/sync/arc.rs:247:21
#19 49.19   39:     0x74edea75eaca - core[5d33459993e3d723]::ptr::drop_glue::<loom[c97bddb326b4e68f]::sync::arc::Arc<alloc[f3282932177de6b4]::vec::Vec<loom[c97bddb326b4e68f]::sync::atomic::int::AtomicUsize>>>
#19 49.19                                at /rustc/88d9e12ae178fab0fb5cc050a94da85685d449ea/library/core/src/ptr/mod.rs:823:1
#19 49.19   40:     0x74edea75fce7 - core[5d33459993e3d723]::ptr::drop_glue::<gripsack_exec[d2b026e9f5bf8163]::schedule::coordination::model::explore::{closure#0}::{closure#1}>
#19 49.19                                at /rustc/88d9e12ae178fab0fb5cc050a94da85685d449ea/library/core/src/ptr/mod.rs:823:1
#19 49.19   41:     0x74edea77a968 - gripsack_exec[d2b026e9f5bf8163]::schedule::coordination::model::explore::{closure#0}::{closure#1}
#19 49.19                                at /tmp/gripsack-loom-2gzv_3wl/source/crates/gripsack-exec/src/schedule/coordination_model.rs:64:13
#19 49.19   42:     0x74edea65786e - loom[c97bddb326b4e68f]::thread::spawn_internal::<gripsack_exec[d2b026e9f5bf8163]::schedule::coordination::model::explore::{closure#0}::{closure#1}, ()>::{closure#0}
#19 49.19                                at /usr/local/cargo/registry/src/index.crates.io-1949cf8c6b5b557f/loom-0.7.2/src/thread.rs:168:47
#19 49.19   43:     0x74edea751660 - loom[c97bddb326b4e68f]::rt::spawn::<loom[c97bddb326b4e68f]::thread::spawn_internal<gripsack_exec[d2b026e9f5bf8163]::schedule::coordination::model::explore::{closure#0}::{closure#1}, ()>::{closure#0}>::{closure#1}
#19 49.19                                at /usr/local/cargo/registry/src/index.crates.io-1949cf8c6b5b557f/loom-0.7.2/src/rt/mod.rs:78:13
#19 49.19   44:     0x74edea7624ee - <loom[c97bddb326b4e68f]::rt::spawn<loom[c97bddb326b4e68f]::thread::spawn_internal<gripsack_exec[d2b026e9f5bf8163]::schedule::coordination::model::explore::{closure#0}::{closure#1}, ()>::{closure#0}>::{closure#1} as core[5d33459993e3d723]::ops::function::FnOnce<()>>::call_once::{shim:vtable#0}
#19 49.19                                at /rustc/88d9e12ae178fab0fb5cc050a94da85685d449ea/library/core/src/ops/function.rs:250:5
#19 49.19   45:     0x74edea7d4778 - <alloc[f3282932177de6b4]::boxed::Box<dyn core[5d33459993e3d723]::ops::function::FnOnce<(), Output = ()>> as core[5d33459993e3d723]::ops::function::FnOnce<()>>::call_once
#19 49.19                                at /rustc/88d9e12ae178fab0fb5cc050a94da85685d449ea/library/alloc/src/boxed.rs:2319:9
#19 49.19   46:     0x74edea7c0a3b - loom[c97bddb326b4e68f]::rt::scheduler::spawn_thread::{closure#0}
#19 49.19                                at /usr/local/cargo/registry/src/index.crates.io-1949cf8c6b5b557f/loom-0.7.2/src/rt/scheduler.rs:142:17
#19 49.19   47:     0x74edea7da82e - <loom[c97bddb326b4e68f]::rt::scheduler::spawn_thread::{closure#0} as core[5d33459993e3d723]::ops::function::FnOnce<()>>::call_once
#19 49.19                                at /rustc/88d9e12ae178fab0fb5cc050a94da85685d449ea/library/core/src/ops/function.rs:250:5
#19 49.19   48:     0x74edea7d6fd2 - <generator[87b94d97073f9995]::gen_impl::GeneratorImpl<core[5d33459993e3d723]::option::Option<alloc[f3282932177de6b4]::boxed::Box<dyn core[5d33459993e3d723]::ops::function::FnOnce<(), Output = ()>>>, ()>>::init_code::<loom[c97bddb326b4e68f]::rt::scheduler::spawn_thread::{closure#0}>::{closure#0}
#19 49.19                                at /usr/local/cargo/registry/src/index.crates.io-1949cf8c6b5b557f/generator-0.8.10/src/gen_impl.rs:357:21
#19 49.19   49:     0x74edea7ca411 - <generator[87b94d97073f9995]::stack::StackBox<<generator[87b94d97073f9995]::gen_impl::GeneratorImpl<core[5d33459993e3d723]::option::Option<alloc[f3282932177de6b4]::boxed::Box<dyn core[5d33459993e3d723]::ops::function::FnOnce<(), Output = ()>>>, ()>>::init_code<loom[c97bddb326b4e68f]::rt::scheduler::spawn_thread::{closure#0}>::{closure#0}>>::call_once
#19 49.19                                at /usr/local/cargo/registry/src/index.crates.io-1949cf8c6b5b557f/generator-0.8.10/src/stack/mod.rs:137:13
#19 49.19   50:     0x74edea80ce2d - <generator[87b94d97073f9995]::stack::Func>::call_once
#19 49.19                                at /usr/local/cargo/registry/src/index.crates.io-1949cf8c6b5b557f/generator-0.8.10/src/stack/mod.rs:119:9
#19 49.19   51:     0x74edea80b41e - generator[87b94d97073f9995]::detail::gen::gen_init_impl::{closure#0}
#19 49.19                                at /usr/local/cargo/registry/src/index.crates.io-1949cf8c6b5b557f/generator-0.8.10/src/detail/gen.rs:35:14
#19 49.19   52:     0x74edea80fe63 - <generator[87b94d97073f9995]::detail::gen::gen_init_impl::{closure#0} as core[5d33459993e3d723]::ops::function::FnOnce<()>>::call_once
#19 49.19                                at /rustc/88d9e12ae178fab0fb5cc050a94da85685d449ea/library/core/src/ops/function.rs:250:5
#19 49.19   53:     0x74edea80af45 - std[f4f322d5fb81df6e]::panicking::catch_unwind::do_call::<generator[87b94d97073f9995]::detail::gen::gen_init_impl::{closure#0}, ()>
#19 49.19                                at /rustc/88d9e12ae178fab0fb5cc050a94da85685d449ea/library/std/src/panicking.rs:576:43
#19 49.19   54:     0x74edea81002b - __rust_try
#19 49.19   55:     0x74edea80a426 - std[f4f322d5fb81df6e]::panicking::catch_unwind::<(), generator[87b94d97073f9995]::detail::gen::gen_init_impl::{closure#0}>
#19 49.19                                at /rustc/88d9e12ae178fab0fb5cc050a94da85685d449ea/library/std/src/panicking.rs:544:19
#19 49.19   56:     0x74edea80a426 - std[f4f322d5fb81df6e]::panic::catch_unwind::<generator[87b94d97073f9995]::detail::gen::gen_init_impl::{closure#0}, ()>
#19 49.19                                at /rustc/88d9e12ae178fab0fb5cc050a94da85685d449ea/library/std/src/panic.rs:359:14
#19 49.19   57:     0x74edea80ac4d - generator[87b94d97073f9995]::detail::gen::catch_unwind_filter::<generator[87b94d97073f9995]::detail::gen::gen_init_impl::{closure#0}, ()>
#19 49.19                                at /usr/local/cargo/registry/src/index.crates.io-1949cf8c6b5b557f/generator-0.8.10/src/detail/gen.rs:23:5
#19 49.19   58:     0x74edea80dd27 - generator[87b94d97073f9995]::detail::gen::gen_init_impl
#19 49.19                                at /usr/local/cargo/registry/src/index.crates.io-1949cf8c6b5b557f/generator-0.8.10/src/detail/gen.rs:50:25
#19 49.19   59:     0x74edea80dcf3 - generator[87b94d97073f9995]::detail::asm::gen_init
#19 49.19                                at /usr/local/cargo/registry/src/index.crates.io-1949cf8c6b5b557f/generator-0.8.10/src/detail/x86_64_unix.rs:8:5
#19 49.19 
#19 49.19 thread 'schedule::coordination::model::diamond_completion_wakes_waiters_and_publishes_dependencies' (4546) panicked at /rustc/88d9e12ae178fab0fb5cc050a94da85685d449ea/library/core/src/panicking.rs:233:5:
#19 49.19 panic in a destructor during cleanup
#19 49.19 thread caused non-unwinding panic. aborting.
#19 49.19 error: test failed, to rerun pass `-p gripsack-exec --lib`
#19 49.19 
#19 49.19 Caused by:
#19 49.19   process didn't exit successfully: `/tmp/gripsack-loom-2gzv_3wl/target/debug/deps/gripsack_exec-66661a3742c5a081 'schedule::coordination::model::diamond_completion_wakes_waiters_and_publishes_dependencies'` (signal: 6, SIGABRT: process abort signal)
#19 49.19 
#19 49.19 calibration: missing-completion rejected by Loom waiter deadlock
#19 49.19 LOOM_SCHEDULER_MUTANTS=2
#19 49.79 RUNNER_COMMAND=cargo test --locked -p gripsack-store --lib journal::admission_tests:: -- --show-output
#19 84.05    Compiling proc-macro2 v1.0.107
#19 84.05    Compiling unicode-ident v1.0.24
#19 84.05    Compiling quote v1.0.47
#19 84.05    Compiling serde_core v1.0.229
#19 84.05    Compiling rustix v1.1.4
#19 84.05    Compiling bitflags v2.13.1
#19 84.05    Compiling linux-raw-sys v0.12.1
#19 84.05    Compiling verus_prettyplease v0.0.0-2026-09-06-0133
#19 84.05    Compiling libc v0.2.189
#19 84.05    Compiling io-lifetimes v3.0.1
#19 84.05    Compiling hashbrown v0.17.1
#19 84.05    Compiling equivalent v1.0.2
#19 84.05    Compiling io-lifetimes v2.0.4
#19 84.05    Compiling typenum v1.20.1
#19 84.05    Compiling once_cell v1.21.4
#19 84.05    Compiling vstd v0.0.0-2026-09-06-0133
#19 84.05    Compiling io-extras v0.19.0
#19 84.05    Compiling convert_case v0.4.0
#19 84.05    Compiling zmij v1.0.23
#19 84.05    Compiling serde v1.0.229
#19 84.05    Compiling verus_builtin v0.0.0-2026-09-06-0133
#19 84.05    Compiling cap-primitives v4.0.3
#19 84.05    Compiling cfg-if v1.0.4
#19 84.05    Compiling cap-std v4.0.3
#19 84.05    Compiling ambient-authority v0.0.2
#19 84.05    Compiling maybe-owned v0.3.4
#19 84.05    Compiling thiserror v2.0.20
#19 84.05    Compiling ipnet v2.12.1
#19 84.05    Compiling const-oid v0.10.2
#19 84.05    Compiling serde_json v1.0.151
#19 84.05    Compiling getrandom v0.4.3
#19 84.05    Compiling itoa v1.0.18
#19 84.05    Compiling winnow v1.0.4
#19 84.05    Compiling memchr v2.8.3
#19 84.05    Compiling cpufeatures v0.3.0
#19 84.05    Compiling fastrand v2.5.0
#19 84.05    Compiling toml_writer v1.1.2+spec-1.1.0
#19 84.05    Compiling winnow v0.7.15
#19 84.05    Compiling toml_parser v1.1.3+spec-1.1.0
#19 84.05    Compiling indexmap v2.14.0
#19 84.05    Compiling hybrid-array v0.4.14
#19 84.05    Compiling verus_syn v0.0.0-2026-09-06-0133
#19 84.05    Compiling syn v3.0.4
#19 84.05    Compiling syn v2.0.119
#19 84.05    Compiling crypto-common v0.2.2
#19 84.05    Compiling block-buffer v0.12.1
#19 84.05    Compiling digest v0.11.3
#19 84.05    Compiling sha2 v0.11.0
#19 84.05    Compiling toml_datetime v0.7.5+spec-1.1.0
#19 84.05    Compiling serde_spanned v1.1.1
#19 84.05    Compiling toml v0.9.12+spec-1.1.0
#19 84.05    Compiling fs-set-times v0.20.3
#19 84.05    Compiling rustix-linux-procfs v0.1.1
#19 84.05    Compiling tempfile v3.27.0
#19 84.05    Compiling serde_derive v1.0.229
#19 84.05    Compiling thiserror-impl v2.0.20
#19 84.05    Compiling gripsack-fs v0.42.0 (/tmp/gripsack-journal-admission-grykzq0g/source/crates/gripsack-fs)
#19 84.05    Compiling synstructure v0.13.2
#19 84.05    Compiling verus_state_machines_macros v0.0.0-2026-09-06-0133
#19 84.05    Compiling verus_builtin_macros v0.0.0-2026-09-06-0133
#19 84.05    Compiling gripsack-policy v0.42.0 (/tmp/gripsack-journal-admission-grykzq0g/source/crates/gripsack-policy)
#19 84.05    Compiling gripsack-process v0.42.0 (/tmp/gripsack-journal-admission-grykzq0g/source/crates/gripsack-process)
#19 84.05    Compiling gripsack-ir v0.42.0 (/tmp/gripsack-journal-admission-grykzq0g/source/crates/gripsack-ir)
#19 84.05    Compiling gripsack-store v0.42.0 (/tmp/gripsack-journal-admission-grykzq0g/source/crates/gripsack-store)
#19 84.05     Finished `test` profile [unoptimized + debuginfo] target(s) in 29.77s
#19 84.05      Running unittests src/lib.rs (/tmp/gripsack-journal-admission-grykzq0g/target/debug/deps/gripsack_store-e81297b671410f40)
#19 84.05 
#19 84.05 running 7 tests
#19 84.05 test journal::admission_tests::required_marker_fields_never_default_to_fresh_state ... ok
#19 84.05 test journal::admission_tests::marker_scalar_boundaries_roundtrip_without_identity_loss ... ok
#19 84.05 test journal::admission_tests::marker_wrong_types_duplicates_and_overflow_do_not_admit_facts ... ok
#19 84.05 test journal::admission_tests::truncation_and_invalid_framing_never_admit_partial_records ... ok
#19 84.05 test journal::admission_tests::entry_versions_and_distinct_prior_states_roundtrip ... ok
#19 84.05 test journal::admission_tests::entry_missing_duplicate_version_and_scalar_bytes_are_rejected ... ok
#19 84.05 test journal::admission_tests::rejected_metadata_cannot_reach_destination_effects ... ok
#19 84.05 
#19 84.05 successes:
#19 84.05 
#19 84.05 ---- journal::admission_tests::required_marker_fields_never_default_to_fresh_state stdout ----
#19 84.05 JOURNAL_REQUIRED_MARKER_FIELDS=3
#19 84.05 
#19 84.05 ---- journal::admission_tests::marker_scalar_boundaries_roundtrip_without_identity_loss stdout ----
#19 84.05 JOURNAL_MARKER_ROUNDTRIPS=42
#19 84.05 
#19 84.05 ---- journal::admission_tests::marker_wrong_types_duplicates_and_overflow_do_not_admit_facts stdout ----
#19 84.05 JOURNAL_MARKER_REJECTIONS=69
#19 84.05 
#19 84.05 ---- journal::admission_tests::truncation_and_invalid_framing_never_admit_partial_records stdout ----
#19 84.05 JOURNAL_TRUNCATED_PREFIXES=173
#19 84.05 
#19 84.05 ---- journal::admission_tests::entry_versions_and_distinct_prior_states_roundtrip stdout ----
#19 84.05 JOURNAL_ENTRY_ROUNDTRIPS=20
#19 84.05 
#19 84.05 ---- journal::admission_tests::entry_missing_duplicate_version_and_scalar_bytes_are_rejected stdout ----
#19 84.05 JOURNAL_ENTRY_REJECTIONS=110
#19 84.05 
#19 84.05 ---- journal::admission_tests::rejected_metadata_cannot_reach_destination_effects stdout ----
#19 84.05 JOURNAL_EFFECT_REJECTIONS=179
#19 84.05 
#19 84.05 
#19 84.05 successes:
#19 84.05     journal::admission_tests::entry_missing_duplicate_version_and_scalar_bytes_are_rejected
#19 84.05     journal::admission_tests::entry_versions_and_distinct_prior_states_roundtrip
#19 84.05     journal::admission_tests::marker_scalar_boundaries_roundtrip_without_identity_loss
#19 84.05     journal::admission_tests::marker_wrong_types_duplicates_and_overflow_do_not_admit_facts
#19 84.05     journal::admission_tests::rejected_metadata_cannot_reach_destination_effects
#19 84.05     journal::admission_tests::required_marker_fields_never_default_to_fresh_state
#19 84.05     journal::admission_tests::truncation_and_invalid_framing_never_admit_partial_records
#19 84.05 
#19 84.05 test result: ok. 7 passed; 0 failed; 0 ignored; 0 measured; 63 filtered out; finished in 4.52s
#19 84.05 
#19 84.05 
#19 84.05 JOURNAL_ADMISSION_PROPERTIES=7
#19 84.05 RUNNER_COMMAND=cargo test --locked -p gripsack-store --lib journal::admission_tests::rejected_metadata_cannot_reach_destination_effects -- --show-output --exact
#19 85.88    Compiling gripsack-store v0.42.0 (/tmp/gripsack-journal-admission-grykzq0g/source/crates/gripsack-store)
#19 85.88     Finished `test` profile [unoptimized + debuginfo] target(s) in 1.74s
#19 85.88      Running unittests src/lib.rs (/tmp/gripsack-journal-admission-grykzq0g/target/debug/deps/gripsack_store-e81297b671410f40)
#19 85.88 
#19 85.88 running 1 test
#19 85.88 test journal::admission_tests::rejected_metadata_cannot_reach_destination_effects ... FAILED
#19 85.88 
#19 85.88 successes:
#19 85.88 
#19 85.88 successes:
#19 85.88 
#19 85.88 failures:
#19 85.88 
#19 85.88 ---- journal::admission_tests::rejected_metadata_cannot_reach_destination_effects stdout ----
#19 85.88 
#19 85.88 thread 'journal::admission_tests::rejected_metadata_cannot_reach_destination_effects' (6603) panicked at crates/gripsack-store/src/journal/admission_tests.rs:581:9:
#19 85.88 recovery_admitted_invalid_marker: missing_previous_generation
#19 85.88 note: run with `RUST_BACKTRACE=1` environment variable to display a backtrace
#19 85.88 
#19 85.88 
#19 85.88 failures:
#19 85.88     journal::admission_tests::rejected_metadata_cannot_reach_destination_effects
#19 85.88 
#19 85.88 test result: FAILED. 0 passed; 1 failed; 0 ignored; 0 measured; 69 filtered out; finished in 0.06s
#19 85.88 
#19 85.88 error: test failed, to rerun pass `-p gripsack-store --lib`
#19 85.88 
#19 85.88 calibration: missing-previous-defaulted-to-null rejected by real recovery effects
#19 85.88 JOURNAL_ADMISSION_MUTANTS=1
#19 85.88 journal admission gate: OK
#19 86.08 JOURNAL_PROTOCOL_SOURCE_SHA256={"crates/gripsack-fs/src/persistence_model.rs": "9ae4c67755dcb328882f878f824ebf8f437cc4fb3a6d45c2f8a4bdb5625a6c4c", "crates/gripsack-fs/src/publication.rs": "262e0f2f2a8400f52b1deeced298113bed6aeded2613816a6bbf433e20fb93aa", "crates/gripsack-policy/src/journal_protocol.rs": "4dc22e4e69da4788db0a1d7fb9ce33d6e5cd696fa11fec5728148339febd3acb", "crates/gripsack-store/src/journal/marker.rs": "419219876d7bd376eb7e3a6f6c15ea00c87519865f78b7cd20522f830ea2d5fe", "crates/gripsack-store/src/journal/mutation.rs": "86112b82f1807a1c873f68e968937f069bd387e8d99b7d2d6f55a90e3c55ffd6", "crates/gripsack-store/src/journal/protocol_tests.rs": "d34b1135e24d499f255a35819e4cf6ff07b7b260ec786435eb4389e2569cf4b4", "crates/gripsack-store/src/journal/recover.rs": "e37d18d082e36f0324eb54508ae59c0efd05368a9c12907ff474f1044caa4f66", "crates/gripsack-store/src/journal/storage.rs": "c8e2ffcae4620dfcdc4ead9ae81b1715ec1ede3df1f8ab81173296cbbe9d6fc4"}
#19 86.35 RUNNER_COMMAND=cargo test --locked -p gripsack-store --lib journal::protocol_tests:: -- --show-output
#19 117.6    Compiling proc-macro2 v1.0.107
#19 117.6    Compiling unicode-ident v1.0.24
#19 117.6    Compiling quote v1.0.47
#19 117.6    Compiling serde_core v1.0.229
#19 117.6    Compiling rustix v1.1.4
#19 117.6    Compiling verus_prettyplease v0.0.0-2026-09-06-0133
#19 117.6    Compiling bitflags v2.13.1
#19 117.6    Compiling linux-raw-sys v0.12.1
#19 117.6    Compiling hashbrown v0.17.1
#19 117.6    Compiling typenum v1.20.1
#19 117.6    Compiling libc v0.2.189
#19 117.6    Compiling io-lifetimes v3.0.1
#19 117.6    Compiling io-lifetimes v2.0.4
#19 117.6    Compiling equivalent v1.0.2
#19 117.6    Compiling vstd v0.0.0-2026-09-06-0133
#19 117.6    Compiling once_cell v1.21.4
#19 117.6    Compiling convert_case v0.4.0
#19 117.6    Compiling io-extras v0.19.0
#19 117.6    Compiling verus_builtin v0.0.0-2026-09-06-0133
#19 117.6    Compiling serde v1.0.229
#19 117.6    Compiling cap-primitives v4.0.3
#19 117.6    Compiling zmij v1.0.23
#19 117.6    Compiling cfg-if v1.0.4
#19 117.6    Compiling ambient-authority v0.0.2
#19 117.6    Compiling thiserror v2.0.20
#19 117.6    Compiling serde_json v1.0.151
#19 117.6    Compiling const-oid v0.10.2
#19 117.6    Compiling getrandom v0.4.3
#19 117.6    Compiling cap-std v4.0.3
#19 117.6    Compiling ipnet v2.12.1
#19 117.6    Compiling maybe-owned v0.3.4
#19 117.6    Compiling itoa v1.0.18
#19 117.6    Compiling cpufeatures v0.3.0
#19 117.6    Compiling winnow v1.0.4
#19 117.6    Compiling memchr v2.8.3
#19 117.6    Compiling winnow v0.7.15
#19 117.6    Compiling fastrand v2.5.0
#19 117.6    Compiling toml_writer v1.1.2+spec-1.1.0
#19 117.6    Compiling toml_parser v1.1.3+spec-1.1.0
#19 117.6    Compiling indexmap v2.14.0
#19 117.6    Compiling hybrid-array v0.4.14
#19 117.6    Compiling verus_syn v0.0.0-2026-09-06-0133
#19 117.6    Compiling syn v3.0.4
#19 117.6    Compiling syn v2.0.119
#19 117.6    Compiling crypto-common v0.2.2
#19 117.6    Compiling block-buffer v0.12.1
#19 117.6    Compiling digest v0.11.3
#19 117.6    Compiling sha2 v0.11.0
#19 117.6    Compiling serde_spanned v1.1.1
#19 117.6    Compiling toml_datetime v0.7.5+spec-1.1.0
#19 117.6    Compiling toml v0.9.12+spec-1.1.0
#19 117.6    Compiling serde_derive v1.0.229
#19 117.6    Compiling thiserror-impl v2.0.20
#19 117.6    Compiling fs-set-times v0.20.3
#19 117.6    Compiling rustix-linux-procfs v0.1.1
#19 117.6    Compiling tempfile v3.27.0
#19 117.6    Compiling gripsack-fs v0.42.0 (/tmp/gripsack-journal-protocol-2ir4bdwu/source/crates/gripsack-fs)
#19 117.6    Compiling synstructure v0.13.2
#19 117.6    Compiling verus_builtin_macros v0.0.0-2026-09-06-0133
#19 117.6    Compiling verus_state_machines_macros v0.0.0-2026-09-06-0133
#19 117.6    Compiling gripsack-policy v0.42.0 (/tmp/gripsack-journal-protocol-2ir4bdwu/source/crates/gripsack-policy)
#19 117.6    Compiling gripsack-process v0.42.0 (/tmp/gripsack-journal-protocol-2ir4bdwu/source/crates/gripsack-process)
#19 117.6    Compiling gripsack-ir v0.42.0 (/tmp/gripsack-journal-protocol-2ir4bdwu/source/crates/gripsack-ir)
#19 117.6    Compiling gripsack-store v0.42.0 (/tmp/gripsack-journal-protocol-2ir4bdwu/source/crates/gripsack-store)
#19 117.6     Finished `test` profile [unoptimized + debuginfo] target(s) in 31.16s
#19 117.6      Running unittests src/lib.rs (/tmp/gripsack-journal-protocol-2ir4bdwu/target/debug/deps/gripsack_store-e81297b671410f40)
#19 117.6 
#19 117.6 running 4 tests
#19 117.6 test journal::protocol_tests::changed_destination_cannot_gain_a_mutation_permit ... ok
#19 117.6 test journal::protocol_tests::permitted_mutation_uses_the_captured_parent ... ok
#19 117.6 test journal::protocol_tests::unfinished_mutation_cannot_end_the_run ... ok
#19 117.6 test journal::protocol_tests::mutation_error_retains_evidence_and_recovers_the_original ... ok
#19 117.6 
#19 117.6 successes:
#19 117.6 
#19 117.6 successes:
#19 117.6     journal::protocol_tests::changed_destination_cannot_gain_a_mutation_permit
#19 117.6     journal::protocol_tests::mutation_error_retains_evidence_and_recovers_the_original
#19 117.6     journal::protocol_tests::permitted_mutation_uses_the_captured_parent
#19 117.6     journal::protocol_tests::unfinished_mutation_cannot_end_the_run
#19 117.6 
#19 117.6 test result: ok. 4 passed; 0 failed; 0 ignored; 0 measured; 66 filtered out; finished in 0.13s
#19 117.6 
#19 117.6 
#19 117.6 RUNNER_COMMAND=cargo test --locked -p gripsack-fs --lib persistence_model::atomic_file_link_and_tree_publication_are_ordered_at_every_cut -- --show-output --exact
#19 119.1    Compiling gripsack-fs v0.42.0 (/tmp/gripsack-journal-protocol-2ir4bdwu/source/crates/gripsack-fs)
#19 119.1     Finished `test` profile [unoptimized + debuginfo] target(s) in 1.40s
#19 119.1      Running unittests src/lib.rs (/tmp/gripsack-journal-protocol-2ir4bdwu/target/debug/deps/gripsack_fs-269bf90eee70c137)
#19 119.1 
#19 119.1 running 1 test
#19 119.1 test persistence_model::atomic_file_link_and_tree_publication_are_ordered_at_every_cut ... ok
#19 119.1 
#19 119.1 successes:
#19 119.1 
#19 119.1 successes:
#19 119.1     persistence_model::atomic_file_link_and_tree_publication_are_ordered_at_every_cut
#19 119.1 
#19 119.1 test result: ok. 1 passed; 0 failed; 0 ignored; 0 measured; 15 filtered out; finished in 0.05s
#19 119.1 
#19 119.1 
#19 119.1 JOURNAL_PROTOCOL_PROPERTIES=5
#19 119.1 RUNNER_COMMAND=cargo test --locked -p gripsack-store --lib journal::protocol_tests::changed_destination_cannot_gain_a_mutation_permit -- --show-output --exact
#19 120.9    Compiling gripsack-store v0.42.0 (/tmp/gripsack-journal-protocol-2ir4bdwu/source/crates/gripsack-store)
#19 120.9     Finished `test` profile [unoptimized + debuginfo] target(s) in 1.74s
#19 120.9      Running unittests src/lib.rs (/tmp/gripsack-journal-protocol-2ir4bdwu/target/debug/deps/gripsack_store-e81297b671410f40)
#19 120.9 
#19 120.9 running 1 test
#19 120.9 test journal::protocol_tests::changed_destination_cannot_gain_a_mutation_permit ... FAILED
#19 120.9 
#19 120.9 successes:
#19 120.9 
#19 120.9 successes:
#19 120.9 
#19 120.9 failures:
#19 120.9 
#19 120.9 ---- journal::protocol_tests::changed_destination_cannot_gain_a_mutation_permit stdout ----
#19 120.9 
#19 120.9 thread 'journal::protocol_tests::changed_destination_cannot_gain_a_mutation_permit' (8842) panicked at crates/gripsack-store/src/journal/protocol_tests.rs:47:5:
#19 120.9 changed_destination_gained_mutation_authority
#19 120.9 note: run with `RUST_BACKTRACE=1` environment variable to display a backtrace
#19 120.9 
#19 120.9 
#19 120.9 failures:
#19 120.9     journal::protocol_tests::changed_destination_cannot_gain_a_mutation_permit
#19 120.9 
#19 120.9 test result: FAILED. 0 passed; 1 failed; 0 ignored; 0 measured; 69 filtered out; finished in 0.08s
#19 120.9 
#19 120.9 error: test failed, to rerun pass `-p gripsack-store --lib`
#19 120.9 
#19 120.9 calibration: capture-observation rejected by journal::protocol_tests::changed_destination_cannot_gain_a_mutation_permit
#19 120.9 RUNNER_COMMAND=cargo test --locked -p gripsack-store --lib journal::protocol_tests::permitted_mutation_uses_the_captured_parent -- --show-output --exact
#19 122.7    Compiling gripsack-store v0.42.0 (/tmp/gripsack-journal-protocol-2ir4bdwu/source/crates/gripsack-store)
#19 122.7     Finished `test` profile [unoptimized + debuginfo] target(s) in 1.73s
#19 122.7      Running unittests src/lib.rs (/tmp/gripsack-journal-protocol-2ir4bdwu/target/debug/deps/gripsack_store-e81297b671410f40)
#19 122.7 
#19 122.7 running 1 test
#19 122.7 test journal::protocol_tests::permitted_mutation_uses_the_captured_parent ... FAILED
#19 122.7 
#19 122.7 successes:
#19 122.7 
#19 122.7 successes:
#19 122.7 
#19 122.7 failures:
#19 122.7 
#19 122.7 ---- journal::protocol_tests::permitted_mutation_uses_the_captured_parent stdout ----
#19 122.7 
#19 122.7 thread 'journal::protocol_tests::permitted_mutation_uses_the_captured_parent' (9121) panicked at crates/gripsack-store/src/journal/protocol_tests.rs:82:5:
#19 122.7 captured_parent_lost_mutation_authority: Err(Custom { kind: Other, error: "/tmp/.tmpQleJfm/parent/destination did not reach its intended state (expected file 519865245fa54614480b1df87fbbfd79f22951fc34a2a965ddbbaa2f60c3fd97, found file 7c4a87b72a813b1d2d607021bc7b46b325ec06d06dcbacd6dffc8718e1a7fe04)" })
#19 122.7 note: run with `RUST_BACKTRACE=1` environment variable to display a backtrace
#19 122.7 
#19 122.7 
#19 122.7 failures:
#19 122.7     journal::protocol_tests::permitted_mutation_uses_the_captured_parent
#19 122.7 
#19 122.7 test result: FAILED. 0 passed; 1 failed; 0 ignored; 0 measured; 69 filtered out; finished in 0.06s
#19 122.7 
#19 122.7 error: test failed, to rerun pass `-p gripsack-store --lib`
#19 122.7 
#19 122.7 calibration: captured-parent-effect rejected by journal::protocol_tests::permitted_mutation_uses_the_captured_parent
#19 122.7 RUNNER_COMMAND=cargo test --locked -p gripsack-store --lib journal::protocol_tests::mutation_error_retains_evidence_and_recovers_the_original -- --show-output --exact
#19 124.5    Compiling gripsack-store v0.42.0 (/tmp/gripsack-journal-protocol-2ir4bdwu/source/crates/gripsack-store)
#19 124.5     Finished `test` profile [unoptimized + debuginfo] target(s) in 1.66s
#19 124.5      Running unittests src/lib.rs (/tmp/gripsack-journal-protocol-2ir4bdwu/target/debug/deps/gripsack_store-e81297b671410f40)
#19 124.5 
#19 124.5 running 1 test
#19 124.5 test journal::protocol_tests::mutation_error_retains_evidence_and_recovers_the_original ... FAILED
#19 124.5 
#19 124.5 successes:
#19 124.5 
#19 124.5 successes:
#19 124.5 
#19 124.5 failures:
#19 124.5 
#19 124.5 ---- journal::protocol_tests::mutation_error_retains_evidence_and_recovers_the_original stdout ----
#19 124.5 
#19 124.5 thread 'journal::protocol_tests::mutation_error_retains_evidence_and_recovers_the_original' (9400) panicked at crates/gripsack-store/src/journal/protocol_tests.rs:119:5:
#19 124.5 mutation_error_was_lost: Ok(())
#19 124.5 note: run with `RUST_BACKTRACE=1` environment variable to display a backtrace
#19 124.5 
#19 124.5 
#19 124.5 failures:
#19 124.5     journal::protocol_tests::mutation_error_retains_evidence_and_recovers_the_original
#19 124.5 
#19 124.5 test result: FAILED. 0 passed; 1 failed; 0 ignored; 0 measured; 69 filtered out; finished in 0.06s
#19 124.5 
#19 124.5 error: test failed, to rerun pass `-p gripsack-store --lib`
#19 124.5 
#19 124.5 calibration: mutation-error-precedence rejected by journal::protocol_tests::mutation_error_retains_evidence_and_recovers_the_original
#19 124.5 RUNNER_COMMAND=cargo test --locked -p gripsack-store --lib journal::protocol_tests::unfinished_mutation_cannot_end_the_run -- --show-output --exact
#19 126.4    Compiling gripsack-store v0.42.0 (/tmp/gripsack-journal-protocol-2ir4bdwu/source/crates/gripsack-store)
#19 126.4     Finished `test` profile [unoptimized + debuginfo] target(s) in 1.79s
#19 126.4      Running unittests src/lib.rs (/tmp/gripsack-journal-protocol-2ir4bdwu/target/debug/deps/gripsack_store-e81297b671410f40)
#19 126.4 
#19 126.4 running 1 test
#19 126.4 test journal::protocol_tests::unfinished_mutation_cannot_end_the_run ... FAILED
#19 126.4 
#19 126.4 successes:
#19 126.4 
#19 126.4 successes:
#19 126.4 
#19 126.4 failures:
#19 126.4 
#19 126.4 ---- journal::protocol_tests::unfinished_mutation_cannot_end_the_run stdout ----
#19 126.4 
#19 126.4 thread 'journal::protocol_tests::unfinished_mutation_cannot_end_the_run' (9679) panicked at crates/gripsack-store/src/journal/protocol_tests.rs:151:5:
#19 126.4 unfinished_mutation_lost_its_run_marker
#19 126.4 note: run with `RUST_BACKTRACE=1` environment variable to display a backtrace
#19 126.4 
#19 126.4 
#19 126.4 failures:
#19 126.4     journal::protocol_tests::unfinished_mutation_cannot_end_the_run
#19 126.4 
#19 126.4 test result: FAILED. 0 passed; 1 failed; 0 ignored; 0 measured; 69 filtered out; finished in 0.06s
#19 126.4 
#19 126.4 error: test failed, to rerun pass `-p gripsack-store --lib`
#19 126.4 
#19 126.4 calibration: unfinished-run-cleanup rejected by journal::protocol_tests::unfinished_mutation_cannot_end_the_run
#19 126.4 RUNNER_COMMAND=cargo test --locked -p gripsack-fs --lib persistence_model::atomic_file_link_and_tree_publication_are_ordered_at_every_cut -- --show-output --exact
#19 127.1    Compiling gripsack-fs v0.42.0 (/tmp/gripsack-journal-protocol-2ir4bdwu/source/crates/gripsack-fs)
#19 127.1     Finished `test` profile [unoptimized + debuginfo] target(s) in 0.70s
#19 127.1      Running unittests src/lib.rs (/tmp/gripsack-journal-protocol-2ir4bdwu/target/debug/deps/gripsack_fs-269bf90eee70c137)
#19 127.1 
#19 127.1 running 1 test
#19 127.1 test persistence_model::atomic_file_link_and_tree_publication_are_ordered_at_every_cut ... FAILED
#19 127.1 
#19 127.1 successes:
#19 127.1 
#19 127.1 successes:
#19 127.1 
#19 127.1 failures:
#19 127.1 
#19 127.1 ---- persistence_model::atomic_file_link_and_tree_publication_are_ordered_at_every_cut stdout ----
#19 127.1 
#19 127.1 thread 'persistence_model::atomic_file_link_and_tree_publication_are_ordered_at_every_cut' (9864) panicked at crates/gripsack-fs/src/persistence_model.rs:64:37:
#19 127.1 called `Result::unwrap()` on an `Err` value: "publish before file durability: {\"nested/file\"}"
#19 127.1 note: run with `RUST_BACKTRACE=1` environment variable to display a backtrace
#19 127.1 
#19 127.1 
#19 127.1 failures:
#19 127.1     persistence_model::atomic_file_link_and_tree_publication_are_ordered_at_every_cut
#19 127.1 
#19 127.1 test result: FAILED. 0 passed; 1 failed; 0 ignored; 0 measured; 15 filtered out; finished in 0.01s
#19 127.1 
#19 127.1 error: test failed, to rerun pass `-p gripsack-fs --lib`
#19 127.1 
#19 127.1 calibration: publication-file-barrier rejected by persistence_model::atomic_file_link_and_tree_publication_are_ordered_at_every_cut
#19 127.1 RUNNER_COMMAND=cargo test --locked -p gripsack-fs --lib persistence_model::atomic_file_link_and_tree_publication_are_ordered_at_every_cut -- --show-output --exact
#19 127.8    Compiling gripsack-fs v0.42.0 (/tmp/gripsack-journal-protocol-2ir4bdwu/source/crates/gripsack-fs)
#19 127.8 warning: unused import: `fsync_dir`
#19 127.8  --> crates/gripsack-fs/src/publication.rs:3:49
#19 127.8   |
#19 127.8 3 |     Boundary, Dir, create_dir_all, create_temp, fsync_dir, operation, parent_rel, remove_file,
#19 127.8   |                                                 ^^^^^^^^^
#19 127.8   |
#19 127.8   = note: `#[warn(unused_imports)]` (part of `#[warn(unused)]`) on by default
#19 127.8 
#19 127.8 warning: `gripsack-fs` (lib test) generated 1 warning (run `cargo fix --lib -p gripsack-fs --tests` to apply 1 suggestion)
#19 127.8     Finished `test` profile [unoptimized + debuginfo] target(s) in 0.71s
#19 127.8      Running unittests src/lib.rs (/tmp/gripsack-journal-protocol-2ir4bdwu/target/debug/deps/gripsack_fs-269bf90eee70c137)
#19 127.8 
#19 127.8 running 1 test
#19 127.8 test persistence_model::atomic_file_link_and_tree_publication_are_ordered_at_every_cut ... FAILED
#19 127.8 
#19 127.8 successes:
#19 127.8 
#19 127.8 successes:
#19 127.8 
#19 127.8 failures:
#19 127.8 
#19 127.8 ---- persistence_model::atomic_file_link_and_tree_publication_are_ordered_at_every_cut stdout ----
#19 127.8 
#19 127.8 thread 'persistence_model::atomic_file_link_and_tree_publication_are_ordered_at_every_cut' (10049) panicked at crates/gripsack-fs/src/persistence_model.rs:66:24:
#19 127.8 called `Result::unwrap()` on an `Err` value: "primitive returned before durability: files={}, dirs={\"nested\"}"
#19 127.8 note: run with `RUST_BACKTRACE=1` environment variable to display a backtrace
#19 127.8 
#19 127.8 
#19 127.8 failures:
#19 127.8     persistence_model::atomic_file_link_and_tree_publication_are_ordered_at_every_cut
#19 127.8 
#19 127.8 test result: FAILED. 0 passed; 1 failed; 0 ignored; 0 measured; 15 filtered out; finished in 0.01s
#19 127.8 
#19 127.8 error: test failed, to rerun pass `-p gripsack-fs --lib`
#19 127.8 
#19 127.8 calibration: publication-namespace-barrier rejected by persistence_model::atomic_file_link_and_tree_publication_are_ordered_at_every_cut
#19 127.8 JOURNAL_PROTOCOL_MUTANTS=6
#19 127.8 journal protocol gate: OK
#19 128.3 RUNNER_COMMAND=cargo test --locked -p gripsack-exec --lib gc::root_model:: -- --nocapture
#19 166.5    Compiling proc-macro2 v1.0.107
#19 166.5    Compiling unicode-ident v1.0.24
#19 166.5    Compiling quote v1.0.47
#19 166.5    Compiling libc v0.2.189
#19 166.5    Compiling shlex v2.0.1
#19 166.5    Compiling find-msvc-tools v0.1.11
#19 166.5    Compiling cfg-if v1.0.4
#19 166.5    Compiling stable_deref_trait v1.2.1
#19 166.5    Compiling serde_core v1.0.229
#19 166.5    Compiling once_cell v1.21.4
#19 166.5    Compiling rustix v1.1.4
#19 166.5    Compiling pkg-config v0.3.34
#19 166.5    Compiling bitflags v2.13.1
#19 166.5    Compiling linux-raw-sys v0.12.1
#19 166.5    Compiling smallvec v1.15.2
#19 166.5    Compiling hashbrown v0.17.1
#19 166.5    Compiling verus_prettyplease v0.0.0-2026-09-06-0133
#19 166.5    Compiling equivalent v1.0.2
#19 166.5    Compiling litemap v0.8.3
#19 166.5    Compiling writeable v0.6.4
#19 166.5    Compiling log v0.4.34
#19 166.5    Compiling icu_properties_data v2.3.0
#19 166.5    Compiling typenum v1.20.1
#19 166.5    Compiling vstd v0.0.0-2026-09-06-0133
#19 166.5    Compiling convert_case v0.4.0
#19 166.5    Compiling zeroize v1.9.0
#19 166.5    Compiling io-lifetimes v3.0.1
#19 166.5    Compiling zmij v1.0.23
#19 166.5    Compiling icu_normalizer_data v2.3.0
#19 166.5    Compiling io-lifetimes v2.0.4
#19 166.5    Compiling serde v1.0.229
#19 166.5    Compiling utf8_iter v1.0.4
#19 166.5    Compiling memchr v2.8.3
#19 166.5    Compiling verus_builtin v0.0.0-2026-09-06-0133
#19 166.5    Compiling io-extras v0.19.0
#19 166.5    Compiling serde_json v1.0.151
#19 166.5    Compiling winnow v1.0.4
#19 166.5    Compiling crc32fast v1.5.1
#19 166.5    Compiling cap-primitives v4.0.3
#19 166.5    Compiling itoa v1.0.18
#19 166.5    Compiling rustls-pki-types v1.15.1
#19 166.5    Compiling thiserror v2.0.20
#19 166.5    Compiling rustversion v1.0.23
#19 166.5    Compiling tracing-core v0.1.36
#19 166.5    Compiling toml_writer v1.1.2+spec-1.1.0
#19 166.5    Compiling const-oid v0.10.2
#19 166.5    Compiling zstd-safe v7.2.4
#19 166.5    Compiling getrandom v0.4.3
#19 166.5    Compiling ambient-authority v0.0.2
#19 166.5    Compiling simd-adler32 v0.3.10
#19 166.5    Compiling untrusted v0.9.0
#19 166.5    Compiling ipnet v2.12.1
#19 166.5    Compiling cap-std v4.0.3
#19 166.5    Compiling maybe-owned v0.3.4
#19 166.5    Compiling parking_lot_core v0.9.12
#19 166.5    Compiling pin-project-lite v0.2.17
#19 166.5    Compiling rustls v0.23.45
#19 166.5    Compiling regex-syntax v0.8.11
#19 166.5    Compiling cpufeatures v0.3.0
#19 166.5    Compiling percent-encoding v2.3.2
#19 166.5    Compiling adler2 v2.0.1
#19 166.5    Compiling fastrand v2.5.0
#19 166.5    Compiling bumpalo v3.20.3
#19 166.5    Compiling scopeguard v1.2.0
#19 166.5    Compiling libbz2-rs-sys v0.2.5
#19 166.5    Compiling miniz_oxide v0.8.9
#19 166.5    Compiling toml_parser v1.1.3+spec-1.1.0
#19 166.5    Compiling lazy_static v1.5.0
#19 166.5    Compiling zlib-rs v0.6.7
#19 166.5    Compiling winnow v0.7.15
#19 166.5    Compiling form_urlencoded v1.2.2
#19 166.5    Compiling webpki-roots v1.0.9
#19 166.5    Compiling subtle v2.6.1
#19 166.5    Compiling sharded-slab v0.1.7
#19 166.5    Compiling lock_api v0.4.14
#19 166.5    Compiling thread_local v1.1.10
#19 166.5    Compiling base64 v0.22.1
#19 166.5    Compiling nu-ansi-term v0.50.3
#19 166.5    Compiling indexmap v2.14.0
#19 166.5    Compiling webpki-roots v0.26.11
#19 166.5    Compiling tracing-log v0.2.0
#19 166.5    Compiling typed-path v0.12.3
#19 166.5    Compiling openssl-probe v0.2.1
#19 166.5    Compiling httpdate v1.0.3
#19 166.5    Compiling scoped-tls v1.0.1
#19 166.5    Compiling zopfli v0.8.3
#19 166.5    Compiling rustls-native-certs v0.8.4
#19 166.5    Compiling bzip2 v0.6.1
#19 166.5    Compiling hybrid-array v0.4.14
#19 166.5    Compiling syn v2.0.119
#19 166.5    Compiling syn v3.0.4
#19 166.5    Compiling verus_syn v0.0.0-2026-09-06-0133
#19 166.5    Compiling jobserver v0.1.35
#19 166.5    Compiling getrandom v0.2.17
#19 166.5    Compiling filetime v0.2.29
#19 166.5    Compiling crypto-common v0.2.2
#19 166.5    Compiling block-buffer v0.12.1
#19 166.5    Compiling parking_lot v0.12.5
#19 166.5    Compiling cc v1.4.4
#19 166.5    Compiling regex-automata v0.4.18
#19 166.5    Compiling digest v0.11.3
#19 166.5    Compiling sha2 v0.11.0
#19 166.5    Compiling serde_spanned v1.1.1
#19 166.5    Compiling toml_datetime v0.7.5+spec-1.1.0
#19 166.5    Compiling toml_datetime v1.1.1+spec-1.1.0
#19 166.5    Compiling ring v0.17.14
#19 166.5    Compiling zstd-sys v2.0.16+zstd.1.5.7
#19 166.5    Compiling lzma-sys v0.1.20
#19 166.5    Compiling generator v0.8.10
#19 166.5    Compiling toml v0.9.12+spec-1.1.0
#19 166.5    Compiling toml v1.1.4+spec-1.1.0
#19 166.5    Compiling flate2 v1.1.9
#19 166.5    Compiling fs-set-times v0.20.3
#19 166.5    Compiling rustix-linux-procfs v0.1.1
#19 166.5    Compiling matchers v0.2.0
#19 166.5    Compiling tempfile v3.27.0
#19 166.5    Compiling xattr v1.6.1
#19 166.5    Compiling tar v0.4.46
#19 166.5    Compiling zerovec-derive v0.11.6
#19 166.5    Compiling displaydoc v0.2.7
#19 166.5    Compiling serde_derive v1.0.229
#19 166.5    Compiling thiserror-impl v2.0.20
#19 166.5    Compiling gripsack-fs v0.42.0 (/tmp/gripsack-gc-roots-i2sqkd4_/source/crates/gripsack-fs)
#19 166.5    Compiling xz2 v0.1.7
#19 166.5    Compiling synstructure v0.13.2
#19 166.5    Compiling zstd v0.13.3
#19 166.5    Compiling zip v8.6.0
#19 166.5    Compiling rustls-webpki v0.103.15
#19 166.5    Compiling zerofrom-derive v0.1.7
#19 166.5    Compiling yoke-derive v0.8.2
#19 166.5    Compiling tracing-attributes v0.1.31
#19 166.5    Compiling zerofrom v0.1.8
#19 166.5    Compiling yoke v0.8.3
#19 166.5    Compiling tracing v0.1.44
#19 166.5    Compiling zerovec v0.11.8
#19 166.5    Compiling zerotrie v0.2.5
#19 166.5    Compiling tracing-subscriber v0.3.23
#19 166.5    Compiling verus_state_machines_macros v0.0.0-2026-09-06-0133
#19 166.5    Compiling verus_builtin_macros v0.0.0-2026-09-06-0133
#19 166.5    Compiling tinystr v0.8.4
#19 166.5    Compiling potential_utf v0.1.6
#19 166.5    Compiling icu_collections v2.3.0
#19 166.5    Compiling icu_locale_core v2.3.0
#19 166.5    Compiling loom v0.7.2
#19 166.5    Compiling icu_provider v2.3.1
#19 166.5    Compiling icu_normalizer v2.3.0
#19 166.5    Compiling icu_properties v2.3.0
#19 166.5    Compiling idna_adapter v1.2.2
#19 166.5    Compiling idna v1.1.0
#19 166.5    Compiling url v2.5.8
#19 166.5    Compiling ureq v2.12.1
#19 166.5    Compiling gripsack-policy v0.42.0 (/tmp/gripsack-gc-roots-i2sqkd4_/source/crates/gripsack-policy)
#19 166.5    Compiling gripsack-ir v0.42.0 (/tmp/gripsack-gc-roots-i2sqkd4_/source/crates/gripsack-ir)
#19 166.5    Compiling gripsack-process v0.42.0 (/tmp/gripsack-gc-roots-i2sqkd4_/source/crates/gripsack-process)
#19 166.5    Compiling gripsack-store v0.42.0 (/tmp/gripsack-gc-roots-i2sqkd4_/source/crates/gripsack-store)
#19 166.5    Compiling gripsack-config v0.42.0 (/tmp/gripsack-gc-roots-i2sqkd4_/source/crates/gripsack-config)
#19 166.5    Compiling gripsack-fetch v0.42.0 (/tmp/gripsack-gc-roots-i2sqkd4_/source/crates/gripsack-fetch)
#19 166.5    Compiling gripsack-exec v0.42.0 (/tmp/gripsack-gc-roots-i2sqkd4_/source/crates/gripsack-exec)
#19 166.5     Finished `test` profile [unoptimized + debuginfo] target(s) in 37.38s
#19 166.5      Running unittests src/lib.rs (/tmp/gripsack-gc-roots-i2sqkd4_/target/debug/deps/gripsack_exec-487739c07ff1c607)
#19 166.5 
#19 166.5 running 3 tests
#19 166.5 GC_PINNED_ROOT_REPLACEMENTS=1
#19 166.5 test gc::root_model::pinned_collection_survives_root_replacement ... ok
#19 166.5 GC_RECOVERY_ADMISSIONS=8
#19 166.5 test gc::root_model::unfinished_recovery_preserves_every_history_object ... ok
#19 166.5 GC_RETAINED_HISTORIES=7
#19 166.5 test gc::root_model::retained_histories_protect_complete_roots ... ok
#19 166.5 
#19 166.5 test result: ok. 3 passed; 0 failed; 0 ignored; 0 measured; 53 filtered out; finished in 0.80s
#19 166.5 
#19 166.5 
#19 166.5 GC_ROOT_PROPERTIES=3
#19 166.5 RUNNER_COMMAND=cargo test --locked -p gripsack-exec --lib gc::root_model::retained_histories_protect_complete_roots -- --nocapture --exact
#19 170.1    Compiling gripsack-exec v0.42.0 (/tmp/gripsack-gc-roots-i2sqkd4_/source/crates/gripsack-exec)
#19 170.1     Finished `test` profile [unoptimized + debuginfo] target(s) in 3.54s
#19 170.1      Running unittests src/lib.rs (/tmp/gripsack-gc-roots-i2sqkd4_/target/debug/deps/gripsack_exec-487739c07ff1c607)
#19 170.1 
#19 170.1 running 1 test
#19 170.1 
#19 170.1 thread 'gc::root_model::retained_histories_protect_complete_roots' (14295) panicked at crates/gripsack-exec/src/gc/root_model.rs:85:13:
#19 170.1 assertion `left == right` failed: retained_history_root_missing: old-compiler
#19 170.1   left: None
#19 170.1  right: Some([111, 108, 100, 45, 99, 111, 109, 112, 105, 108, 101, 114])
#19 170.1 note: run with `RUST_BACKTRACE=1` environment variable to display a backtrace
#19 170.1 test gc::root_model::retained_histories_protect_complete_roots ... FAILED
#19 170.1 
#19 170.1 failures:
#19 170.1 
#19 170.1 failures:
#19 170.1     gc::root_model::retained_histories_protect_complete_roots
#19 170.1 
#19 170.1 test result: FAILED. 0 passed; 1 failed; 0 ignored; 0 measured; 55 filtered out; finished in 0.07s
#19 170.1 
#19 170.1 error: test failed, to rerun pass `-p gripsack-exec --lib`
#19 170.1 
#19 170.1 calibration: dropped-build-closure-root rejected by real retained history
#19 170.1 GC_ROOT_MUTANTS=1
#19 170.1 GC root gate: OK
#19 170.7 RATE_ADMISSION_INPUT_SHA256={"Cargo.lock": "4d029e8dc65468ac1f41c71e17c1e27cffdf99e4a1e57abe4ab8558181d48264", "Cargo.toml": "2acc969d77f3274d49f33666d81d20fcf845e7f1546ecea1a1e8e5cd2db79bd4", "crates/gripsack-fetch/src/throttle.rs": "c959fbf3950d1940574b673c66a16a6792b1cea20b5bfed7854eb95fdc88cb03", "crates/gripsack-fetch/src/throttle/persistence.rs": "37e43597aac113ffc40f48c210d84d6aa3dcb1cbbf69cc20c496f384226a2787", "crates/gripsack-policy/src/rate_limit.rs": "ff45ea5a84d3b77a986fa06a20aa1831966e80b844bd866036fbe7a3f53f2693", "crates/gripsack-policy/src/rate_limit/binary_rate.rs": "f1da73f94383dcf8d5398895c0dc2cf5d29b7514ebbc9f6aaf45db4726bbddd9", "crates/gripsack-policy/src/rate_limit/credit_balance.rs": "d4f97853cf4b39b2475796f9922ae574d36093edd6f05deba774c9aa7e2b4911", "crates/gripsack-policy/src/rate_limit/credit_balance/credit_words.rs": "d0ada0324dab077cd6373f3843f8e033c635f2bb4c18de26a715f27bc29b51df", "crates/gripsack-policy/src/rate_limit/legacy_credits.rs": "2ee73c7cd6dc76806f2d68ee0cfb671d78bdf7f37f8dd21a764b232ec91de90f"}
#19 170.7 RUNNER_COMMAND=cargo test --locked -p gripsack-fetch --lib throttle:: -- --nocapture
#19 207.0    Compiling proc-macro2 v1.0.107
#19 207.0    Compiling quote v1.0.47
#19 207.0    Compiling unicode-ident v1.0.24
#19 207.0    Compiling libc v0.2.189
#19 207.0    Compiling find-msvc-tools v0.1.11
#19 207.0    Compiling shlex v2.0.1
#19 207.0    Compiling cfg-if v1.0.4
#19 207.0    Compiling stable_deref_trait v1.2.1
#19 207.0    Compiling rustix v1.1.4
#19 207.0    Compiling serde_core v1.0.229
#19 207.0    Compiling pkg-config v0.3.34
#19 207.0    Compiling linux-raw-sys v0.12.1
#19 207.0    Compiling once_cell v1.21.4
#19 207.0    Compiling bitflags v2.13.1
#19 207.0    Compiling hashbrown v0.17.1
#19 207.0    Compiling writeable v0.6.4
#19 207.0    Compiling equivalent v1.0.2
#19 207.0    Compiling litemap v0.8.3
#19 207.0    Compiling verus_prettyplease v0.0.0-2026-09-06-0133
#19 207.0    Compiling zeroize v1.9.0
#19 207.0    Compiling io-lifetimes v2.0.4
#19 207.0    Compiling icu_normalizer_data v2.3.0
#19 207.0    Compiling typenum v1.20.1
#19 207.0    Compiling smallvec v1.15.2
#19 207.0    Compiling icu_properties_data v2.3.0
#19 207.0    Compiling io-lifetimes v3.0.1
#19 207.0    Compiling utf8_iter v1.0.4
#19 207.0    Compiling io-extras v0.19.0
#19 207.0    Compiling convert_case v0.4.0
#19 207.0    Compiling zmij v1.0.23
#19 207.0    Compiling vstd v0.0.0-2026-09-06-0133
#19 207.0    Compiling serde v1.0.229
#19 207.0    Compiling memchr v2.8.3
#19 207.0    Compiling verus_builtin v0.0.0-2026-09-06-0133
#19 207.0    Compiling serde_json v1.0.151
#19 207.0    Compiling crc32fast v1.5.1
#19 207.0    Compiling rustls-pki-types v1.15.1
#19 207.0    Compiling cap-primitives v4.0.3
#19 207.0    Compiling ipnet v2.12.1
#19 207.0    Compiling cap-std v4.0.3
#19 207.0    Compiling log v0.4.34
#19 207.0    Compiling itoa v1.0.18
#19 207.0    Compiling ambient-authority v0.0.2
#19 207.0    Compiling zstd-safe v7.2.4
#19 207.0    Compiling untrusted v0.9.0
#19 207.0    Compiling getrandom v0.4.3
#19 207.0    Compiling simd-adler32 v0.3.10
#19 207.0    Compiling const-oid v0.10.2
#19 207.0    Compiling maybe-owned v0.3.4
#19 207.0    Compiling thiserror v2.0.20
#19 207.0    Compiling percent-encoding v2.3.2
#19 207.0    Compiling rustls v0.23.45
#19 207.0    Compiling cpufeatures v0.3.0
#19 207.0    Compiling winnow v1.0.4
#19 207.0    Compiling parking_lot_core v0.9.12
#19 207.0    Compiling adler2 v2.0.1
#19 207.0    Compiling winnow v0.7.15
#19 207.0    Compiling fastrand v2.5.0
#19 207.0    Compiling form_urlencoded v1.2.2
#19 207.0    Compiling bumpalo v3.20.3
#19 207.0    Compiling zlib-rs v0.6.7
#19 207.0    Compiling libbz2-rs-sys v0.2.5
#19 207.0    Compiling miniz_oxide v0.8.9
#19 207.0    Compiling subtle v2.6.1
#19 207.0    Compiling toml_writer v1.1.2+spec-1.1.0
#19 207.0    Compiling scopeguard v1.2.0
#19 207.0    Compiling webpki-roots v1.0.9
#19 207.0    Compiling tracing-core v0.1.36
#19 207.0    Compiling openssl-probe v0.2.1
#19 207.0    Compiling pin-project-lite v0.2.17
#19 207.0    Compiling typed-path v0.12.3
#19 207.0    Compiling base64 v0.22.1
#19 207.0    Compiling webpki-roots v0.26.11
#19 207.0    Compiling lock_api v0.4.14
#19 207.0    Compiling httpdate v1.0.3
#19 207.0    Compiling rustls-native-certs v0.8.4
#19 207.0    Compiling zopfli v0.8.3
#19 207.0    Compiling toml_parser v1.1.3+spec-1.1.0
#19 207.0    Compiling indexmap v2.14.0
#19 207.0    Compiling bzip2 v0.6.1
#19 207.0    Compiling hybrid-array v0.4.14
#19 207.0    Compiling syn v2.0.119
#19 207.0    Compiling syn v3.0.4
#19 207.0    Compiling verus_syn v0.0.0-2026-09-06-0133
#19 207.0    Compiling jobserver v0.1.35
#19 207.0    Compiling getrandom v0.2.17
#19 207.0    Compiling filetime v0.2.29
#19 207.0    Compiling parking_lot v0.12.5
#19 207.0    Compiling cc v1.4.4
#19 207.0    Compiling crypto-common v0.2.2
#19 207.0    Compiling block-buffer v0.12.1
#19 207.0    Compiling digest v0.11.3
#19 207.0    Compiling sha2 v0.11.0
#19 207.0    Compiling serde_spanned v1.1.1
#19 207.0    Compiling toml_datetime v0.7.5+spec-1.1.0
#19 207.0    Compiling ring v0.17.14
#19 207.0    Compiling zstd-sys v2.0.16+zstd.1.5.7
#19 207.0    Compiling lzma-sys v0.1.20
#19 207.0    Compiling toml v0.9.12+spec-1.1.0
#19 207.0    Compiling flate2 v1.1.9
#19 207.0    Compiling rustix-linux-procfs v0.1.1
#19 207.0    Compiling fs-set-times v0.20.3
#19 207.0    Compiling tempfile v3.27.0
#19 207.0    Compiling xattr v1.6.1
#19 207.0    Compiling zerovec-derive v0.11.6
#19 207.0    Compiling displaydoc v0.2.7
#19 207.0    Compiling serde_derive v1.0.229
#19 207.0    Compiling thiserror-impl v2.0.20
#19 207.0    Compiling tar v0.4.46
#19 207.0    Compiling xz2 v0.1.7
#19 207.0    Compiling gripsack-fs v0.42.0 (/tmp/gripsack-rate-admission-_tzydtjl/source/crates/gripsack-fs)
#19 207.0    Compiling synstructure v0.13.2
#19 207.0    Compiling zstd v0.13.3
#19 207.0    Compiling zip v8.6.0
#19 207.0    Compiling rustls-webpki v0.103.15
#19 207.0    Compiling zerofrom-derive v0.1.7
#19 207.0    Compiling yoke-derive v0.8.2
#19 207.0    Compiling tracing-attributes v0.1.31
#19 207.0    Compiling zerofrom v0.1.8
#19 207.0    Compiling tracing v0.1.44
#19 207.0    Compiling yoke v0.8.3
#19 207.0    Compiling zerovec v0.11.8
#19 207.0    Compiling zerotrie v0.2.5
#19 207.0    Compiling tinystr v0.8.4
#19 207.0    Compiling potential_utf v0.1.6
#19 207.0    Compiling icu_collections v2.3.0
#19 207.0    Compiling icu_locale_core v2.3.0
#19 207.0    Compiling verus_state_machines_macros v0.0.0-2026-09-06-0133
#19 207.0    Compiling verus_builtin_macros v0.0.0-2026-09-06-0133
#19 207.0    Compiling icu_provider v2.3.1
#19 207.0    Compiling icu_properties v2.3.0
#19 207.0    Compiling icu_normalizer v2.3.0
#19 207.0    Compiling idna_adapter v1.2.2
#19 207.0    Compiling idna v1.1.0
#19 207.0    Compiling url v2.5.8
#19 207.0    Compiling ureq v2.12.1
#19 207.0    Compiling gripsack-policy v0.42.0 (/tmp/gripsack-rate-admission-_tzydtjl/source/crates/gripsack-policy)
#19 207.0    Compiling gripsack-process v0.42.0 (/tmp/gripsack-rate-admission-_tzydtjl/source/crates/gripsack-process)
#19 207.0    Compiling gripsack-ir v0.42.0 (/tmp/gripsack-rate-admission-_tzydtjl/source/crates/gripsack-ir)
#19 207.0    Compiling gripsack-store v0.42.0 (/tmp/gripsack-rate-admission-_tzydtjl/source/crates/gripsack-store)
#19 207.0    Compiling gripsack-fetch v0.42.0 (/tmp/gripsack-rate-admission-_tzydtjl/source/crates/gripsack-fetch)
#19 207.0     Finished `test` profile [unoptimized + debuginfo] target(s) in 36.05s
#19 207.0      Running unittests src/lib.rs (/tmp/gripsack-rate-admission-_tzydtjl/target/debug/deps/gripsack_fetch-34f8c8e76dc7a276)
#19 207.0 
#19 207.0 running 13 tests
#19 207.0 test throttle::tests::a_backward_wall_clock_does_not_refill_the_same_interval_twice ... ok
#19 207.0 test throttle::tests::fractional_declarations_retain_their_exact_refill_boundary ... ok
#19 207.0 test throttle::tests::plugin_declaration_replaces_builtin_default ... ok
#19 207.0 test throttle::tests::rate_admission_rejects_nonfinite_and_unfillable_buckets ... ok
#19 207.0 test throttle::tests::token_wait_cannot_outlive_or_reset_an_operation_deadline ... ok
#19 207.0 test throttle::tests::url_host_extraction ... ok
#19 207.0 test throttle::tests::user_override_beats_plugin_declaration ... ok
#19 207.0 test throttle::tests::persisted_token_and_time_bounds_cannot_panic_or_mint_extra_tokens ... ok
#19 207.0 test throttle::persistence::tests::a_saved_fractional_timestamp_cannot_refill_an_already_accounted_interval ... ok
#19 207.0 test throttle::persistence::tests::changed_period_preserves_a_saved_partial_token_instead_of_resetting_the_burst ... ok
#19 207.0 test throttle::tests::capability_registration_consumes_the_same_contended_deadline ... ok
#19 207.0 test throttle::tests::mutex_contention_cannot_outlive_or_grant_after_the_original_deadline ... ok
#19 207.0 test throttle::tests::bucket_enforces_the_budget ... ok
#19 207.0 
#19 207.0 test result: ok. 13 passed; 0 failed; 0 ignored; 0 measured; 65 filtered out; finished in 0.25s
#19 207.0 
#19 207.0 
#19 207.0 RATE_ADMISSION_PROPERTIES=13
#19 207.0 RUNNER_COMMAND=cargo test --locked -p gripsack-fetch --lib throttle::tests::rate_admission_rejects_nonfinite_and_unfillable_buckets -- --nocapture --exact
#19 210.2    Compiling gripsack-fetch v0.42.0 (/tmp/gripsack-rate-admission-_tzydtjl/source/crates/gripsack-fetch)
#19 210.2     Finished `test` profile [unoptimized + debuginfo] target(s) in 3.27s
#19 210.2      Running unittests src/lib.rs (/tmp/gripsack-rate-admission-_tzydtjl/target/debug/deps/gripsack_fetch-34f8c8e76dc7a276)
#19 210.2 
#19 210.2 running 1 test
#19 210.2 
#19 210.2 thread 'throttle::tests::rate_admission_rejects_nonfinite_and_unfillable_buckets' (18006) panicked at crates/gripsack-fetch/src/throttle.rs:328:13:
#19 210.2 assertion `left == right` failed: invalid_rate_admitted: NaN/s
#19 210.2   left: Some(BinaryTokenRate { significand: 4503599627370496, shift: 0, period: Second })
#19 210.2  right: None
#19 210.2 note: run with `RUST_BACKTRACE=1` environment variable to display a backtrace
#19 210.2 test throttle::tests::rate_admission_rejects_nonfinite_and_unfillable_buckets ... FAILED
#19 210.2 
#19 210.2 failures:
#19 210.2 
#19 210.2 failures:
#19 210.2     throttle::tests::rate_admission_rejects_nonfinite_and_unfillable_buckets
#19 210.2 
#19 210.2 test result: FAILED. 0 passed; 1 failed; 0 ignored; 0 measured; 77 filtered out; finished in 0.00s
#19 210.2 
#19 210.2 error: test failed, to rerun pass `-p gripsack-fetch --lib`
#19 210.2 
#19 210.2 calibration: invalid-observation-normalized rejected by throttle::tests::rate_admission_rejects_nonfinite_and_unfillable_buckets
#19 210.2 RUNNER_COMMAND=cargo test --locked -p gripsack-fetch --lib throttle::tests::fractional_declarations_retain_their_exact_refill_boundary -- --nocapture --exact
#19 213.4    Compiling gripsack-fetch v0.42.0 (/tmp/gripsack-rate-admission-_tzydtjl/source/crates/gripsack-fetch)
#19 213.4     Finished `test` profile [unoptimized + debuginfo] target(s) in 3.15s
#19 213.4      Running unittests src/lib.rs (/tmp/gripsack-rate-admission-_tzydtjl/target/debug/deps/gripsack_fetch-34f8c8e76dc7a276)
#19 213.4 
#19 213.4 running 1 test
#19 213.4 
#19 213.4 thread 'throttle::tests::fractional_declarations_retain_their_exact_refill_boundary' (18285) panicked at crates/gripsack-fetch/src/throttle.rs:412:13:
#19 213.4 assertion `left == right` failed: declared_period_was_changed
#19 213.4   left: Wait { nanoseconds: 333333334 }
#19 213.4  right: Wait { nanoseconds: 20000000000 }
#19 213.4 note: run with `RUST_BACKTRACE=1` environment variable to display a backtrace
#19 213.4 test throttle::tests::fractional_declarations_retain_their_exact_refill_boundary ... FAILED
#19 213.4 
#19 213.4 failures:
#19 213.4 
#19 213.4 failures:
#19 213.4     throttle::tests::fractional_declarations_retain_their_exact_refill_boundary
#19 213.4 
#19 213.4 test result: FAILED. 0 passed; 1 failed; 0 ignored; 0 measured; 77 filtered out; finished in 0.00s
#19 213.4 
#19 213.4 error: test failed, to rerun pass `-p gripsack-fetch --lib`
#19 213.4 
#19 213.4 calibration: declared-period-substitution rejected by throttle::tests::fractional_declarations_retain_their_exact_refill_boundary
#19 213.4 RUNNER_COMMAND=cargo test --locked -p gripsack-fetch --lib throttle::tests::mutex_contention_cannot_outlive_or_grant_after_the_original_deadline -- --nocapture --exact
#19 218.2    Compiling gripsack-fetch v0.42.0 (/tmp/gripsack-rate-admission-_tzydtjl/source/crates/gripsack-fetch)
#19 218.2     Finished `test` profile [unoptimized + debuginfo] target(s) in 2.77s
#19 218.2      Running unittests src/lib.rs (/tmp/gripsack-rate-admission-_tzydtjl/target/debug/deps/gripsack_fetch-34f8c8e76dc7a276)
#19 218.2 
#19 218.2 running 1 test
#19 218.2 
#19 218.2 thread 'throttle::tests::mutex_contention_cannot_outlive_or_grant_after_the_original_deadline' (18564) panicked at crates/gripsack-fetch/src/throttle.rs:369:28:
#19 218.2 deadline_blocked_by_throttle_lock: Timeout
#19 218.2 note: run with `RUST_BACKTRACE=1` environment variable to display a backtrace
#19 218.2 test throttle::tests::mutex_contention_cannot_outlive_or_grant_after_the_original_deadline ... FAILED
#19 218.2 
#19 218.2 failures:
#19 218.2 
#19 218.2 failures:
#19 218.2     throttle::tests::mutex_contention_cannot_outlive_or_grant_after_the_original_deadline
#19 218.2 
#19 218.2 test result: FAILED. 0 passed; 1 failed; 0 ignored; 0 measured; 77 filtered out; finished in 2.00s
#19 218.2 
#19 218.2 error: test failed, to rerun pass `-p gripsack-fetch --lib`
#19 218.2 
#19 218.2 calibration: mutex-deadline-extension rejected by throttle::tests::mutex_contention_cannot_outlive_or_grant_after_the_original_deadline
#19 218.2 RUNNER_COMMAND=cargo test --locked -p gripsack-fetch --lib throttle::tests::a_backward_wall_clock_does_not_refill_the_same_interval_twice -- --nocapture --exact
#19 221.3    Compiling gripsack-fetch v0.42.0 (/tmp/gripsack-rate-admission-_tzydtjl/source/crates/gripsack-fetch)
#19 221.3     Finished `test` profile [unoptimized + debuginfo] target(s) in 2.99s
#19 221.3      Running unittests src/lib.rs (/tmp/gripsack-rate-admission-_tzydtjl/target/debug/deps/gripsack_fetch-34f8c8e76dc7a276)
#19 221.3 
#19 221.3 running 1 test
#19 221.3 
#19 221.3 thread 'throttle::tests::a_backward_wall_clock_does_not_refill_the_same_interval_twice' (18844) panicked at crates/gripsack-fetch/src/throttle.rs:435:9:
#19 221.3 assertion `left == right` failed: wall_clock_interval_reused
#19 221.3   left: Wait { nanoseconds: 250000000 }
#19 221.3  right: Wait { nanoseconds: 500000000 }
#19 221.3 note: run with `RUST_BACKTRACE=1` environment variable to display a backtrace
#19 221.3 test throttle::tests::a_backward_wall_clock_does_not_refill_the_same_interval_twice ... FAILED
#19 221.3 
#19 221.3 failures:
#19 221.3 
#19 221.3 failures:
#19 221.3     throttle::tests::a_backward_wall_clock_does_not_refill_the_same_interval_twice
#19 221.3 
#19 221.3 test result: FAILED. 0 passed; 1 failed; 0 ignored; 0 measured; 77 filtered out; finished in 0.00s
#19 221.3 
#19 221.3 error: test failed, to rerun pass `-p gripsack-fetch --lib`
#19 221.3 
#19 221.3 calibration: backward-clock-refill-reuse rejected by throttle::tests::a_backward_wall_clock_does_not_refill_the_same_interval_twice
#19 221.3 RUNNER_COMMAND=cargo test --locked -p gripsack-fetch --lib throttle::persistence::tests::a_saved_fractional_timestamp_cannot_refill_an_already_accounted_interval -- --nocapture --exact
#19 224.2    Compiling gripsack-fetch v0.42.0 (/tmp/gripsack-rate-admission-_tzydtjl/source/crates/gripsack-fetch)
#19 224.2     Finished `test` profile [unoptimized + debuginfo] target(s) in 2.85s
#19 224.2      Running unittests src/lib.rs (/tmp/gripsack-rate-admission-_tzydtjl/target/debug/deps/gripsack_fetch-34f8c8e76dc7a276)
#19 224.2 
#19 224.2 running 1 test
#19 224.2 
#19 224.2 thread 'throttle::persistence::tests::a_saved_fractional_timestamp_cannot_refill_an_already_accounted_interval' (19123) panicked at crates/gripsack-fetch/src/throttle/persistence.rs:150:9:
#19 224.2 assertion `left == right` failed: persisted_timestamp_refilled_consumed_interval
#19 224.2   left: Granted
#19 224.2  right: Wait { nanoseconds: 500000000 }
#19 224.2 note: run with `RUST_BACKTRACE=1` environment variable to display a backtrace
#19 224.2 test throttle::persistence::tests::a_saved_fractional_timestamp_cannot_refill_an_already_accounted_interval ... FAILED
#19 224.2 
#19 224.2 failures:
#19 224.2 
#19 224.2 failures:
#19 224.2     throttle::persistence::tests::a_saved_fractional_timestamp_cannot_refill_an_already_accounted_interval
#19 224.2 
#19 224.2 test result: FAILED. 0 passed; 1 failed; 0 ignored; 0 measured; 77 filtered out; finished in 0.01s
#19 224.2 
#19 224.2 error: test failed, to rerun pass `-p gripsack-fetch --lib`
#19 224.2 
#19 224.2 calibration: persisted-time-truncation rejected by throttle::persistence::tests::a_saved_fractional_timestamp_cannot_refill_an_already_accounted_interval
#19 224.2 RUNNER_COMMAND=cargo test --locked -p gripsack-fetch --lib throttle::persistence::tests::changed_period_preserves_a_saved_partial_token_instead_of_resetting_the_burst -- --nocapture --exact
#19 227.0    Compiling gripsack-fetch v0.42.0 (/tmp/gripsack-rate-admission-_tzydtjl/source/crates/gripsack-fetch)
#19 227.0     Finished `test` profile [unoptimized + debuginfo] target(s) in 2.79s
#19 227.0      Running unittests src/lib.rs (/tmp/gripsack-rate-admission-_tzydtjl/target/debug/deps/gripsack_fetch-34f8c8e76dc7a276)
#19 227.0 
#19 227.0 running 1 test
#19 227.0 
#19 227.0 thread 'throttle::persistence::tests::changed_period_preserves_a_saved_partial_token_instead_of_resetting_the_burst' (19402) panicked at crates/gripsack-fetch/src/throttle/persistence.rs:181:9:
#19 227.0 assertion `left == right` failed: persisted_period_reset_burst
#19 227.0   left: Granted
#19 227.0  right: DeadlineExpired
#19 227.0 note: run with `RUST_BACKTRACE=1` environment variable to display a backtrace
#19 227.0 test throttle::persistence::tests::changed_period_preserves_a_saved_partial_token_instead_of_resetting_the_burst ... FAILED
#19 227.0 
#19 227.0 failures:
#19 227.0 
#19 227.0 failures:
#19 227.0     throttle::persistence::tests::changed_period_preserves_a_saved_partial_token_instead_of_resetting_the_burst
#19 227.0 
#19 227.0 test result: FAILED. 0 passed; 1 failed; 0 ignored; 0 measured; 77 filtered out; finished in 0.02s
#19 227.0 
#19 227.0 error: test failed, to rerun pass `-p gripsack-fetch --lib`
#19 227.0 
#19 227.0 calibration: persisted-period-substitution rejected by throttle::persistence::tests::changed_period_preserves_a_saved_partial_token_instead_of_resetting_the_burst
#19 227.0 RATE_ADMISSION_MUTANTS=6
#19 227.0 rate admission gate: OK
#19 227.5 HTTP_BUDGET_INPUT_SHA256={"Cargo.lock": "4d029e8dc65468ac1f41c71e17c1e27cffdf99e4a1e57abe4ab8558181d48264", "Cargo.toml": "2acc969d77f3274d49f33666d81d20fcf845e7f1546ecea1a1e8e5cd2db79bd4", "crates/gripsack-fetch/src/http.rs": "c7594b7c9824d87bb1bb466a527f06b0127c76d5c1037538a1e93550d6b22218", "crates/gripsack-fetch/src/http/body.rs": "bcf931f408006472f948cdd00e60204c60e8ad8d8ab49deb6ee72f46e062cbda", "crates/gripsack-fetch/src/http/failure.rs": "bc9c19f178e9b6fcdac81526f7a4fdaf7db982262ba14c9b713549267b0d7a90", "crates/gripsack-fetch/src/http/request.rs": "a89166745081532b6bb69f2d0b1ab642467d40d05d883acdf0c759eef569deab", "crates/gripsack-fetch/src/http/retry.rs": "d552a27cf578f55193d8414c52687c84e8f366eb326c999ce848b99127b80e32", "crates/gripsack-policy/src/operation_budget.rs": "dbff4366394bd32d505442a264449529fddda59639df7e312ef9366a9b83278a", "crates/gripsack-policy/src/retry_budget.rs": "02c14f4d532cb7fd2c9f91f4bd7d85560c71df33f2886028e55d5b57c1f536db"}
#19 227.5 RUNNER_COMMAND=cargo test --locked -p gripsack-fetch --lib http:: -- --nocapture
#19 263.4    Compiling proc-macro2 v1.0.107
#19 263.4    Compiling unicode-ident v1.0.24
#19 263.4    Compiling quote v1.0.47
#19 263.4    Compiling libc v0.2.189
#19 263.4    Compiling find-msvc-tools v0.1.11
#19 263.4    Compiling shlex v2.0.1
#19 263.4    Compiling cfg-if v1.0.4
#19 263.4    Compiling stable_deref_trait v1.2.1
#19 263.4    Compiling pkg-config v0.3.34
#19 263.4    Compiling rustix v1.1.4
#19 263.4    Compiling serde_core v1.0.229
#19 263.4    Compiling bitflags v2.13.1
#19 263.4    Compiling once_cell v1.21.4
#19 263.4    Compiling linux-raw-sys v0.12.1
#19 263.4    Compiling writeable v0.6.4
#19 263.4    Compiling equivalent v1.0.2
#19 263.4    Compiling hashbrown v0.17.1
#19 263.4    Compiling verus_prettyplease v0.0.0-2026-09-06-0133
#19 263.4    Compiling litemap v0.8.3
#19 263.4    Compiling smallvec v1.15.2
#19 263.4    Compiling zeroize v1.9.0
#19 263.4    Compiling typenum v1.20.1
#19 263.4    Compiling icu_properties_data v2.3.0
#19 263.4    Compiling utf8_iter v1.0.4
#19 263.4    Compiling io-lifetimes v3.0.1
#19 263.4    Compiling io-lifetimes v2.0.4
#19 263.4    Compiling icu_normalizer_data v2.3.0
#19 263.4    Compiling io-extras v0.19.0
#19 263.4    Compiling convert_case v0.4.0
#19 263.4    Compiling serde v1.0.229
#19 263.4    Compiling vstd v0.0.0-2026-09-06-0133
#19 263.4    Compiling zmij v1.0.23
#19 263.4    Compiling serde_json v1.0.151
#19 263.4    Compiling verus_builtin v0.0.0-2026-09-06-0133
#19 263.4    Compiling memchr v2.8.3
#19 263.4    Compiling crc32fast v1.5.1
#19 263.4    Compiling cap-primitives v4.0.3
#19 263.4    Compiling getrandom v0.4.3
#19 263.4    Compiling rustls-pki-types v1.15.1
#19 263.4    Compiling ipnet v2.12.1
#19 263.4    Compiling thiserror v2.0.20
#19 263.4    Compiling untrusted v0.9.0
#19 263.4    Compiling cap-std v4.0.3
#19 263.4    Compiling ambient-authority v0.0.2
#19 263.4    Compiling log v0.4.34
#19 263.4    Compiling maybe-owned v0.3.4
#19 263.4    Compiling itoa v1.0.18
#19 263.4    Compiling simd-adler32 v0.3.10
#19 263.4    Compiling zstd-safe v7.2.4
#19 263.4    Compiling const-oid v0.10.2
#19 263.4    Compiling rustls v0.23.45
#19 263.4    Compiling parking_lot_core v0.9.12
#19 263.4    Compiling winnow v1.0.4
#19 263.4    Compiling cpufeatures v0.3.0
#19 263.4    Compiling percent-encoding v2.3.2
#19 263.4    Compiling adler2 v2.0.1
#19 263.4    Compiling libbz2-rs-sys v0.2.5
#19 263.4    Compiling toml_writer v1.1.2+spec-1.1.0
#19 263.4    Compiling bumpalo v3.20.3
#19 263.4    Compiling zlib-rs v0.6.7
#19 263.4    Compiling scopeguard v1.2.0
#19 263.4    Compiling winnow v0.7.15
#19 263.4    Compiling fastrand v2.5.0
#19 263.4    Compiling subtle v2.6.1
#19 263.4    Compiling miniz_oxide v0.8.9
#19 263.4    Compiling form_urlencoded v1.2.2
#19 263.4    Compiling webpki-roots v1.0.9
#19 263.4    Compiling lock_api v0.4.14
#19 263.4    Compiling tracing-core v0.1.36
#19 263.4    Compiling base64 v0.22.1
#19 263.4    Compiling openssl-probe v0.2.1
#19 263.4    Compiling pin-project-lite v0.2.17
#19 263.4    Compiling typed-path v0.12.3
#19 263.4    Compiling httpdate v1.0.3
#19 263.4    Compiling webpki-roots v0.26.11
#19 263.4    Compiling rustls-native-certs v0.8.4
#19 263.4    Compiling zopfli v0.8.3
#19 263.4    Compiling toml_parser v1.1.3+spec-1.1.0
#19 263.4    Compiling indexmap v2.14.0
#19 263.4    Compiling hybrid-array v0.4.14
#19 263.4    Compiling bzip2 v0.6.1
#19 263.4    Compiling syn v2.0.119
#19 263.4    Compiling syn v3.0.4
#19 263.4    Compiling verus_syn v0.0.0-2026-09-06-0133
#19 263.4    Compiling crypto-common v0.2.2
#19 263.4    Compiling block-buffer v0.12.1
#19 263.4    Compiling jobserver v0.1.35
#19 263.4    Compiling getrandom v0.2.17
#19 263.4    Compiling filetime v0.2.29
#19 263.4    Compiling parking_lot v0.12.5
#19 263.4    Compiling cc v1.4.4
#19 263.4    Compiling digest v0.11.3
#19 263.4    Compiling sha2 v0.11.0
#19 263.4    Compiling serde_spanned v1.1.1
#19 263.4    Compiling toml_datetime v0.7.5+spec-1.1.0
#19 263.4    Compiling zstd-sys v2.0.16+zstd.1.5.7
#19 263.4    Compiling ring v0.17.14
#19 263.4    Compiling lzma-sys v0.1.20
#19 263.4    Compiling toml v0.9.12+spec-1.1.0
#19 263.4    Compiling flate2 v1.1.9
#19 263.4    Compiling rustix-linux-procfs v0.1.1
#19 263.4    Compiling fs-set-times v0.20.3
#19 263.4    Compiling xattr v1.6.1
#19 263.4    Compiling tempfile v3.27.0
#19 263.4    Compiling tar v0.4.46
#19 263.4    Compiling zerovec-derive v0.11.6

#19 263.4    Compiling displaydoc v0.2.7
#19 263.4    Compiling serde_derive v1.0.229
#19 263.4    Compiling thiserror-impl v2.0.20
#19 263.4    Compiling xz2 v0.1.7
#19 263.4    Compiling gripsack-fs v0.42.0 (/tmp/gripsack-http-budget-rirx1dpr/source/crates/gripsack-fs)
#19 263.4    Compiling synstructure v0.13.2
#19 263.4    Compiling zstd v0.13.3
#19 263.4    Compiling zip v8.6.0
#19 263.4    Compiling rustls-webpki v0.103.15
#19 263.4    Compiling zerofrom-derive v0.1.7
#19 263.4    Compiling yoke-derive v0.8.2
#19 263.4    Compiling tracing-attributes v0.1.31
#19 263.4    Compiling zerofrom v0.1.8
#19 263.4    Compiling tracing v0.1.44
#19 263.4    Compiling yoke v0.8.3
#19 263.4    Compiling zerovec v0.11.8
#19 263.4    Compiling zerotrie v0.2.5
#19 263.4    Compiling verus_state_machines_macros v0.0.0-2026-09-06-0133
#19 263.4    Compiling verus_builtin_macros v0.0.0-2026-09-06-0133
#19 263.4    Compiling tinystr v0.8.4
#19 263.4    Compiling potential_utf v0.1.6
#19 263.4    Compiling icu_collections v2.3.0
#19 263.4    Compiling icu_locale_core v2.3.0
#19 263.4    Compiling icu_provider v2.3.1
#19 263.4    Compiling icu_normalizer v2.3.0
#19 263.4    Compiling icu_properties v2.3.0
#19 263.4    Compiling idna_adapter v1.2.2
#19 263.4    Compiling idna v1.1.0
#19 263.4    Compiling url v2.5.8
#19 263.4    Compiling ureq v2.12.1
#19 263.4    Compiling gripsack-policy v0.42.0 (/tmp/gripsack-http-budget-rirx1dpr/source/crates/gripsack-policy)
#19 263.4    Compiling gripsack-process v0.42.0 (/tmp/gripsack-http-budget-rirx1dpr/source/crates/gripsack-process)
#19 263.4    Compiling gripsack-ir v0.42.0 (/tmp/gripsack-http-budget-rirx1dpr/source/crates/gripsack-ir)
#19 263.4    Compiling gripsack-store v0.42.0 (/tmp/gripsack-http-budget-rirx1dpr/source/crates/gripsack-store)
#19 263.4    Compiling gripsack-fetch v0.42.0 (/tmp/gripsack-http-budget-rirx1dpr/source/crates/gripsack-fetch)
#19 263.4     Finished `test` profile [unoptimized + debuginfo] target(s) in 35.24s
#19 263.4      Running unittests src/lib.rs (/tmp/gripsack-http-budget-rirx1dpr/target/debug/deps/gripsack_fetch-34f8c8e76dc7a276)
#19 263.4 
#19 263.4 running 12 tests
#19 263.4 test http::failure::tests::certificate_failures_are_not_transient_connections ... ok
#19 263.4 test http::body::tests::a_new_attempt_cannot_reset_consumed_transfer_bytes ... ok
#19 263.4 test http::retry::tests::an_expired_clock_observation_cannot_admit_an_attempt ... ok
#19 263.4 test http::retry::tests::real_retry_policy_has_fixed_deadline_and_bounded_attempts ... ok
#19 263.4 test http::failure::tests::failure_locations_redact_credentials_and_queries ... ok
#19 263.4 test http::retry::tests::terminal_classes_and_upstream_cooldowns_never_get_fast_replays ... ok
#19 263.4 test http::tests::bound_credentials_require_tls_and_registry_artifact_refuses_cleartext ... ok
#19 263.4 test http::tests::host_binding_survives_url_normalization ... ok
#19 263.4 test http::tests::credential_routing_model_uses_actual_host_selector ... ok
#19 263.4 test http::tests::proxy_bypass_preserves_domain_and_port_boundaries ... ok
#19 263.4 test http::request::tests::cooldown_contention_cannot_extend_the_original_operation_deadline ... ok
#19 263.4 test http::request::tests::a_successful_body_consumer_cannot_complete_after_the_operation_deadline ... ok
#19 263.4 
#19 263.4 test result: ok. 12 passed; 0 failed; 0 ignored; 0 measured; 66 filtered out; finished in 0.59s
#19 263.4 
#19 263.4 
#19 263.4 HTTP_BUDGET_PROPERTIES=12
#19 263.4 RUNNER_COMMAND=cargo test --locked -p gripsack-fetch --lib http::request::tests::a_successful_body_consumer_cannot_complete_after_the_operation_deadline -- --nocapture --exact
#19 267.2    Compiling gripsack-fetch v0.42.0 (/tmp/gripsack-http-budget-rirx1dpr/source/crates/gripsack-fetch)
#19 267.2     Finished `test` profile [unoptimized + debuginfo] target(s) in 3.26s
#19 267.2      Running unittests src/lib.rs (/tmp/gripsack-http-budget-rirx1dpr/target/debug/deps/gripsack_fetch-34f8c8e76dc7a276)
#19 267.2 
#19 267.2 running 1 test
#19 267.2 
#19 267.2 thread 'http::request::tests::a_successful_body_consumer_cannot_complete_after_the_operation_deadline' (23111) panicked at crates/gripsack-fetch/src/http/request.rs:514:13:
#19 267.2 late_http_consumer_was_reported_successfully: Ok("body")
#19 267.2 note: run with `RUST_BACKTRACE=1` environment variable to display a backtrace
#19 267.2 test http::request::tests::a_successful_body_consumer_cannot_complete_after_the_operation_deadline ... FAILED
#19 267.2 
#19 267.2 failures:
#19 267.2 
#19 267.2 failures:
#19 267.2     http::request::tests::a_successful_body_consumer_cannot_complete_after_the_operation_deadline
#19 267.2 
#19 267.2 test result: FAILED. 0 passed; 1 failed; 0 ignored; 0 measured; 77 filtered out; finished in 0.55s
#19 267.2 
#19 267.2 error: test failed, to rerun pass `-p gripsack-fetch --lib`
#19 267.2 
#19 267.2 calibration: late-body-success rejected by http::request::tests::a_successful_body_consumer_cannot_complete_after_the_operation_deadline
#19 267.2 RUNNER_COMMAND=cargo test --locked -p gripsack-fetch --lib http::retry::tests::an_expired_clock_observation_cannot_admit_an_attempt -- --nocapture --exact
#19 270.6    Compiling gripsack-fetch v0.42.0 (/tmp/gripsack-http-budget-rirx1dpr/source/crates/gripsack-fetch)
#19 270.6 warning: variable `now` is assigned to, but never used
#19 270.6   --> crates/gripsack-fetch/src/http/retry.rs:86:29
#19 270.6    |
#19 270.6 86 |     pub fn begin(&mut self, mut now: Instant) -> Result<Duration, RetryStopReason> {
#19 270.6    |                             ^^^^^^^
#19 270.6    |
#19 270.6    = note: consider using `_now` instead
#19 270.6    = note: `#[warn(unused_variables)]` (part of `#[warn(unused)]`) on by default
#19 270.6 
#19 270.6 warning: value assigned to `now` is never read
#19 270.6   --> crates/gripsack-fetch/src/http/retry.rs:97:21
#19 270.6    |
#19 270.6 97 |                     now = Instant::now();
#19 270.6    |                     ^^^^^^^^^^^^^^^^^^^^
#19 270.6    |
#19 270.6    = help: maybe it is overwritten before being read?
#19 270.6    = note: `#[warn(unused_assignments)]` (part of `#[warn(unused)]`) on by default
#19 270.6 
#19 270.6 warning: `gripsack-fetch` (lib test) generated 2 warnings
#19 270.6     Finished `test` profile [unoptimized + debuginfo] target(s) in 3.39s
#19 270.6      Running unittests src/lib.rs (/tmp/gripsack-http-budget-rirx1dpr/target/debug/deps/gripsack_fetch-34f8c8e76dc7a276)
#19 270.6 
#19 270.6 running 1 test
#19 270.6 
#19 270.6 thread 'http::retry::tests::an_expired_clock_observation_cannot_admit_an_attempt' (23391) panicked at crates/gripsack-fetch/src/http/retry.rs:141:9:
#19 270.6 assertion `left == right` failed: expired_http_attempt_admitted
#19 270.6   left: Ok(600s)
#19 270.6  right: Err(Deadline)
#19 270.6 note: run with `RUST_BACKTRACE=1` environment variable to display a backtrace
#19 270.6 test http::retry::tests::an_expired_clock_observation_cannot_admit_an_attempt ... FAILED
#19 270.6 
#19 270.6 failures:
#19 270.6 
#19 270.6 failures:
#19 270.6     http::retry::tests::an_expired_clock_observation_cannot_admit_an_attempt
#19 270.6 
#19 270.6 test result: FAILED. 0 passed; 1 failed; 0 ignored; 0 measured; 77 filtered out; finished in 0.00s
#19 270.6 
#19 270.6 error: test failed, to rerun pass `-p gripsack-fetch --lib`
#19 270.6 
#19 270.6 calibration: ignored-clock-observation rejected by http::retry::tests::an_expired_clock_observation_cannot_admit_an_attempt
#19 270.6 RUNNER_COMMAND=cargo test --locked -p gripsack-fetch --lib http::retry::tests::terminal_classes_and_upstream_cooldowns_never_get_fast_replays -- --nocapture --exact
#19 273.3    Compiling gripsack-fetch v0.42.0 (/tmp/gripsack-http-budget-rirx1dpr/source/crates/gripsack-fetch)
#19 273.3     Finished `test` profile [unoptimized + debuginfo] target(s) in 2.72s
#19 273.3      Running unittests src/lib.rs (/tmp/gripsack-http-budget-rirx1dpr/target/debug/deps/gripsack_fetch-34f8c8e76dc7a276)
#19 273.3 
#19 273.3 running 1 test
#19 273.3 
#19 273.3 thread 'http::retry::tests::terminal_classes_and_upstream_cooldowns_never_get_fast_replays' (23670) panicked at crates/gripsack-fetch/src/http/retry.rs:182:13:
#19 273.3 assertion `left == right` failed: nonretryable_http_failure_replayed
#19 273.3   left: RetryAfter(1s)
#19 273.3  right: Stop(NonRetryable)
#19 273.3 note: run with `RUST_BACKTRACE=1` environment variable to display a backtrace
#19 273.3 test http::retry::tests::terminal_classes_and_upstream_cooldowns_never_get_fast_replays ... FAILED
#19 273.3 
#19 273.3 failures:
#19 273.3 
#19 273.3 failures:
#19 273.3     http::retry::tests::terminal_classes_and_upstream_cooldowns_never_get_fast_replays
#19 273.3 
#19 273.3 test result: FAILED. 0 passed; 1 failed; 0 ignored; 0 measured; 77 filtered out; finished in 0.00s
#19 273.3 
#19 273.3 error: test failed, to rerun pass `-p gripsack-fetch --lib`
#19 273.3 
#19 273.3 calibration: terminal-classification-replayed rejected by http::retry::tests::terminal_classes_and_upstream_cooldowns_never_get_fast_replays
#19 273.3 RUNNER_COMMAND=cargo test --locked -p gripsack-fetch --lib http::request::tests::cooldown_contention_cannot_extend_the_original_operation_deadline -- --nocapture --exact
#19 278.3    Compiling gripsack-fetch v0.42.0 (/tmp/gripsack-http-budget-rirx1dpr/source/crates/gripsack-fetch)
#19 278.3     Finished `test` profile [unoptimized + debuginfo] target(s) in 2.91s
#19 278.3      Running unittests src/lib.rs (/tmp/gripsack-http-budget-rirx1dpr/target/debug/deps/gripsack_fetch-34f8c8e76dc7a276)
#19 278.3 
#19 278.3 running 1 test
#19 278.3 
#19 278.3 thread 'http::request::tests::cooldown_contention_cannot_extend_the_original_operation_deadline' (23949) panicked at crates/gripsack-fetch/src/http/request.rs:545:33:
#19 278.3 deadline_blocked_by_http_cooldown_lock: Timeout
#19 278.3 note: run with `RUST_BACKTRACE=1` environment variable to display a backtrace
#19 278.3 test http::request::tests::cooldown_contention_cannot_extend_the_original_operation_deadline ... FAILED
#19 278.3 
#19 278.3 failures:
#19 278.3 
#19 278.3 failures:
#19 278.3     http::request::tests::cooldown_contention_cannot_extend_the_original_operation_deadline
#19 278.3 
#19 278.3 test result: FAILED. 0 passed; 1 failed; 0 ignored; 0 measured; 77 filtered out; finished in 2.00s
#19 278.3 
#19 278.3 error: test failed, to rerun pass `-p gripsack-fetch --lib`
#19 278.3 
#19 278.3 calibration: cooldown-deadline-extension rejected by http::request::tests::cooldown_contention_cannot_extend_the_original_operation_deadline
#19 278.3 HTTP_BUDGET_MUTANTS=4
#19 278.3 HTTP budget gate: OK
#19 278.9 PROCESS_BOUNDS_INPUT_SHA256={"Cargo.lock": "4d029e8dc65468ac1f41c71e17c1e27cffdf99e4a1e57abe4ab8558181d48264", "Cargo.toml": "2acc969d77f3274d49f33666d81d20fcf845e7f1546ecea1a1e8e5cd2db79bd4", "crates/gripsack-policy/src/operation_budget.rs": "dbff4366394bd32d505442a264449529fddda59639df7e312ef9366a9b83278a", "crates/gripsack-policy/src/process_budget.rs": "635e72caf6f262753bab21418af54f00d6b9d26716ebfa3b6b14fb16bb916487", "crates/gripsack-policy/src/process_budget/frame.rs": "b4eda7e3fabe7fbabc5c8d07a472011ab460e8d8680c4a79519ae4b0e37c6637", "crates/gripsack-policy/src/process_budget/input.rs": "6625b0e18cc89d56752cf3c1e9b83367f57a26608a66ce4c178b1f9b84049f38", "crates/gripsack-policy/src/process_budget/lifecycle.rs": "5dbb50b78ee3ce3834fa0ae7ed8a8ec608579c1991c214890de16022c123da43", "crates/gripsack-policy/src/process_budget/output.rs": "8288c74d2c0ebfd119f28dc5b599654d0ea0bf4877376f45fa30232289e06624", "crates/gripsack-policy/src/process_budget/tail.rs": "964ac4ce3d6aa5e9ef7a5737787df9503946e8a9f1f88d2d39d082820344e8c8", "crates/gripsack-policy/src/process_budget/transfer.rs": "ffc48f900504e11a89a5353fa8f394d1789d8f4194dc935f3b3d7a3d49f43e38", "crates/gripsack-process/src/deadline.rs": "76c8c8611779cec7fb98e86e77e921aa680aef2f6fa5e476138ceafac7bdec2e", "crates/gripsack-process/src/descriptors.rs": "22be8e43fb4faf8f05396d6048a2cdb303657edf60d1e101338ab74918726492", "crates/gripsack-process/src/descriptors/linux.rs": "43c5f25606ea50cf10743a1c1e008c77a541e170698ed7efb4137ec4abfde341", "crates/gripsack-process/src/digest.rs": "bfcf8a854b076c8b588425780602d279f349eb576313761bb29433a3663226ae", "crates/gripsack-process/src/environment.rs": "d9becfa41b149e4868d1551f9bbb3a10178244ad018c5177e8b13c106d99a839", "crates/gripsack-process/src/error.rs": "c8a282fc82ef62751dd2c65ee44b9e2d5b574a5eff38d8a37aec783f01c355d7", "crates/gripsack-process/src/exchange.rs": "09a4024aaefacf713c50bb7d9d8d365e35557c40dd0b26a70f00d029cd7bcdcc", "crates/gripsack-process/src/exec_payload.rs": "3940802c219c4bb42d108fcd2c1ea730830ecf9e9f785ffd18dfba69df6291ec", "crates/gripsack-process/src/image.rs": "418271d2c2e3865f436febae770392013c2f37d14c3a1e5ca0d79ca2993583b1", "crates/gripsack-process/src/input.rs": "ef9dd551cdf4bc396a5407a228a94f6458626ba84bed9d312bc462fc98aac603", "crates/gripsack-process/src/invocation.rs": "080e5c3e390d0ccb297cf54e655919ec71e43dab77fe9968fa1a985355fd60c5", "crates/gripsack-process/src/lib.rs": "ba34acdb25142037f70b465bdb35b2f35d3902dd9314c742c49b3fe2e8b3e98a", "crates/gripsack-process/src/lifecycle.rs": "f49272ade99951232e6a72cd30153cc6e130419c93d40010b191ec222595c76c", "crates/gripsack-process/src/receipt.rs": "5668eaf6760196edf8aa50e923a2956a0b7bedd5713fa8607011437beb7d8bfa", "crates/gripsack-process/src/sys.rs": "fb342419ddf7136c5df0752ff888f307c35217b930063dece5936c9040aa46a7", "crates/gripsack-process/src/sys/macos.rs": "b8a2071eadf65a8e4ce2ab2159e39e006579e9c34c6e7851fc20595173159406", "crates/gripsack-process/src/terminal.rs": "bd1ce9d488f08f8298ca0427715e930adeb9ad0048d77e026a7fd1e21fa0171c", "crates/gripsack-process/src/tests/fixtures/signal_denial.rs": "22198f48cc2e90b90ff941faa760f7383d6ef6e5e1c61c67228c9babe02e9226", "crates/gripsack-process/src/tests/lifecycle.rs": "95a510bf90f834539fa8c6a1bf01521c42324484e019c58e28b789e288f796ea", "crates/gripsack-process/src/tests/mod.rs": "be946b3cdf29df81fd7ecbfb923e4f9a1315b6aa436e55e12fb71691d57114db", "crates/gripsack-process/src/tests/native.rs": "bd6c4360ece09cbb6f68f110e5f1d4c55419cba6e328072d01dbe38b014d0ba7", "crates/gripsack-process/src/tests/pressure.rs": "e7d5e1e041cd9967c424cea5cc6a7cbcd2bbecc2e325bf7825298ffb47118266"}
#19 278.9 RUNNER_COMMAND=cargo test --locked -p gripsack-process --lib -- --nocapture
#19 300.0    Compiling proc-macro2 v1.0.107
#19 300.0    Compiling unicode-ident v1.0.24
#19 300.0    Compiling quote v1.0.47
#19 300.0    Compiling verus_prettyplease v0.0.0-2026-09-06-0133
#19 300.0    Compiling typenum v1.20.1
#19 300.0    Compiling hashbrown v0.17.1
#19 300.0    Compiling libc v0.2.189
#19 300.0    Compiling equivalent v1.0.2
#19 300.0    Compiling vstd v0.0.0-2026-09-06-0133
#19 300.0    Compiling rustix v1.1.4
#19 300.0    Compiling convert_case v0.4.0
#19 300.0    Compiling getrandom v0.4.3
#19 300.0    Compiling cfg-if v1.0.4
#19 300.0    Compiling serde_core v1.0.229
#19 300.0    Compiling const-oid v0.10.2
#19 300.0    Compiling verus_builtin v0.0.0-2026-09-06-0133
#19 300.0    Compiling bitflags v2.13.1
#19 300.0    Compiling linux-raw-sys v0.12.1
#19 300.0    Compiling serde v1.0.229
#19 300.0    Compiling fastrand v2.5.0
#19 300.0    Compiling once_cell v1.21.4
#19 300.0    Compiling cpufeatures v0.3.0
#19 300.0    Compiling indexmap v2.14.0
#19 300.0    Compiling hybrid-array v0.4.14
#19 300.0    Compiling verus_syn v0.0.0-2026-09-06-0133
#19 300.0    Compiling syn v2.0.119
#19 300.0    Compiling syn v3.0.4
#19 300.0    Compiling block-buffer v0.12.1
#19 300.0    Compiling crypto-common v0.2.2
#19 300.0    Compiling digest v0.11.3
#19 300.0    Compiling tempfile v3.27.0
#19 300.0    Compiling sha2 v0.11.0
#19 300.0    Compiling serde_derive v1.0.229
#19 300.0    Compiling synstructure v0.13.2
#19 300.0    Compiling verus_builtin_macros v0.0.0-2026-09-06-0133
#19 300.0    Compiling verus_state_machines_macros v0.0.0-2026-09-06-0133
#19 300.0    Compiling gripsack-policy v0.42.0 (/tmp/gripsack-process-bounds-zvc6tau9/source/crates/gripsack-policy)
#19 300.0    Compiling gripsack-process v0.42.0 (/tmp/gripsack-process-bounds-zvc6tau9/source/crates/gripsack-process)
#19 300.0     Finished `test` profile [unoptimized + debuginfo] target(s) in 18.13s
#19 300.0      Running unittests src/lib.rs (/tmp/gripsack-process-bounds-zvc6tau9/target/debug/deps/gripsack_process-f50df9aa2ff20052)
#19 300.0 
#19 300.0 running 33 tests
#19 300.0 
#19 300.0 thread 'tests::lifecycle::callback_panic_kills_and_reaps_the_leader' (24806) panicked at crates/gripsack-process/src/tests/lifecycle.rs:67:17:
#19 300.0 intentional callback panic
#19 300.0 note: run with `RUST_BACKTRACE=1` environment variable to display a backtrace
#19 300.0 test deadline::tests::an_unfillable_wait_stops_later_admission ... ok
#19 300.0 test deadline::tests::clock_observations_cannot_extend_or_revive_admission ... ok
#19 300.0 test input::tests::rejected_append_preserves_the_admitted_request ... ok
#19 300.0 test tests::expired_operation_rejects_spawn_without_overriding_input_failure ... ok
#19 300.0 test tests::input_rejected_before_spawn ... ok
#19 300.0 test lifecycle::tests::reaped_leader_cannot_reauthorize_group_signals ... ok
#19 300.0 test tests::empty_input_is_closed_immediately ... ok
#19 300.0 test tests::lifecycle::completed_cleanup_cannot_erase_an_expired_operation ... ok
#19 300.0 test tests::framing_and_input_eof ... ok
#19 300.0 test tests::lifecycle::no_response_is_a_normal_exit ... ok
#19 300.0 test tests::exact_line_limit_and_empty_lines ... ok
#19 300.0 test tests::lifecycle::exit_and_signal_status_are_not_routing_policy ... ok
#19 300.0 test tests::lifecycle::inherited_pipes_are_killed_on_leader_exit_not_after_a_linger ... ok
#19 300.0 test tests::pressure::binary_stderr_tail_is_exact_across_pipe_chunks ... ok
#19 300.0 test tests::lifecycle::callback_panic_kills_and_reaps_the_leader ... ok
#19 300.0 test tests::pressure::huge_unterminated_line_is_stopped_incrementally ... ok
#19 300.0 test tests::native::raw_bytes_have_no_line_limit_but_keep_the_total_output_limit ... ok
#19 300.0 test tests::native::selected_script_survives_source_replacement_and_stale_approval_refuses ... ok
#19 300.0 test tests::native::native_child_cannot_read_ungranted_environment_or_inherited_descriptor ... ok
#19 300.0 test tests::native::spawn_failure_keeps_the_kernel_error_and_does_not_report_success ... ok
#19 300.0 test tests::spawn_error_and_zero_budget ... ok
#19 300.0 test tests::tail_is_exact_and_can_be_disabled ... ok
#19 300.0 test tests::pressure::response_still_sends_input_and_preserves_exit_failure ... ok
#19 300.0 test tests::pressure::simultaneous_input_and_output_pressure ... ok
#19 300.0 test tests::native::legacy_memfd_flag_support_keeps_sealed_execution ... ok
#19 300.0 test tests::pressure::response_does_not_disable_any_output_bound ... ok
#19 300.0 test tests::native::legacy_descriptor_sweep_hides_inherited_canary ... ok
#19 300.0 test tests::native::retained_authority_survives_closed_standard_descriptors ... ok
#19 300.0 test tests::pressure::stdout_and_stderr_floods_are_cumulative ... ok
#19 300.0 test tests::pressure::early_stdin_close_is_not_an_io_error ... ok
#19 300.0 test tests::operation_and_exchange_deadlines_each_bound_cleanup ... ok
#19 300.0 test tests::lifecycle::silent_process_with_closed_pipes_still_has_a_deadline ... ok
#19 300.0 test tests::pressure::blocked_input_does_not_block_response_or_deadline ... ok
#19 300.0 
#19 300.0 test result: ok. 33 passed; 0 failed; 0 ignored; 0 measured; 0 filtered out; finished in 3.01s
#19 300.0 
#19 300.0 
#19 300.0 RUNNER_COMMAND=cargo build --locked -p gripsack-process --example signal_denial
#19 301.5    Compiling gripsack-process v0.42.0 (/tmp/gripsack-process-bounds-zvc6tau9/source/crates/gripsack-process)
#19 301.5     Finished `dev` profile [unoptimized + debuginfo] target(s) in 1.46s
#19 301.5 
#19 301.5 SIGNAL_FIXTURE_BINARY_SHA256=86c5d4d749df627d30a984044d245cd7d54e9e89f52d7450ccd57b9fcaf76b8c
#19 301.5 RUNNER_COMMAND=/tmp/gripsack-process-bounds-zvc6tau9/target/debug/examples/signal_denial
#19 301.5 SIGNAL_DENIAL_OUTCOME=Outcome { status: Some(ExitStatus(unix_wait_status(0))), reason: Cleanup { cause: Io(Os { code: 1, kind: PermissionDenied, message: "Operation not permitted" }), error: Os { code: 1, kind: PermissionDenied, message: "Operation not permitted" } }, stderr: [], stderr_truncated: false }
#19 301.5 SIGNAL_DENIAL_PROPERTY=passed live=false
#19 301.5 
#19 301.5 RUNNER_COMMAND=cargo build --locked -p gripsack-process --example signal_denial
#19 301.6     Finished `dev` profile [unoptimized + debuginfo] target(s) in 0.06s
#19 301.6 
#19 301.6 SIGNAL_FIXTURE_BINARY_SHA256=86c5d4d749df627d30a984044d245cd7d54e9e89f52d7450ccd57b9fcaf76b8c
#19 301.6 RUNNER_COMMAND=/tmp/gripsack-process-bounds-zvc6tau9/target/debug/examples/signal_denial --live-credential-change
#19 309.6 SIGNAL_DENIAL_OUTCOME=Outcome { status: None, reason: Cleanup { cause: Deadline, error: Os { code: 1, kind: PermissionDenied, message: "Operation not permitted" } }, stderr: [], stderr_truncated: false }
#19 309.6 SIGNAL_DENIAL_PROPERTY=passed live=true
#19 309.6 
#19 309.6 PROCESS_BOUNDS_PROPERTIES=35
#19 309.6 RUNNER_COMMAND=cargo test --locked -p gripsack-process --lib input::tests::rejected_append_preserves_the_admitted_request -- --nocapture --exact
#19 310.2    Compiling gripsack-process v0.42.0 (/tmp/gripsack-process-bounds-zvc6tau9/source/crates/gripsack-process)
#19 310.2     Finished `test` profile [unoptimized + debuginfo] target(s) in 0.62s
#19 310.2      Running unittests src/lib.rs (/tmp/gripsack-process-bounds-zvc6tau9/target/debug/deps/gripsack_process-f50df9aa2ff20052)
#19 310.2 
#19 310.2 running 1 test
#19 310.2 
#19 310.2 thread 'input::tests::rejected_append_preserves_the_admitted_request' (25342) panicked at crates/gripsack-process/src/input.rs:59:14:
#19 310.2 serializer_excess_was_admitted: ()
#19 310.2 note: run with `RUST_BACKTRACE=1` environment variable to display a backtrace
#19 310.2 test input::tests::rejected_append_preserves_the_admitted_request ... FAILED
#19 310.2 
#19 310.2 failures:
#19 310.2 
#19 310.2 failures:
#19 310.2     input::tests::rejected_append_preserves_the_admitted_request
#19 310.2 
#19 310.2 test result: FAILED. 0 passed; 1 failed; 0 ignored; 0 measured; 32 filtered out; finished in 0.00s
#19 310.2 
#19 310.2 error: test failed, to rerun pass `-p gripsack-process --lib`
#19 310.2 
#19 310.2 calibration: serializer-input-observer rejected by input::tests::rejected_append_preserves_the_admitted_request
#19 310.2 RUNNER_COMMAND=cargo test --locked -p gripsack-process --lib tests::pressure::stdout_and_stderr_floods_are_cumulative -- --nocapture --exact
#19 314.7    Compiling gripsack-process v0.42.0 (/tmp/gripsack-process-bounds-zvc6tau9/source/crates/gripsack-process)
#19 314.7     Finished `test` profile [unoptimized + debuginfo] target(s) in 0.67s
#19 314.7      Running unittests src/lib.rs (/tmp/gripsack-process-bounds-zvc6tau9/target/debug/deps/gripsack_process-f50df9aa2ff20052)
#19 314.7 
#19 314.7 running 1 test
#19 314.7 
#19 314.7 thread 'tests::pressure::stdout_and_stderr_floods_are_cumulative' (25535) panicked at crates/gripsack-process/src/tests/pressure.rs:69:5:
#19 314.7 stdout_total_was_not_enforced: Outcome { status: Some(ExitStatus(unix_wait_status(9))), reason: Deadline, stderr: [], stderr_truncated: false }
#19 314.7 note: run with `RUST_BACKTRACE=1` environment variable to display a backtrace
#19 314.7 test tests::pressure::stdout_and_stderr_floods_are_cumulative ... FAILED
#19 314.7 
#19 314.7 failures:
#19 314.7 
#19 314.7 failures:
#19 314.7     tests::pressure::stdout_and_stderr_floods_are_cumulative
#19 314.7 
#19 314.7 test result: FAILED. 0 passed; 1 failed; 0 ignored; 0 measured; 32 filtered out; finished in 3.76s
#19 314.7 
#19 314.7 error: test failed, to rerun pass `-p gripsack-process --lib`
#19 314.7 
#19 314.7 calibration: stdout-byte-observer rejected by tests::pressure::stdout_and_stderr_floods_are_cumulative
#19 314.7 RUNNER_COMMAND=cargo test --locked -p gripsack-process --lib tests::pressure::stdout_and_stderr_floods_are_cumulative -- --nocapture --exact
#19 318.5    Compiling gripsack-process v0.42.0 (/tmp/gripsack-process-bounds-zvc6tau9/source/crates/gripsack-process)
#19 318.5     Finished `test` profile [unoptimized + debuginfo] target(s) in 0.72s
#19 318.5      Running unittests src/lib.rs (/tmp/gripsack-process-bounds-zvc6tau9/target/debug/deps/gripsack_process-f50df9aa2ff20052)
#19 318.5 
#19 318.5 running 1 test
#19 318.5 
#19 318.5 thread 'tests::pressure::stdout_and_stderr_floods_are_cumulative' (25729) panicked at crates/gripsack-process/src/tests/pressure.rs:82:5:
#19 318.5 stderr_total_was_not_enforced: Outcome { status: Some(ExitStatus(unix_wait_status(9))), reason: Deadline, stderr: [99, 10, 100, 105, 97, 103, 110, 111, 115, 116, 105, 99, 10, 100, 105, 97, 103, 110, 111, 115, 116, 105, 99, 10, 100, 105, 97, 103, 110, 111, 115, 116, 105, 99, 10, 100, 105, 97, 103, 110, 111, 115, 116, 105, 99, 10, 100, 105, 97, 103, 110, 111, 115, 116, 105, 99, 10, 100, 105, 97, 103, 110, 111, 115, 116, 105, 99, 10, 100, 105, 97, 103, 110, 111, 115, 116, 105, 99, 10, 100, 105, 97, 103, 110, 111, 115, 116, 105, 99, 10, 100, 105, 97, 103, 110, 111, 115, 116, 105, 99, 10, 100, 105, 97, 103, 110, 111, 115, 116, 105, 99, 10, 100, 105, 97, 103, 110, 111, 115, 116, 105, 99, 10, 100, 105, 97, 103, 110, 111, 115, 116, 105, 99, 10, 100, 105, 97, 103, 110, 111, 115, 116, 105, 99, 10, 100, 105, 97, 103, 110, 111, 115, 116, 105, 99, 10, 100, 105, 97, 103, 110, 111, 115, 116, 105, 99, 10, 100, 105, 97, 103, 110, 111, 115, 116, 105, 99, 10, 100, 105, 97, 103, 110, 111, 115, 116, 105, 99, 10, 100, 105, 97, 103, 110, 111, 115, 116, 105, 99, 10, 100, 105, 97, 103, 110, 111, 115, 116, 105, 99, 10, 100, 105, 97, 103, 110, 111, 115, 116, 105, 99, 10, 100, 105, 97, 103, 110, 111, 115, 116, 105, 99, 10, 100, 105, 97, 103, 110, 111, 115, 116, 105, 99, 10, 100, 105, 97, 103, 110, 111, 115, 116, 105, 99, 10, 100, 105, 97, 103, 110, 111, 115, 116, 105, 99, 10, 100, 105, 97, 103, 110, 111, 115, 116, 105, 99, 10, 100, 105, 97, 103, 110, 111, 115, 116, 105, 99, 10, 100, 105, 97, 103, 110, 111, 115, 116, 105, 99, 10, 100, 105, 97, 103, 110, 111, 115, 116, 105, 99, 10, 100, 105, 97, 103, 110, 111, 115, 116, 105, 99, 10, 100, 105, 97, 103, 110, 111, 115, 116, 105, 99, 10, 100, 105, 97, 103, 110, 111, 115, 116, 105, 99, 10, 100, 105, 97, 103, 110, 111, 115, 116, 105, 99, 10, 100, 105, 97, 103, 110, 111, 115, 116, 105, 99, 10, 100, 105, 97, 103, 110, 111, 115, 116, 105, 99, 10, 100, 105, 97, 103, 110, 111, 115, 116, 105, 99, 10, 100, 105, 97, 103, 110, 111, 115, 116, 105, 99, 10, 100, 105, 97, 103, 110, 111, 115, 116, 105, 99, 10, 100, 105, 97, 103, 110, 111, 115, 116, 105, 99, 10, 100, 105, 97, 103, 110, 111, 115, 116, 105, 99, 10, 100, 105, 97, 103, 110, 111, 115, 116, 105, 99, 10, 100, 105, 97, 103, 110, 111, 115, 116, 105, 99, 10, 100, 105, 97, 103, 110, 111, 115, 116, 105, 99, 10, 100, 105, 97, 103, 110, 111, 115, 116, 105, 99, 10, 100, 105, 97, 103, 110, 111, 115, 116, 105, 99, 10, 100, 105, 97, 103, 110, 111, 115, 116, 105, 99, 10, 100, 105, 97, 103, 110, 111, 115, 116, 105, 99, 10, 100, 105, 97, 103, 110, 111, 115, 116, 105, 99, 10, 100, 105, 97, 103, 110, 111, 115, 116, 105, 99, 10, 100, 105, 97, 103, 110, 111, 115, 116, 105, 99, 10, 100, 105, 97, 103, 110, 111, 115, 116, 105, 99, 10, 100, 105, 97, 103, 110, 111, 115, 116, 105, 99, 10, 100, 105, 97, 103, 110, 111, 115, 116, 105, 99, 10, 100, 105, 97, 103, 110, 111, 115, 116, 105, 99, 10, 100, 105, 97, 103, 110, 111, 115, 116, 105, 99, 10, 100, 105, 97, 103, 110, 111, 115, 116, 105, 99, 10, 100, 105, 97, 103, 110, 111, 115, 116, 105, 99, 10, 100, 105, 97, 103, 110, 111, 115, 116, 105, 99, 10, 100, 105, 97, 103, 110, 111, 115, 116, 105, 99, 10, 100, 105, 97, 103, 110, 111, 115, 116, 105, 99, 10, 100, 105, 97, 103, 110, 111, 115, 116, 105, 99, 10, 100, 105, 97, 103, 110, 111, 115, 116, 105, 99, 10, 100, 105, 97, 103, 110, 111, 115, 116, 105, 99, 10, 100, 105, 97, 103, 110, 111, 115, 116, 105, 99, 10, 100, 105, 97, 103, 110, 111, 115, 116, 105, 99, 10, 100, 105, 97, 103, 110, 111, 115, 116, 105, 99, 10, 100, 105, 97, 103, 110, 111, 115, 116, 105, 99, 10, 100, 105, 97, 103, 110, 111, 115, 116, 105, 99, 10, 100, 105, 97, 103, 110, 111, 115, 116, 105, 99, 10, 100, 105, 97, 103, 110, 111, 115, 116, 105, 99, 10, 100, 105, 97, 103, 110, 111, 115, 116, 105, 99, 10, 100, 105, 97, 103, 110, 111, 115, 116, 105, 99, 10, 100, 105, 97, 103, 110, 111, 115, 116, 105, 99, 10, 100, 105, 97, 103, 110, 111, 115, 116, 105, 99, 10, 100, 105, 97, 103, 110, 111, 115, 116, 105, 99, 10, 100, 105, 97, 103, 110, 111, 115, 116, 105, 99, 10, 100, 105, 97, 103, 110, 111, 115, 116, 105, 99, 10, 100, 105, 97, 103, 110, 111, 115, 116, 105, 99, 10, 100, 105, 97, 103, 110, 111, 115, 116, 105, 99, 10, 100, 105, 97, 103, 110, 111, 115, 116, 105, 99, 10, 100, 105, 97, 103, 110, 111, 115, 116, 105, 99, 10, 100, 105, 97, 103, 110, 111, 115, 116, 105, 99, 10, 100, 105, 97, 103, 110, 111, 115, 116, 105, 99, 10, 100, 105, 97, 103, 110, 111, 115, 116, 105, 99, 10, 100, 105, 97, 103, 110, 111, 115, 116, 105, 99, 10, 100, 105, 97, 103, 110, 111, 115, 116, 105, 99, 10, 100, 105, 97, 103, 110, 111, 115, 116, 105, 99, 10, 100, 105, 97, 103, 110, 111, 115, 116, 105, 99, 10, 100, 105, 97, 103, 110, 111, 115, 116, 105, 99, 10, 100, 105, 97, 103, 110, 111, 115, 116, 105, 99, 10, 100, 105, 97, 103, 110, 111, 115, 116, 105, 99, 10, 100, 105, 97, 103, 110, 111, 115, 116, 105, 99, 10, 100, 105, 97, 103, 110, 111, 115, 116, 105, 99, 10, 100, 105, 97, 103, 110, 111, 115, 116, 105, 99], stderr_truncated: false }
#19 318.5 note: run with `RUST_BACKTRACE=1` environment variable to display a backtrace
#19 318.5 test tests::pressure::stdout_and_stderr_floods_are_cumulative ... FAILED
#19 318.5 
#19 318.5 failures:
#19 318.5 
#19 318.5 failures:
#19 318.5     tests::pressure::stdout_and_stderr_floods_are_cumulative
#19 318.5 
#19 318.5 test result: FAILED. 0 passed; 1 failed; 0 ignored; 0 measured; 32 filtered out; finished in 3.02s
#19 318.5 
#19 318.5 error: test failed, to rerun pass `-p gripsack-process --lib`
#19 318.5 
#19 318.5 calibration: stderr-byte-observer rejected by tests::pressure::stdout_and_stderr_floods_are_cumulative
#19 318.5 RUNNER_COMMAND=cargo test --locked -p gripsack-process --lib tests::pressure::huge_unterminated_line_is_stopped_incrementally -- --nocapture --exact
#19 319.3    Compiling gripsack-process v0.42.0 (/tmp/gripsack-process-bounds-zvc6tau9/source/crates/gripsack-process)
#19 319.3     Finished `test` profile [unoptimized + debuginfo] target(s) in 0.72s
#19 319.3      Running unittests src/lib.rs (/tmp/gripsack-process-bounds-zvc6tau9/target/debug/deps/gripsack_process-f50df9aa2ff20052)
#19 319.3 
#19 319.3 running 1 test
#19 319.3 
#19 319.3 thread 'tests::pressure::huge_unterminated_line_is_stopped_incrementally' (25924) panicked at crates/gripsack-process/src/tests/pressure.rs:51:5:
#19 319.3 frame_limit_was_not_enforced: Outcome { status: Some(ExitStatus(unix_wait_status(0))), reason: Exited, stderr: [], stderr_truncated: false }
#19 319.3 note: run with `RUST_BACKTRACE=1` environment variable to display a backtrace
#19 319.3 test tests::pressure::huge_unterminated_line_is_stopped_incrementally ... FAILED
#19 319.3 
#19 319.3 failures:
#19 319.3 
#19 319.3 failures:
#19 319.3     tests::pressure::huge_unterminated_line_is_stopped_incrementally
#19 319.3 
#19 319.3 test result: FAILED. 0 passed; 1 failed; 0 ignored; 0 measured; 32 filtered out; finished in 0.06s
#19 319.3 
#19 319.3 error: test failed, to rerun pass `-p gripsack-process --lib`
#19 319.3 
#19 319.3 calibration: dropped-frame-admission rejected by tests::pressure::huge_unterminated_line_is_stopped_incrementally
#19 319.3 RUNNER_COMMAND=cargo test --locked -p gripsack-process --lib tests::pressure::binary_stderr_tail_is_exact_across_pipe_chunks -- --nocapture --exact
#19 320.1    Compiling gripsack-process v0.42.0 (/tmp/gripsack-process-bounds-zvc6tau9/source/crates/gripsack-process)
#19 320.1     Finished `test` profile [unoptimized + debuginfo] target(s) in 0.74s
#19 320.1      Running unittests src/lib.rs (/tmp/gripsack-process-bounds-zvc6tau9/target/debug/deps/gripsack_process-f50df9aa2ff20052)
#19 320.1 
#19 320.1 running 1 test
#19 320.1 
#19 320.1 thread 'tests::pressure::binary_stderr_tail_is_exact_across_pipe_chunks' (26118) panicked at crates/gripsack-process/src/tests/pressure.rs:182:9:
#19 320.1 assertion `left == right` failed: stderr_tail_lost_exact_suffix
#19 320.1   left: [229, 230, 231, 232, 233, 234, 235, 236, 237, 238, 239, 240, 241]
#19 320.1  right: [233, 234, 235, 236, 237, 238, 239, 240, 241, 242, 243, 244, 245]
#19 320.1 note: run with `RUST_BACKTRACE=1` environment variable to display a backtrace
#19 320.1 test tests::pressure::binary_stderr_tail_is_exact_across_pipe_chunks ... FAILED
#19 320.1 
#19 320.1 failures:
#19 320.1 
#19 320.1 failures:
#19 320.1     tests::pressure::binary_stderr_tail_is_exact_across_pipe_chunks
#19 320.1 
#19 320.1 test result: FAILED. 0 passed; 1 failed; 0 ignored; 0 measured; 32 filtered out; finished in 0.00s
#19 320.1 
#19 320.1 error: test failed, to rerun pass `-p gripsack-process --lib`
#19 320.1 
#19 320.1 calibration: stderr-tail-effect rejected by tests::pressure::binary_stderr_tail_is_exact_across_pipe_chunks
#19 320.1 RUNNER_COMMAND=cargo test --locked -p gripsack-process --lib tests::pressure::binary_stderr_tail_is_exact_across_pipe_chunks -- --nocapture --exact
#19 320.8    Compiling gripsack-process v0.42.0 (/tmp/gripsack-process-bounds-zvc6tau9/source/crates/gripsack-process)
#19 320.8     Finished `test` profile [unoptimized + debuginfo] target(s) in 0.73s
#19 320.8      Running unittests src/lib.rs (/tmp/gripsack-process-bounds-zvc6tau9/target/debug/deps/gripsack_process-f50df9aa2ff20052)
#19 320.8 
#19 320.8 running 1 test
#19 320.8 
#19 320.8 thread 'tests::pressure::binary_stderr_tail_is_exact_across_pipe_chunks' (26312) panicked at crates/gripsack-process/src/tests/pressure.rs:182:9:
#19 320.8 assertion `left == right` failed: stderr_tail_lost_exact_suffix
#19 320.8   left: [4, 5, 6, 7, 8, 9, 10, 11, 12, 13, 14, 15, 16]
#19 320.8  right: [233, 234, 235, 236, 237, 238, 239, 240, 241, 242, 243, 244, 245]
#19 320.8 note: run with `RUST_BACKTRACE=1` environment variable to display a backtrace
#19 320.8 test tests::pressure::binary_stderr_tail_is_exact_across_pipe_chunks ... FAILED
#19 320.8 
#19 320.8 failures:
#19 320.8 
#19 320.8 failures:
#19 320.8     tests::pressure::binary_stderr_tail_is_exact_across_pipe_chunks
#19 320.8 
#19 320.8 test result: FAILED. 0 passed; 1 failed; 0 ignored; 0 measured; 32 filtered out; finished in 0.00s
#19 320.8 
#19 320.8 error: test failed, to rerun pass `-p gripsack-process --lib`
#19 320.8 
#19 320.8 calibration: input-window-effect rejected by tests::pressure::binary_stderr_tail_is_exact_across_pipe_chunks
#19 320.8 RUNNER_COMMAND=cargo test --locked -p gripsack-process --lib tests::lifecycle::completed_cleanup_cannot_erase_an_expired_operation -- --nocapture --exact
#19 321.6    Compiling gripsack-process v0.42.0 (/tmp/gripsack-process-bounds-zvc6tau9/source/crates/gripsack-process)
#19 321.6     Finished `test` profile [unoptimized + debuginfo] target(s) in 0.80s
#19 321.6      Running unittests src/lib.rs (/tmp/gripsack-process-bounds-zvc6tau9/target/debug/deps/gripsack_process-f50df9aa2ff20052)
#19 321.6 
#19 321.6 running 1 test
#19 321.6 
#19 321.6 thread 'tests::lifecycle::completed_cleanup_cannot_erase_an_expired_operation' (26506) panicked at crates/gripsack-process/src/tests/lifecycle.rs:98:5:
#19 321.6 expired_cleanup_was_reported_successfully: None
#19 321.6 note: run with `RUST_BACKTRACE=1` environment variable to display a backtrace
#19 321.6 test tests::lifecycle::completed_cleanup_cannot_erase_an_expired_operation ... FAILED
#19 321.6 
#19 321.6 failures:
#19 321.6 
#19 321.6 failures:
#19 321.6     tests::lifecycle::completed_cleanup_cannot_erase_an_expired_operation
#19 321.6 
#19 321.6 test result: FAILED. 0 passed; 1 failed; 0 ignored; 0 measured; 32 filtered out; finished in 0.00s
#19 321.6 
#19 321.6 error: test failed, to rerun pass `-p gripsack-process --lib`
#19 321.6 
#19 321.6 calibration: cleanup-deadline-observer rejected by tests::lifecycle::completed_cleanup_cannot_erase_an_expired_operation
#19 321.6 RUNNER_COMMAND=cargo test --locked -p gripsack-process --lib lifecycle::tests::reaped_leader_cannot_reauthorize_group_signals -- --nocapture --exact
#19 322.4    Compiling gripsack-process v0.42.0 (/tmp/gripsack-process-bounds-zvc6tau9/source/crates/gripsack-process)
#19 322.4     Finished `test` profile [unoptimized + debuginfo] target(s) in 0.71s
#19 322.4      Running unittests src/lib.rs (/tmp/gripsack-process-bounds-zvc6tau9/target/debug/deps/gripsack_process-f50df9aa2ff20052)
#19 322.4 
#19 322.4 running 1 test
#19 322.4 
#19 322.4 thread 'lifecycle::tests::reaped_leader_cannot_reauthorize_group_signals' (26700) panicked at crates/gripsack-process/src/lifecycle.rs:230:18:
#19 322.4 reaped_leader_regained_signal_authority: ()
#19 322.4 note: run with `RUST_BACKTRACE=1` environment variable to display a backtrace
#19 322.4 test lifecycle::tests::reaped_leader_cannot_reauthorize_group_signals ... FAILED
#19 322.4 
#19 322.4 failures:
#19 322.4 
#19 322.4 failures:
#19 322.4     lifecycle::tests::reaped_leader_cannot_reauthorize_group_signals
#19 322.4 
#19 322.4 test result: FAILED. 0 passed; 1 failed; 0 ignored; 0 measured; 32 filtered out; finished in 0.00s
#19 322.4 
#19 322.4 error: test failed, to rerun pass `-p gripsack-process --lib`
#19 322.4 
#19 322.4 calibration: reap-result-authority rejected by lifecycle::tests::reaped_leader_cannot_reauthorize_group_signals
#19 322.4 RUNNER_COMMAND=cargo build --locked -p gripsack-process --example signal_denial
#19 323.0    Compiling gripsack-process v0.42.0 (/tmp/gripsack-process-bounds-zvc6tau9/source/crates/gripsack-process)
#19 323.0     Finished `dev` profile [unoptimized + debuginfo] target(s) in 0.61s
#19 323.0 
#19 323.0 SIGNAL_FIXTURE_BINARY_SHA256=887b3a1670dafadbc72d5dc7b7e9ca3b2e965f39e459ba1a333fc9001c53b609
#19 323.0 RUNNER_COMMAND=/tmp/gripsack-process-bounds-zvc6tau9/target/debug/examples/signal_denial
#19 323.0 SIGNAL_DENIAL_OUTCOME=Outcome { status: Some(ExitStatus(unix_wait_status(0))), reason: Exited, stderr: [], stderr_truncated: false }
#19 323.0 
#19 323.0 thread 'main' (26950) panicked at crates/gripsack-process/examples/signal_denial.rs:77:14:
#19 323.0 denied_group_signal_was_reported_successfully: Outcome { status: Some(ExitStatus(unix_wait_status(0))), reason: Exited, stderr: [], stderr_truncated: false }
#19 323.0 note: run with `RUST_BACKTRACE=1` environment variable to display a backtrace
#19 323.0 
#19 323.0 calibration: signal-error-classification rejected by permission
#19 323.0 RUNNER_COMMAND=cargo build --locked -p gripsack-process --example signal_denial
#19 323.7    Compiling gripsack-process v0.42.0 (/tmp/gripsack-process-bounds-zvc6tau9/source/crates/gripsack-process)
#19 323.7     Finished `dev` profile [unoptimized + debuginfo] target(s) in 0.66s
#19 323.7 
#19 323.7 SIGNAL_FIXTURE_BINARY_SHA256=233bb2d0a0f80edcb3054f9a772df84b67923458f3019d86a331287c9df25006
#19 323.7 RUNNER_COMMAND=/tmp/gripsack-process-bounds-zvc6tau9/target/debug/examples/signal_denial
#19 323.7 SIGNAL_DENIAL_OUTCOME=Outcome { status: Some(ExitStatus(unix_wait_status(0))), reason: Cleanup { cause: Io(Os { code: 1, kind: PermissionDenied, message: "Operation not permitted" }), error: Custom { kind: PermissionDenied, error: "Operation not permitted (os error 1)" } }, stderr: [], stderr_truncated: false }
#19 323.7 
#19 323.7 thread 'main' (27200) panicked at crates/gripsack-process/examples/signal_denial.rs:67:13:
#19 323.7 assertion `left == right` failed: cleanup_errno_was_lost
#19 323.7   left: None
#19 323.7  right: Some(1)
#19 323.7 note: run with `RUST_BACKTRACE=1` environment variable to display a backtrace
#19 323.7 
#19 323.7 calibration: signal-errno-receipt rejected by permission
#19 323.7 PROCESS_BOUNDS_MUTANTS=10
#19 323.7 Process bounds gate: OK
#19 324.1 UPDATE_SURVEY_INPUT_SHA256={"Cargo.lock": "4d029e8dc65468ac1f41c71e17c1e27cffdf99e4a1e57abe4ab8558181d48264", "Cargo.toml": "2acc969d77f3274d49f33666d81d20fcf845e7f1546ecea1a1e8e5cd2db79bd4", "crates/gripsack-exec/src/report.rs": "2606e96209270ca58a4fec364bcd0e1ea983cf32200c744a861690f81a82d8c0", "crates/gripsack-exec/src/source/preflight.rs": "2507e247bd35330d0d33615b9ecd0b086b686a8baf046aaeff728b90c0e2c643", "crates/gripsack-exec/src/update.rs": "62b25699c589ade6782238daeb21bea8fe59b1b51a0845c31c4ee851697066f7", "crates/gripsack-exec/src/update/prepare.rs": "2d8a51e0cb7a0107911d28383e1f200cd6e6e86cd3657aef753e5cbbed166c4e", "crates/gripsack-exec/src/update/tests.rs": "708114228049947f9413ff534a8211b9a5f14977b484ccd3a331c2b3d57e943a", "crates/gripsack-exec/src/workspace/mod.rs": "2ecf575a9c7c9cb8fc51b66e7c48bbe8b7d61e0417d155fbf993059adb54191d", "crates/gripsack-policy/src/update_survey.rs": "091f57d737e4ac9d77f1dcd8a4b9e8f0424f52d6bcd6f6a9c61cdfd06d06e61a"}
#19 324.1 RUNNER_COMMAND=cargo test --locked -p gripsack-exec --lib report::update_model::every_survey_order_preserves_error_over_change_precedence -- --exact --nocapture
#19 362.5    Compiling proc-macro2 v1.0.107
#19 362.5    Compiling unicode-ident v1.0.24
#19 362.5    Compiling quote v1.0.47
#19 362.5    Compiling libc v0.2.189
#19 362.5    Compiling shlex v2.0.1
#19 362.5    Compiling find-msvc-tools v0.1.11
#19 362.5    Compiling cfg-if v1.0.4
#19 362.5    Compiling stable_deref_trait v1.2.1
#19 362.5    Compiling serde_core v1.0.229
#19 362.5    Compiling once_cell v1.21.4
#19 362.5    Compiling rustix v1.1.4
#19 362.5    Compiling pkg-config v0.3.34
#19 362.5    Compiling linux-raw-sys v0.12.1
#19 362.5    Compiling bitflags v2.13.1
#19 362.5    Compiling smallvec v1.15.2
#19 362.5    Compiling verus_prettyplease v0.0.0-2026-09-06-0133
#19 362.5    Compiling equivalent v1.0.2
#19 362.5    Compiling hashbrown v0.17.1
#19 362.5    Compiling writeable v0.6.4
#19 362.5    Compiling litemap v0.8.3
#19 362.5    Compiling log v0.4.34
#19 362.5    Compiling zeroize v1.9.0
#19 362.5    Compiling convert_case v0.4.0
#19 362.5    Compiling icu_properties_data v2.3.0
#19 362.5    Compiling zmij v1.0.23
#19 362.5    Compiling io-lifetimes v2.0.4
#19 362.5    Compiling typenum v1.20.1
#19 362.5    Compiling serde v1.0.229
#19 362.5    Compiling vstd v0.0.0-2026-09-06-0133
#19 362.5    Compiling utf8_iter v1.0.4
#19 362.5    Compiling io-lifetimes v3.0.1
#19 362.5    Compiling icu_normalizer_data v2.3.0
#19 362.5    Compiling verus_builtin v0.0.0-2026-09-06-0133
#19 362.5    Compiling memchr v2.8.3
#19 362.5    Compiling io-extras v0.19.0
#19 362.5    Compiling serde_json v1.0.151
#19 362.5    Compiling winnow v1.0.4
#19 362.5    Compiling rustls-pki-types v1.15.1
#19 362.5    Compiling thiserror v2.0.20
#19 362.5    Compiling itoa v1.0.18
#19 362.5    Compiling rustversion v1.0.23
#19 362.5    Compiling crc32fast v1.5.1
#19 362.5    Compiling cap-primitives v4.0.3
#19 362.5    Compiling tracing-core v0.1.36
#19 362.5    Compiling ipnet v2.12.1
#19 362.5    Compiling const-oid v0.10.2
#19 362.5    Compiling simd-adler32 v0.3.10
#19 362.5    Compiling maybe-owned v0.3.4
#19 362.5    Compiling ambient-authority v0.0.2
#19 362.5    Compiling cap-std v4.0.3
#19 362.5    Compiling toml_writer v1.1.2+spec-1.1.0
#19 362.5    Compiling zstd-safe v7.2.4
#19 362.5    Compiling getrandom v0.4.3
#19 362.5    Compiling untrusted v0.9.0
#19 362.5    Compiling rustls v0.23.45
#19 362.5    Compiling adler2 v2.0.1
#19 362.5    Compiling cpufeatures v0.3.0
#19 362.5    Compiling parking_lot_core v0.9.12
#19 362.5    Compiling regex-syntax v0.8.11
#19 362.5    Compiling pin-project-lite v0.2.17
#19 362.5    Compiling percent-encoding v2.3.2
#19 362.5    Compiling libbz2-rs-sys v0.2.5
#19 362.5    Compiling miniz_oxide v0.8.9
#19 362.5    Compiling scopeguard v1.2.0
#19 362.5    Compiling winnow v0.7.15
#19 362.5    Compiling toml_parser v1.1.3+spec-1.1.0
#19 362.5    Compiling fastrand v2.5.0
#19 362.5    Compiling lazy_static v1.5.0
#19 362.5    Compiling webpki-roots v1.0.9
#19 362.5    Compiling zlib-rs v0.6.7
#19 362.5    Compiling subtle v2.6.1
#19 362.5    Compiling bumpalo v3.20.3
#19 362.5    Compiling lock_api v0.4.14
#19 362.5    Compiling thread_local v1.1.10
#19 362.5    Compiling indexmap v2.14.0
#19 362.5    Compiling form_urlencoded v1.2.2
#19 362.5    Compiling sharded-slab v0.1.7
#19 362.5    Compiling webpki-roots v0.26.11
#19 362.5    Compiling base64 v0.22.1
#19 362.5    Compiling nu-ansi-term v0.50.3
#19 362.5    Compiling typed-path v0.12.3
#19 362.5    Compiling tracing-log v0.2.0
#19 362.5    Compiling openssl-probe v0.2.1
#19 362.5    Compiling scoped-tls v1.0.1
#19 362.5    Compiling httpdate v1.0.3
#19 362.5    Compiling zopfli v0.8.3
#19 362.5    Compiling rustls-native-certs v0.8.4
#19 362.5    Compiling bzip2 v0.6.1
#19 362.5    Compiling hybrid-array v0.4.14
#19 362.5    Compiling syn v2.0.119
#19 362.5    Compiling syn v3.0.4
#19 362.5    Compiling verus_syn v0.0.0-2026-09-06-0133
#19 362.5    Compiling jobserver v0.1.35
#19 362.5    Compiling getrandom v0.2.17
#19 362.5    Compiling filetime v0.2.29
#19 362.5    Compiling parking_lot v0.12.5
#19 362.5    Compiling block-buffer v0.12.1
#19 362.5    Compiling crypto-common v0.2.2
#19 362.5    Compiling cc v1.4.4
#19 362.5    Compiling regex-automata v0.4.18
#19 362.5    Compiling digest v0.11.3
#19 362.5    Compiling sha2 v0.11.0
#19 362.5    Compiling ring v0.17.14
#19 362.5    Compiling zstd-sys v2.0.16+zstd.1.5.7
#19 362.5    Compiling lzma-sys v0.1.20
#19 362.5    Compiling generator v0.8.10
#19 362.5    Compiling serde_spanned v1.1.1
#19 362.5    Compiling toml_datetime v0.7.5+spec-1.1.0
#19 362.5    Compiling toml_datetime v1.1.1+spec-1.1.0
#19 362.5    Compiling toml v0.9.12+spec-1.1.0
#19 362.5    Compiling toml v1.1.4+spec-1.1.0
#19 362.5    Compiling flate2 v1.1.9
#19 362.5    Compiling matchers v0.2.0
#19 362.5    Compiling fs-set-times v0.20.3
#19 362.5    Compiling rustix-linux-procfs v0.1.1
#19 362.5    Compiling tempfile v3.27.0
#19 362.5    Compiling xattr v1.6.1
#19 362.5    Compiling xz2 v0.1.7
#19 362.5    Compiling tar v0.4.46
#19 362.5    Compiling zerovec-derive v0.11.6
#19 362.5    Compiling displaydoc v0.2.7
#19 362.5    Compiling serde_derive v1.0.229
#19 362.5    Compiling thiserror-impl v2.0.20
#19 362.5    Compiling gripsack-fs v0.42.0 (/tmp/gripsack-update-survey-qwfikg0u/source/crates/gripsack-fs)
#19 362.5    Compiling synstructure v0.13.2
#19 362.5    Compiling rustls-webpki v0.103.15
#19 362.5    Compiling zstd v0.13.3
#19 362.5    Compiling zip v8.6.0
#19 362.5    Compiling zerofrom-derive v0.1.7
#19 362.5    Compiling yoke-derive v0.8.2
#19 362.5    Compiling tracing-attributes v0.1.31
#19 362.5    Compiling tracing v0.1.44
#19 362.5    Compiling zerofrom v0.1.8
#19 362.5    Compiling yoke v0.8.3
#19 362.5    Compiling tracing-subscriber v0.3.23
#19 362.5    Compiling zerovec v0.11.8
#19 362.5    Compiling zerotrie v0.2.5
#19 362.5    Compiling verus_builtin_macros v0.0.0-2026-09-06-0133
#19 362.5    Compiling verus_state_machines_macros v0.0.0-2026-09-06-0133
#19 362.5    Compiling tinystr v0.8.4
#19 362.5    Compiling potential_utf v0.1.6
#19 362.5    Compiling icu_collections v2.3.0
#19 362.5    Compiling icu_locale_core v2.3.0
#19 362.5    Compiling loom v0.7.2
#19 362.5    Compiling icu_provider v2.3.1
#19 362.5    Compiling icu_properties v2.3.0
#19 362.5    Compiling icu_normalizer v2.3.0
#19 362.5    Compiling idna_adapter v1.2.2
#19 362.5    Compiling idna v1.1.0
#19 362.5    Compiling url v2.5.8
#19 362.5    Compiling ureq v2.12.1
#19 362.5    Compiling gripsack-policy v0.42.0 (/tmp/gripsack-update-survey-qwfikg0u/source/crates/gripsack-policy)
#19 362.5    Compiling gripsack-ir v0.42.0 (/tmp/gripsack-update-survey-qwfikg0u/source/crates/gripsack-ir)
#19 362.5    Compiling gripsack-process v0.42.0 (/tmp/gripsack-update-survey-qwfikg0u/source/crates/gripsack-process)
#19 362.5    Compiling gripsack-store v0.42.0 (/tmp/gripsack-update-survey-qwfikg0u/source/crates/gripsack-store)
#19 362.5    Compiling gripsack-config v0.42.0 (/tmp/gripsack-update-survey-qwfikg0u/source/crates/gripsack-config)
#19 362.5    Compiling gripsack-fetch v0.42.0 (/tmp/gripsack-update-survey-qwfikg0u/source/crates/gripsack-fetch)
#19 362.5    Compiling gripsack-exec v0.42.0 (/tmp/gripsack-update-survey-qwfikg0u/source/crates/gripsack-exec)
#19 362.5     Finished `test` profile [unoptimized + debuginfo] target(s) in 38.46s
#19 362.5      Running unittests src/lib.rs (/tmp/gripsack-update-survey-qwfikg0u/target/debug/deps/gripsack_exec-487739c07ff1c607)
#19 362.5 
#19 362.5 running 1 test
#19 362.5 test report::update_model::every_survey_order_preserves_error_over_change_precedence ... ok
#19 362.5 
#19 362.5 test result: ok. 1 passed; 0 failed; 0 ignored; 0 measured; 55 filtered out; finished in 0.00s
#19 362.5 
#19 362.5 
#19 362.5 RUNNER_COMMAND=cargo test --locked -p gripsack-exec --lib update::tests::check_and_publish_agree_on_metadata_only_pin_changes -- --exact --nocapture
#19 362.9     Finished `test` profile [unoptimized + debuginfo] target(s) in 0.24s
#19 362.9      Running unittests src/lib.rs (/tmp/gripsack-update-survey-qwfikg0u/target/debug/deps/gripsack_exec-487739c07ff1c607)
#19 362.9 
#19 362.9 running 1 test
#19 362.9 test update::tests::check_and_publish_agree_on_metadata_only_pin_changes ... ok
#19 362.9 
#19 362.9 test result: ok. 1 passed; 0 failed; 0 ignored; 0 measured; 55 filtered out; finished in 0.06s
#19 362.9 
#19 362.9 
#19 362.9 RUNNER_COMMAND=cargo test --locked -p gripsack-exec --lib update::tests::selected_survey_preserves_every_result_and_only_complete_publish_changes_lock -- --exact --nocapture
#19 363.1     Finished `test` profile [unoptimized + debuginfo] target(s) in 0.13s
#19 363.1      Running unittests src/lib.rs (/tmp/gripsack-update-survey-qwfikg0u/target/debug/deps/gripsack_exec-487739c07ff1c607)
#19 363.1 
#19 363.1 running 1 test
#19 363.1 test update::tests::selected_survey_preserves_every_result_and_only_complete_publish_changes_lock ... ok
#19 363.1 
#19 363.1 test result: ok. 1 passed; 0 failed; 0 ignored; 0 measured; 55 filtered out; finished in 0.07s
#19 363.1 
#19 363.1 
#19 363.1 UPDATE_SURVEY_PROPERTIES=3
#19 363.1 RUNNER_COMMAND=cargo test --locked -p gripsack-exec --lib update::tests::selected_survey_preserves_every_result_and_only_complete_publish_changes_lock -- --exact --nocapture
#19 366.5    Compiling gripsack-exec v0.42.0 (/tmp/gripsack-update-survey-qwfikg0u/source/crates/gripsack-exec)
#19 366.5     Finished `test` profile [unoptimized + debuginfo] target(s) in 3.36s
#19 366.5      Running unittests src/lib.rs (/tmp/gripsack-update-survey-qwfikg0u/target/debug/deps/gripsack_exec-487739c07ff1c607)
#19 366.5 
#19 366.5 running 1 test
#19 366.5 
#19 366.5 thread 'update::tests::selected_survey_preserves_every_result_and_only_complete_publish_changes_lock' (31470) panicked at crates/gripsack-exec/src/update/tests.rs:126:10:
#19 366.5 selected_survey_did_not_account_for_all_modules: Step { module: "*", step: "survey", detail: "update report accounting does not match the selected entries" }
#19 366.5 note: run with `RUST_BACKTRACE=1` environment variable to display a backtrace
#19 366.5 test update::tests::selected_survey_preserves_every_result_and_only_complete_publish_changes_lock ... FAILED
#19 366.5 
#19 366.5 failures:
#19 366.5 
#19 366.5 failures:
#19 366.5     update::tests::selected_survey_preserves_every_result_and_only_complete_publish_changes_lock
#19 366.5 
#19 366.5 test result: FAILED. 0 passed; 1 failed; 0 ignored; 0 measured; 55 filtered out; finished in 0.04s
#19 366.5 
#19 366.5 error: test failed, to rerun pass `-p gripsack-exec --lib`
#19 366.5 
#19 366.5 calibration: missing-selected-observation rejected by update::tests::selected_survey_preserves_every_result_and_only_complete_publish_changes_lock
#19 366.5 RUNNER_COMMAND=cargo test --locked -p gripsack-exec --lib update::tests::selected_survey_preserves_every_result_and_only_complete_publish_changes_lock -- --exact --nocapture
#19 369.9    Compiling gripsack-exec v0.42.0 (/tmp/gripsack-update-survey-qwfikg0u/source/crates/gripsack-exec)
#19 369.9     Finished `test` profile [unoptimized + debuginfo] target(s) in 3.33s
#19 369.9      Running unittests src/lib.rs (/tmp/gripsack-update-survey-qwfikg0u/target/debug/deps/gripsack_exec-487739c07ff1c607)
#19 369.9 
#19 369.9 running 1 test
#19 369.9 
#19 369.9 thread 'update::tests::selected_survey_preserves_every_result_and_only_complete_publish_changes_lock' (31749) panicked at crates/gripsack-exec/src/update/tests.rs:152:5:
#19 369.9 assertion `left == right` failed: survey_disposition_counts_misclassified
#19 369.9   left: (0, 3, 1, 0)
#19 369.9  right: (0, 1, 1, 2)
#19 369.9 note: run with `RUST_BACKTRACE=1` environment variable to display a backtrace
#19 369.9 test update::tests::selected_survey_preserves_every_result_and_only_complete_publish_changes_lock ... FAILED
#19 369.9 
#19 369.9 failures:
#19 369.9 
#19 369.9 failures:
#19 369.9     update::tests::selected_survey_preserves_every_result_and_only_complete_publish_changes_lock
#19 369.9 
#19 369.9 test result: FAILED. 0 passed; 1 failed; 0 ignored; 0 measured; 55 filtered out; finished in 0.03s
#19 369.9 
#19 369.9 error: test failed, to rerun pass `-p gripsack-exec --lib`
#19 369.9 
#19 369.9 calibration: failure-status-projection rejected by update::tests::selected_survey_preserves_every_result_and_only_complete_publish_changes_lock
#19 369.9 RUNNER_COMMAND=cargo test --locked -p gripsack-exec --lib update::tests::check_and_publish_agree_on_metadata_only_pin_changes -- --exact --nocapture
#19 373.3    Compiling gripsack-exec v0.42.0 (/tmp/gripsack-update-survey-qwfikg0u/source/crates/gripsack-exec)
#19 373.3     Finished `test` profile [unoptimized + debuginfo] target(s) in 3.31s
#19 373.3      Running unittests src/lib.rs (/tmp/gripsack-update-survey-qwfikg0u/target/debug/deps/gripsack_exec-487739c07ff1c607)
#19 373.3 
#19 373.3 running 1 test
#19 373.3 
#19 373.3 thread 'update::tests::check_and_publish_agree_on_metadata_only_pin_changes' (32028) panicked at crates/gripsack-exec/src/update/tests.rs:46:5:
#19 373.3 check_full_entry_change_was_missed
#19 373.3 note: run with `RUST_BACKTRACE=1` environment variable to display a backtrace
#19 373.3 test update::tests::check_and_publish_agree_on_metadata_only_pin_changes ... FAILED
#19 373.3 
#19 373.3 failures:
#19 373.3 
#19 373.3 failures:
#19 373.3     update::tests::check_and_publish_agree_on_metadata_only_pin_changes
#19 373.3 
#19 373.3 test result: FAILED. 0 passed; 1 failed; 0 ignored; 0 measured; 55 filtered out; finished in 0.04s
#19 373.3 
#19 373.3 error: test failed, to rerun pass `-p gripsack-exec --lib`
#19 373.3 
#19 373.3 calibration: partial-entry-equality rejected by update::tests::check_and_publish_agree_on_metadata_only_pin_changes
#19 373.3 RUNNER_COMMAND=cargo test --locked -p gripsack-exec --lib update::tests::selected_survey_preserves_every_result_and_only_complete_publish_changes_lock -- --exact --nocapture
#19 376.6    Compiling gripsack-exec v0.42.0 (/tmp/gripsack-update-survey-qwfikg0u/source/crates/gripsack-exec)
#19 376.6     Finished `test` profile [unoptimized + debuginfo] target(s) in 3.20s
#19 376.6      Running unittests src/lib.rs (/tmp/gripsack-update-survey-qwfikg0u/target/debug/deps/gripsack_exec-487739c07ff1c607)
#19 376.6 
#19 376.6 running 1 test
#19 376.6 
#19 376.6 thread 'update::tests::selected_survey_preserves_every_result_and_only_complete_publish_changes_lock' (32307) panicked at crates/gripsack-exec/src/update/tests.rs:169:5:
#19 376.6 assertion `left == right` failed: check_published_source_cache
#19 376.6   left: PayloadHash("f5caba56691572a5fb1ae6f27fa365af3aa0b1928c6b3804813345205328e34a")
#19 376.6  right: PayloadHash("4ab4c083757af63e626a888fc72794e648034449e5d08f444b2427bd6d8dd26a")
#19 376.6 note: run with `RUST_BACKTRACE=1` environment variable to display a backtrace
#19 376.6 test update::tests::selected_survey_preserves_every_result_and_only_complete_publish_changes_lock ... FAILED
#19 376.6 
#19 376.6 failures:
#19 376.6 
#19 376.6 failures:
#19 376.6     update::tests::selected_survey_preserves_every_result_and_only_complete_publish_changes_lock
#19 376.6 
#19 376.6 test result: FAILED. 0 passed; 1 failed; 0 ignored; 0 measured; 55 filtered out; finished in 0.04s
#19 376.6 
#19 376.6 error: test failed, to rerun pass `-p gripsack-exec --lib`
#19 376.6 
#19 376.6 calibration: check-source-publication rejected by update::tests::selected_survey_preserves_every_result_and_only_complete_publish_changes_lock
#19 376.6 RUNNER_COMMAND=cargo test --locked -p gripsack-exec --lib update::tests::check_and_publish_agree_on_metadata_only_pin_changes -- --exact --nocapture
#19 379.9    Compiling gripsack-exec v0.42.0 (/tmp/gripsack-update-survey-qwfikg0u/source/crates/gripsack-exec)
#19 379.9     Finished `test` profile [unoptimized + debuginfo] target(s) in 3.15s
#19 379.9      Running unittests src/lib.rs (/tmp/gripsack-update-survey-qwfikg0u/target/debug/deps/gripsack_exec-487739c07ff1c607)
#19 379.9 
#19 379.9 running 1 test
#19 379.9 
#19 379.9 thread 'update::tests::check_and_publish_agree_on_metadata_only_pin_changes' (32586) panicked at crates/gripsack-exec/src/update/tests.rs:55:5:
#19 379.9 assertion `left == right` failed: check_published_lock
#19 379.9   left: 3165554
#19 379.9  right: 3166925
#19 379.9 note: run with `RUST_BACKTRACE=1` environment variable to display a backtrace
#19 379.9 test update::tests::check_and_publish_agree_on_metadata_only_pin_changes ... FAILED
#19 379.9 
#19 379.9 failures:
#19 379.9 
#19 379.9 failures:
#19 379.9     update::tests::check_and_publish_agree_on_metadata_only_pin_changes
#19 379.9 
#19 379.9 test result: FAILED. 0 passed; 1 failed; 0 ignored; 0 measured; 55 filtered out; finished in 0.06s
#19 379.9 
#19 379.9 error: test failed, to rerun pass `-p gripsack-exec --lib`
#19 379.9 
#19 379.9 calibration: check-lock-publication rejected by update::tests::check_and_publish_agree_on_metadata_only_pin_changes
#19 379.9 RUNNER_COMMAND=cargo test --locked -p gripsack-exec --lib update::tests::check_and_publish_agree_on_metadata_only_pin_changes -- --exact --nocapture
#19 382.9    Compiling gripsack-exec v0.42.0 (/tmp/gripsack-update-survey-qwfikg0u/source/crates/gripsack-exec)
#19 382.9     Finished `test` profile [unoptimized + debuginfo] target(s) in 3.02s
#19 382.9      Running unittests src/lib.rs (/tmp/gripsack-update-survey-qwfikg0u/target/debug/deps/gripsack_exec-487739c07ff1c607)
#19 382.9 
#19 382.9 running 1 test
#19 382.9 
#19 382.9 thread 'update::tests::check_and_publish_agree_on_metadata_only_pin_changes' (32865) panicked at crates/gripsack-exec/src/update/tests.rs:32:9:
#19 382.9 published lock missing
#19 382.9 note: run with `RUST_BACKTRACE=1` environment variable to display a backtrace
#19 382.9 test update::tests::check_and_publish_agree_on_metadata_only_pin_changes ... FAILED
#19 382.9 
#19 382.9 failures:
#19 382.9 
#19 382.9 failures:
#19 382.9     update::tests::check_and_publish_agree_on_metadata_only_pin_changes
#19 382.9 
#19 382.9 test result: FAILED. 0 passed; 1 failed; 0 ignored; 0 measured; 55 filtered out; finished in 0.02s
#19 382.9 
#19 382.9 error: test failed, to rerun pass `-p gripsack-exec --lib`
#19 382.9 
#19 382.9 calibration: dropped-lock-effect rejected by update::tests::check_and_publish_agree_on_metadata_only_pin_changes
#19 382.9 RUNNER_COMMAND=cargo test --locked -p gripsack-exec --lib update::tests::selected_survey_preserves_every_result_and_only_complete_publish_changes_lock -- --exact --nocapture
#19 386.1    Compiling gripsack-exec v0.42.0 (/tmp/gripsack-update-survey-qwfikg0u/source/crates/gripsack-exec)
#19 386.1     Finished `test` profile [unoptimized + debuginfo] target(s) in 3.06s
#19 386.1      Running unittests src/lib.rs (/tmp/gripsack-update-survey-qwfikg0u/target/debug/deps/gripsack_exec-487739c07ff1c607)
#19 386.1 
#19 386.1 running 1 test
#19 386.1 
#19 386.1 thread 'update::tests::selected_survey_preserves_every_result_and_only_complete_publish_changes_lock' (33144) panicked at crates/gripsack-exec/src/update/tests.rs:176:5:
#19 386.1 assertion `left == right` failed: failed_update_partially_published_lock
#19 386.1   left: [123, 10, 32, 32, 34, 109, 111, 100, 117, 108, 101, 115, 34, 58, 32, 123, 10, 32, 32, 32, 32, 34, 97, 108, 112, 104, 97, 34, 58, 32, 123, 10, 32, 32, 32, 32, 32, 32, 34, 102, 101, 116, 99, 104, 34, 58, 32, 123, 10, 32, 32, 32, 32, 32, 32, 32, 32, 34, 107, 105, 110, 100, 34, 58, 32, 34, 102, 105, 108, 101, 34, 44, 10, 32, 32, 32, 32, 32, 32, 32, 32, 34, 112, 97, 116, 104, 34, 58, 32, 34, 47, 116, 109, 112, 47, 46, 116, 109, 112, 73, 70, 86, 119, 72, 89, 47, 114, 101, 112, 111, 47, 115, 111, 117, 114, 99, 101, 46, 116, 120, 116, 34, 10, 32, 32, 32, 32, 32, 32, 125, 44, 10, 32, 32, 32, 32, 32, 32, 34, 114, 101, 115, 111, 108, 118, 101, 100, 34, 58, 32, 123, 10, 32, 32, 32, 32, 32, 32, 32, 32, 34, 115, 104, 97, 50, 53, 54, 34, 58, 32, 34, 48, 98, 48, 55, 100, 101, 54, 50, 100, 56, 49, 100, 56, 99, 100, 54, 50, 48, 51, 101, 97, 102, 51, 49, 97, 99, 98, 52, 102, 48, 54, 52, 50, 57, 102, 48, 53, 55, 98, 53, 57, 101, 57, 99, 50, 102, 56, 56, 101, 97, 101, 50, 102, 102, 53, 57, 97, 52, 55, 98, 50, 53, 48, 100, 34, 44, 10, 32, 32, 32, 32, 32, 32, 32, 32, 34, 116, 114, 101, 101, 50, 53, 54, 34, 58, 32, 34, 49, 99, 50, 98, 100, 98, 101, 49, 55, 102, 100, 52, 54, 50, 50, 53, 52, 54, 50, 50, 48, 98, 55, 54, 50, 53, 55, 48, 98, 50, 52, 100, 51, 56, 54, 55, 55, 52, 55, 56, 54, 49, 97, 102, 57, 100, 100, 50, 97, 50, 56, 98, 56, 49, 53, 53, 54, 51, 49, 48, 55, 101, 97, 97, 34, 10, 32, 32, 32, 32, 32, 32, 125, 10, 32, 32, 32, 32, 125, 10, 32, 32, 125, 10, 125]
#19 386.1  right: [123, 10, 32, 32, 34, 109, 111, 100, 117, 108, 101, 115, 34, 58, 32, 123, 10, 32, 32, 32, 32, 34, 97, 108, 112, 104, 97, 34, 58, 32, 123, 10, 32, 32, 32, 32, 32, 32, 34, 102, 101, 116, 99, 104, 34, 58, 32, 123, 10, 32, 32, 32, 32, 32, 32, 32, 32, 34, 107, 105, 110, 100, 34, 58, 32, 34, 102, 105, 108, 101, 34, 44, 10, 32, 32, 32, 32, 32, 32, 32, 32, 34, 112, 97, 116, 104, 34, 58, 32, 34, 47, 116, 109, 112, 47, 46, 116, 109, 112, 73, 70, 86, 119, 72, 89, 47, 114, 101, 112, 111, 47, 115, 111, 117, 114, 99, 101, 46, 116, 120, 116, 34, 10, 32, 32, 32, 32, 32, 32, 125, 44, 10, 32, 32, 32, 32, 32, 32, 34, 114, 101, 115, 111, 108, 118, 101, 100, 34, 58, 32, 123, 10, 32, 32, 32, 32, 32, 32, 32, 32, 34, 115, 104, 97, 50, 53, 54, 34, 58, 32, 34, 97, 53, 56, 101, 99, 55, 51, 54, 49, 54, 48, 100, 48, 99, 49, 49, 50, 102, 99, 99, 102, 50, 51, 53, 98, 56, 48, 100, 57, 56, 54, 50, 55, 98, 57, 102, 52, 51, 56, 52, 51, 99, 98, 48, 51, 97, 100, 53, 48, 100, 57, 55, 101, 99, 51, 53, 52, 101, 97, 101, 102, 49, 50, 102, 34, 44, 10, 32, 32, 32, 32, 32, 32, 32, 32, 34, 116, 114, 101, 101, 50, 53, 54, 34, 58, 32, 34, 50, 51, 97, 51, 55, 57, 51, 56, 48, 49, 97, 49, 57, 101, 48, 48, 54, 56, 52, 100, 48, 52, 52, 49, 97, 57, 51, 102, 97, 100, 99, 50, 57, 100, 56, 99, 98, 56, 57, 100, 48, 101, 56, 101, 48, 100, 53, 97, 51, 99, 54, 98, 53, 50, 97, 51, 48, 56, 55, 50, 53, 102, 98, 101, 34, 10, 32, 32, 32, 32, 32, 32, 125, 10, 32, 32, 32, 32, 125, 10, 32, 32, 125, 10, 125]
#19 386.1 note: run with `RUST_BACKTRACE=1` environment variable to display a backtrace
#19 386.1 test update::tests::selected_survey_preserves_every_result_and_only_complete_publish_changes_lock ... FAILED
#19 386.1 
#19 386.1 failures:
#19 386.1 
#19 386.1 failures:
#19 386.1     update::tests::selected_survey_preserves_every_result_and_only_complete_publish_changes_lock
#19 386.1 
#19 386.1 test result: FAILED. 0 passed; 1 failed; 0 ignored; 0 measured; 55 filtered out; finished in 0.08s
#19 386.1 
#19 386.1 error: test failed, to rerun pass `-p gripsack-exec --lib`
#19 386.1 
#19 386.1 calibration: premature-lock-effect rejected by update::tests::selected_survey_preserves_every_result_and_only_complete_publish_changes_lock
#19 386.1 UPDATE_SURVEY_MUTANTS=7
#19 386.1 Update survey gate: OK
#19 DONE 386.4s

#20 exporting to image
#20 exporting layers
#20 exporting layers 66.8s done
#20 exporting manifest sha256:e06debbb1654e717921a9710b9815adb233cb76e7ecba3799fbe39982ca23df7 0.0s done
#20 exporting config sha256:b1c8c31998a42dbe9a6cb8bd8061a8df5562f3085c114074ddb77d399fafa864 0.0s done
#20 exporting attestation manifest sha256:5db10d77c37cbf95ef0fd48d031933aa5dbf8307e5364c0422777c6f14e24bf8 0.0s done
#20 exporting manifest list sha256:fbea023bcb3f8ed6fdfa4e9063b38c662d0b80074ffd26954b3f5868a9243f95 0.0s done
#20 naming to docker.io/library/gripsack-test:latest
#20 naming to docker.io/library/gripsack-test:latest done
#20 unpacking to docker.io/library/gripsack-test:latest
#20 unpacking to docker.io/library/gripsack-test:latest 15.9s done
#20 DONE 82.8s

#21 resolving provenance for metadata file
#21 DONE 0.0s
 Image gripsack-test Built 
 Container gripsack-test-run-3f40d9fd6e19 Creating 
 Container gripsack-test-run-3f40d9fd6e19 Created 
gate passed: fmt + clippy -D warnings + cargo test

UNCHANGED_TYPESCRIPT_GATE
 Image gripsack-ts-test Building 
#1 [internal] load local bake definitions
#1 reading from stdin 545B done
#1 DONE 0.0s

#2 [internal] load build definition from Dockerfile
#2 transferring dockerfile: 11.37kB done
#2 DONE 0.0s

#3 resolve image config for docker-image://docker.io/docker/dockerfile:1
#3 DONE 0.7s

#4 docker-image://docker.io/docker/dockerfile:1@sha256:ecfaec9ed6d810b56388c508f4121597bfbba70d41a6dfeee4d8cad5f295fc32
#4 resolve docker.io/docker/dockerfile:1@sha256:ecfaec9ed6d810b56388c508f4121597bfbba70d41a6dfeee4d8cad5f295fc32 0.0s done
#4 CACHED

#5 [internal] load metadata for docker.io/denoland/deno:2.9.6@sha256:2014dc167ece617ef7e7ba40631ac2234c59e75ce693e7cc2dc2602b3c87859d
#5 DONE 0.5s

#6 [internal] load .dockerignore
#6 transferring context: 139B done
#6 DONE 0.0s

#7 [ts-test 1/5] FROM docker.io/denoland/deno:2.9.6@sha256:2014dc167ece617ef7e7ba40631ac2234c59e75ce693e7cc2dc2602b3c87859d
#7 resolve docker.io/denoland/deno:2.9.6@sha256:2014dc167ece617ef7e7ba40631ac2234c59e75ce693e7cc2dc2602b3c87859d 0.0s done
#7 DONE 0.0s

#8 [internal] load build context
#8 transferring context: 25.11kB 0.0s done
#8 DONE 0.1s

#9 [ts-test 2/5] WORKDIR /app
#9 CACHED

#10 [ts-test 3/5] COPY typescript ./typescript
#10 CACHED

#11 [ts-test 4/5] COPY examples ./examples
#11 CACHED

#12 [ts-test 5/5] RUN cd typescript && deno install && deno task test     && deno run --cached-only --no-remote --allow-all node_modules/typescript/bin/tsc        --project tsconfig.examples.json --noEmit
#12 CACHED

#13 exporting to image
#13 exporting layers done
#13 exporting manifest sha256:9b417f55f84e4c048531f33cc93efe537e1152802b933f307ac93ea7829b3c5b done
#13 exporting config sha256:787fc17bec1f0f2d1bebe6c5792178764f9bdf8b26ea03030874fc5528030cdc done
#13 exporting attestation manifest sha256:c2337a9f1dd843ad989c2e21da91d7dd4797f55c747bc8c352fee2d97a8724cc 0.0s done
#13 exporting manifest list sha256:69cdc78dd966ded82c2c072282c3019291904adb0d28fa92801b786da54435e9
#13 exporting manifest list sha256:69cdc78dd966ded82c2c072282c3019291904adb0d28fa92801b786da54435e9 0.0s done
#13 naming to docker.io/library/gripsack-ts-test:latest done
#13 unpacking to docker.io/library/gripsack-ts-test:latest 0.0s done
#13 DONE 0.1s

#14 resolving provenance for metadata file
#14 DONE 0.0s
 Image gripsack-ts-test Built 
 Container gripsack-ts-test-run-c1b8813c6eb3 Creating 
 Container gripsack-ts-test-run-c1b8813c6eb3 Created 
gate passed: typescript frontend tests (deno test)
