BASE_COMMIT=c92e84e60c31f13a544e00f7d2f6f3c8b94ce4cd
SOURCE_FILES_SHA256=d47cae6231a71bc49f5ef11b22356db699cc3321b6d424914cdc7338f5f197ce
TRACKED_PATCH_SHA256=c6567143efc3426847dccacd1c1dd3d3a59c5a237108c19461547661136545a4
SOURCE_STATE=working_tree_before_internal_commits
FUZZ=not_run_owner_waived
SCOPE=GC/typed retention, recovery admission/barriers and local CI policy; not completed M-V6/R3 or release qualification
KNOWN_OPEN_DEFECT=same-generation rollback identity; separately reproduced in 2026-09-27-same-generation-before.log
CACHE_SCOPE=TS/TLC reused unchanged RUN layers; TLAPS and Verus executed fresh

=== test ===
 Image gripsack-test Building 
#1 [internal] load local bake definitions
#1 reading from stdin 530B done
#1 DONE 0.0s

#2 [internal] load build definition from Dockerfile
#2 transferring dockerfile: 11.08kB done
#2 DONE 0.0s

#3 resolve image config for docker-image://docker.io/docker/dockerfile:1
#3 DONE 0.7s

#4 docker-image://docker.io/docker/dockerfile:1@sha256:ecfaec9ed6d810b56388c508f4121597bfbba70d41a6dfeee4d8cad5f295fc32
#4 resolve docker.io/docker/dockerfile:1@sha256:ecfaec9ed6d810b56388c508f4121597bfbba70d41a6dfeee4d8cad5f295fc32 0.0s done
#4 CACHED

#5 [internal] load metadata for docker.io/library/rust:alpine@sha256:a10e64dd139b7387337c7fbe8aca31b959b57b2fd4c8ae20a02cf1d6ea424dce
#5 DONE 0.7s

#6 [internal] load .dockerignore
#6 transferring context: 139B done
#6 DONE 0.0s

#7 [internal] load build context
#7 DONE 0.0s

#8 [builder  1/10] FROM docker.io/library/rust:alpine@sha256:a10e64dd139b7387337c7fbe8aca31b959b57b2fd4c8ae20a02cf1d6ea424dce
#8 resolve docker.io/library/rust:alpine@sha256:a10e64dd139b7387337c7fbe8aca31b959b57b2fd4c8ae20a02cf1d6ea424dce 0.0s done
#8 DONE 0.1s

#7 [internal] load build context
#7 transferring context: 79.36kB 0.1s done
#7 DONE 0.1s

#9 [builder  3/10] RUN set -e;     arch="$(uname -m)";     case "$arch" in       x86_64)  sha=3374daaf153e6f82028add5e4bf7cc2deab46537dee24f20be80df831193aeb4 ;;       aarch64) sha=35d90cee9648037eaa4c1a2649fdca9d1b9a9997b972d37be7f8629139ba1294 ;;       *) echo "unsupported arch: $arch" >&2; exit 1 ;;     esac;     curl -fsSL -o /tmp/ca.tar.xz "https://github.com/rust-secure-code/cargo-auditable/releases/download/v0.7.5/cargo-auditable-${arch}-unknown-linux-musl.tar.xz";     echo "$sha  /tmp/ca.tar.xz" | sha256sum -c -;     mkdir -p /tmp/ca && tar -xJf /tmp/ca.tar.xz -C /tmp/ca;     mv /tmp/ca/*/cargo-auditable /usr/local/bin/cargo-auditable;     rm -rf /tmp/ca /tmp/ca.tar.xz
#9 CACHED

#10 [builder  8/10] COPY schema ./schema
#10 CACHED

#11 [builder  5/10] COPY Cargo.toml Cargo.lock ./
#11 CACHED

#12 [builder  6/10] COPY crates ./crates
#12 CACHED

#13 [builder  7/10] COPY fuzz ./fuzz
#13 CACHED

#14 [builder  2/10] RUN apk add --no-cache musl-dev git curl xz     && rustup component add clippy rustfmt
#14 CACHED

#15 [builder  4/10] WORKDIR /app
#15 CACHED

#16 [builder  9/10] COPY typescript ./typescript
#16 CACHED

#17 [builder 10/10] COPY scripts ./scripts
#17 CACHED

#18 [test 1/2] RUN cargo fmt --check     && cargo clippy --locked --workspace --all-targets -- -D warnings     && cargo test --locked
#18 1.410     Updating crates.io index
#18 3.872  Downloading crates ...
#18 3.946   Downloaded adler2 v2.0.1
#18 3.955   Downloaded ambient-authority v0.0.2
#18 3.970   Downloaded anstream v1.0.0
#18 3.974   Downloaded ahash v0.8.12
#18 3.980   Downloaded cfg-if v1.0.4
#18 3.983   Downloaded colorchoice v1.0.5
#18 3.988   Downloaded percent-encoding v2.3.2
#18 3.990   Downloaded ref-cast v1.0.27
#18 3.997   Downloaded openssl-probe v0.2.1
#18 4.000   Downloaded num-iter v0.1.46
#18 4.002   Downloaded potential_utf v0.1.6
#18 4.004   Downloaded find-msvc-tools v0.1.11
#18 4.006   Downloaded errno v0.3.14
#18 4.010   Downloaded fs-set-times v0.20.3
#18 4.013   Downloaded clap_lex v1.1.0
#18 4.015   Downloaded bit-vec v0.8.0
#18 4.020   Downloaded outref v0.5.2
#18 4.023   Downloaded digest v0.11.3
#18 4.029   Downloaded thread_local v1.1.10
#18 4.032   Downloaded equivalent v1.0.2
#18 4.035   Downloaded itoa v1.0.18
#18 4.039   Downloaded ref-cast-impl v1.0.27
#18 4.040   Downloaded subtle v2.6.1
#18 4.044   Downloaded foldhash v0.2.0
#18 4.046   Downloaded console v0.16.4
#18 4.050   Downloaded tracing-serde v0.2.0
#18 4.052   Downloaded getrandom v0.2.17
#18 4.057   Downloaded idna_adapter v1.2.2
#18 4.059   Downloaded block-buffer v0.12.1
#18 4.061   Downloaded matchers v0.2.0
#18 4.064   Downloaded strsim v0.11.1
#18 4.067   Downloaded unit-prefix v0.5.2
#18 4.071   Downloaded httpdate v1.0.3
#18 4.075   Downloaded stable_deref_trait v1.2.1
#18 4.077   Downloaded shell-words v1.1.1
#18 4.079   Downloaded version_check v0.9.5
#18 4.082   Downloaded anstyle-query v1.1.5
#18 4.085   Downloaded verus_builtin v0.0.0-2026-09-06-0133
#18 4.088   Downloaded utf8parse v0.2.2
#18 4.090   Downloaded zstd v0.13.3
#18 4.098   Downloaded quote v1.0.47
#18 4.105   Downloaded utf8_iter v1.0.4
#18 4.106   Downloaded untrusted v0.9.0
#18 4.111   Downloaded uuid-simd v0.8.0
#18 4.113   Downloaded scoped-tls v1.0.1
#18 4.116   Downloaded num-cmp v0.1.0
#18 4.118   Downloaded xattr v1.6.1
#18 4.123   Downloaded yoke-derive v0.8.2
#18 4.126   Downloaded maybe-owned v0.3.4
#18 4.129   Downloaded jsonschema-regex v0.55.0
#18 4.131   Downloaded simd-adler32 v0.3.10
#18 4.135   Downloaded num v0.4.3
#18 4.137   Downloaded toml_writer v1.1.2+spec-1.1.0
#18 4.140   Downloaded toml_datetime v1.1.1+spec-1.1.0
#18 4.143   Downloaded tracing-log v0.2.0
#18 4.147   Downloaded rustversion v1.0.23
#18 4.154   Downloaded heck v0.5.0
#18 4.156   Downloaded thiserror-impl v2.0.20
#18 4.159   Downloaded rustls-native-certs v0.8.4
#18 4.161   Downloaded crypto-common v0.2.2
#18 4.163   Downloaded toml_datetime v0.7.5+spec-1.1.0
#18 4.166   Downloaded is_terminal_polyfill v1.70.2
#18 4.168   Downloaded zerovec-derive v0.11.6
#18 4.171   Downloaded synstructure v0.13.2
#18 4.173   Downloaded rustix-linux-procfs v0.1.1
#18 4.175   Downloaded serde_spanned v1.1.1
#18 4.177   Downloaded shlex v2.0.1
#18 4.180   Downloaded thiserror v2.0.20
#18 4.191   Downloaded pin-project-lite v0.2.17
#18 4.206   Downloaded zmij v1.0.23
#18 4.210   Downloaded zopfli v0.8.3
#18 4.214   Downloaded allocator-api2 v0.2.21
#18 4.220   Downloaded scopeguard v1.2.0
#18 4.224   Downloaded log v0.4.34
#18 4.230   Downloaded pkg-config v0.3.34
#18 4.234   Downloaded smallvec v1.15.2
#18 4.237   Downloaded zeroize v1.9.0
#18 4.240   Downloaded parking_lot_core v0.9.12
#18 4.244   Downloaded zstd-safe v7.2.4
#18 4.246   Downloaded convert_case v0.4.0
#18 4.249   Downloaded rustls-pki-types v1.15.1
#18 4.253   Downloaded bit-set v0.8.0
#18 4.257   Downloaded webpki-roots v0.26.11
#18 4.261   Downloaded zerofrom v0.1.8
#18 4.263   Downloaded strum_macros v0.28.0
#18 4.269   Downloaded tinystr v0.8.4
#18 4.273   Downloaded unicode-general-category v1.1.0
#18 4.277   Downloaded cpufeatures v0.3.0
#18 4.281   Downloaded form_urlencoded v1.2.2
#18 4.283   Downloaded toml_parser v1.1.3+spec-1.1.0
#18 4.287   Downloaded proc-macro2 v1.0.107
#18 4.293   Downloaded num-rational v0.4.2
#18 4.295   Downloaded owo-colors v4.3.0
#18 4.299   Downloaded tempfile v3.27.0
#18 4.305   Downloaded zerofrom-derive v0.1.7
#18 4.307   Downloaded once_cell v1.21.4
#18 4.313   Downloaded referencing v0.55.0
#18 4.323   Downloaded ryu v1.0.23
#18 4.331   Downloaded unsafe-libyaml v0.2.11
#18 4.339   Downloaded toml v0.9.12+spec-1.1.0
#18 4.347   Downloaded sharded-slab v0.1.7
#18 4.356   Downloaded fastrand v2.5.0
#18 4.359   Downloaded unicode-ident v1.0.24
#18 4.367   Downloaded email_address v0.2.9
#18 4.371   Downloaded parking_lot v0.12.5
#18 4.376   Downloaded num-traits v0.2.19
#18 4.381   Downloaded serde_yaml v0.9.34+deprecated
#18 4.388   Downloaded toml v1.1.4+spec-1.1.0
#18 4.396   Downloaded borrow-or-share v0.2.4
#18 4.399   Downloaded strum v0.28.0
#18 4.401   Downloaded sha2 v0.11.0
#18 4.410   Downloaded tracing-attributes v0.1.31
#18 4.416   Downloaded io-lifetimes v3.0.1
#18 4.419   Downloaded lock_api v0.4.14
#18 4.421   Downloaded filetime v0.2.29
#18 4.425   Downloaded serde_derive v1.0.229
#18 4.430   Downloaded tar v0.4.46
#18 4.436   Downloaded verus_prettyplease v0.0.0-2026-09-06-0133
#18 4.442   Downloaded anstyle v1.0.14
#18 4.445   Downloaded num-complex v0.4.6
#18 4.448   Downloaded data-encoding v2.11.1
#18 4.450   Downloaded lazy_static v1.5.0
#18 4.454   Downloaded dialoguer v0.12.0
#18 4.462   Downloaded num-integer v0.1.47
#18 4.465   Downloaded tracing-core v0.1.36
#18 4.471   Downloaded serde v1.0.229
#18 4.477   Downloaded url v2.5.8
#18 4.482   Downloaded ipnet v2.12.1
#18 4.485   Downloaded toml_edit v0.25.13+spec-1.1.0
#18 4.492   Downloaded verus_state_machines_macros v0.0.0-2026-09-06-0133
#18 4.497   Downloaded bytecount v0.6.9
#18 4.503   Downloaded displaydoc v0.2.7
#18 4.507   Downloaded serde_core v1.0.229
#18 4.512   Downloaded typenum v1.20.1
#18 4.519   Downloaded jobserver v0.1.35
#18 4.523   Downloaded zerovec v0.11.8
#18 4.535   Downloaded typed-path v0.12.3
#18 4.555   Downloaded writeable v0.6.4
#18 4.560   Downloaded ureq v2.12.1
#18 4.572   Downloaded rustls-webpki v0.103.15
#18 4.578   Downloaded cap-std v4.0.3
#18 4.585   Downloaded hybrid-array v0.4.14
#18 4.590   Downloaded io-extras v0.19.0
#18 4.595   Downloaded verus_builtin_macros v0.0.0-2026-09-06-0133
#18 4.601   Downloaded zip v8.6.0
#18 4.610   Downloaded autocfg v1.5.1
#18 4.614   Downloaded regex v1.13.1
#18 4.623   Downloaded portable-atomic v1.15.0
#18 4.637   Downloaded anstyle-parse v1.0.0
#18 4.640   Downloaded clap_derive v4.6.4
#18 4.645   Downloaded generator v0.8.10
#18 4.654   Downloaded serde_json v1.0.151
#18 4.667   Downloaded zlib-rs v0.6.7
#18 4.675   Downloaded xz2 v0.1.7
#18 4.679   Downloaded tracing-subscriber v0.3.23
#18 4.694   Downloaded io-lifetimes v2.0.4
#18 4.697   Downloaded vsimd v0.8.0
#18 4.701   Downloaded yoke v0.8.3
#18 4.704   Downloaded getrandom v0.3.4
#18 4.710   Downloaded litemap v0.8.3
#18 4.715   Downloaded nu-ansi-term v0.50.3
#18 4.721   Downloaded bitflags v2.13.1
#18 4.729   Downloaded fluent-uri v0.4.1
#18 4.734   Downloaded libbz2-rs-sys v0.2.5
#18 4.738   Downloaded unicode-width v0.2.2
#18 4.745   Downloaded bzip2 v0.6.1
#18 4.749   Downloaded clap v4.6.6
#18 4.765   Downloaded icu_provider v2.3.1
#18 4.770   Downloaded zerocopy v0.8.56
#18 4.801   Downloaded micromap v0.3.0
#18 4.810   Downloaded syn v3.0.4
#18 4.826   Downloaded jsonschema-value v0.55.0
#18 4.830   Downloaded const-oid v0.10.2
#18 4.835   Downloaded icu_normalizer_data v2.3.0
#18 4.838   Downloaded vstd v0.0.0-2026-09-06-0133
#18 4.854   Downloaded syn v2.0.119
#18 4.870   Downloaded base64 v0.22.1
#18 4.878   Downloaded miniz_oxide v0.8.9
#18 4.883   Downloaded crc32fast v1.5.1
#18 4.888   Downloaded getrandom v0.4.3
#18 4.895   Downloaded indicatif v0.18.6
#18 4.901   Downloaded loom v0.7.2
#18 4.912   Downloaded verus_syn v0.0.0-2026-09-06-0133
#18 4.930   Downloaded regex-syntax v0.8.11
#18 4.940   Downloaded rustls v0.23.45
#18 4.959   Downloaded rustix v1.1.4
#18 5.016   Downloaded tracing v0.1.44
#18 5.034   Downloaded flate2 v1.1.9
#18 5.042   Downloaded icu_collections v2.3.0
#18 5.053   Downloaded icu_locale_core v2.3.0
#18 5.067   Downloaded cap-primitives v4.0.3
#18 5.086   Downloaded regex-automata v0.4.18
#18 5.109   Downloaded zerotrie v0.2.5
#18 5.117   Downloaded cc v1.4.4
#18 5.122   Downloaded zstd-sys v2.0.16+zstd.1.5.7
#18 5.143   Downloaded icu_properties v2.3.0
#18 5.148   Downloaded num-bigint v0.4.8
#18 5.158   Downloaded bumpalo v3.20.3
#18 5.162   Downloaded fraction v0.17.0
#18 5.172   Downloaded indexmap v2.14.0
#18 5.181   Downloaded memchr v2.8.3
#18 5.193   Downloaded ring v0.17.14
#18 5.255   Downloaded hashbrown v0.17.1
#18 5.264   Downloaded clap_builder v4.6.6
#18 5.274   Downloaded idna v1.1.0
#18 5.279   Downloaded aho-corasick v1.1.5
#18 5.288   Downloaded icu_properties_data v2.3.0
#18 5.301   Downloaded winnow v0.7.15
#18 5.321   Downloaded winnow v1.0.4
#18 5.338   Downloaded webpki-roots v1.0.9
#18 5.343   Downloaded fancy-regex v0.19.1
#18 5.353   Downloaded icu_normalizer v2.3.0
#18 5.364   Downloaded jsonschema v0.55.0
#18 5.390   Downloaded lzma-sys v0.1.20
#18 5.441   Downloaded libc v0.2.189
#18 5.561   Downloaded linux-raw-sys v0.12.1
#18 5.881    Compiling proc-macro2 v1.0.107
#18 5.881    Compiling quote v1.0.47
#18 5.881    Compiling unicode-ident v1.0.24
#18 5.885    Compiling libc v0.2.189
#18 5.885     Checking cfg-if v1.0.4
#18 5.885    Compiling serde_core v1.0.229
#18 5.890    Compiling serde v1.0.229
#18 5.892     Checking memchr v2.8.3
#18 5.892     Checking foldhash v0.2.0
#18 5.892     Checking once_cell v1.21.4
#18 5.898     Checking allocator-api2 v0.2.21
#18 5.898     Checking equivalent v1.0.2
#18 5.903    Compiling zmij v1.0.23
#18 5.908     Checking itoa v1.0.18
#18 5.911    Compiling serde_json v1.0.151
#18 5.914    Compiling verus_prettyplease v0.0.0-2026-09-06-0133
#18 5.919    Compiling shlex v2.0.1
#18 5.919    Compiling find-msvc-tools v0.1.11
#18 5.923    Compiling hashbrown v0.17.1
#18 5.932    Compiling convert_case v0.4.0
#18 5.932    Compiling vstd v0.0.0-2026-09-06-0133
#18 5.932     Checking verus_builtin v0.0.0-2026-09-06-0133
#18 5.932    Compiling thiserror v2.0.20
#18 5.933     Checking smallvec v1.15.2
#18 5.933    Compiling rustix v1.1.4
#18 5.933     Checking linux-raw-sys v0.12.1
#18 5.934     Checking bitflags v2.13.1
#18 5.937     Checking stable_deref_trait v1.2.1
#18 5.942     Checking winnow v1.0.4
#18 5.942     Checking typenum v1.20.1
#18 5.943     Checking toml_writer v1.1.2+spec-1.1.0
#18 5.949    Compiling io-lifetimes v2.0.4
#18 5.960    Compiling pkg-config v0.3.34
#18 6.037    Compiling io-lifetimes v3.0.1
#18 6.038     Checking log v0.4.34
#18 6.049     Checking percent-encoding v2.3.2
#18 6.074    Compiling io-extras v0.19.0
#18 6.088    Compiling cap-primitives v4.0.3
#18 6.158    Compiling getrandom v0.4.3
#18 6.166     Checking zeroize v1.9.0
#18 6.183     Checking litemap v0.8.3
#18 6.233     Checking ambient-authority v0.0.2
#18 6.253     Checking writeable v0.6.4
#18 6.263     Checking maybe-owned v0.3.4
#18 6.264     Checking const-oid v0.10.2
#18 6.264    Compiling cap-std v4.0.3
#18 6.296     Checking ipnet v2.12.1
#18 6.331     Checking tracing-core v0.1.36
#18 6.334    Compiling icu_properties_data v2.3.0
#18 6.344     Checking winnow v0.7.15
#18 6.368     Checking utf8_iter v1.0.4
#18 6.373     Checking fastrand v2.5.0
#18 6.374     Checking cpufeatures v0.3.0
#18 6.430    Compiling icu_normalizer_data v2.3.0
#18 6.440     Checking rustls-pki-types v1.15.1
#18 6.441     Checking regex-syntax v0.8.11
#18 6.463     Checking pin-project-lite v0.2.17
#18 6.482    Compiling crc32fast v1.5.1
#18 6.508    Compiling autocfg v1.5.1
#18 6.513     Checking simd-adler32 v0.3.10
#18 6.532    Compiling zstd-safe v7.2.4
#18 6.550     Checking untrusted v0.9.0
#18 6.571     Checking aho-corasick v1.1.5
#18 6.591     Checking adler2 v2.0.1
#18 6.612    Compiling rustls v0.23.45
#18 6.629     Checking base64 v0.22.1
#18 6.641     Checking form_urlencoded v1.2.2
#18 6.653     Checking subtle v2.6.1
#18 6.667     Checking zlib-rs v0.6.7
#18 6.679     Checking libbz2-rs-sys v0.2.5
#18 6.708     Checking bumpalo v3.20.3
#18 6.731     Checking typed-path v0.12.3
#18 6.751     Checking miniz_oxide v0.8.9
#18 6.776     Checking openssl-probe v0.2.1
#18 6.785     Checking httpdate v1.0.3
#18 6.800    Compiling heck v0.5.0
#18 6.807    Compiling version_check v0.9.5
#18 6.826    Compiling getrandom v0.3.4
#18 6.842    Compiling parking_lot_core v0.9.12
#18 6.850    Compiling zerocopy v0.8.56
#18 6.862    Compiling ref-cast v1.0.27
#18 6.895     Checking webpki-roots v1.0.9
#18 6.914     Checking rustls-native-certs v0.8.4
#18 6.920     Checking scopeguard v1.2.0
#18 6.927     Checking lazy_static v1.5.0
#18 6.947     Checking tracing-log v0.2.0
#18 6.991     Checking thread_local v1.1.10
#18 6.992     Checking lock_api v0.4.14
#18 7.004     Checking borrow-or-share v0.2.4
#18 7.005     Checking webpki-roots v0.26.11
#18 7.009     Checking sharded-slab v0.1.7
#18 7.020     Checking bit-vec v0.8.0
#18 7.043    Compiling rustversion v1.0.23
#18 7.072    Compiling indexmap v2.14.0
#18 7.083     Checking nu-ansi-term v0.50.3
#18 7.083    Compiling unicode-general-category v1.1.0
#18 7.127    Compiling num-traits v0.2.19
#18 7.134     Checking outref v0.5.2
#18 7.149     Checking micromap v0.3.0
#18 7.156     Checking zopfli v0.8.3
#18 7.217     Checking bytecount v0.6.9
#18 7.227     Checking num-cmp v0.1.0
#18 7.236     Checking unsafe-libyaml v0.2.11
#18 7.244    Compiling ahash v0.8.12
#18 7.285     Checking ryu v1.0.23
#18 7.313     Checking bit-set v0.8.0
#18 7.337     Checking vsimd v0.8.0
#18 7.352     Checking data-encoding v2.11.1
#18 7.374     Checking utf8parse v0.2.2
#18 7.389     Checking anstyle v1.0.14
#18 7.399     Checking is_terminal_polyfill v1.70.2
#18 7.429     Checking bzip2 v0.6.1
#18 7.489     Checking unicode-width v0.2.2
#18 7.497     Checking anstyle-parse v1.0.0
#18 7.520     Checking hybrid-array v0.4.14
#18 7.523     Checking anstyle-query v1.1.5
#18 7.607    Compiling portable-atomic v1.15.0
#18 7.616     Checking colorchoice v1.0.5
#18 7.635    Compiling owo-colors v4.3.0
#18 7.636     Checking clap_lex v1.1.0
#18 7.656     Checking toml_parser v1.1.3+spec-1.1.0
#18 7.660     Checking strsim v0.11.1
#18 7.709     Checking shell-words v1.1.1
#18 7.730     Checking unit-prefix v0.5.2
#18 7.740     Checking scoped-tls v1.0.1
#18 7.742    Compiling syn v3.0.4
#18 7.755    Compiling syn v2.0.119
#18 7.792    Compiling verus_syn v0.0.0-2026-09-06-0133
#18 7.828     Checking anstream v1.0.0
#18 7.977     Checking uuid-simd v0.8.0
#18 8.064     Checking clap_builder v4.6.6
#18 8.075    Compiling jobserver v0.1.35
#18 8.080     Checking flate2 v1.1.9
#18 8.104     Checking getrandom v0.2.17
#18 8.104     Checking gripsack-process v0.42.0 (/app/crates/gripsack-process)
#18 8.104     Checking filetime v0.2.29
#18 8.151     Checking console v0.16.4
#18 8.340     Checking block-buffer v0.12.1
#18 8.340     Checking crypto-common v0.2.2
#18 8.366     Checking parking_lot v0.12.5
#18 8.381    Compiling cc v1.4.4
#18 8.641     Checking num-integer v0.1.47
#18 8.641     Checking num-complex v0.4.6
#18 8.820     Checking regex-automata v0.4.18
#18 8.820     Checking jsonschema-regex v0.55.0
#18 8.908     Checking num-bigint v0.4.8
#18 8.908     Checking num-iter v0.1.46
#18 8.991     Checking indicatif v0.18.6
#18 9.099     Checking digest v0.11.3
#18 9.196     Checking sha2 v0.11.0
#18 9.574     Checking serde_spanned v1.1.1
#18 9.574     Checking toml_datetime v0.7.5+spec-1.1.0
#18 9.578     Checking toml_datetime v1.1.1+spec-1.1.0
#18 9.771     Checking toml v0.9.12+spec-1.1.0
#18 9.806     Checking toml v1.1.4+spec-1.1.0
#18 9.807     Checking toml_edit v0.25.13+spec-1.1.0
#18 9.949     Checking num-rational v0.4.2
#18 10.000    Compiling zstd-sys v2.0.16+zstd.1.5.7
#18 10.000    Compiling ring v0.17.14
#18 10.000    Compiling lzma-sys v0.1.20
#18 10.000    Compiling generator v0.8.10
#18 10.22     Checking num v0.4.3
#18 10.27     Checking fraction v0.17.0
#18 10.55     Checking rustix-linux-procfs v0.1.1
#18 10.57     Checking fs-set-times v0.20.3
#18 10.58     Checking tempfile v3.27.0
#18 10.58     Checking xattr v1.6.1
#18 10.70     Checking tar v0.4.46
#18 10.80     Checking dialoguer v0.12.0
#18 11.17     Checking xz2 v0.1.7
#18 11.46     Checking gripsack-fs v0.42.0 (/app/crates/gripsack-fs)
#18 11.65     Checking matchers v0.2.0
#18 11.65     Checking fancy-regex v0.19.1
#18 11.65     Checking regex v1.13.1
#18 12.23    Compiling synstructure v0.13.2
#18 12.82     Checking zstd v0.13.3
#18 12.97    Compiling serde_derive v1.0.229
#18 12.97    Compiling thiserror-impl v2.0.20
#18 12.97    Compiling zerovec-derive v0.11.6
#18 12.97    Compiling displaydoc v0.2.7
#18 12.97    Compiling ref-cast-impl v1.0.27
#18 12.97    Compiling clap_derive v4.6.4
#18 13.00     Checking zip v8.6.0
#18 13.23     Checking rustls-webpki v0.103.15
#18 13.50    Compiling zerofrom-derive v0.1.7
#18 13.50    Compiling yoke-derive v0.8.2
#18 13.50    Compiling tracing-attributes v0.1.31
#18 13.50    Compiling strum_macros v0.28.0
#18 14.95     Checking zerofrom v0.1.8
#18 15.03     Checking yoke v0.8.3
#18 15.04     Checking tracing v0.1.44
#18 15.05     Checking clap v4.6.6
#18 15.17     Checking zerovec v0.11.8
#18 15.17     Checking zerotrie v0.2.5
#18 15.27    Compiling verus_builtin_macros v0.0.0-2026-09-06-0133
#18 15.27    Compiling verus_state_machines_macros v0.0.0-2026-09-06-0133
#18 15.68     Checking tinystr v0.8.4
#18 15.68     Checking potential_utf v0.1.6
#18 15.76     Checking icu_collections v2.3.0
#18 15.81     Checking icu_locale_core v2.3.0
#18 15.84     Checking strum v0.28.0
#18 16.47     Checking icu_provider v2.3.1
#18 16.64     Checking tracing-serde v0.2.0
#18 16.64     Checking fluent-uri v0.4.1
#18 16.64     Checking serde_yaml v0.9.34+deprecated
#18 16.64     Checking email_address v0.2.9
#18 16.65     Checking gripsack-buildkit v0.42.0 (/app/crates/gripsack-buildkit)
#18 16.66     Checking icu_normalizer v2.3.0
#18 16.66     Checking icu_properties v2.3.0
#18 16.76     Checking tracing-subscriber v0.3.23
#18 16.82     Checking jsonschema-value v0.55.0
#18 17.13     Checking referencing v0.55.0
#18 17.58     Checking jsonschema v0.55.0
#18 17.66     Checking idna_adapter v1.2.2
#18 17.72     Checking idna v1.1.0
#18 17.76     Checking loom v0.7.2
#18 17.92     Checking url v2.5.8
#18 18.30     Checking ureq v2.12.1
#18 23.10     Checking gripsack-policy v0.42.0 (/app/crates/gripsack-policy)
#18 23.34     Checking gripsack-ir v0.42.0 (/app/crates/gripsack-ir)
#18 25.48     Checking gripsack-store v0.42.0 (/app/crates/gripsack-store)
#18 25.48     Checking gripsack-config v0.42.0 (/app/crates/gripsack-config)
#18 25.48     Checking griplint v0.42.0 (/app/crates/griplint)
#18 26.31     Checking gripsack-fetch v0.42.0 (/app/crates/gripsack-fetch)
#18 26.31     Checking gripsack-trace v0.42.0 (/app/crates/gripsack-trace)
#18 27.35     Checking gripsack-exec v0.42.0 (/app/crates/gripsack-exec)
#18 27.35     Checking gripsack-lint v0.42.0 (/app/crates/gripsack-lint)
#18 28.48     Checking gripsack-fuzz v0.0.0 (/app/fuzz)
#18 28.48     Checking gripsack v0.42.0 (/app/crates/gripsack)
#18 29.49     Finished `dev` profile [unoptimized + debuginfo] target(s) in 28.18s
#18 30.11    Compiling equivalent v1.0.2
#18 30.11    Compiling cfg-if v1.0.4
#18 30.11    Compiling memchr v2.8.3
#18 30.11    Compiling foldhash v0.2.0
#18 30.11    Compiling allocator-api2 v0.2.21
#18 30.11    Compiling once_cell v1.21.4
#18 30.12    Compiling itoa v1.0.18
#18 30.12    Compiling verus_builtin v0.0.0-2026-09-06-0133
#18 30.12    Compiling smallvec v1.15.2
#18 30.13    Compiling bitflags v2.13.1
#18 30.13    Compiling linux-raw-sys v0.12.1
#18 30.13    Compiling winnow v1.0.4
#18 30.13    Compiling toml_writer v1.1.2+spec-1.1.0
#18 30.13    Compiling stable_deref_trait v1.2.1
#18 30.14    Compiling typenum v1.20.1
#18 30.14    Compiling percent-encoding v2.3.2
#18 30.15    Compiling libc v0.2.189
#18 30.15    Compiling serde_core v1.0.229
#18 30.15    Compiling zmij v1.0.23
#18 30.15    Compiling indexmap v2.14.0
#18 30.15    Compiling io-lifetimes v3.0.1
#18 30.15    Compiling io-lifetimes v2.0.4
#18 30.16    Compiling ipnet v2.12.1
#18 30.16    Compiling maybe-owned v0.3.4
#18 30.16    Compiling log v0.4.34
#18 30.17    Compiling ambient-authority v0.0.2
#18 30.18    Compiling const-oid v0.10.2
#18 30.18    Compiling fastrand v2.5.0
#18 30.18    Compiling winnow v0.7.15
#18 30.18    Compiling cpufeatures v0.3.0
#18 30.18    Compiling thiserror v2.0.20
#18 30.18    Compiling zerofrom v0.1.8
#18 30.18    Compiling zeroize v1.9.0
#18 30.18    Compiling litemap v0.8.3
#18 30.18    Compiling writeable v0.6.4
#18 30.26    Compiling io-extras v0.19.0
#18 30.27    Compiling utf8_iter v1.0.4
#18 30.28    Compiling regex-syntax v0.8.11
#18 30.29    Compiling pin-project-lite v0.2.17
#18 30.29    Compiling icu_normalizer_data v2.3.0
#18 30.32    Compiling icu_properties_data v2.3.0
#18 30.33    Compiling base64 v0.22.1
#18 30.36    Compiling yoke v0.8.3
#18 30.37    Compiling tracing-core v0.1.36
#18 30.37    Compiling simd-adler32 v0.3.10
#18 30.38    Compiling untrusted v0.9.0
#18 30.40    Compiling crc32fast v1.5.1
#18 30.41    Compiling adler2 v2.0.1
#18 30.42    Compiling form_urlencoded v1.2.2
#18 30.43    Compiling libbz2-rs-sys v0.2.5
#18 30.44    Compiling subtle v2.6.1
#18 30.45    Compiling rustls-pki-types v1.15.1
#18 30.46    Compiling zlib-rs v0.6.7
#18 30.50    Compiling bumpalo v3.20.3
#18 30.51    Compiling typed-path v0.12.3
#18 30.52    Compiling openssl-probe v0.2.1
#18 30.52    Compiling num-traits v0.2.19
#18 30.52    Compiling httpdate v1.0.3
#18 30.53    Compiling scopeguard v1.2.0
#18 30.53    Compiling zerocopy v0.8.56
#18 30.54    Compiling lazy_static v1.5.0
#18 30.55    Compiling ref-cast v1.0.27
#18 30.57    Compiling thread_local v1.1.10
#18 30.57    Compiling bit-vec v0.8.0
#18 30.60    Compiling lock_api v0.4.14
#18 30.61    Compiling sharded-slab v0.1.7
#18 30.63    Compiling hashbrown v0.17.1
#18 30.64    Compiling zerovec v0.11.8
#18 30.66    Compiling rustix v1.1.4
#18 30.68    Compiling zerotrie v0.2.5
#18 30.69    Compiling nu-ansi-term v0.50.3
#18 30.76    Compiling miniz_oxide v0.8.9
#18 30.77    Compiling borrow-or-share v0.2.4
#18 30.79    Compiling zopfli v0.8.3
#18 30.85    Compiling ryu v1.0.23
#18 30.87    Compiling bytecount v0.6.9
#18 30.88    Compiling bit-set v0.8.0
#18 30.91    Compiling aho-corasick v1.1.5
#18 30.92    Compiling micromap v0.3.0
#18 30.94    Compiling num-cmp v0.1.0
#18 30.96    Compiling unsafe-libyaml v0.2.11
#18 31.04    Compiling tracing v0.1.44
#18 31.09    Compiling webpki-roots v1.0.9
#18 31.13    Compiling rustls-native-certs v0.8.4
#18 31.17    Compiling tracing-log v0.2.0
#18 31.21    Compiling bzip2 v0.6.1
#18 31.22    Compiling webpki-roots v0.26.11
#18 31.26    Compiling vsimd v0.8.0
#18 31.27    Compiling outref v0.5.2
#18 31.30    Compiling strum v0.28.0
#18 31.34    Compiling unicode-general-category v1.1.0
#18 31.39    Compiling data-encoding v2.11.1
#18 31.42    Compiling utf8parse v0.2.2
#18 31.44    Compiling unicode-width v0.2.2
#18 31.44    Compiling anstyle v1.0.14
#18 31.51    Compiling anstyle-parse v1.0.0
#18 31.52    Compiling anstyle-query v1.1.5
#18 31.52    Compiling scoped-tls v1.0.1
#18 31.54    Compiling colorchoice v1.0.5
#18 31.55    Compiling is_terminal_polyfill v1.70.2
#18 31.57    Compiling verus_state_machines_macros v0.0.0-2026-09-06-0133
#18 31.60    Compiling hybrid-array v0.4.14
#18 31.61    Compiling clap_lex v1.1.0
#18 31.62    Compiling strsim v0.11.1
#18 31.64    Compiling portable-atomic v1.15.0
#18 31.65    Compiling unit-prefix v0.5.2
#18 31.72    Compiling jobserver v0.1.35
#18 31.74    Compiling getrandom v0.4.3
#18 31.76    Compiling tinystr v0.8.4
#18 31.77    Compiling potential_utf v0.1.6
#18 31.78    Compiling getrandom v0.2.17
#18 31.83    Compiling gripsack-process v0.42.0 (/app/crates/gripsack-process)
#18 31.84    Compiling filetime v0.2.29
#18 31.84    Compiling num-integer v0.1.47
#18 31.85    Compiling parking_lot_core v0.9.12
#18 31.86    Compiling num-complex v0.4.6
#18 31.89    Compiling getrandom v0.3.4
#18 31.97    Compiling icu_collections v2.3.0
#18 32.00    Compiling uuid-simd v0.8.0
#18 32.04    Compiling icu_locale_core v2.3.0
#18 32.05    Compiling console v0.16.4
#18 32.06    Compiling cc v1.4.4
#18 32.09    Compiling toml_parser v1.1.3+spec-1.1.0
#18 32.10    Compiling anstream v1.0.0
#18 32.14    Compiling parking_lot v0.12.5
#18 32.14    Compiling shell-words v1.1.1
#18 32.15    Compiling owo-colors v4.3.0
#18 32.33    Compiling num-bigint v0.4.8
#18 32.39    Compiling num-iter v0.1.46
#18 32.49    Compiling clap_builder v4.6.6
#18 32.57    Compiling crypto-common v0.2.2
#18 32.62    Compiling block-buffer v0.12.1
#18 32.66    Compiling indicatif v0.18.6
#18 33.37    Compiling regex-automata v0.4.18
#18 33.37    Compiling jsonschema-regex v0.55.0
#18 33.48    Compiling icu_provider v2.3.1
#18 33.65    Compiling digest v0.11.3
#18 33.80    Compiling icu_properties v2.3.0
#18 33.81    Compiling icu_normalizer v2.3.0
#18 33.82    Compiling sha2 v0.11.0
#18 34.13    Compiling ring v0.17.14
#18 34.13    Compiling zstd-sys v2.0.16+zstd.1.5.7
#18 34.13    Compiling lzma-sys v0.1.20
#18 34.13    Compiling generator v0.8.10
#18 34.14    Compiling serde v1.0.229
#18 34.14    Compiling serde_json v1.0.151
#18 34.14    Compiling serde_spanned v1.1.1
#18 34.14    Compiling toml_datetime v0.7.5+spec-1.1.0
#18 34.14    Compiling toml_datetime v1.1.1+spec-1.1.0
#18 34.16    Compiling num-rational v0.4.2
#18 34.36    Compiling flate2 v1.1.9
#18 34.46    Compiling toml v0.9.12+spec-1.1.0
#18 34.48    Compiling toml v1.1.4+spec-1.1.0
#18 34.52    Compiling toml_edit v0.25.13+spec-1.1.0
#18 34.72    Compiling num v0.4.3
#18 34.75    Compiling fraction v0.17.0
#18 34.98    Compiling tracing-serde v0.2.0
#18 34.98    Compiling fluent-uri v0.4.1
#18 34.98    Compiling serde_yaml v0.9.34+deprecated
#18 34.98    Compiling email_address v0.2.9
#18 35.48    Compiling clap v4.6.6
#18 35.60    Compiling fs-set-times v0.20.3
#18 35.60    Compiling rustix-linux-procfs v0.1.1
#18 35.70    Compiling tempfile v3.27.0
#18 35.77    Compiling idna_adapter v1.2.2
#18 35.77    Compiling xattr v1.6.1
#18 35.88    Compiling cap-primitives v4.0.3
#18 35.95    Compiling idna v1.1.0
#18 36.00    Compiling tar v0.4.46
#18 36.00    Compiling gripsack-buildkit v0.42.0 (/app/crates/gripsack-buildkit)
#18 36.05    Compiling rustls v0.23.45
#18 36.06    Compiling dialoguer v0.12.0
#18 36.49    Compiling url v2.5.8
#18 36.57    Compiling cap-std v4.0.3
#18 36.97    Compiling gripsack-fs v0.42.0 (/app/crates/gripsack-fs)
#18 37.07    Compiling ahash v0.8.12
#18 37.36    Compiling jsonschema-value v0.55.0
#18 37.37    Compiling referencing v0.55.0
#18 37.59    Compiling xz2 v0.1.7
#18 37.96    Compiling vstd v0.0.0-2026-09-06-0133
#18 37.97    Compiling zstd-safe v7.2.4
#18 38.08    Compiling matchers v0.2.0
#18 38.08    Compiling fancy-regex v0.19.1
#18 38.08    Compiling regex v1.13.1
#18 38.15    Compiling tracing-subscriber v0.3.23
#18 38.19    Compiling zstd v0.13.3
#18 38.22    Compiling rustls-webpki v0.103.15
#18 38.46    Compiling zip v8.6.0
#18 39.34    Compiling jsonschema v0.55.0
#18 39.96    Compiling loom v0.7.2
#18 40.71    Compiling gripsack-policy v0.42.0 (/app/crates/gripsack-policy)
#18 41.00    Compiling gripsack-ir v0.42.0 (/app/crates/gripsack-ir)
#18 42.50    Compiling ureq v2.12.1
#18 44.31    Compiling gripsack-store v0.42.0 (/app/crates/gripsack-store)
#18 44.31    Compiling gripsack-config v0.42.0 (/app/crates/gripsack-config)
#18 44.31    Compiling griplint v0.42.0 (/app/crates/griplint)
#18 45.56    Compiling gripsack-fetch v0.42.0 (/app/crates/gripsack-fetch)
#18 45.56    Compiling gripsack-trace v0.42.0 (/app/crates/gripsack-trace)
#18 47.50    Compiling gripsack-exec v0.42.0 (/app/crates/gripsack-exec)
#18 47.50    Compiling gripsack-lint v0.42.0 (/app/crates/gripsack-lint)
#18 49.59    Compiling gripsack-fuzz v0.0.0 (/app/fuzz)
#18 53.13    Compiling gripsack v0.42.0 (/app/crates/gripsack)
#18 61.31     Finished `test` profile [unoptimized + debuginfo] target(s) in 31.77s
#18 61.35      Running unittests src/lib.rs (target/debug/deps/griplint-649ce6e1a3a65ac3)
#18 61.35 
#18 61.35 running 19 tests
#18 61.35 test admission::tests::explicit_no_table_preserves_coverage_without_parsing ... ok
#18 61.35 test document::tests::error_spans_map_bytes_to_code_point_columns ... ok
#18 61.35 test admission::tests::file_loader_has_the_same_admission_boundary ... ok
#18 61.35 test checks::tests::version_coverage_is_numeric_not_textual ... ok
#18 61.35 test value::tests::numbers_compare_across_int_and_float ... ok
#18 61.35 test golden::severity_serializes_lowercase ... ok
#18 61.35 test value::tests::typed_matching_keeps_null_and_boolean_distinct ... ok
#18 61.35 test document::tests::indented_multichar_keys_get_real_columns ... ok
#18 61.35 test document::tests::json_and_yaml_null_stay_null ... ok
#18 61.35 test difflib::tests::the_fixture_suggestions_hold ... ok
#18 61.36 test admission::tests::free_keys_and_sections_preserve_arbitrary_descendants ... ok
#18 61.36 test admission::tests::formats_dispatch_without_extension_assumptions ... ok
#18 61.36 test admission::tests::key_diagnostics_and_leniency_survive_admission ... ok
#18 61.36 test admission::tests::whole_rules_check_sections_without_checking_their_members ... ok
#18 61.36 test admission::tests::malformed_key_rules_never_turn_sections_free ... ok
#18 61.36 test admission::tests::markers_are_typed_and_exclusive ... ok
#18 61.36 test admission::tests::metadata_and_dispatch_must_be_actionable ... ok
#18 61.39 test admission::tests::every_embedded_pack_is_admitted ... ok
#18 61.67 test golden::golden_corpus_replays ... ok
#18 61.67 
#18 61.67 test result: ok. 19 passed; 0 failed; 0 ignored; 0 measured; 0 filtered out; finished in 0.32s
#18 61.67 
#18 61.67      Running unittests src/main.rs (target/debug/deps/grip-85d61296dd07cae5)
#18 61.67 
#18 61.67 running 22 tests
#18 61.68 test commands::adopt::generate::tests::ident_is_always_a_valid_ts_identifier ... ok
#18 61.68 test commands::adopt::generate::tests::module_source_escapes_hostile_strings ... ok
#18 61.68 test commands::adopt::generate::tests::module_source_shapes ... ok
#18 61.68 test commands::adopt::generate::tests::names_and_idents ... ok
#18 61.68 test commands::adopt::generate::tests::update_host_bails_on_unexpected_shape ... ok
#18 61.68 test commands::adopt::generate::tests::update_host_ignores_the_template_header_comment ... ok
#18 61.68 test commands::adopt::generate::tests::update_host_multiline_array ... ok
#18 61.68 test commands::adopt::generate::tests::update_host_single_line_arrays ... ok
#18 61.68 test render::tests::missing_file_degrades_gracefully ... ok
#18 61.68 test render::tests::renders_header_and_help_without_color ... ok
#18 61.68 test commands::frontend::tests::every_builtin_read_grant_rejects_a_comma_before_deno_spawn ... ok
#18 61.68 test commands::self_update::installation::tests::deleted_suffix_is_only_stripped_for_a_missing_original ... ok
#18 61.68 test commands::self_update::installation::tests::parent_drift_does_not_redirect_publication ... ok
#18 61.68 test commands::self_update::payload::tests::symlink_files_and_symlink_directories_are_not_candidates ... ok
#18 61.68 test commands::self_update::installation::tests::replacement_invalidates_installed_version_evidence ... ok
#18 61.68 test render::tests::renders_snippet_when_file_exists ... ok
#18 61.68 test render::tests::invalid_diagnostic_coordinates_never_read_a_source_snippet ... ok
#18 61.68 test commands::self_update::payload::tests::root_and_nested_candidates_are_ambiguous ... ok
#18 61.68 test commands::self_update::payload::tests::probe_requires_success_and_a_single_grip_version ... ok
#18 61.68 test render::tests::source_snippets_cannot_escape_the_repo_capability ... ok
#18 61.68 test commands::self_update::installation::tests::symlink_install_keeps_target_semantics ... ok
#18 61.69 test commands::self_update::payload::tests::flooding_version_peer_is_rejected ... ok
#18 61.69 
#18 61.69 test result: ok. 22 passed; 0 failed; 0 ignored; 0 measured; 0 filtered out; finished in 0.02s
#18 61.69 
#18 61.69      Running unittests src/lib.rs (target/debug/deps/gripsack_buildkit-17ce832e6f9981aa)
#18 61.69 
#18 61.69 running 23 tests
#18 61.70 test protocol::tests::hostile_headers_reject_before_any_body_is_read ... ok
#18 61.70 test protocol::tests::digests_and_sessions_validate_their_shape ... ok
#18 61.70 test protocol::tests::negotiation_is_one_exact_version_pair ... ok
#18 61.70 test protocol::tests::every_message_round_trips_byte_exactly ... ok
#18 61.70 test protocol::tests::the_gate_fences_stale_duplicate_and_flooding_events ... ok
#18 61.70 test transport::tests::the_real_go_bridge_negotiates_fails_closed_and_cancels_idempotently ... ignored, requires tools/buildkit-bridge/bridge-bin (built by the pinned golang gate)
#18 61.70 test protocol::tests::trailing_bytes_and_unknown_fields_reject ... ok
#18 61.70 test worker::linux::tests::failed_launch_with_no_container_id_never_deletes_by_name ... ok
#18 61.70 test worker::linux::tests::foreign_cache_volume_blocks_provision_without_launch_or_deletion ... ok
#18 61.70 test worker::linux::tests::failed_version_probe_cannot_authorize_a_lease ... ok
#18 61.70 test worker::linux::tests::the_real_docker_worker_provisions_leases_and_stops ... ignored, requires a real docker engine with the pinned buildkitd image
#18 61.70 test worker::linux::tests::the_real_docker_worker_refuses_a_foreign_cache_volume ... ignored, requires a real docker engine with the pinned buildkitd image
#18 61.70 test worker::linux::tests::failed_removal_does_not_claim_stopped_and_can_retry ... ok
#18 61.70 test worker::linux::tests::foreign_container_identity_blocks_deletion_and_stop ... ok
#18 61.70 test worker::linux::tests::worker_identity_rejects_unsafe_or_unbounded_docker_names ... ok
#18 61.70 test worker::tests::a_crashed_worker_keeps_its_leases_until_explicit_drain ... ok
#18 61.70 test worker::linux::tests::live_lease_blocks_worker_deletion_until_drained ... ok
#18 61.70 test protocol::tests::log_chunks_are_bounded_after_decode ... ok
#18 61.70 test worker::tests::a_worker_with_a_live_lease_cannot_stop_or_be_deleted ... ok
#18 61.70 test worker::tests::cleanup_only_deletes_owned_resources_and_never_retained_ones ... ok
#18 61.70 test worker::tests::illegal_transitions_reject_instead_of_guessing ... ok
#18 61.70 test worker::tests::two_clients_lease_one_ready_worker_concurrently ... ok
#18 61.70 test worker::tests::unknown_leases_reject_and_ids_never_repeat ... ok
#18 61.70 
#18 61.70 test result: ok. 20 passed; 0 failed; 3 ignored; 0 measured; 0 filtered out; finished in 0.00s
#18 61.70 
#18 61.70      Running unittests src/lib.rs (target/debug/deps/gripsack_config-98cadf244e260699)
#18 61.70 
#18 61.70 running 12 tests
#18 61.70 test tests::defaults_are_sane ... ok
#18 61.70 test tests::eval_deps_is_gone ... ok
#18 61.70 test tests::parses_env_toml ... ok
#18 61.70 test tests::parses_throttle_table ... ok
#18 61.70 test tests::python_frontend_is_a_migration_error ... ok
#18 61.70 test tests::repo_wins_user_fills_gaps ... ok
#18 61.70 test tests::typo_key_is_a_span_labeled_diagnostic ... ok
#18 61.70 test tests::typescript_frontend_declaration_is_tolerated ... ok
#18 61.70 test tests::repo_build_env_cannot_claim_operator_credential_routing ... ok
#18 61.70 test tests::unknown_top_level_key_is_an_error ... ok
#18 61.70 test tests::unknown_frontend_value_errors_the_same_way ... ok
#18 61.70 test tests::user_value_used_when_repo_silent ... ok
#18 61.70 
#18 61.70 test result: ok. 12 passed; 0 failed; 0 ignored; 0 measured; 0 filtered out; finished in 0.00s
#18 61.70 
#18 61.70      Running unittests src/lib.rs (target/debug/deps/gripsack_exec-002bae5063eca4d0)
#18 61.71 
#18 61.71 running 55 tests
#18 61.71 test facts::tests::glibc_version_parses_both_ldd_wordings ... ok
#18 61.71 test facts::tests::facts_match_the_running_host ... ok
#18 61.71 test frontend::tests::path_deno_version_gate_matches_major ... ok
#18 61.71 test lineage_model::a_mid_apply_external_write_is_aborted_never_clobbered ... ok
#18 61.71 test lineage_model::chmod_only_drift_is_preserved_never_silently_reverted ... ok
#18 61.71 test lineage_model::preserved_drift_never_authorizes_an_update ... ok
#18 61.71 test managed_blocks::tests::broken_scanner_utf8_boundary_returns_error_instead_of_panicking ... ok
#18 61.71 test managed_blocks::tests::malformed_markers_never_grant_splice_ranges ... ok
#18 61.71 test managed_blocks::tests::later_hand_edits_are_classified_and_other_modules_stay_untouched ... ok
#18 61.71 test managed_blocks::tests::only_the_first_body_line_can_be_a_legacy_header ... ok
#18 61.71 test managed_blocks::tests::foreign_bytes_survive_reconcile_and_removal ... ok
#18 61.71 test managed_blocks::tests::markers_roundtrip_across_comment_styles_and_legacy_metadata ... ok
#18 61.71 test report::update_model::every_survey_order_preserves_error_over_change_precedence ... ok
#18 61.71 test resolve::identity_tests::provenance_differences_hash_identically ... ok
#18 61.71 test deploy::tests::symlinked_ancestor_into_repo_is_detected ... ok
#18 61.71 test template::tests::template_substitutes_and_escapes ... ok
#18 61.71 test template::tests::template_unbalanced_braces_error ... ok
#18 61.71 test template::tests::template_undefined_variable_is_a_loud_error ... ok
#18 61.71 test tests::build_edges_constrain_order_too ... ok
#18 61.71 test managed_blocks::tests::every_mode_record_participates_independently_of_order ... ok
#18 61.71 test tests::cycles_are_named ... ok
#18 61.72 test tests::dependencies_come_first ... ok
#18 61.72 test tests::diamond_is_deterministic ... ok
#18 61.72 test tests::waves_levelize_the_dag ... ok
#18 61.72 test ops::model::tests::a_build_only_dep_plans_zero_destination_ops ... ok
#18 61.72 test deploy::tests::restore_never_writes_a_dangling_owned_link ... ok
#18 61.73 test lineage_model::ownership_lineage_holds_over_every_sequence ... ok
#18 61.76 test source::overlay::tests::top_level_links_have_the_same_preview_and_staged_identity ... ok
#18 61.76 test source::overlay::tests::leaf_link_is_replaced_without_writing_its_target ... ok
#18 61.76 test gc::root_model::pinned_collection_survives_root_replacement ... ok
#18 61.76 test source::overlay::tests::fetched_link_ancestor_cannot_redirect_an_overlay ... ok
#18 61.76 test source::overlay::tests::overlay_pin_and_bytes_belong_to_the_same_snapshot ... ok
#18 61.76 test env::tests::renders_set_prepend_append_with_store_resolution ... ok
#18 61.76 test lockfile::tests::roundtrip ... ok
#18 61.77 test env::tests::duplicate_contributions_render_once ... ok
#18 61.77 test ops::model::tests::a_spelling_change_plans_no_op ... ok
#18 61.77 test env::tests::empty_contributions_remove_the_file ... ok
#18 61.78 test deploy::tests::journaled_mutation_must_reach_its_intended_state ... ok
#18 61.81 test update::tests::check_and_publish_agree_on_metadata_only_pin_changes ... ok
#18 61.81 test gc::tests::collects_only_unreferenced_store_paths ... ok
#18 61.81 test gc::tests::keep_generations_prunes_oldest_and_their_paths ... ok
#18 61.81 test gc::tests::never_prunes_the_current_generation ... ok
#18 61.82 test gc::tests::why_owns_finds_the_owner ... ok
#18 61.83 test mode_model::links_carry_the_payload_mode_without_normalizing_it ... ok
#18 61.86 test gc::tests::a_session_for_another_home_authorizes_nothing_here ... ok
#18 61.86 test gc::tests::reconciled_journal_unblocks_collection ... ok
#18 61.87 test gc::tests::unfinished_recovery_blocks_collection ... ok
#18 61.90 test gc::tests::quarantined_entries_block_collection ... ok
#18 62.05 test frontend::tests::embed_materializes_tree_and_marker ... ok
#18 62.05 test mode_model::merge_host_modes_are_planned_and_drift_never_authorizes_prune ... ok
#18 62.16 test gc::root_model::unfinished_recovery_preserves_every_history_object ... ok
#18 62.32 test frontend::tests::materialize_flips_the_stable_current_link ... ok
#18 62.35 test gc::root_model::retained_histories_protect_complete_roots ... ok
#18 63.73 test ops::model::tests::the_planned_op_matches_the_algebra_and_executes_to_its_intent ... ok
#18 64.14 test mode_model::whole_file_modes_survive_update_restore_drift_and_prune ... ok
#18 64.14 
#18 64.14 test result: ok. 55 passed; 0 failed; 0 ignored; 0 measured; 0 filtered out; finished in 2.48s
#18 64.14 
#18 64.14      Running tests/workspace_execution_gate.rs (target/debug/deps/workspace_execution_gate-e97233b432130964)
#18 64.14 
#18 64.14 running 1 test
#18 64.14 test every_direct_executor_entry_rejects_before_home_mutation ... ok
#18 64.14 
#18 64.14 test result: ok. 1 passed; 0 failed; 0 ignored; 0 measured; 0 filtered out; finished in 0.00s
#18 64.14 
#18 64.14      Running unittests src/lib.rs (target/debug/deps/gripsack_fetch-a70d1a7feed20a6a)
#18 64.14 
#18 64.14 running 70 tests
#18 64.15 test bottle::tests::apple_silicon_orders_by_chronology_not_spelling ... ok
#18 64.15 test bottle::tests::arm64_linux_is_not_a_mac_bottle ... ok
#18 64.15 test bottle::tests::all_is_a_last_resort_under_a_validated_policy ... ok
#18 64.15 test bottle::tests::intel_mac_never_takes_the_linux_bottle ... ok
#18 64.15 test bottle::tests::future_macos_major_admits_its_own_codename ... ok
#18 64.15 test bottle::tests::intel_mac_takes_the_newest_bottle_the_host_can_run ... ok
#18 64.15 test bottle::tests::linux_matches_exact_architecture ... ok
#18 64.15 test bottle::tests::missing_macos_version_fact_refuses_rather_than_guessing ... ok
#18 64.15 test bottle::tests::older_macos_refuses_newer_bottle_with_the_requirement ... ok
#18 64.15 test bottle::tests::unknown_tags_are_reported_not_matched ... ok
#18 64.15 test bottle::tests::unsupported_architecture_fails_clearly ... ok
#18 64.15 test bottle::tests::version_parsing_is_componentwise ... ok
#18 64.15 test host::tests::bundled_releases_have_full_platform_tables ... ok
#18 64.15 test host::tests::deno_urls_use_the_glibc_linux_assets ... ok
#18 64.15 test host::tests::placeholder_table_covers_every_convention ... ok
#18 64.15 test host::tests::resolves_the_host_asset ... ok
#18 64.15 test http::body::tests::a_new_attempt_cannot_reset_consumed_transfer_bytes ... ok
#18 64.15 test http::failure::tests::certificate_failures_are_not_transient_connections ... ok
#18 64.15 test http::failure::tests::rate_limit_advice_is_evidence_based_and_locations_are_redacted ... ok
#18 64.15 test http::retry::tests::real_retry_policy_has_fixed_deadline_and_bounded_attempts ... ok
#18 64.15 test http::retry::tests::terminal_classes_and_upstream_cooldowns_never_get_fast_replays ... ok
#18 64.15 test http::tests::bound_credentials_require_tls_and_registry_artifact_refuses_cleartext ... ok
#18 64.15 test http::tests::host_binding_survives_url_normalization ... ok
#18 64.15 test http::tests::credential_routing_model_uses_actual_host_selector ... ok
#18 64.15 test http::tests::proxy_bypass_preserves_domain_and_port_boundaries ... ok
#18 64.15 test fetch::plugin::tests::bounded_tree_is_checked_before_hash ... ok
#18 64.15 test placeholders::tests::explicit_bare_version_is_shared_without_changing_legacy_asset_precedence ... ok
#18 64.15 test placeholders::tests::missing_empty_or_escaping_expansions_never_become_paths ... ok
#18 64.15 test plugins::segment_tests::traversal_tags_are_refused ... ok
#18 64.15 test plugins::tests::parse_ref_shapes ... ok
#18 64.15 test resolve::atom_tests::no_core_tag_is_none_and_malformed_versions_skip ... ok
#18 64.15 test resolve::atom_tests::picks_the_newest_core_tag_among_mixed_namespaces ... ok
#18 64.15 test resolve::base_url_tests::bare_ghe_host_gets_api_v3 ... ok
#18 64.15 test resolve::tests::picks_expanded_asset ... ok
#18 64.15 test resolve::tests::missing_asset_lists_available ... ok
#18 64.15 test resolve::tests::v_prefix_variants_match ... ok
#18 64.15 test tests::exe_naming ... ok
#18 64.15 test throttle::tests::parses_budget_syntax ... ok
#18 64.15 test throttle::tests::plugin_declaration_replaces_builtin_default ... ok
#18 64.15 test throttle::tests::rate_admission_rejects_nonfinite_and_unfillable_buckets ... ok
#18 64.15 test throttle::tests::token_wait_cannot_outlive_or_reset_an_operation_deadline ... ok
#18 64.15 test throttle::tests::url_host_extraction ... ok
#18 64.15 test throttle::tests::user_override_beats_plugin_declaration ... ok
#18 64.16 test fetch::plugin::tests::no_response_or_nonzero_exit_is_not_a_fetch ... ok
#18 64.16 test fetch::plugin::tests::round_trip_and_reported_hash_verification ... ok
#18 64.16 test fetch::archive::tests::filesystem_tree_validation_and_copy_share_link_graph ... ok
#18 64.16 test throttle::tests::persisted_token_and_time_bounds_cannot_panic_or_mint_extra_tokens ... ok
#18 64.16 test plugins::tests::receipt_roundtrips_and_current_resolves ... ok
#18 64.16 test fetch::archive::tests::tar_hardlink_before_its_file_uses_the_pinned_payload_root ... ok
#18 64.16 test fetch::archive::tests::traversal_is_rejected_before_tar_materialization ... ok
#18 64.16 test fetch::archive::tests::link_cycles_and_dangling_targets_reject_before_archive_materialization ... ok
#18 64.16 test fetch::archive::tests::zip_crc_cannot_be_bypassed_by_raw_stream_decoding ... ok
#18 64.16 test fetch::archive::tests::decompressed_limit_is_checked_on_actual_bytes ... ok
#18 64.16 test fetch::archive::tests::aggregate_tar_path_metadata_is_bounded_before_extraction ... ok
#18 64.16 test fetch::archive::tests::a_symlink_destination_cannot_redirect_acquisition ... ok
#18 64.16 test fetch::archive::tests::tar_composed_links_cannot_escape_the_payload_root_in_either_order ... ok
#18 64.16 test tests::discovers_executable_on_path ... ok
#18 64.16 test fetch::tarball::tests::transport_mismatch_never_extracts_payload ... ok
#18 64.16 test fetch::archive::tests::zip_entry_budget_precedes_directory_allocation ... ok
#18 64.16 test fetch::archive::tests::zip_composed_links_cannot_escape_the_payload_root_in_either_order ... ok
#18 64.16 test fetch::archive::tests::xz_tar_extracts_without_a_payload_buffer ... ok
#18 64.16 test fetch::archive::tests::bare_and_compressed_binaries_preserve_executability ... ok
#18 64.16 test fetch::file::tests::file_fetch_extracts_tarball ... ok
#18 64.16 test fetch::archive::tests::forward_and_composed_internal_links_remain_usable_in_tar_and_zip ... ok
#18 64.17 test fetch::plugin::tests::response_does_not_hide_output_failure ... ok
#18 64.17 test fetch::plugin::tests::simultaneous_pipe_pressure_and_early_response ... ok
#18 64.23 test fetch::git::tests::git_fetch_clones_at_rev ... ok
#18 64.40 test throttle::tests::bucket_enforces_the_budget ... ok
#18 68.68 test fetch::plugin::tests::silent_and_response_then_linger_both_fail ... ok
#18 68.68 test fetch::plugin::tests::capability_results_require_a_clean_exit ... ok
#18 68.68 
#18 68.68 test result: ok. 70 passed; 0 failed; 0 ignored; 0 measured; 0 filtered out; finished in 4.54s
#18 68.68 
#18 68.69      Running unittests src/lib.rs (target/debug/deps/gripsack_fs-269bf90eee70c137)
#18 68.69 
#18 68.69 running 14 tests
#18 68.69 test streamed::tests::failed_stream_keeps_old_destination_and_cleans_private_temp ... ok
#18 68.70 test tests::copy_dir_preserves_symlinks_and_merges ... ok
#18 68.70 test streamed::tests::publishes_complete_bytes_and_exact_mode_in_real_operation_order ... ok
#18 68.71 test persistence_model::streamed_executable_publication_is_ordered_at_every_cut ... ok
#18 68.71 test tests::symlink_replace_flips_atomically ... ok
#18 68.71 test tests::atomic_write_creates_parent_dirs ... ok
#18 68.71 test tests::atomic_write_lands_content_without_leftovers ... ok
#18 68.71 test tests::atomic_write_with_mode_lands_exact_permissions ... ok
#18 68.71 test tests::publish_lands_files_read_only ... ok
#18 68.71 test tests::atomic_write_preserves_the_destinations_mode ... ok
#18 68.72 test tests::publish_refuses_an_existing_dest ... ok
#18 68.73 test tests::publish_cross_filesystem_preserves_modes ... ok
#18 68.78 test persistence_model::atomic_file_link_and_tree_publication_are_ordered_at_every_cut ... ok
#18 69.65 test tests::writes_stay_on_the_pinned_inode_under_parent_swap ... ok
#18 69.65 
#18 69.65 test result: ok. 14 passed; 0 failed; 0 ignored; 0 measured; 0 filtered out; finished in 0.96s
#18 69.65 
#18 69.65      Running unittests src/lib.rs (target/debug/deps/gripsack_fuzz-a5cf999b54f2f21b)
#18 69.65 
#18 69.65 running 0 tests
#18 69.65 
#18 69.65 test result: ok. 0 passed; 0 failed; 0 ignored; 0 measured; 0 filtered out; finished in 0.00s
#18 69.65 
#18 69.65      Running unittests src/bin/replay.rs (target/debug/deps/replay-7db08cd6dddfb04c)
#18 69.65 
#18 69.65 running 0 tests
#18 69.65 
#18 69.65 test result: ok. 0 passed; 0 failed; 0 ignored; 0 measured; 0 filtered out; finished in 0.00s
#18 69.65 
#18 69.65      Running unittests src/lib.rs (target/debug/deps/gripsack_ir-3b19633ffcb5d796)
#18 69.65 
#18 69.65 running 68 tests
#18 69.66 test host_name::tests::rejects_path_shaped_hosts_before_they_can_name_files ... ok
#18 69.66 test sema::contract_tests::unknown_fields_are_parse_errors_now ... ok
#18 69.66 test sema::destinations::tests::step_entries_obey_destination_rules ... ok
#18 69.66 test sema::destinations::case_tests::case_variant_destinations_fold_on_every_host ... ok
#18 69.66 test sema::steps::tests::single_fetch_step_pins_multiple_refused ... ok
#18 69.66 test sema::placeholders::tests::the_known_set_passes_clean ... ok
#18 69.66 test sema::tests::malformed_json_is_e000 ... ok
#18 69.66 test sema::tests::dotfiles_only_module_needs_no_source ... ok
#18 69.66 test sema::tests::destination_shaped_verify_path_is_e109 ... ok
#18 69.66 test sema::tests::spanless_nodes_still_render ... ok
#18 69.66 test sema::placeholders::tests::a_typo_is_an_error_with_a_span_and_a_suggestion ... ok
#18 69.66 test sema::resources::tests::resources_require_an_action_that_actually_acquires_them ... ok
#18 69.66 test sema::tests::legacy_ir_is_rejected_before_decoding_renamed_fields ... ok
#18 69.66 test sema::tests::rejects_wrong_version ... ok
#18 69.66 test sema::tests::merge_and_template_modes_pass_sema_with_vars_and_marker ... ok
#18 69.66 test sema::tests::declared_and_builtin_resources_pass ... ok
#18 69.66 test sema::tests::explicit_steps_validate ... ok
#18 69.66 test sema::tests::unknown_edge_kind_is_span_labeled_e122 ... ok
#18 69.66 test sema::tests::run_action_parses_with_outputs ... ok
#18 69.66 test sema::tests::collects_multiple_diagnostics ... ok
#18 69.66 test sema::tests::steps_plus_declarative_fields_is_e103 ... ok
#18 69.66 test sema::tests::cross_module_ref_into_declarative_module ... ok
#18 69.66 test sema::tests::undeclared_resource_is_e107 ... ok
#18 69.66 test sema::tests::duplicate_and_reserved_step_ids_are_e106 ... ok
#18 69.66 test sema::tests::external_done_barrier_is_valid_but_self_barrier_is_rejected ... ok
#18 69.66 test sema::tests::unknown_dependency_carries_span_and_code ... ok
#18 69.66 test sema::workspace::cycles::tests::production_cycles_label_every_member ... ok
#18 69.66 test sema::workspace::destinations::tests::duplicate_profile_destinations_label_every_declaration ... ok
#18 69.67 test sema::workspace::destinations::tests::mixed_policies_over_one_path_still_collide ... ok
#18 69.67 test sema::workspace::names::tests::duplicate_output_names_label_both_spans ... ok
#18 69.67 test sema::workspace::cycles::tests::validation_edges_never_close_a_cycle ... ok
#18 69.67 test sema::workspace::cycles::tests::task_dependency_cycles_are_rejected ... ok
#18 69.67 test sema::tests::parses_and_validates_example ... ok
#18 69.67 test sema::workspace::destinations::tests::distinct_markers_over_one_host_file_coexist_but_one_marker_is_one_owner ... ok
#18 69.67 test sema::workspace::refs::tests::check_subject_must_resolve_to_an_output ... ok
#18 69.67 test sema::workspace::policy::tests::omitted_required_validation_and_producer_fail_closed_with_both_sites ... ok
#18 69.67 test sema::workspace::policy::tests::omitted_build_input_and_runtime_edges_fail_admission ... ok
#18 69.67 test sema::workspace::destinations::tests::same_destination_across_profiles_rejects_and_equal_names_coexist ... ok
#18 69.67 test sema::workspace::tests::profile_with_literal_file_needs_no_synthetic_package ... ok
#18 69.67 test sema::workspace::policy::tests::production_closure_excludes_runtime_and_preserves_validation ... ok
#18 69.67 test workspace::platform::tests::target_floor_and_abi_admit_only_compatible_consumers ... ok
#18 69.67 test sema::workspace::policy::tests::projected_kind_or_binding_reclassification_fails_closed ... ok
#18 69.67 test sema::workspace::refs::tests::selection_target_mismatch_labels_both_sites ... ok
#18 69.67 test sema::workspace::tests::envelope_shape_is_version_dispatched ... ok
#18 69.67 test sema::workspace::tests::provider_backed_package_needs_no_recipe_output ... ok
#18 69.67 test sema::workspace::span_value::tests::decoded_bash_interpolation_rejects_at_original_script_line ... ok
#18 69.67 test sema::workspace::policy::tests::catalog_index_corruption_rejects_before_closure ... ok
#18 69.67 test sema::paths::tests::path_shape_rules ... ok
#18 69.67 test sema::workspace::tests::unknown_workspace_fields_label_the_declaring_span ... ok
#18 69.67 test sema::workspace::tests::package_and_recipe_workspace_admits ... ok
#18 69.67 test sema::workspace::policy::tests::adjacent_local_steps_lower_to_ordering_not_build_edges ... ok
#18 69.67 test sema::workspace::span_value::tests::invalid_nested_command_coordinates_remain_source_labeled ... ok
#18 69.67 test sema::workspace::refs::tests::producer_target_mismatch_labels_both_sites ... ok
#18 69.67 test sema::workspace::refs::tests::artifact_references_reject_non_artifact_kinds ... ok
#18 69.67 test sema::workspace::span_value::tests::file_content_requires_source_unless_literal ... ok
#18 69.67 test sema::workspace::span_value::tests::incompatible_abi_and_unsafe_prefix_label_the_declaration ... ok
#18 69.67 test sema::workspace::policy::tests::projected_reference_site_substitution_fails_closed ... ok
#18 69.67 test sema::workspace::tests::provider_fetch_fields_never_drop_silently ... ok
#18 69.67 test sema::workspace::refs::tests::invalid_references_are_rejected ... ok
#18 69.67 test sema::workspace::span_value::tests::degenerate_spans_and_values_are_rejected ... ok
#18 69.67 test sema::workspace::tests::unknown_workspace_fields_never_drop_silently ... ok
#18 69.68 test sema::workspace::refs::tests::fixed_prefix_packages_cannot_be_selected_without_prefix ... ok
#18 69.68 test sema::workspace::policy::tests::substituted_graph_references_fail_closed_at_declaration ... ok
#18 69.68 test sema::workspace::context::tests::command_references_and_contexts_are_admitted ... ok
#18 69.68 test sema::workspace::refs::tests::task_schedule_profile_image_refs_are_typed ... ok
#18 69.68 test sema::workspace::span_value::tests::escaping_profile_file_destinations_reject_at_the_declaration ... ok
#18 69.68 test sema::workspace::span_value::tests::decoded_repo_file_origin_rejects_paths_outside_the_captured_repository ... ok
#18 69.68 test sema::workspace::refs::tests::artifact_selectors_must_be_normalized_relative_paths ... ok
#18 69.68 
#18 69.68 test result: ok. 68 passed; 0 failed; 0 ignored; 0 measured; 0 filtered out; finished in 0.03s
#18 69.68 
#18 69.68      Running tests/schema_acceptance.rs (target/debug/deps/schema_acceptance-1a169573e71c6ca0)
#18 69.68 
#18 69.68 running 3 tests
#18 69.71 test schema_pattern_assertions_execute ... ok
#18 69.71 test valid_documents_are_admitted_by_both_sides ... ok
#18 69.71 test rejected_documents_fail_both_sides ... ok
#18 69.71 
#18 69.71 test result: ok. 3 passed; 0 failed; 0 ignored; 0 measured; 0 filtered out; finished in 0.03s
#18 69.71 
#18 69.72      Running tests/workspace_admission.rs (target/debug/deps/workspace_admission-69161928380216ad)
#18 69.72 
#18 69.72 running 3 tests
#18 69.72 test provider_backed_package_lists_as_single_output ... ok
#18 69.72 test admitted_workspace_exposes_named_outputs ... ok
#18 69.72 test serialization_preserves_each_version_envelope ... ok
#18 69.72 
#18 69.72 test result: ok. 3 passed; 0 failed; 0 ignored; 0 measured; 0 filtered out; finished in 0.00s
#18 69.72 
#18 69.72      Running tests/workspace_v4_compat.rs (target/debug/deps/workspace_v4_compat-b35fac2a52f57c5d)
#18 69.72 
#18 69.72 running 3 tests
#18 69.73 test versions_reject_each_others_fields_and_bad_refs ... ok
#18 69.75 test historical_recipe_execution_and_fixed_layout_never_gain_new_policy ... ok
#18 69.76 test historical_schema_and_reader_preserve_opaque_platform_strings ... ok
#18 69.76 
#18 69.76 test result: ok. 3 passed; 0 failed; 0 ignored; 0 measured; 0 filtered out; finished in 0.04s
#18 69.76 
#18 69.76      Running tests/workspace_v5_acceptance.rs (target/debug/deps/workspace_v5_acceptance-33fcbef4cdc72330)
#18 69.76 
#18 69.76 running 5 tests
#18 69.85 test version_dispatch_asymmetry ... ok
#18 69.85 test schema_authored_constraints_execute ... ok
#18 69.86 test valid_documents_are_admitted_by_both_sides ... ok
#18 69.86 test rejected_documents_fail_both_sides ... ok
#18 69.86 test each_output_kind_rejects_undeclared_authority_with_its_own_span ... ok
#18 69.86 
#18 69.86 test result: ok. 5 passed; 0 failed; 0 ignored; 0 measured; 0 filtered out; finished in 0.10s
#18 69.86 
#18 69.86      Running unittests src/lib.rs (target/debug/deps/gripsack_lint-548fb042b5698953)
#18 69.86 
#18 69.86 running 8 tests
#18 69.86 test exchange::tests::severity_coercion_and_crash_codes ... ok
#18 69.86 test exchange::tests::spawn_failure_is_e01 ... ok
#18 69.87 test exchange::tests::missing_response_retains_only_last_three_stderr_lines ... ok
#18 69.87 test exchange::tests::valid_diagnostics_survive_nonzero_exit ... ok
#18 69.88 test exchange::tests::pressure_before_input_and_response_before_input_completion ... ok
#18 69.88 test exchange::tests::output_failure_after_response_keeps_diagnostics_and_adds_e02 ... ok
#18 69.92 test exchange::tests::input_limit_is_not_a_success ... ok
#18 74.39 test exchange::tests::silence_and_response_then_linger_are_deadline_failures ... ok
#18 74.39 
#18 74.39 test result: ok. 8 passed; 0 failed; 0 ignored; 0 measured; 0 filtered out; finished in 4.52s
#18 74.39 
#18 74.39      Running unittests src/lib.rs (target/debug/deps/gripsack_policy-6fb76687af620f0e)
#18 74.39 
#18 74.39 running 0 tests
#18 74.39 
#18 74.39 test result: ok. 0 passed; 0 failed; 0 ignored; 0 measured; 0 filtered out; finished in 0.00s
#18 74.39 
#18 74.39      Running tests/name_index.rs (target/debug/deps/name_index-b8d7482da2a86275)
#18 74.39 
#18 74.39 running 1 test
#18 74.39 test catalog_indices_cannot_bind_another_name_or_escape_the_catalog ... ok
#18 74.39 
#18 74.39 test result: ok. 1 passed; 0 failed; 0 ignored; 0 measured; 0 filtered out; finished in 0.00s
#18 74.39 
#18 74.39      Running tests/retention.rs (target/debug/deps/retention-f5332f07ee7f6f7c)
#18 74.40 
#18 74.40 running 2 tests
#18 74.40 test exact_pruning_boundaries_preserve_current_without_shifting_the_prefix ... ok
#18 74.40 test inventory_admits_only_strictly_ascending_identities ... ok
#18 74.40 
#18 74.40 test result: ok. 2 passed; 0 failed; 0 ignored; 0 measured; 0 filtered out; finished in 0.00s
#18 74.40 
#18 74.40      Running tests/schedule_smoke.rs (target/debug/deps/schedule_smoke-94fdc3e3d650f21b)
#18 74.40 
#18 74.40 running 2 tests
#18 74.40 test pure_scheduler_runs_a_diamond ... ok
#18 74.40 test pure_scheduler_latches_on_failure ... ok
#18 74.40 
#18 74.40 test result: ok. 2 passed; 0 failed; 0 ignored; 0 measured; 0 filtered out; finished in 0.00s
#18 74.40 
#18 74.40      Running unittests src/lib.rs (target/debug/deps/gripsack_process-1808502d2508137d)
#18 74.40 
#18 74.40 running 20 tests
#18 74.40 test tests::expired_operation_rejects_spawn_without_overriding_input_failure ... ok
#18 74.40 test tests::input_rejected_before_spawn ... ok
#18 74.40 test tests::empty_input_is_closed_immediately ... ok
#18 74.41 test tests::framing_and_input_eof ... ok
#18 74.41 test tests::lifecycle::callback_panic_kills_and_reaps_the_leader ... ok
#18 74.42 test tests::pressure::huge_unterminated_line_is_stopped_incrementally ... ok
#18 74.43 test tests::lifecycle::exit_and_signal_status_are_not_routing_policy ... ok
#18 74.43 test tests::exact_line_limit_and_empty_lines ... ok
#18 74.43 test tests::lifecycle::no_response_is_a_normal_exit ... ok
#18 74.43 test tests::spawn_error_and_zero_budget ... ok
#18 74.44 test tests::lifecycle::inherited_pipes_are_killed_on_leader_exit_not_after_a_linger ... ok
#18 74.44 test tests::tail_is_exact_and_can_be_disabled ... ok
#18 74.44 test tests::pressure::response_still_sends_input_and_preserves_exit_failure ... ok
#18 74.45 test tests::pressure::simultaneous_input_and_output_pressure ... ok
#18 74.46 test tests::pressure::stdout_and_stderr_floods_are_cumulative ... ok
#18 74.47 test tests::pressure::response_does_not_disable_any_output_bound ... ok
#18 74.53 test tests::pressure::early_stdin_close_is_not_an_io_error ... ok
#18 75.92 test tests::operation_and_exchange_deadlines_each_bound_cleanup ... ok
#18 77.41 test tests::lifecycle::silent_process_with_closed_pipes_still_has_a_deadline ... ok
#18 77.41 test tests::pressure::blocked_input_does_not_block_response_or_deadline ... ok
#18 77.41 
#18 77.41 test result: ok. 20 passed; 0 failed; 0 ignored; 0 measured; 0 filtered out; finished in 3.01s
#18 77.41 
#18 77.42      Running unittests src/lib.rs (target/debug/deps/gripsack_store-565ba7d1566be399)
#18 77.42 
#18 77.42 running 69 tests
#18 77.42 test hash::tests::the_two_identity_domains_never_collide ... ok
#18 77.42 test journal::admission_tests::marker_scalar_boundaries_roundtrip_without_identity_loss ... ok
#18 77.42 test journal::marker::repeated_model::ambiguous_current_retains_partial_journal_without_touching_destinations ... ok
#18 77.42 test journal::admission_tests::required_marker_fields_never_default_to_fresh_state ... ok
#18 77.42 test journal::marker::repeated_model::partial_restore_then_second_crash_keeps_new_edit_and_restores_other_dest ... ok
#18 77.42 test journal::tests::cross_variant_identities_never_compare_equal ... ok
#18 77.42 test journal::admission_tests::marker_wrong_types_duplicates_and_overflow_do_not_admit_facts ... ok
#18 77.43 test journal::model::tests::every_schedule_satisfies_the_oracle ... ok
#18 77.43 test journal::tests::non_utf8_link_targets_are_refused_not_lossy_compared ... ok
#18 77.43 test hash::tests::canonical_hash_covers_symlink_target ... ok
#18 77.43 test journal::admission_tests::truncation_and_invalid_framing_never_admit_partial_records ... ok
#18 77.43 test hash::tests::canonical_hash_ignores_mtime_but_not_exec_bit ... ok
#18 77.43 test hash::reference_vector::pinned_tree_vector ... ok
#18 77.43 test activation::tests::a_corrupt_record_fails_closed ... ok
#18 77.44 test journal::admission_tests::entry_versions_and_distinct_prior_states_roundtrip ... ok
#18 77.44 test hash::tests::tree_hash_is_deterministic_and_content_sensitive ... ok
#18 77.44 test hash::tests::overlay_hash_matches_materialized_staging ... ok
#18 77.44 test journal::tests::wire_admission_rejects_legacy_versions_and_malformed ... ok
#18 77.44 test journal::marker::repeated_model::numeric_commit_mutant_fails_the_identical_oracle ... ok
#18 77.44 test ownership::tests::workspace_markers_cannot_be_reinterpreted_as_legacy_module_names ... ok
#18 77.44 test paths::tests::canonical_dest_refuses_parent_traversal ... ok
#18 77.44 test hash::tests::overlay_hash_of_dir_source_matches_staged_tree ... ok
#18 77.44 test paths::tests::generation_layout ... ok
#18 77.44 test paths::tests::hash_is_stable_and_input_sensitive ... ok
#18 77.44 test paths::tests::home_resolution ... ok
#18 77.44 test journal::tests::non_utf8_destinations_are_refused_at_record ... ok
#18 77.44 test paths::tests::store_path_format ... ok
#18 77.44 test prior::tests::historical_prior_wire_admits_only_hashes_and_permission_bits ... ok
#18 77.44 test trust::tests::canonical_key_falls_back_to_absolute ... ok
#18 77.44 test journal::admission_tests::entry_missing_duplicate_version_and_scalar_bytes_are_rejected ... ok
#18 77.45 test activation::tests::pending_record_round_trips_and_clears ... ok
#18 77.45 test trust::tests::only_an_explicit_y_trusts ... ok
#18 77.45 test trust::tests::prompt_values_with_control_chars_are_escaped ... ok
#18 77.47 test journal::tests::recovery_cleanup_keeps_the_pinned_journal_after_a_directory_replacement ... ok
#18 77.47 test trust::tests::rfc3339_known_instants ... ok
#18 77.47 test trust::tests::sandbox_summary_survives_wrapping_intact ... ok
#18 77.48 test journal::tests::post_crash_sentinel_symlink_is_kept ... ok
#18 77.48 test paths::tests::canonical_dest_resolves_a_symlinked_ancestor ... ok
#18 77.48 test paths::tests::canonical_dest_collapses_spelling_aliases ... ok
#18 77.48 test journal::tests::post_crash_edit_beats_the_landed_mutation ... ok
#18 77.48 test trust::tests::trust_is_keyed_on_canonical_path ... ok
#18 77.48 test journal::tests::user_edit_after_crash_wins ... ok
#18 77.48 test trust::tests::gate_blocks_untrusted_repos_without_a_tty ... ok
#18 77.49 test journal::tests::commit_run_clears_the_window ... ok
#18 77.49 test generations::tests::manifests_are_strictly_validated ... ok
#18 77.50 test journal::tests::unsafe_metadata_symlinks_never_read_or_chmod_their_referents ... ok
#18 77.50 test trust::tests::trust_toml_round_trip ... ok
#18 77.50 test journal::tests::malformed_entries_fail_closed_into_quarantine ... ok
#18 77.50 test journal::tests::legacy_untagged_entries_fail_closed_with_evidence_kept ... ok
#18 77.50 test trust::tests::concurrent_adds_keep_both_entries ... ok
#18 77.51 test generations::tests::flip_and_current ... ok
#18 77.51 test generations::tests::manifest_roundtrip_and_listing ... ok
#18 77.51 test trust::tests::remove_forgets_the_repo ... ok
#18 77.52 test prior::tests::captured_blob_is_private_and_corrupt_bytes_cannot_restore ... ok
#18 77.52 test journal::tests::absent_prior_and_symlink_prior_recover ... ok
#18 77.52 test journal::tests::tagged_entries_round_trip_through_the_wire ... ok
#18 77.53 test journal::tests::crash_after_write_restores_prior_bytes ... ok
#18 77.54 test journal::tests::an_intervening_foreign_edit_cannot_extend_a_journaled_chain ... ok
#18 77.54 test journal::tests::completed_rollback_reads_committed ... ok
#18 77.54 test journal::tests::crash_between_record_and_write_restores_prior ... ok
#18 77.55 test journal::tests::crash_before_flip_restores ... ok
#18 77.55 test journal::tests::recovery_restores_the_exact_mode ... ok
#18 77.55 test journal::marker::repeated_model::exhaustive_independent_destinations_and_two_crashes ... ok
#18 77.56 test journal::tests::crash_after_flip_but_before_cleanup_reads_committed ... ok
#18 77.56 test journal::tests::a_retained_v1_entry_recovers_without_inventing_an_intermediate_state ... ok
#18 77.57 test generations::tests::publish_is_atomic_and_allocation_monotonic ... ok
#18 77.58 test journal::tests::crashed_rollback_restores_priors ... ok
#18 77.65 test journal::tests::repeated_destination_mutations_restore_the_run_original_at_both_crash_windows ... ok
#18 78.94 test journal::admission_tests::rejected_metadata_cannot_reach_destination_effects ... ok
#18 78.94 
#18 78.94 test result: ok. 69 passed; 0 failed; 0 ignored; 0 measured; 0 filtered out; finished in 1.52s
#18 78.94 
#18 78.94      Running unittests src/lib.rs (target/debug/deps/gripsack_trace-5f9edfcb191b89c2)
#18 78.94 
#18 78.94 running 0 tests
#18 78.94 
#18 78.94 test result: ok. 0 passed; 0 failed; 0 ignored; 0 measured; 0 filtered out; finished in 0.00s
#18 78.94 
#18 78.94    Doc-tests griplint
#18 79.01 
#18 79.01 running 0 tests
#18 79.01 
#18 79.01 test result: ok. 0 passed; 0 failed; 0 ignored; 0 measured; 0 filtered out; finished in 0.00s
#18 79.01 
#18 79.02    Doc-tests gripsack_buildkit
#18 79.10 
#18 79.10 running 0 tests
#18 79.10 
#18 79.10 test result: ok. 0 passed; 0 failed; 0 ignored; 0 measured; 0 filtered out; finished in 0.00s
#18 79.10 
#18 79.11    Doc-tests gripsack_config
#18 79.16 
#18 79.16 running 0 tests
#18 79.16 
#18 79.16 test result: ok. 0 passed; 0 failed; 0 ignored; 0 measured; 0 filtered out; finished in 0.00s
#18 79.16 
#18 79.17    Doc-tests gripsack_exec
#18 79.31 
#18 79.31 running 0 tests
#18 79.31 
#18 79.31 test result: ok. 0 passed; 0 failed; 0 ignored; 0 measured; 0 filtered out; finished in 0.00s
#18 79.31 
#18 79.32    Doc-tests gripsack_fetch
#18 79.46 
#18 79.46 running 0 tests
#18 79.46 
#18 79.46 test result: ok. 0 passed; 0 failed; 0 ignored; 0 measured; 0 filtered out; finished in 0.00s
#18 79.46 
#18 79.46    Doc-tests gripsack_fs
#18 79.50 
#18 79.50 running 0 tests
#18 79.50 
#18 79.50 test result: ok. 0 passed; 0 failed; 0 ignored; 0 measured; 0 filtered out; finished in 0.00s
#18 79.50 
#18 79.51    Doc-tests gripsack_fuzz
#18 79.55 
#18 79.55 running 0 tests
#18 79.55 
#18 79.55 test result: ok. 0 passed; 0 failed; 0 ignored; 0 measured; 0 filtered out; finished in 0.00s
#18 79.55 
#18 79.56    Doc-tests gripsack_ir
#18 79.91 
#18 79.91 running 0 tests
#18 79.91 
#18 79.91 test result: ok. 0 passed; 0 failed; 0 ignored; 0 measured; 0 filtered out; finished in 0.00s
#18 79.91 
#18 79.92    Doc-tests gripsack_lint
#18 79.96 
#18 79.96 running 0 tests
#18 79.96 
#18 79.96 test result: ok. 0 passed; 0 failed; 0 ignored; 0 measured; 0 filtered out; finished in 0.00s
#18 79.96 
#18 79.97    Doc-tests gripsack_policy
#18 80.12 
#18 80.12 running 1 test
#18 80.18 test crates/gripsack-policy/src/generation.rs - generation::GenerationInventory (line 56) - compile fail ... ok
#18 80.18 
#18 80.18 test result: ok. 1 passed; 0 failed; 0 ignored; 0 measured; 0 filtered out; finished in 0.07s
#18 80.18 
#18 80.19    Doc-tests gripsack_process
#18 80.23 
#18 80.23 running 0 tests
#18 80.23 
#18 80.23 test result: ok. 0 passed; 0 failed; 0 ignored; 0 measured; 0 filtered out; finished in 0.00s
#18 80.23 
#18 80.23    Doc-tests gripsack_store
#18 80.35 
#18 80.35 running 0 tests
#18 80.35 
#18 80.35 test result: ok. 0 passed; 0 failed; 0 ignored; 0 measured; 0 filtered out; finished in 0.00s
#18 80.35 
#18 80.36    Doc-tests gripsack_trace
#18 80.39 
#18 80.39 running 0 tests
#18 80.39 
#18 80.39 test result: ok. 0 passed; 0 failed; 0 ignored; 0 measured; 0 filtered out; finished in 0.00s
#18 80.39 
#18 DONE 80.8s

#19 [test 2/2] RUN apk add --no-cache python3     && cargo package --list -p gripsack-exec | grep -q "embedded_frontend.rs"     && python3 scripts/gen_diagnostic_registry.py --check     && python3 scripts/gen_diagnostic_registry.py --self-check     && python3 scripts/gen_frontend_embed.py --check     && python3 scripts/check_scheduler_loom.py     && python3 scripts/check_journal_admission.py     && python3 scripts/check_gc_roots.py
#19 0.895 ( 1/13) Installing libbz2 (1.0.8-r6)
#19 0.908 ( 2/13) Installing libffi (3.5.2-r1)
#19 0.917 ( 3/13) Installing gdbm (1.26-r0)
#19 0.928 ( 4/13) Installing mpdecimal (4.0.1-r0)
#19 0.944 ( 5/13) Installing ncurses-terminfo-base (6.6_p20260516-r0)
#19 0.960 ( 6/13) Installing libncursesw (6.6_p20260516-r0)
#19 0.979 ( 7/13) Installing libpanelw (6.6_p20260516-r0)
#19 0.986 ( 8/13) Installing readline (8.3.3-r1)
#19 1.003 ( 9/13) Installing sqlite-libs (3.53.4-r0)
#19 1.084 (10/13) Installing python3 (3.14.7-r1)
#19 1.771 (11/13) Installing python3-pycache-pyc0 (3.14.7-r1)
#19 2.100 (12/13) Installing pyc (3.14.7-r1)
#19 2.100 (13/13) Installing python3-pyc (3.14.7-r1)
#19 2.100 Executing busybox-1.37.0-r31.trigger
#19 2.110 OK: 246.6 MiB in 58 packages
#19 2.241 diagnostic registry: 39 unique core codes, 5 frontend allocations; generated files fresh
#19 2.264 calibration: invalid registry version rejected on its named property
#19 2.264 calibration: duplicate diagnostic code rejected on its named property
#19 2.264 calibration: duplicate frontend diagnostic name rejected on its named property
#19 2.264 diagnostic registry calibration: 3 named mutants rejected
#19 2.295 embedded_frontend.rs: fresh (31 files)
#19 2.575 RUNNER_COMMAND=cargo test --locked -p gripsack-exec --features loom-tests --lib schedule::coordination::model::
#19 34.36    Compiling proc-macro2 v1.0.107
#19 34.36    Compiling unicode-ident v1.0.24
#19 34.36    Compiling quote v1.0.47
#19 34.36    Compiling libc v0.2.189
#19 34.36    Compiling find-msvc-tools v0.1.11
#19 34.36    Compiling shlex v2.0.1
#19 34.36    Compiling cfg-if v1.0.4
#19 34.36    Compiling stable_deref_trait v1.2.1
#19 34.36    Compiling serde_core v1.0.229
#19 34.36    Compiling once_cell v1.21.4
#19 34.36    Compiling pkg-config v0.3.34
#19 34.36    Compiling rustix v1.1.4
#19 34.36    Compiling linux-raw-sys v0.12.1
#19 34.36    Compiling bitflags v2.13.1
#19 34.36    Compiling litemap v0.8.3
#19 34.36    Compiling log v0.4.34
#19 34.36    Compiling equivalent v1.0.2
#19 34.36    Compiling verus_prettyplease v0.0.0-2026-09-06-0133
#19 34.36    Compiling hashbrown v0.17.1
#19 34.36    Compiling writeable v0.6.4
#19 34.36    Compiling icu_normalizer_data v2.3.0
#19 34.36    Compiling io-lifetimes v3.0.1
#19 34.36    Compiling zeroize v1.9.0
#19 34.36    Compiling icu_properties_data v2.3.0
#19 34.36    Compiling zmij v1.0.23
#19 34.36    Compiling io-lifetimes v2.0.4
#19 34.36    Compiling utf8_iter v1.0.4
#19 34.36    Compiling smallvec v1.15.2
#19 34.36    Compiling io-extras v0.19.0
#19 34.36    Compiling vstd v0.0.0-2026-09-06-0133
#19 34.36    Compiling memchr v2.8.3
#19 34.36    Compiling serde v1.0.229
#19 34.36    Compiling typenum v1.20.1
#19 34.36    Compiling serde_json v1.0.151
#19 34.36    Compiling convert_case v0.4.0
#19 34.36    Compiling itoa v1.0.18
#19 34.36    Compiling crc32fast v1.5.1
#19 34.36    Compiling rustls-pki-types v1.15.1
#19 34.36    Compiling cap-primitives v4.0.3
#19 34.36    Compiling verus_builtin v0.0.0-2026-09-06-0133
#19 34.36    Compiling winnow v1.0.4
#19 34.36    Compiling rustversion v1.0.23
#19 34.36    Compiling thiserror v2.0.20
#19 34.36    Compiling tracing-core v0.1.36
#19 34.36    Compiling zstd-safe v7.2.4
#19 34.36    Compiling cap-std v4.0.3
#19 34.36    Compiling ipnet v2.12.1
#19 34.36    Compiling untrusted v0.9.0
#19 34.36    Compiling maybe-owned v0.3.4
#19 34.36    Compiling toml_writer v1.1.2+spec-1.1.0
#19 34.36    Compiling ambient-authority v0.0.2
#19 34.36    Compiling simd-adler32 v0.3.10
#19 34.36    Compiling getrandom v0.4.3
#19 34.36    Compiling percent-encoding v2.3.2
#19 34.36    Compiling const-oid v0.10.2
#19 34.36    Compiling pin-project-lite v0.2.17
#19 34.36    Compiling rustls v0.23.45
#19 34.36    Compiling adler2 v2.0.1
#19 34.36    Compiling regex-syntax v0.8.11
#19 34.36    Compiling zlib-rs v0.6.7
#19 34.36    Compiling bumpalo v3.20.3
#19 34.36    Compiling form_urlencoded v1.2.2
#19 34.36    Compiling lazy_static v1.5.0
#19 34.36    Compiling cpufeatures v0.3.0
#19 34.36    Compiling miniz_oxide v0.8.9
#19 34.36    Compiling fastrand v2.5.0
#19 34.36    Compiling libbz2-rs-sys v0.2.5
#19 34.36    Compiling subtle v2.6.1
#19 34.36    Compiling winnow v0.7.15
#19 34.36    Compiling webpki-roots v1.0.9
#19 34.36    Compiling sharded-slab v0.1.7
#19 34.36    Compiling thread_local v1.1.10
#19 34.36    Compiling nu-ansi-term v0.50.3
#19 34.36    Compiling openssl-probe v0.2.1
#19 34.36    Compiling toml_parser v1.1.3+spec-1.1.0
#19 34.36    Compiling indexmap v2.14.0
#19 34.36    Compiling webpki-roots v0.26.11
#19 34.36    Compiling zopfli v0.8.3
#19 34.36    Compiling typed-path v0.12.3
#19 34.36    Compiling base64 v0.22.1
#19 34.36    Compiling httpdate v1.0.3
#19 34.36    Compiling scoped-tls v1.0.1
#19 34.36    Compiling tracing-log v0.2.0
#19 34.36    Compiling rustls-native-certs v0.8.4
#19 34.36    Compiling bzip2 v0.6.1
#19 34.36    Compiling hybrid-array v0.4.14
#19 34.36    Compiling syn v2.0.119
#19 34.36    Compiling syn v3.0.4
#19 34.36    Compiling verus_syn v0.0.0-2026-09-06-0133
#19 34.36    Compiling jobserver v0.1.35
#19 34.36    Compiling getrandom v0.2.17
#19 34.36    Compiling filetime v0.2.29
#19 34.36    Compiling gripsack-process v0.42.0 (/tmp/gripsack-loom-6kdwoz9p/source/crates/gripsack-process)
#19 34.36    Compiling crypto-common v0.2.2
#19 34.36    Compiling block-buffer v0.12.1
#19 34.36    Compiling regex-automata v0.4.18
#19 34.36    Compiling cc v1.4.4
#19 34.36    Compiling digest v0.11.3
#19 34.36    Compiling sha2 v0.11.0
#19 34.36    Compiling serde_spanned v1.1.1
#19 34.36    Compiling toml_datetime v0.7.5+spec-1.1.0
#19 34.36    Compiling toml_datetime v1.1.1+spec-1.1.0
#19 34.36    Compiling toml v1.1.4+spec-1.1.0
#19 34.36    Compiling toml v0.9.12+spec-1.1.0
#19 34.36    Compiling zstd-sys v2.0.16+zstd.1.5.7
#19 34.36    Compiling ring v0.17.14
#19 34.36    Compiling lzma-sys v0.1.20
#19 34.36    Compiling generator v0.8.10
#19 34.36    Compiling flate2 v1.1.9
#19 34.36    Compiling rustix-linux-procfs v0.1.1
#19 34.36    Compiling fs-set-times v0.20.3
#19 34.36    Compiling xattr v1.6.1
#19 34.36    Compiling tempfile v3.27.0
#19 34.36    Compiling matchers v0.2.0
#19 34.36    Compiling tar v0.4.46
#19 34.36    Compiling zerovec-derive v0.11.6
#19 34.36    Compiling displaydoc v0.2.7
#19 34.36    Compiling serde_derive v1.0.229
#19 34.36    Compiling thiserror-impl v2.0.20
#19 34.36    Compiling gripsack-fs v0.42.0 (/tmp/gripsack-loom-6kdwoz9p/source/crates/gripsack-fs)
#19 34.36    Compiling xz2 v0.1.7
#19 34.36    Compiling synstructure v0.13.2
#19 34.36    Compiling zstd v0.13.3
#19 34.36    Compiling zip v8.6.0
#19 34.36    Compiling rustls-webpki v0.103.15
#19 34.36    Compiling zerofrom-derive v0.1.7
#19 34.36    Compiling yoke-derive v0.8.2
#19 34.36    Compiling tracing-attributes v0.1.31
#19 34.36    Compiling zerofrom v0.1.8
#19 34.36    Compiling yoke v0.8.3
#19 34.36    Compiling tracing v0.1.44
#19 34.36    Compiling zerovec v0.11.8
#19 34.36    Compiling zerotrie v0.2.5
#19 34.36    Compiling tracing-subscriber v0.3.23
#19 34.36    Compiling verus_state_machines_macros v0.0.0-2026-09-06-0133
#19 34.36    Compiling verus_builtin_macros v0.0.0-2026-09-06-0133
#19 34.36    Compiling tinystr v0.8.4
#19 34.36    Compiling potential_utf v0.1.6
#19 34.36    Compiling icu_collections v2.3.0
#19 34.36    Compiling icu_locale_core v2.3.0
#19 34.36    Compiling loom v0.7.2
#19 34.36    Compiling icu_provider v2.3.1
#19 34.36    Compiling icu_normalizer v2.3.0
#19 34.36    Compiling icu_properties v2.3.0
#19 34.36    Compiling idna_adapter v1.2.2
#19 34.36    Compiling idna v1.1.0
#19 34.36    Compiling url v2.5.8
#19 34.36    Compiling ureq v2.12.1
#19 34.36    Compiling gripsack-policy v0.42.0 (/tmp/gripsack-loom-6kdwoz9p/source/crates/gripsack-policy)
#19 34.36    Compiling gripsack-ir v0.42.0 (/tmp/gripsack-loom-6kdwoz9p/source/crates/gripsack-ir)
#19 34.36    Compiling gripsack-store v0.42.0 (/tmp/gripsack-loom-6kdwoz9p/source/crates/gripsack-store)
#19 34.36    Compiling gripsack-config v0.42.0 (/tmp/gripsack-loom-6kdwoz9p/source/crates/gripsack-config)
#19 34.36    Compiling gripsack-fetch v0.42.0 (/tmp/gripsack-loom-6kdwoz9p/source/crates/gripsack-fetch)
#19 34.36    Compiling gripsack-exec v0.42.0 (/tmp/gripsack-loom-6kdwoz9p/source/crates/gripsack-exec)
#19 34.36     Finished `test` profile [unoptimized + debuginfo] target(s) in 31.74s
#19 34.36      Running unittests src/lib.rs (/tmp/gripsack-loom-6kdwoz9p/target/debug/deps/gripsack_exec-cdf4089161a5c5c5)
#19 34.36 
#19 34.36 running 3 tests
#19 34.36 test schedule::coordination::model::failure_latches_and_drains_without_lost_notification ... ok
#19 34.36 test schedule::coordination::model::panic_completes_once_and_wakes_waiters ... ok
#19 34.36 test schedule::coordination::model::diamond_completion_wakes_waiters_and_publishes_dependencies ... ok
#19 34.36 
#19 34.36 test result: ok. 3 passed; 0 failed; 0 ignored; 0 measured; 55 filtered out; finished in 0.05s
#19 34.36 
#19 34.36 
#19 34.36 LOOM_SCHEDULER=3
#19 34.36 RUNNER_COMMAND=cargo test --locked -p gripsack-exec --features loom-tests --lib schedule::coordination::model::diamond_completion_wakes_waiters_and_publishes_dependencies
#19 37.60    Compiling gripsack-exec v0.42.0 (/tmp/gripsack-loom-6kdwoz9p/source/crates/gripsack-exec)
#19 37.60     Finished `test` profile [unoptimized + debuginfo] target(s) in 3.02s
#19 37.60      Running unittests src/lib.rs (/tmp/gripsack-loom-6kdwoz9p/target/debug/deps/gripsack_exec-cdf4089161a5c5c5)
#19 37.60 
#19 37.60 running 1 test
#19 37.60 
#19 37.60 thread 'schedule::coordination::model::diamond_completion_wakes_waiters_and_publishes_dependencies' (4071) panicked at /usr/local/cargo/registry/src/index.crates.io-1949cf8c6b5b557f/loom-0.7.2/src/rt/execution.rs:216:13:
#19 37.60 deadlock; threads = [(Id(0), Blocked(Location(None))), (Id(1), Terminated), (Id(2), Blocked(Location(None)))]
#19 37.60 note: run with `RUST_BACKTRACE=1` environment variable to display a backtrace
#19 37.60 
#19 37.60 thread 'schedule::coordination::model::diamond_completion_wakes_waiters_and_publishes_dependencies' (4071) panicked at /usr/local/cargo/registry/src/index.crates.io-1949cf8c6b5b557f/loom-0.7.2/src/rt/thread.rs:276:39:
#19 37.60 called `Option::unwrap()` on a `None` value
#19 37.60 stack backtrace:
#19 37.60    0:     0x7ed33a4ec4d1 - std[f4f322d5fb81df6e]::backtrace_rs::backtrace::libunwind::trace
#19 37.60                                at /rustc/88d9e12ae178fab0fb5cc050a94da85685d449ea/library/std/src/../../backtrace/src/backtrace/libunwind.rs:117:9
#19 37.60    1:     0x7ed33a4ec4d1 - std[f4f322d5fb81df6e]::backtrace_rs::backtrace::trace_unsynchronized::<std[f4f322d5fb81df6e]::sys::backtrace::_print_fmt::{closure#1}>
#19 37.60                                at /rustc/88d9e12ae178fab0fb5cc050a94da85685d449ea/library/std/src/../../backtrace/src/backtrace/mod.rs:66:14
#19 37.60    2:     0x7ed33a4ec4d1 - std[f4f322d5fb81df6e]::sys::backtrace::_print_fmt
#19 37.60                                at /rustc/88d9e12ae178fab0fb5cc050a94da85685d449ea/library/std/src/sys/backtrace.rs:74:9
#19 37.60    3:     0x7ed33a4ec4d1 - <<std[f4f322d5fb81df6e]::sys::backtrace::BacktraceLock>::print::DisplayBacktrace as core[5d33459993e3d723]::fmt::Display>::fmt
#19 37.60                                at /rustc/88d9e12ae178fab0fb5cc050a94da85685d449ea/library/std/src/sys/backtrace.rs:44:26
#19 37.60    4:     0x7ed33a52187a - <core[5d33459993e3d723]::fmt::rt::Argument>::fmt
#19 37.60                                at /rustc/88d9e12ae178fab0fb5cc050a94da85685d449ea/library/core/src/fmt/rt.rs:152:76
#19 37.60    5:     0x7ed33a52187a - core[5d33459993e3d723]::fmt::write
#19 37.60    6:     0x7ed33a4f1f1c - std[f4f322d5fb81df6e]::io::default_write_fmt::<alloc[f3282932177de6b4]::vec::Vec<u8>>
#19 37.60                                at /rustc/88d9e12ae178fab0fb5cc050a94da85685d449ea/library/std/src/io/mod.rs:626:11
#19 37.60    7:     0x7ed33a4f1f1c - <alloc[f3282932177de6b4]::vec::Vec<u8> as std[f4f322d5fb81df6e]::io::Write>::write_fmt
#19 37.60                                at /rustc/88d9e12ae178fab0fb5cc050a94da85685d449ea/library/std/src/io/mod.rs:1730:13
#19 37.60    8:     0x7ed33a4c6cb2 - <std[f4f322d5fb81df6e]::sys::backtrace::BacktraceLock>::print
#19 37.60                                at /rustc/88d9e12ae178fab0fb5cc050a94da85685d449ea/library/std/src/sys/backtrace.rs:47:9
#19 37.60    9:     0x7ed33a4c6cb2 - std[f4f322d5fb81df6e]::panicking::default_hook::{closure#0}
#19 37.60                                at /rustc/88d9e12ae178fab0fb5cc050a94da85685d449ea/library/std/src/panicking.rs:292:27
#19 37.60   10:     0x7ed33a4e2964 - std[f4f322d5fb81df6e]::panicking::default_hook
#19 37.60                                at /rustc/88d9e12ae178fab0fb5cc050a94da85685d449ea/library/std/src/panicking.rs:316:9
#19 37.60   11:     0x7ed339b8e810 - <alloc[f3282932177de6b4]::boxed::Box<dyn for<'a, 'b> core[5d33459993e3d723]::ops::function::Fn<(&'a std[f4f322d5fb81df6e]::panic::PanicHookInfo<'b>,), Output = ()> + core[5d33459993e3d723]::marker::Send + core[5d33459993e3d723]::marker::Sync> as core[5d33459993e3d723]::ops::function::Fn<(&std[f4f322d5fb81df6e]::panic::PanicHookInfo,)>>::call
#19 37.60                                at /rustc/88d9e12ae178fab0fb5cc050a94da85685d449ea/library/alloc/src/boxed.rs:2333:9
#19 37.60   12:     0x7ed339b8e810 - test[4256d8fa28ac835e]::test_main_inner::<test[4256d8fa28ac835e]::test_main_static::{closure#0}>::{closure#0}
#19 37.60                                at /rustc/88d9e12ae178fab0fb5cc050a94da85685d449ea/library/test/src/lib.rs:155:21
#19 37.60   13:     0x7ed339c12fe3 - <alloc[f3282932177de6b4]::boxed::Box<dyn for<'a, 'b> core[5d33459993e3d723]::ops::function::Fn<(&'a std[f4f322d5fb81df6e]::panic::PanicHookInfo<'b>,), Output = ()> + core[5d33459993e3d723]::marker::Send + core[5d33459993e3d723]::marker::Sync> as core[5d33459993e3d723]::ops::function::Fn<(&std[f4f322d5fb81df6e]::panic::PanicHookInfo,)>>::call
#19 37.60                                at /rustc/88d9e12ae178fab0fb5cc050a94da85685d449ea/library/alloc/src/boxed.rs:2333:9
#19 37.60   14:     0x7ed339c0e5b4 - generator[87b94d97073f9995]::detail::gen::catch_unwind_filter::<generator[87b94d97073f9995]::detail::gen::gen_init_impl::{closure#0}, ()>::{closure#0}::{closure#0}
#19 37.60                                at /usr/local/cargo/registry/src/index.crates.io-1949cf8c6b5b557f/generator-0.8.10/src/detail/gen.rs:19:13
#19 37.60   15:     0x7ed33a4e2c92 - <alloc[f3282932177de6b4]::boxed::Box<dyn for<'a, 'b> core[5d33459993e3d723]::ops::function::Fn<(&'a std[f4f322d5fb81df6e]::panic::PanicHookInfo<'b>,), Output = ()> + core[5d33459993e3d723]::marker::Send + core[5d33459993e3d723]::marker::Sync> as core[5d33459993e3d723]::ops::function::Fn<(&std[f4f322d5fb81df6e]::panic::PanicHookInfo,)>>::call
#19 37.60                                at /rustc/88d9e12ae178fab0fb5cc050a94da85685d449ea/library/alloc/src/boxed.rs:2333:9
#19 37.60   16:     0x7ed33a4e2c92 - std[f4f322d5fb81df6e]::panicking::panic_with_hook
#19 37.60                                at /rustc/88d9e12ae178fab0fb5cc050a94da85685d449ea/library/std/src/panicking.rs:823:13
#19 37.60   17:     0x7ed33a4c6d94 - std[f4f322d5fb81df6e]::panicking::panic_handler::{closure#0}
#19 37.60                                at /rustc/88d9e12ae178fab0fb5cc050a94da85685d449ea/library/std/src/panicking.rs:681:13
#19 37.60   18:     0x7ed33a4be199 - std[f4f322d5fb81df6e]::sys::backtrace::__rust_end_short_backtrace::<std[f4f322d5fb81df6e]::panicking::panic_handler::{closure#0}, !>
#19 37.60                                at /rustc/88d9e12ae178fab0fb5cc050a94da85685d449ea/library/std/src/sys/backtrace.rs:182:18
#19 37.60   19:     0x7ed33a4c7e6d - __rustc[4b1ee1ef74718a7b]::rust_begin_unwind
#19 37.60                                at /rustc/88d9e12ae178fab0fb5cc050a94da85685d449ea/library/std/src/panicking.rs:679:5
#19 37.60   20:     0x7ed3399eabac - core[5d33459993e3d723]::panicking::panic_fmt
#19 37.60                                at /rustc/88d9e12ae178fab0fb5cc050a94da85685d449ea/library/core/src/panicking.rs:80:14
#19 37.60   21:     0x7ed3399eab72 - core[5d33459993e3d723]::panicking::panic
#19 37.60                                at /rustc/88d9e12ae178fab0fb5cc050a94da85685d449ea/library/core/src/panicking.rs:150:5
#19 37.60   22:     0x7ed3399ea899 - core[5d33459993e3d723]::option::unwrap_failed
#19 37.60                                at /rustc/88d9e12ae178fab0fb5cc050a94da85685d449ea/library/core/src/option.rs:2251:5
#19 37.60   23:     0x7ed339be5a6d - <core[5d33459993e3d723]::option::Option<usize>>::unwrap
#19 37.60                                at /rustc/88d9e12ae178fab0fb5cc050a94da85685d449ea/library/core/src/option.rs:1014:21
#19 37.60   24:     0x7ed339be5a6d - <loom[c97bddb326b4e68f]::rt::thread::Set>::active_mut
#19 37.60                                at /usr/local/cargo/registry/src/index.crates.io-1949cf8c6b5b557f/loom-0.7.2/src/rt/thread.rs:276:39
#19 37.60   25:     0x7ed339bf1af5 - <loom[c97bddb326b4e68f]::rt::object::Ref<loom[c97bddb326b4e68f]::rt::arc::State>>::set_action
#19 37.60                                at /usr/local/cargo/registry/src/index.crates.io-1949cf8c6b5b557f/loom-0.7.2/src/rt/object.rs:387:27
#19 37.60   26:     0x7ed339bef5e8 - <loom[c97bddb326b4e68f]::rt::object::Ref<loom[c97bddb326b4e68f]::rt::arc::State>>::branch_action::<loom[c97bddb326b4e68f]::rt::arc::Action>::{closure#0}
#19 37.60                                at /usr/local/cargo/registry/src/index.crates.io-1949cf8c6b5b557f/loom-0.7.2/src/rt/object.rs:354:18
#19 37.60   27:     0x7ed339bca11c - loom[c97bddb326b4e68f]::rt::branch::<<loom[c97bddb326b4e68f]::rt::object::Ref<loom[c97bddb326b4e68f]::rt::arc::State>>::branch_action<loom[c97bddb326b4e68f]::rt::arc::Action>::{closure#0}, ()>::{closure#0}
#19 37.60                                at /usr/local/cargo/registry/src/index.crates.io-1949cf8c6b5b557f/loom-0.7.2/src/rt/mod.rs:122:19
#19 37.60   28:     0x7ed339bc5b91 - <loom[c97bddb326b4e68f]::rt::scheduler::Scheduler>::with_execution::<loom[c97bddb326b4e68f]::rt::branch<<loom[c97bddb326b4e68f]::rt::object::Ref<loom[c97bddb326b4e68f]::rt::arc::State>>::branch_action<loom[c97bddb326b4e68f]::rt::arc::Action>::{closure#0}, ()>::{closure#0}, ((), bool)>::{closure#0}
#19 37.60                                at /usr/local/cargo/registry/src/index.crates.io-1949cf8c6b5b557f/loom-0.7.2/src/rt/scheduler.rs:43:34
#19 37.60   29:     0x7ed339bc3c2e - <loom[c97bddb326b4e68f]::rt::scheduler::Scheduler>::with_state::<<loom[c97bddb326b4e68f]::rt::scheduler::Scheduler>::with_execution<loom[c97bddb326b4e68f]::rt::branch<<loom[c97bddb326b4e68f]::rt::object::Ref<loom[c97bddb326b4e68f]::rt::arc::State>>::branch_action<loom[c97bddb326b4e68f]::rt::arc::Action>::{closure#0}, ()>::{closure#0}, ((), bool)>::{closure#0}, ((), bool)>::{closure#0}
#19 37.60                                at /usr/local/cargo/registry/src/index.crates.io-1949cf8c6b5b557f/loom-0.7.2/src/rt/scheduler.rs:131:28
#19 37.60   30:     0x7ed339bc6a81 - <scoped_tls[87e03fecbc1fc0b7]::ScopedKey<core[5d33459993e3d723]::cell::RefCell<loom[c97bddb326b4e68f]::rt::scheduler::State>>>::with::<<loom[c97bddb326b4e68f]::rt::scheduler::Scheduler>::with_state<<loom[c97bddb326b4e68f]::rt::scheduler::Scheduler>::with_execution<loom[c97bddb326b4e68f]::rt::branch<<loom[c97bddb326b4e68f]::rt::object::Ref<loom[c97bddb326b4e68f]::rt::arc::State>>::branch_action<loom[c97bddb326b4e68f]::rt::arc::Action>::{closure#0}, ()>::{closure#0}, ((), bool)>::{closure#0}, ((), bool)>::{closure#0}, ((), bool)>
#19 37.60                                at /usr/local/cargo/registry/src/index.crates.io-1949cf8c6b5b557f/scoped-tls-1.0.1/src/lib.rs:171:13
#19 37.60   31:     0x7ed339bc20de - <loom[c97bddb326b4e68f]::rt::scheduler::Scheduler>::with_state::<<loom[c97bddb326b4e68f]::rt::scheduler::Scheduler>::with_execution<loom[c97bddb326b4e68f]::rt::branch<<loom[c97bddb326b4e68f]::rt::object::Ref<loom[c97bddb326b4e68f]::rt::arc::State>>::branch_action<loom[c97bddb326b4e68f]::rt::arc::Action>::{closure#0}, ()>::{closure#0}, ((), bool)>::{closure#0}, ((), bool)>
#19 37.60                                at /usr/local/cargo/registry/src/index.crates.io-1949cf8c6b5b557f/loom-0.7.2/src/rt/scheduler.rs:131:15
#19 37.60   32:     0x7ed339bc3616 - <loom[c97bddb326b4e68f]::rt::scheduler::Scheduler>::with_execution::<loom[c97bddb326b4e68f]::rt::branch<<loom[c97bddb326b4e68f]::rt::object::Ref<loom[c97bddb326b4e68f]::rt::arc::State>>::branch_action<loom[c97bddb326b4e68f]::rt::arc::Action>::{closure#0}, ()>::{closure#0}, ((), bool)>
#19 37.60                                at /usr/local/cargo/registry/src/index.crates.io-1949cf8c6b5b557f/loom-0.7.2/src/rt/scheduler.rs:43:9
#19 37.60   33:     0x7ed339bc94b6 - loom[c97bddb326b4e68f]::rt::execution::<loom[c97bddb326b4e68f]::rt::branch<<loom[c97bddb326b4e68f]::rt::object::Ref<loom[c97bddb326b4e68f]::rt::arc::State>>::branch_action<loom[c97bddb326b4e68f]::rt::arc::Action>::{closure#0}, ()>::{closure#0}, ((), bool)>
#19 37.60                                at /usr/local/cargo/registry/src/index.crates.io-1949cf8c6b5b557f/loom-0.7.2/src/rt/mod.rs:174:5
#19 37.60   34:     0x7ed339bc91b9 - loom[c97bddb326b4e68f]::rt::branch::<<loom[c97bddb326b4e68f]::rt::object::Ref<loom[c97bddb326b4e68f]::rt::arc::State>>::branch_action<loom[c97bddb326b4e68f]::rt::arc::Action>::{closure#0}, ()>
#19 37.60                                at /usr/local/cargo/registry/src/index.crates.io-1949cf8c6b5b557f/loom-0.7.2/src/rt/mod.rs:121:25
#19 37.60   35:     0x7ed339beeec8 - <loom[c97bddb326b4e68f]::rt::object::Ref<loom[c97bddb326b4e68f]::rt::arc::State>>::branch_action::<loom[c97bddb326b4e68f]::rt::arc::Action>
#19 37.60                                at /usr/local/cargo/registry/src/index.crates.io-1949cf8c6b5b557f/loom-0.7.2/src/rt/object.rs:351:9
#19 37.60   36:     0x7ed339becde0 - <loom[c97bddb326b4e68f]::rt::arc::Arc>::branch
#19 37.60                                at /usr/local/cargo/registry/src/index.crates.io-1949cf8c6b5b557f/loom-0.7.2/src/rt/arc.rs:160:11
#19 37.60   37:     0x7ed339bece82 - <loom[c97bddb326b4e68f]::rt::arc::Arc>::ref_dec
#19 37.60                                at /usr/local/cargo/registry/src/index.crates.io-1949cf8c6b5b557f/loom-0.7.2/src/rt/arc.rs:113:14
#19 37.60   38:     0x7ed339a56e48 - <loom[c97bddb326b4e68f]::sync::arc::Arc<alloc[f3282932177de6b4]::vec::Vec<loom[c97bddb326b4e68f]::sync::atomic::int::AtomicUsize>> as core[5d33459993e3d723]::ops::drop::Drop>::drop
#19 37.60                                at /usr/local/cargo/registry/src/index.crates.io-1949cf8c6b5b557f/loom-0.7.2/src/sync/arc.rs:247:21
#19 37.60   39:     0x7ed339a4fa5a - core[5d33459993e3d723]::ptr::drop_glue::<loom[c97bddb326b4e68f]::sync::arc::Arc<alloc[f3282932177de6b4]::vec::Vec<loom[c97bddb326b4e68f]::sync::atomic::int::AtomicUsize>>>
#19 37.60                                at /rustc/88d9e12ae178fab0fb5cc050a94da85685d449ea/library/core/src/ptr/mod.rs:823:1
#19 37.60   40:     0x7ed339a6061b - gripsack_exec[5c66142f6d82a231]::schedule::coordination::model::explore::{closure#0}
#19 37.60                                at /tmp/gripsack-loom-6kdwoz9p/source/crates/gripsack-exec/src/schedule/coordination_model.rs:87:5
#19 37.60   41:     0x7ed339b75271 - <loom[c97bddb326b4e68f]::model::Builder>::check::<gripsack_exec[5c66142f6d82a231]::schedule::coordination::model::explore::{closure#0}>::{closure#0}
#19 37.60                                at /usr/local/cargo/registry/src/index.crates.io-1949cf8c6b5b557f/loom-0.7.2/src/model.rs:194:17
#19 37.60   42:     0x7ed339a53441 - <<loom[c97bddb326b4e68f]::model::Builder>::check<gripsack_exec[5c66142f6d82a231]::schedule::coordination::model::explore::{closure#0}>::{closure#0} as core[5d33459993e3d723]::ops::function::FnOnce<()>>::call_once::{shim:vtable#0}
#19 37.60                                at /rustc/88d9e12ae178fab0fb5cc050a94da85685d449ea/library/core/src/ops/function.rs:250:5
#19 37.60   43:     0x7ed339bd8918 - <alloc[f3282932177de6b4]::boxed::Box<dyn core[5d33459993e3d723]::ops::function::FnOnce<(), Output = ()>> as core[5d33459993e3d723]::ops::function::FnOnce<()>>::call_once
#19 37.60                                at /rustc/88d9e12ae178fab0fb5cc050a94da85685d449ea/library/alloc/src/boxed.rs:2319:9
#19 37.60   44:     0x7ed339bc621b - loom[c97bddb326b4e68f]::rt::scheduler::spawn_thread::{closure#0}
#19 37.60                                at /usr/local/cargo/registry/src/index.crates.io-1949cf8c6b5b557f/loom-0.7.2/src/rt/scheduler.rs:142:17
#19 37.60   45:     0x7ed339bde9ae - <loom[c97bddb326b4e68f]::rt::scheduler::spawn_thread::{closure#0} as core[5d33459993e3d723]::ops::function::FnOnce<()>>::call_once
#19 37.60                                at /rustc/88d9e12ae178fab0fb5cc050a94da85685d449ea/library/core/src/ops/function.rs:250:5
#19 37.60   46:     0x7ed339bdb152 - <generator[87b94d97073f9995]::gen_impl::GeneratorImpl<core[5d33459993e3d723]::option::Option<alloc[f3282932177de6b4]::boxed::Box<dyn core[5d33459993e3d723]::ops::function::FnOnce<(), Output = ()>>>, ()>>::init_code::<loom[c97bddb326b4e68f]::rt::scheduler::spawn_thread::{closure#0}>::{closure#0}
#19 37.60                                at /usr/local/cargo/registry/src/index.crates.io-1949cf8c6b5b557f/generator-0.8.10/src/gen_impl.rs:357:21
#19 37.60   47:     0x7ed339bcf971 - <generator[87b94d97073f9995]::stack::StackBox<<generator[87b94d97073f9995]::gen_impl::GeneratorImpl<core[5d33459993e3d723]::option::Option<alloc[f3282932177de6b4]::boxed::Box<dyn core[5d33459993e3d723]::ops::function::FnOnce<(), Output = ()>>>, ()>>::init_code<loom[c97bddb326b4e68f]::rt::scheduler::spawn_thread::{closure#0}>::{closure#0}>>::call_once
#19 37.60                                at /usr/local/cargo/registry/src/index.crates.io-1949cf8c6b5b557f/generator-0.8.10/src/stack/mod.rs:137:13
#19 37.60   48:     0x7ed339c1011d - <generator[87b94d97073f9995]::stack::Func>::call_once
#19 37.60                                at /usr/local/cargo/registry/src/index.crates.io-1949cf8c6b5b557f/generator-0.8.10/src/stack/mod.rs:119:9
#19 37.60   49:     0x7ed339c0e70e - generator[87b94d97073f9995]::detail::gen::gen_init_impl::{closure#0}
#19 37.60                                at /usr/local/cargo/registry/src/index.crates.io-1949cf8c6b5b557f/generator-0.8.10/src/detail/gen.rs:35:14
#19 37.60   50:     0x7ed339c13153 - <generator[87b94d97073f9995]::detail::gen::gen_init_impl::{closure#0} as core[5d33459993e3d723]::ops::function::FnOnce<()>>::call_once
#19 37.60                                at /rustc/88d9e12ae178fab0fb5cc050a94da85685d449ea/library/core/src/ops/function.rs:250:5
#19 37.60   51:     0x7ed339c0e235 - std[f4f322d5fb81df6e]::panicking::catch_unwind::do_call::<generator[87b94d97073f9995]::detail::gen::gen_init_impl::{closure#0}, ()>
#19 37.60                                at /rustc/88d9e12ae178fab0fb5cc050a94da85685d449ea/library/std/src/panicking.rs:576:43
#19 37.60   52:     0x7ed339c1331b - __rust_try
#19 37.60   53:     0x7ed339c0d716 - std[f4f322d5fb81df6e]::panicking::catch_unwind::<(), generator[87b94d97073f9995]::detail::gen::gen_init_impl::{closure#0}>
#19 37.60                                at /rustc/88d9e12ae178fab0fb5cc050a94da85685d449ea/library/std/src/panicking.rs:544:19
#19 37.60   54:     0x7ed339c0d716 - std[f4f322d5fb81df6e]::panic::catch_unwind::<generator[87b94d97073f9995]::detail::gen::gen_init_impl::{closure#0}, ()>
#19 37.60                                at /rustc/88d9e12ae178fab0fb5cc050a94da85685d449ea/library/std/src/panic.rs:359:14
#19 37.60   55:     0x7ed339c0df3d - generator[87b94d97073f9995]::detail::gen::catch_unwind_filter::<generator[87b94d97073f9995]::detail::gen::gen_init_impl::{closure#0}, ()>
#19 37.60                                at /usr/local/cargo/registry/src/index.crates.io-1949cf8c6b5b557f/generator-0.8.10/src/detail/gen.rs:23:5
#19 37.60   56:     0x7ed339c11017 - generator[87b94d97073f9995]::detail::gen::gen_init_impl
#19 37.60                                at /usr/local/cargo/registry/src/index.crates.io-1949cf8c6b5b557f/generator-0.8.10/src/detail/gen.rs:50:25
#19 37.60   57:     0x7ed339c10fe3 - generator[87b94d97073f9995]::detail::asm::gen_init
#19 37.60                                at /usr/local/cargo/registry/src/index.crates.io-1949cf8c6b5b557f/generator-0.8.10/src/detail/x86_64_unix.rs:8:5
#19 37.60 
#19 37.60 thread 'schedule::coordination::model::diamond_completion_wakes_waiters_and_publishes_dependencies' (4071) panicked at /rustc/88d9e12ae178fab0fb5cc050a94da85685d449ea/library/core/src/panicking.rs:233:5:
#19 37.60 panic in a destructor during cleanup
#19 37.60 thread caused non-unwinding panic. aborting.
#19 37.60 error: test failed, to rerun pass `-p gripsack-exec --lib`
#19 37.60 
#19 37.60 Caused by:
#19 37.60   process didn't exit successfully: `/tmp/gripsack-loom-6kdwoz9p/target/debug/deps/gripsack_exec-cdf4089161a5c5c5 'schedule::coordination::model::diamond_completion_wakes_waiters_and_publishes_dependencies'` (signal: 6, SIGABRT: process abort signal)
#19 37.60 
#19 37.60 calibration: missing-notification rejected by Loom waiter deadlock
#19 37.60 RUNNER_COMMAND=cargo test --locked -p gripsack-exec --features loom-tests --lib schedule::coordination::model::diamond_completion_wakes_waiters_and_publishes_dependencies
#19 40.80    Compiling gripsack-exec v0.42.0 (/tmp/gripsack-loom-6kdwoz9p/source/crates/gripsack-exec)
#19 40.80     Finished `test` profile [unoptimized + debuginfo] target(s) in 2.98s
#19 40.80      Running unittests src/lib.rs (/tmp/gripsack-loom-6kdwoz9p/target/debug/deps/gripsack_exec-cdf4089161a5c5c5)
#19 40.80 
#19 40.80 running 1 test
#19 40.80 
#19 40.80 thread 'schedule::coordination::model::diamond_completion_wakes_waiters_and_publishes_dependencies' (4350) panicked at /usr/local/cargo/registry/src/index.crates.io-1949cf8c6b5b557f/loom-0.7.2/src/rt/execution.rs:216:13:
#19 40.80 deadlock; threads = [(Id(0), Blocked(Location(None))), (Id(1), Blocked(Location(None))), (Id(2), Blocked(Location(None)))]
#19 40.80 note: run with `RUST_BACKTRACE=1` environment variable to display a backtrace
#19 40.80 
#19 40.80 thread 'schedule::coordination::model::diamond_completion_wakes_waiters_and_publishes_dependencies' (4350) panicked at /usr/local/cargo/registry/src/index.crates.io-1949cf8c6b5b557f/loom-0.7.2/src/rt/thread.rs:276:39:
#19 40.80 called `Option::unwrap()` on a `None` value
#19 40.80 stack backtrace:
#19 40.80    0:     0x78598a592b91 - std[f4f322d5fb81df6e]::backtrace_rs::backtrace::libunwind::trace
#19 40.80                                at /rustc/88d9e12ae178fab0fb5cc050a94da85685d449ea/library/std/src/../../backtrace/src/backtrace/libunwind.rs:117:9
#19 40.80    1:     0x78598a592b91 - std[f4f322d5fb81df6e]::backtrace_rs::backtrace::trace_unsynchronized::<std[f4f322d5fb81df6e]::sys::backtrace::_print_fmt::{closure#1}>
#19 40.80                                at /rustc/88d9e12ae178fab0fb5cc050a94da85685d449ea/library/std/src/../../backtrace/src/backtrace/mod.rs:66:14
#19 40.80    2:     0x78598a592b91 - std[f4f322d5fb81df6e]::sys::backtrace::_print_fmt
#19 40.80                                at /rustc/88d9e12ae178fab0fb5cc050a94da85685d449ea/library/std/src/sys/backtrace.rs:74:9
#19 40.80    3:     0x78598a592b91 - <<std[f4f322d5fb81df6e]::sys::backtrace::BacktraceLock>::print::DisplayBacktrace as core[5d33459993e3d723]::fmt::Display>::fmt
#19 40.80                                at /rustc/88d9e12ae178fab0fb5cc050a94da85685d449ea/library/std/src/sys/backtrace.rs:44:26
#19 40.80    4:     0x78598a5c7f3a - <core[5d33459993e3d723]::fmt::rt::Argument>::fmt
#19 40.80                                at /rustc/88d9e12ae178fab0fb5cc050a94da85685d449ea/library/core/src/fmt/rt.rs:152:76
#19 40.80    5:     0x78598a5c7f3a - core[5d33459993e3d723]::fmt::write
#19 40.80    6:     0x78598a5985dc - std[f4f322d5fb81df6e]::io::default_write_fmt::<alloc[f3282932177de6b4]::vec::Vec<u8>>
#19 40.80                                at /rustc/88d9e12ae178fab0fb5cc050a94da85685d449ea/library/std/src/io/mod.rs:626:11
#19 40.80    7:     0x78598a5985dc - <alloc[f3282932177de6b4]::vec::Vec<u8> as std[f4f322d5fb81df6e]::io::Write>::write_fmt
#19 40.80                                at /rustc/88d9e12ae178fab0fb5cc050a94da85685d449ea/library/std/src/io/mod.rs:1730:13
#19 40.80    8:     0x78598a56d372 - <std[f4f322d5fb81df6e]::sys::backtrace::BacktraceLock>::print
#19 40.80                                at /rustc/88d9e12ae178fab0fb5cc050a94da85685d449ea/library/std/src/sys/backtrace.rs:47:9
#19 40.80    9:     0x78598a56d372 - std[f4f322d5fb81df6e]::panicking::default_hook::{closure#0}
#19 40.80                                at /rustc/88d9e12ae178fab0fb5cc050a94da85685d449ea/library/std/src/panicking.rs:292:27
#19 40.80   10:     0x78598a589024 - std[f4f322d5fb81df6e]::panicking::default_hook
#19 40.80                                at /rustc/88d9e12ae178fab0fb5cc050a94da85685d449ea/library/std/src/panicking.rs:316:9
#19 40.80   11:     0x785989c327d0 - <alloc[f3282932177de6b4]::boxed::Box<dyn for<'a, 'b> core[5d33459993e3d723]::ops::function::Fn<(&'a std[f4f322d5fb81df6e]::panic::PanicHookInfo<'b>,), Output = ()> + core[5d33459993e3d723]::marker::Send + core[5d33459993e3d723]::marker::Sync> as core[5d33459993e3d723]::ops::function::Fn<(&std[f4f322d5fb81df6e]::panic::PanicHookInfo,)>>::call
#19 40.80                                at /rustc/88d9e12ae178fab0fb5cc050a94da85685d449ea/library/alloc/src/boxed.rs:2333:9
#19 40.80   12:     0x785989c327d0 - test[4256d8fa28ac835e]::test_main_inner::<test[4256d8fa28ac835e]::test_main_static::{closure#0}>::{closure#0}
#19 40.80                                at /rustc/88d9e12ae178fab0fb5cc050a94da85685d449ea/library/test/src/lib.rs:155:21
#19 40.80   13:     0x785989cb96c3 - <alloc[f3282932177de6b4]::boxed::Box<dyn for<'a, 'b> core[5d33459993e3d723]::ops::function::Fn<(&'a std[f4f322d5fb81df6e]::panic::PanicHookInfo<'b>,), Output = ()> + core[5d33459993e3d723]::marker::Send + core[5d33459993e3d723]::marker::Sync> as core[5d33459993e3d723]::ops::function::Fn<(&std[f4f322d5fb81df6e]::panic::PanicHookInfo,)>>::call
#19 40.80                                at /rustc/88d9e12ae178fab0fb5cc050a94da85685d449ea/library/alloc/src/boxed.rs:2333:9
#19 40.80   14:     0x785989cb4c94 - generator[87b94d97073f9995]::detail::gen::catch_unwind_filter::<generator[87b94d97073f9995]::detail::gen::gen_init_impl::{closure#0}, ()>::{closure#0}::{closure#0}
#19 40.80                                at /usr/local/cargo/registry/src/index.crates.io-1949cf8c6b5b557f/generator-0.8.10/src/detail/gen.rs:19:13
#19 40.80   15:     0x78598a589352 - <alloc[f3282932177de6b4]::boxed::Box<dyn for<'a, 'b> core[5d33459993e3d723]::ops::function::Fn<(&'a std[f4f322d5fb81df6e]::panic::PanicHookInfo<'b>,), Output = ()> + core[5d33459993e3d723]::marker::Send + core[5d33459993e3d723]::marker::Sync> as core[5d33459993e3d723]::ops::function::Fn<(&std[f4f322d5fb81df6e]::panic::PanicHookInfo,)>>::call
#19 40.80                                at /rustc/88d9e12ae178fab0fb5cc050a94da85685d449ea/library/alloc/src/boxed.rs:2333:9
#19 40.80   16:     0x78598a589352 - std[f4f322d5fb81df6e]::panicking::panic_with_hook
#19 40.80                                at /rustc/88d9e12ae178fab0fb5cc050a94da85685d449ea/library/std/src/panicking.rs:823:13
#19 40.80   17:     0x78598a56d454 - std[f4f322d5fb81df6e]::panicking::panic_handler::{closure#0}
#19 40.80                                at /rustc/88d9e12ae178fab0fb5cc050a94da85685d449ea/library/std/src/panicking.rs:681:13
#19 40.80   18:     0x78598a564859 - std[f4f322d5fb81df6e]::sys::backtrace::__rust_end_short_backtrace::<std[f4f322d5fb81df6e]::panicking::panic_handler::{closure#0}, !>
#19 40.80                                at /rustc/88d9e12ae178fab0fb5cc050a94da85685d449ea/library/std/src/sys/backtrace.rs:182:18
#19 40.80   19:     0x78598a56e52d - __rustc[4b1ee1ef74718a7b]::rust_begin_unwind
#19 40.80                                at /rustc/88d9e12ae178fab0fb5cc050a94da85685d449ea/library/std/src/panicking.rs:679:5
#19 40.80   20:     0x785989a8ebac - core[5d33459993e3d723]::panicking::panic_fmt
#19 40.80                                at /rustc/88d9e12ae178fab0fb5cc050a94da85685d449ea/library/core/src/panicking.rs:80:14
#19 40.80   21:     0x785989a8eb72 - core[5d33459993e3d723]::panicking::panic
#19 40.80                                at /rustc/88d9e12ae178fab0fb5cc050a94da85685d449ea/library/core/src/panicking.rs:150:5
#19 40.80   22:     0x785989a8e899 - core[5d33459993e3d723]::option::unwrap_failed
#19 40.80                                at /rustc/88d9e12ae178fab0fb5cc050a94da85685d449ea/library/core/src/option.rs:2251:5
#19 40.80   23:     0x785989c8bdad - <core[5d33459993e3d723]::option::Option<usize>>::unwrap
#19 40.80                                at /rustc/88d9e12ae178fab0fb5cc050a94da85685d449ea/library/core/src/option.rs:1014:21
#19 40.80   24:     0x785989c8bdad - <loom[c97bddb326b4e68f]::rt::thread::Set>::active_mut
#19 40.80                                at /usr/local/cargo/registry/src/index.crates.io-1949cf8c6b5b557f/loom-0.7.2/src/rt/thread.rs:276:39
#19 40.80   25:     0x785989c97f75 - <loom[c97bddb326b4e68f]::rt::object::Ref<loom[c97bddb326b4e68f]::rt::arc::State>>::set_action
#19 40.80                                at /usr/local/cargo/registry/src/index.crates.io-1949cf8c6b5b557f/loom-0.7.2/src/rt/object.rs:387:27
#19 40.80   26:     0x785989c95a68 - <loom[c97bddb326b4e68f]::rt::object::Ref<loom[c97bddb326b4e68f]::rt::arc::State>>::branch_action::<loom[c97bddb326b4e68f]::rt::arc::Action>::{closure#0}
#19 40.80                                at /usr/local/cargo/registry/src/index.crates.io-1949cf8c6b5b557f/loom-0.7.2/src/rt/object.rs:354:18
#19 40.80   27:     0x785989c6e6ec - loom[c97bddb326b4e68f]::rt::branch::<<loom[c97bddb326b4e68f]::rt::object::Ref<loom[c97bddb326b4e68f]::rt::arc::State>>::branch_action<loom[c97bddb326b4e68f]::rt::arc::Action>::{closure#0}, ()>::{closure#0}
#19 40.80                                at /usr/local/cargo/registry/src/index.crates.io-1949cf8c6b5b557f/loom-0.7.2/src/rt/mod.rs:122:19
#19 40.80   28:     0x785989c69ea1 - <loom[c97bddb326b4e68f]::rt::scheduler::Scheduler>::with_execution::<loom[c97bddb326b4e68f]::rt::branch<<loom[c97bddb326b4e68f]::rt::object::Ref<loom[c97bddb326b4e68f]::rt::arc::State>>::branch_action<loom[c97bddb326b4e68f]::rt::arc::Action>::{closure#0}, ()>::{closure#0}, ((), bool)>::{closure#0}
#19 40.80                                at /usr/local/cargo/registry/src/index.crates.io-1949cf8c6b5b557f/loom-0.7.2/src/rt/scheduler.rs:43:34
#19 40.80   29:     0x785989c67d4e - <loom[c97bddb326b4e68f]::rt::scheduler::Scheduler>::with_state::<<loom[c97bddb326b4e68f]::rt::scheduler::Scheduler>::with_execution<loom[c97bddb326b4e68f]::rt::branch<<loom[c97bddb326b4e68f]::rt::object::Ref<loom[c97bddb326b4e68f]::rt::arc::State>>::branch_action<loom[c97bddb326b4e68f]::rt::arc::Action>::{closure#0}, ()>::{closure#0}, ((), bool)>::{closure#0}, ((), bool)>::{closure#0}
#19 40.80                                at /usr/local/cargo/registry/src/index.crates.io-1949cf8c6b5b557f/loom-0.7.2/src/rt/scheduler.rs:131:28
#19 40.80   30:     0x785989c6add1 - <scoped_tls[87e03fecbc1fc0b7]::ScopedKey<core[5d33459993e3d723]::cell::RefCell<loom[c97bddb326b4e68f]::rt::scheduler::State>>>::with::<<loom[c97bddb326b4e68f]::rt::scheduler::Scheduler>::with_state<<loom[c97bddb326b4e68f]::rt::scheduler::Scheduler>::with_execution<loom[c97bddb326b4e68f]::rt::branch<<loom[c97bddb326b4e68f]::rt::object::Ref<loom[c97bddb326b4e68f]::rt::arc::State>>::branch_action<loom[c97bddb326b4e68f]::rt::arc::Action>::{closure#0}, ()>::{closure#0}, ((), bool)>::{closure#0}, ((), bool)>::{closure#0}, ((), bool)>
#19 40.80                                at /usr/local/cargo/registry/src/index.crates.io-1949cf8c6b5b557f/scoped-tls-1.0.1/src/lib.rs:171:13
#19 40.80   31:     0x785989c6609e - <loom[c97bddb326b4e68f]::rt::scheduler::Scheduler>::with_state::<<loom[c97bddb326b4e68f]::rt::scheduler::Scheduler>::with_execution<loom[c97bddb326b4e68f]::rt::branch<<loom[c97bddb326b4e68f]::rt::object::Ref<loom[c97bddb326b4e68f]::rt::arc::State>>::branch_action<loom[c97bddb326b4e68f]::rt::arc::Action>::{closure#0}, ()>::{closure#0}, ((), bool)>::{closure#0}, ((), bool)>
#19 40.80                                at /usr/local/cargo/registry/src/index.crates.io-1949cf8c6b5b557f/loom-0.7.2/src/rt/scheduler.rs:131:15
#19 40.80   32:     0x785989c67716 - <loom[c97bddb326b4e68f]::rt::scheduler::Scheduler>::with_execution::<loom[c97bddb326b4e68f]::rt::branch<<loom[c97bddb326b4e68f]::rt::object::Ref<loom[c97bddb326b4e68f]::rt::arc::State>>::branch_action<loom[c97bddb326b4e68f]::rt::arc::Action>::{closure#0}, ()>::{closure#0}, ((), bool)>
#19 40.80                                at /usr/local/cargo/registry/src/index.crates.io-1949cf8c6b5b557f/loom-0.7.2/src/rt/scheduler.rs:43:9
#19 40.80   33:     0x785989c6da66 - loom[c97bddb326b4e68f]::rt::execution::<loom[c97bddb326b4e68f]::rt::branch<<loom[c97bddb326b4e68f]::rt::object::Ref<loom[c97bddb326b4e68f]::rt::arc::State>>::branch_action<loom[c97bddb326b4e68f]::rt::arc::Action>::{closure#0}, ()>::{closure#0}, ((), bool)>
#19 40.80                                at /usr/local/cargo/registry/src/index.crates.io-1949cf8c6b5b557f/loom-0.7.2/src/rt/mod.rs:174:5
#19 40.80   34:     0x785989c6d769 - loom[c97bddb326b4e68f]::rt::branch::<<loom[c97bddb326b4e68f]::rt::object::Ref<loom[c97bddb326b4e68f]::rt::arc::State>>::branch_action<loom[c97bddb326b4e68f]::rt::arc::Action>::{closure#0}, ()>
#19 40.80                                at /usr/local/cargo/registry/src/index.crates.io-1949cf8c6b5b557f/loom-0.7.2/src/rt/mod.rs:121:25
#19 40.80   35:     0x785989c95348 - <loom[c97bddb326b4e68f]::rt::object::Ref<loom[c97bddb326b4e68f]::rt::arc::State>>::branch_action::<loom[c97bddb326b4e68f]::rt::arc::Action>
#19 40.80                                at /usr/local/cargo/registry/src/index.crates.io-1949cf8c6b5b557f/loom-0.7.2/src/rt/object.rs:351:9
#19 40.80   36:     0x785989c93260 - <loom[c97bddb326b4e68f]::rt::arc::Arc>::branch
#19 40.80                                at /usr/local/cargo/registry/src/index.crates.io-1949cf8c6b5b557f/loom-0.7.2/src/rt/arc.rs:160:11
#19 40.80   37:     0x785989c93302 - <loom[c97bddb326b4e68f]::rt::arc::Arc>::ref_dec
#19 40.80                                at /usr/local/cargo/registry/src/index.crates.io-1949cf8c6b5b557f/loom-0.7.2/src/rt/arc.rs:113:14
#19 40.80   38:     0x785989afaf38 - <loom[c97bddb326b4e68f]::sync::arc::Arc<gripsack_exec[5c66142f6d82a231]::schedule::coordination::Coordinator<alloc[f3282932177de6b4]::vec::Vec<core[5d33459993e3d723]::option::Option<gripsack_exec[5c66142f6d82a231]::schedule::coordination::model::ResultKind>>>> as core[5d33459993e3d723]::ops::drop::Drop>::drop
#19 40.80                                at /usr/local/cargo/registry/src/index.crates.io-1949cf8c6b5b557f/loom-0.7.2/src/sync/arc.rs:247:21
#19 40.80   39:     0x785989af3aea - core[5d33459993e3d723]::ptr::drop_glue::<loom[c97bddb326b4e68f]::sync::arc::Arc<gripsack_exec[5c66142f6d82a231]::schedule::coordination::Coordinator<alloc[f3282932177de6b4]::vec::Vec<core[5d33459993e3d723]::option::Option<gripsack_exec[5c66142f6d82a231]::schedule::coordination::model::ResultKind>>>>>
#19 40.80                                at /rustc/88d9e12ae178fab0fb5cc050a94da85685d449ea/library/core/src/ptr/mod.rs:823:1
#19 40.80   40:     0x785989af4b37 - core[5d33459993e3d723]::ptr::drop_glue::<gripsack_exec[5c66142f6d82a231]::schedule::coordination::model::explore::{closure#0}::{closure#1}>
#19 40.80                                at /rustc/88d9e12ae178fab0fb5cc050a94da85685d449ea/library/core/src/ptr/mod.rs:823:1
#19 40.80   41:     0x785989b04358 - gripsack_exec[5c66142f6d82a231]::schedule::coordination::model::explore::{closure#0}::{closure#1}
#19 40.80                                at /tmp/gripsack-loom-6kdwoz9p/source/crates/gripsack-exec/src/schedule/coordination_model.rs:64:13
#19 40.80   42:     0x785989b1f6be - loom[c97bddb326b4e68f]::thread::spawn_internal::<gripsack_exec[5c66142f6d82a231]::schedule::coordination::model::explore::{closure#0}::{closure#1}, ()>::{closure#0}
#19 40.80                                at /usr/local/cargo/registry/src/index.crates.io-1949cf8c6b5b557f/loom-0.7.2/src/thread.rs:168:47
#19 40.80   43:     0x785989b8ebb0 - loom[c97bddb326b4e68f]::rt::spawn::<loom[c97bddb326b4e68f]::thread::spawn_internal<gripsack_exec[5c66142f6d82a231]::schedule::coordination::model::explore::{closure#0}::{closure#1}, ()>::{closure#0}>::{closure#1}
#19 40.80                                at /usr/local/cargo/registry/src/index.crates.io-1949cf8c6b5b557f/loom-0.7.2/src/rt/mod.rs:78:13
#19 40.80   44:     0x785989af758e - <loom[c97bddb326b4e68f]::rt::spawn<loom[c97bddb326b4e68f]::thread::spawn_internal<gripsack_exec[5c66142f6d82a231]::schedule::coordination::model::explore::{closure#0}::{closure#1}, ()>::{closure#0}>::{closure#1} as core[5d33459993e3d723]::ops::function::FnOnce<()>>::call_once::{shim:vtable#0}
#19 40.80                                at /rustc/88d9e12ae178fab0fb5cc050a94da85685d449ea/library/core/src/ops/function.rs:250:5
#19 40.80   45:     0x785989c7e2a8 - <alloc[f3282932177de6b4]::boxed::Box<dyn core[5d33459993e3d723]::ops::function::FnOnce<(), Output = ()>> as core[5d33459993e3d723]::ops::function::FnOnce<()>>::call_once
#19 40.80                                at /rustc/88d9e12ae178fab0fb5cc050a94da85685d449ea/library/alloc/src/boxed.rs:2319:9
#19 40.80   46:     0x785989c6a56b - loom[c97bddb326b4e68f]::rt::scheduler::spawn_thread::{closure#0}
#19 40.80                                at /usr/local/cargo/registry/src/index.crates.io-1949cf8c6b5b557f/loom-0.7.2/src/rt/scheduler.rs:142:17
#19 40.80   47:     0x785989c8435e - <loom[c97bddb326b4e68f]::rt::scheduler::spawn_thread::{closure#0} as core[5d33459993e3d723]::ops::function::FnOnce<()>>::call_once
#19 40.80                                at /rustc/88d9e12ae178fab0fb5cc050a94da85685d449ea/library/core/src/ops/function.rs:250:5
#19 40.80   48:     0x785989c80b02 - <generator[87b94d97073f9995]::gen_impl::GeneratorImpl<core[5d33459993e3d723]::option::Option<alloc[f3282932177de6b4]::boxed::Box<dyn core[5d33459993e3d723]::ops::function::FnOnce<(), Output = ()>>>, ()>>::init_code::<loom[c97bddb326b4e68f]::rt::scheduler::spawn_thread::{closure#0}>::{closure#0}
#19 40.80                                at /usr/local/cargo/registry/src/index.crates.io-1949cf8c6b5b557f/generator-0.8.10/src/gen_impl.rs:357:21
#19 40.80   49:     0x785989c73f41 - <generator[87b94d97073f9995]::stack::StackBox<<generator[87b94d97073f9995]::gen_impl::GeneratorImpl<core[5d33459993e3d723]::option::Option<alloc[f3282932177de6b4]::boxed::Box<dyn core[5d33459993e3d723]::ops::function::FnOnce<(), Output = ()>>>, ()>>::init_code<loom[c97bddb326b4e68f]::rt::scheduler::spawn_thread::{closure#0}>::{closure#0}>>::call_once
#19 40.80                                at /usr/local/cargo/registry/src/index.crates.io-1949cf8c6b5b557f/generator-0.8.10/src/stack/mod.rs:137:13
#19 40.80   50:     0x785989cb67fd - <generator[87b94d97073f9995]::stack::Func>::call_once
#19 40.80                                at /usr/local/cargo/registry/src/index.crates.io-1949cf8c6b5b557f/generator-0.8.10/src/stack/mod.rs:119:9
#19 40.80   51:     0x785989cb4dee - generator[87b94d97073f9995]::detail::gen::gen_init_impl::{closure#0}
#19 40.80                                at /usr/local/cargo/registry/src/index.crates.io-1949cf8c6b5b557f/generator-0.8.10/src/detail/gen.rs:35:14
#19 40.80   52:     0x785989cb9833 - <generator[87b94d97073f9995]::detail::gen::gen_init_impl::{closure#0} as core[5d33459993e3d723]::ops::function::FnOnce<()>>::call_once
#19 40.80                                at /rustc/88d9e12ae178fab0fb5cc050a94da85685d449ea/library/core/src/ops/function.rs:250:5
#19 40.80   53:     0x785989cb4915 - std[f4f322d5fb81df6e]::panicking::catch_unwind::do_call::<generator[87b94d97073f9995]::detail::gen::gen_init_impl::{closure#0}, ()>
#19 40.80                                at /rustc/88d9e12ae178fab0fb5cc050a94da85685d449ea/library/std/src/panicking.rs:576:43
#19 40.80   54:     0x785989cb99fb - __rust_try
#19 40.80   55:     0x785989cb3df6 - std[f4f322d5fb81df6e]::panicking::catch_unwind::<(), generator[87b94d97073f9995]::detail::gen::gen_init_impl::{closure#0}>
#19 40.80                                at /rustc/88d9e12ae178fab0fb5cc050a94da85685d449ea/library/std/src/panicking.rs:544:19
#19 40.80   56:     0x785989cb3df6 - std[f4f322d5fb81df6e]::panic::catch_unwind::<generator[87b94d97073f9995]::detail::gen::gen_init_impl::{closure#0}, ()>
#19 40.80                                at /rustc/88d9e12ae178fab0fb5cc050a94da85685d449ea/library/std/src/panic.rs:359:14
#19 40.80   57:     0x785989cb461d - generator[87b94d97073f9995]::detail::gen::catch_unwind_filter::<generator[87b94d97073f9995]::detail::gen::gen_init_impl::{closure#0}, ()>
#19 40.80                                at /usr/local/cargo/registry/src/index.crates.io-1949cf8c6b5b557f/generator-0.8.10/src/detail/gen.rs:23:5
#19 40.80   58:     0x785989cb76f7 - generator[87b94d97073f9995]::detail::gen::gen_init_impl
#19 40.80                                at /usr/local/cargo/registry/src/index.crates.io-1949cf8c6b5b557f/generator-0.8.10/src/detail/gen.rs:50:25
#19 40.80   59:     0x785989cb76c3 - generator[87b94d97073f9995]::detail::asm::gen_init
#19 40.80                                at /usr/local/cargo/registry/src/index.crates.io-1949cf8c6b5b557f/generator-0.8.10/src/detail/x86_64_unix.rs:8:5
#19 40.80 
#19 40.80 thread 'schedule::coordination::model::diamond_completion_wakes_waiters_and_publishes_dependencies' (4350) panicked at /usr/local/cargo/registry/src/index.crates.io-1949cf8c6b5b557f/loom-0.7.2/src/rt/thread.rs:276:39:
#19 40.80 called `Option::unwrap()` on a `None` value
#19 40.80 stack backtrace:
#19 40.80    0:     0x78598a592b91 - std[f4f322d5fb81df6e]::backtrace_rs::backtrace::libunwind::trace
#19 40.80                                at /rustc/88d9e12ae178fab0fb5cc050a94da85685d449ea/library/std/src/../../backtrace/src/backtrace/libunwind.rs:117:9
#19 40.80    1:     0x78598a592b91 - std[f4f322d5fb81df6e]::backtrace_rs::backtrace::trace_unsynchronized::<std[f4f322d5fb81df6e]::sys::backtrace::_print_fmt::{closure#1}>
#19 40.80                                at /rustc/88d9e12ae178fab0fb5cc050a94da85685d449ea/library/std/src/../../backtrace/src/backtrace/mod.rs:66:14
#19 40.80    2:     0x78598a592b91 - std[f4f322d5fb81df6e]::sys::backtrace::_print_fmt
#19 40.80                                at /rustc/88d9e12ae178fab0fb5cc050a94da85685d449ea/library/std/src/sys/backtrace.rs:74:9
#19 40.80    3:     0x78598a592b91 - <<std[f4f322d5fb81df6e]::sys::backtrace::BacktraceLock>::print::DisplayBacktrace as core[5d33459993e3d723]::fmt::Display>::fmt
#19 40.80                                at /rustc/88d9e12ae178fab0fb5cc050a94da85685d449ea/library/std/src/sys/backtrace.rs:44:26
#19 40.80    4:     0x78598a5c7f3a - <core[5d33459993e3d723]::fmt::rt::Argument>::fmt
#19 40.80                                at /rustc/88d9e12ae178fab0fb5cc050a94da85685d449ea/library/core/src/fmt/rt.rs:152:76
#19 40.80    5:     0x78598a5c7f3a - core[5d33459993e3d723]::fmt::write
#19 40.80    6:     0x78598a5985dc - std[f4f322d5fb81df6e]::io::default_write_fmt::<alloc[f3282932177de6b4]::vec::Vec<u8>>
#19 40.80                                at /rustc/88d9e12ae178fab0fb5cc050a94da85685d449ea/library/std/src/io/mod.rs:626:11
#19 40.80    7:     0x78598a5985dc - <alloc[f3282932177de6b4]::vec::Vec<u8> as std[f4f322d5fb81df6e]::io::Write>::write_fmt
#19 40.80                                at /rustc/88d9e12ae178fab0fb5cc050a94da85685d449ea/library/std/src/io/mod.rs:1730:13
#19 40.80    8:     0x78598a56d372 - <std[f4f322d5fb81df6e]::sys::backtrace::BacktraceLock>::print
#19 40.80                                at /rustc/88d9e12ae178fab0fb5cc050a94da85685d449ea/library/std/src/sys/backtrace.rs:47:9
#19 40.80    9:     0x78598a56d372 - std[f4f322d5fb81df6e]::panicking::default_hook::{closure#0}
#19 40.80                                at /rustc/88d9e12ae178fab0fb5cc050a94da85685d449ea/library/std/src/panicking.rs:292:27
#19 40.80   10:     0x78598a589024 - std[f4f322d5fb81df6e]::panicking::default_hook
#19 40.80                                at /rustc/88d9e12ae178fab0fb5cc050a94da85685d449ea/library/std/src/panicking.rs:316:9
#19 40.80   11:     0x785989c327d0 - <alloc[f3282932177de6b4]::boxed::Box<dyn for<'a, 'b> core[5d33459993e3d723]::ops::function::Fn<(&'a std[f4f322d5fb81df6e]::panic::PanicHookInfo<'b>,), Output = ()> + core[5d33459993e3d723]::marker::Send + core[5d33459993e3d723]::marker::Sync> as core[5d33459993e3d723]::ops::function::Fn<(&std[f4f322d5fb81df6e]::panic::PanicHookInfo,)>>::call
#19 40.80                                at /rustc/88d9e12ae178fab0fb5cc050a94da85685d449ea/library/alloc/src/boxed.rs:2333:9
#19 40.80   12:     0x785989c327d0 - test[4256d8fa28ac835e]::test_main_inner::<test[4256d8fa28ac835e]::test_main_static::{closure#0}>::{closure#0}
#19 40.80                                at /rustc/88d9e12ae178fab0fb5cc050a94da85685d449ea/library/test/src/lib.rs:155:21
#19 40.80   13:     0x785989cb96c3 - <alloc[f3282932177de6b4]::boxed::Box<dyn for<'a, 'b> core[5d33459993e3d723]::ops::function::Fn<(&'a std[f4f322d5fb81df6e]::panic::PanicHookInfo<'b>,), Output = ()> + core[5d33459993e3d723]::marker::Send + core[5d33459993e3d723]::marker::Sync> as core[5d33459993e3d723]::ops::function::Fn<(&std[f4f322d5fb81df6e]::panic::PanicHookInfo,)>>::call
#19 40.80                                at /rustc/88d9e12ae178fab0fb5cc050a94da85685d449ea/library/alloc/src/boxed.rs:2333:9
#19 40.80   14:     0x785989cb4c94 - generator[87b94d97073f9995]::detail::gen::catch_unwind_filter::<generator[87b94d97073f9995]::detail::gen::gen_init_impl::{closure#0}, ()>::{closure#0}::{closure#0}
#19 40.80                                at /usr/local/cargo/registry/src/index.crates.io-1949cf8c6b5b557f/generator-0.8.10/src/detail/gen.rs:19:13
#19 40.80   15:     0x78598a589352 - <alloc[f3282932177de6b4]::boxed::Box<dyn for<'a, 'b> core[5d33459993e3d723]::ops::function::Fn<(&'a std[f4f322d5fb81df6e]::panic::PanicHookInfo<'b>,), Output = ()> + core[5d33459993e3d723]::marker::Send + core[5d33459993e3d723]::marker::Sync> as core[5d33459993e3d723]::ops::function::Fn<(&std[f4f322d5fb81df6e]::panic::PanicHookInfo,)>>::call
#19 40.80                                at /rustc/88d9e12ae178fab0fb5cc050a94da85685d449ea/library/alloc/src/boxed.rs:2333:9
#19 40.80   16:     0x78598a589352 - std[f4f322d5fb81df6e]::panicking::panic_with_hook
#19 40.80                                at /rustc/88d9e12ae178fab0fb5cc050a94da85685d449ea/library/std/src/panicking.rs:823:13
#19 40.80   17:     0x78598a56d454 - std[f4f322d5fb81df6e]::panicking::panic_handler::{closure#0}
#19 40.80                                at /rustc/88d9e12ae178fab0fb5cc050a94da85685d449ea/library/std/src/panicking.rs:681:13
#19 40.80   18:     0x78598a564859 - std[f4f322d5fb81df6e]::sys::backtrace::__rust_end_short_backtrace::<std[f4f322d5fb81df6e]::panicking::panic_handler::{closure#0}, !>
#19 40.80                                at /rustc/88d9e12ae178fab0fb5cc050a94da85685d449ea/library/std/src/sys/backtrace.rs:182:18
#19 40.80   19:     0x78598a56e52d - __rustc[4b1ee1ef74718a7b]::rust_begin_unwind
#19 40.80                                at /rustc/88d9e12ae178fab0fb5cc050a94da85685d449ea/library/std/src/panicking.rs:679:5
#19 40.80   20:     0x785989a8ebac - core[5d33459993e3d723]::panicking::panic_fmt
#19 40.80                                at /rustc/88d9e12ae178fab0fb5cc050a94da85685d449ea/library/core/src/panicking.rs:80:14
#19 40.80   21:     0x785989a8eb72 - core[5d33459993e3d723]::panicking::panic
#19 40.80                                at /rustc/88d9e12ae178fab0fb5cc050a94da85685d449ea/library/core/src/panicking.rs:150:5
#19 40.80   22:     0x785989a8e899 - core[5d33459993e3d723]::option::unwrap_failed
#19 40.80                                at /rustc/88d9e12ae178fab0fb5cc050a94da85685d449ea/library/core/src/option.rs:2251:5
#19 40.80   23:     0x785989c8bdad - <core[5d33459993e3d723]::option::Option<usize>>::unwrap
#19 40.80                                at /rustc/88d9e12ae178fab0fb5cc050a94da85685d449ea/library/core/src/option.rs:1014:21
#19 40.80   24:     0x785989c8bdad - <loom[c97bddb326b4e68f]::rt::thread::Set>::active_mut
#19 40.80                                at /usr/local/cargo/registry/src/index.crates.io-1949cf8c6b5b557f/loom-0.7.2/src/rt/thread.rs:276:39
#19 40.80   25:     0x785989c97f75 - <loom[c97bddb326b4e68f]::rt::object::Ref<loom[c97bddb326b4e68f]::rt::arc::State>>::set_action
#19 40.80                                at /usr/local/cargo/registry/src/index.crates.io-1949cf8c6b5b557f/loom-0.7.2/src/rt/object.rs:387:27
#19 40.80   26:     0x785989c95a68 - <loom[c97bddb326b4e68f]::rt::object::Ref<loom[c97bddb326b4e68f]::rt::arc::State>>::branch_action::<loom[c97bddb326b4e68f]::rt::arc::Action>::{closure#0}
#19 40.80                                at /usr/local/cargo/registry/src/index.crates.io-1949cf8c6b5b557f/loom-0.7.2/src/rt/object.rs:354:18
#19 40.80   27:     0x785989c6e6ec - loom[c97bddb326b4e68f]::rt::branch::<<loom[c97bddb326b4e68f]::rt::object::Ref<loom[c97bddb326b4e68f]::rt::arc::State>>::branch_action<loom[c97bddb326b4e68f]::rt::arc::Action>::{closure#0}, ()>::{closure#0}
#19 40.80                                at /usr/local/cargo/registry/src/index.crates.io-1949cf8c6b5b557f/loom-0.7.2/src/rt/mod.rs:122:19
#19 40.80   28:     0x785989c69ea1 - <loom[c97bddb326b4e68f]::rt::scheduler::Scheduler>::with_execution::<loom[c97bddb326b4e68f]::rt::branch<<loom[c97bddb326b4e68f]::rt::object::Ref<loom[c97bddb326b4e68f]::rt::arc::State>>::branch_action<loom[c97bddb326b4e68f]::rt::arc::Action>::{closure#0}, ()>::{closure#0}, ((), bool)>::{closure#0}
#19 40.80                                at /usr/local/cargo/registry/src/index.crates.io-1949cf8c6b5b557f/loom-0.7.2/src/rt/scheduler.rs:43:34
#19 40.80   29:     0x785989c67d4e - <loom[c97bddb326b4e68f]::rt::scheduler::Scheduler>::with_state::<<loom[c97bddb326b4e68f]::rt::scheduler::Scheduler>::with_execution<loom[c97bddb326b4e68f]::rt::branch<<loom[c97bddb326b4e68f]::rt::object::Ref<loom[c97bddb326b4e68f]::rt::arc::State>>::branch_action<loom[c97bddb326b4e68f]::rt::arc::Action>::{closure#0}, ()>::{closure#0}, ((), bool)>::{closure#0}, ((), bool)>::{closure#0}
#19 40.80                                at /usr/local/cargo/registry/src/index.crates.io-1949cf8c6b5b557f/loom-0.7.2/src/rt/scheduler.rs:131:28
#19 40.80   30:     0x785989c6add1 - <scoped_tls[87e03fecbc1fc0b7]::ScopedKey<core[5d33459993e3d723]::cell::RefCell<loom[c97bddb326b4e68f]::rt::scheduler::State>>>::with::<<loom[c97bddb326b4e68f]::rt::scheduler::Scheduler>::with_state<<loom[c97bddb326b4e68f]::rt::scheduler::Scheduler>::with_execution<loom[c97bddb326b4e68f]::rt::branch<<loom[c97bddb326b4e68f]::rt::object::Ref<loom[c97bddb326b4e68f]::rt::arc::State>>::branch_action<loom[c97bddb326b4e68f]::rt::arc::Action>::{closure#0}, ()>::{closure#0}, ((), bool)>::{closure#0}, ((), bool)>::{closure#0}, ((), bool)>
#19 40.80                                at /usr/local/cargo/registry/src/index.crates.io-1949cf8c6b5b557f/scoped-tls-1.0.1/src/lib.rs:171:13
#19 40.80   31:     0x785989c6609e - <loom[c97bddb326b4e68f]::rt::scheduler::Scheduler>::with_state::<<loom[c97bddb326b4e68f]::rt::scheduler::Scheduler>::with_execution<loom[c97bddb326b4e68f]::rt::branch<<loom[c97bddb326b4e68f]::rt::object::Ref<loom[c97bddb326b4e68f]::rt::arc::State>>::branch_action<loom[c97bddb326b4e68f]::rt::arc::Action>::{closure#0}, ()>::{closure#0}, ((), bool)>::{closure#0}, ((), bool)>
#19 40.80                                at /usr/local/cargo/registry/src/index.crates.io-1949cf8c6b5b557f/loom-0.7.2/src/rt/scheduler.rs:131:15
#19 40.80   32:     0x785989c67716 - <loom[c97bddb326b4e68f]::rt::scheduler::Scheduler>::with_execution::<loom[c97bddb326b4e68f]::rt::branch<<loom[c97bddb326b4e68f]::rt::object::Ref<loom[c97bddb326b4e68f]::rt::arc::State>>::branch_action<loom[c97bddb326b4e68f]::rt::arc::Action>::{closure#0}, ()>::{closure#0}, ((), bool)>
#19 40.80                                at /usr/local/cargo/registry/src/index.crates.io-1949cf8c6b5b557f/loom-0.7.2/src/rt/scheduler.rs:43:9
#19 40.80   33:     0x785989c6da66 - loom[c97bddb326b4e68f]::rt::execution::<loom[c97bddb326b4e68f]::rt::branch<<loom[c97bddb326b4e68f]::rt::object::Ref<loom[c97bddb326b4e68f]::rt::arc::State>>::branch_action<loom[c97bddb326b4e68f]::rt::arc::Action>::{closure#0}, ()>::{closure#0}, ((), bool)>
#19 40.80                                at /usr/local/cargo/registry/src/index.crates.io-1949cf8c6b5b557f/loom-0.7.2/src/rt/mod.rs:174:5
#19 40.80   34:     0x785989c6d769 - loom[c97bddb326b4e68f]::rt::branch::<<loom[c97bddb326b4e68f]::rt::object::Ref<loom[c97bddb326b4e68f]::rt::arc::State>>::branch_action<loom[c97bddb326b4e68f]::rt::arc::Action>::{closure#0}, ()>
#19 40.80                                at /usr/local/cargo/registry/src/index.crates.io-1949cf8c6b5b557f/loom-0.7.2/src/rt/mod.rs:121:25
#19 40.80   35:     0x785989c95348 - <loom[c97bddb326b4e68f]::rt::object::Ref<loom[c97bddb326b4e68f]::rt::arc::State>>::branch_action::<loom[c97bddb326b4e68f]::rt::arc::Action>
#19 40.80                                at /usr/local/cargo/registry/src/index.crates.io-1949cf8c6b5b557f/loom-0.7.2/src/rt/object.rs:351:9
#19 40.80   36:     0x785989c93260 - <loom[c97bddb326b4e68f]::rt::arc::Arc>::branch
#19 40.80                                at /usr/local/cargo/registry/src/index.crates.io-1949cf8c6b5b557f/loom-0.7.2/src/rt/arc.rs:160:11
#19 40.80   37:     0x785989c93302 - <loom[c97bddb326b4e68f]::rt::arc::Arc>::ref_dec
#19 40.80                                at /usr/local/cargo/registry/src/index.crates.io-1949cf8c6b5b557f/loom-0.7.2/src/rt/arc.rs:113:14
#19 40.80   38:     0x785989afae48 - <loom[c97bddb326b4e68f]::sync::arc::Arc<alloc[f3282932177de6b4]::vec::Vec<loom[c97bddb326b4e68f]::sync::atomic::int::AtomicUsize>> as core[5d33459993e3d723]::ops::drop::Drop>::drop
#19 40.80                                at /usr/local/cargo/registry/src/index.crates.io-1949cf8c6b5b557f/loom-0.7.2/src/sync/arc.rs:247:21
#19 40.80   39:     0x785989af3a5a - core[5d33459993e3d723]::ptr::drop_glue::<loom[c97bddb326b4e68f]::sync::arc::Arc<alloc[f3282932177de6b4]::vec::Vec<loom[c97bddb326b4e68f]::sync::atomic::int::AtomicUsize>>>
#19 40.80                                at /rustc/88d9e12ae178fab0fb5cc050a94da85685d449ea/library/core/src/ptr/mod.rs:823:1
#19 40.80   40:     0x785989af4b77 - core[5d33459993e3d723]::ptr::drop_glue::<gripsack_exec[5c66142f6d82a231]::schedule::coordination::model::explore::{closure#0}::{closure#1}>
#19 40.80                                at /rustc/88d9e12ae178fab0fb5cc050a94da85685d449ea/library/core/src/ptr/mod.rs:823:1
#19 40.80   41:     0x785989b04358 - gripsack_exec[5c66142f6d82a231]::schedule::coordination::model::explore::{closure#0}::{closure#1}
#19 40.80                                at /tmp/gripsack-loom-6kdwoz9p/source/crates/gripsack-exec/src/schedule/coordination_model.rs:64:13
#19 40.80   42:     0x785989b1f6be - loom[c97bddb326b4e68f]::thread::spawn_internal::<gripsack_exec[5c66142f6d82a231]::schedule::coordination::model::explore::{closure#0}::{closure#1}, ()>::{closure#0}
#19 40.80                                at /usr/local/cargo/registry/src/index.crates.io-1949cf8c6b5b557f/loom-0.7.2/src/thread.rs:168:47
#19 40.80   43:     0x785989b8ebb0 - loom[c97bddb326b4e68f]::rt::spawn::<loom[c97bddb326b4e68f]::thread::spawn_internal<gripsack_exec[5c66142f6d82a231]::schedule::coordination::model::explore::{closure#0}::{closure#1}, ()>::{closure#0}>::{closure#1}
#19 40.80                                at /usr/local/cargo/registry/src/index.crates.io-1949cf8c6b5b557f/loom-0.7.2/src/rt/mod.rs:78:13
#19 40.80   44:     0x785989af758e - <loom[c97bddb326b4e68f]::rt::spawn<loom[c97bddb326b4e68f]::thread::spawn_internal<gripsack_exec[5c66142f6d82a231]::schedule::coordination::model::explore::{closure#0}::{closure#1}, ()>::{closure#0}>::{closure#1} as core[5d33459993e3d723]::ops::function::FnOnce<()>>::call_once::{shim:vtable#0}
#19 40.80                                at /rustc/88d9e12ae178fab0fb5cc050a94da85685d449ea/library/core/src/ops/function.rs:250:5
#19 40.80   45:     0x785989c7e2a8 - <alloc[f3282932177de6b4]::boxed::Box<dyn core[5d33459993e3d723]::ops::function::FnOnce<(), Output = ()>> as core[5d33459993e3d723]::ops::function::FnOnce<()>>::call_once
#19 40.80                                at /rustc/88d9e12ae178fab0fb5cc050a94da85685d449ea/library/alloc/src/boxed.rs:2319:9
#19 40.80   46:     0x785989c6a56b - loom[c97bddb326b4e68f]::rt::scheduler::spawn_thread::{closure#0}
#19 40.80                                at /usr/local/cargo/registry/src/index.crates.io-1949cf8c6b5b557f/loom-0.7.2/src/rt/scheduler.rs:142:17
#19 40.80   47:     0x785989c8435e - <loom[c97bddb326b4e68f]::rt::scheduler::spawn_thread::{closure#0} as core[5d33459993e3d723]::ops::function::FnOnce<()>>::call_once
#19 40.80                                at /rustc/88d9e12ae178fab0fb5cc050a94da85685d449ea/library/core/src/ops/function.rs:250:5
#19 40.80   48:     0x785989c80b02 - <generator[87b94d97073f9995]::gen_impl::GeneratorImpl<core[5d33459993e3d723]::option::Option<alloc[f3282932177de6b4]::boxed::Box<dyn core[5d33459993e3d723]::ops::function::FnOnce<(), Output = ()>>>, ()>>::init_code::<loom[c97bddb326b4e68f]::rt::scheduler::spawn_thread::{closure#0}>::{closure#0}
#19 40.80                                at /usr/local/cargo/registry/src/index.crates.io-1949cf8c6b5b557f/generator-0.8.10/src/gen_impl.rs:357:21
#19 40.80   49:     0x785989c73f41 - <generator[87b94d97073f9995]::stack::StackBox<<generator[87b94d97073f9995]::gen_impl::GeneratorImpl<core[5d33459993e3d723]::option::Option<alloc[f3282932177de6b4]::boxed::Box<dyn core[5d33459993e3d723]::ops::function::FnOnce<(), Output = ()>>>, ()>>::init_code<loom[c97bddb326b4e68f]::rt::scheduler::spawn_thread::{closure#0}>::{closure#0}>>::call_once
#19 40.80                                at /usr/local/cargo/registry/src/index.crates.io-1949cf8c6b5b557f/generator-0.8.10/src/stack/mod.rs:137:13
#19 40.80   50:     0x785989cb67fd - <generator[87b94d97073f9995]::stack::Func>::call_once
#19 40.80                                at /usr/local/cargo/registry/src/index.crates.io-1949cf8c6b5b557f/generator-0.8.10/src/stack/mod.rs:119:9
#19 40.80   51:     0x785989cb4dee - generator[87b94d97073f9995]::detail::gen::gen_init_impl::{closure#0}
#19 40.80                                at /usr/local/cargo/registry/src/index.crates.io-1949cf8c6b5b557f/generator-0.8.10/src/detail/gen.rs:35:14
#19 40.80   52:     0x785989cb9833 - <generator[87b94d97073f9995]::detail::gen::gen_init_impl::{closure#0} as core[5d33459993e3d723]::ops::function::FnOnce<()>>::call_once
#19 40.80                                at /rustc/88d9e12ae178fab0fb5cc050a94da85685d449ea/library/core/src/ops/function.rs:250:5
#19 40.80   53:     0x785989cb4915 - std[f4f322d5fb81df6e]::panicking::catch_unwind::do_call::<generator[87b94d97073f9995]::detail::gen::gen_init_impl::{closure#0}, ()>
#19 40.80                                at /rustc/88d9e12ae178fab0fb5cc050a94da85685d449ea/library/std/src/panicking.rs:576:43
#19 40.80   54:     0x785989cb99fb - __rust_try
#19 40.80   55:     0x785989cb3df6 - std[f4f322d5fb81df6e]::panicking::catch_unwind::<(), generator[87b94d97073f9995]::detail::gen::gen_init_impl::{closure#0}>
#19 40.80                                at /rustc/88d9e12ae178fab0fb5cc050a94da85685d449ea/library/std/src/panicking.rs:544:19
#19 40.80   56:     0x785989cb3df6 - std[f4f322d5fb81df6e]::panic::catch_unwind::<generator[87b94d97073f9995]::detail::gen::gen_init_impl::{closure#0}, ()>
#19 40.80                                at /rustc/88d9e12ae178fab0fb5cc050a94da85685d449ea/library/std/src/panic.rs:359:14
#19 40.80   57:     0x785989cb461d - generator[87b94d97073f9995]::detail::gen::catch_unwind_filter::<generator[87b94d97073f9995]::detail::gen::gen_init_impl::{closure#0}, ()>
#19 40.80                                at /usr/local/cargo/registry/src/index.crates.io-1949cf8c6b5b557f/generator-0.8.10/src/detail/gen.rs:23:5
#19 40.80   58:     0x785989cb76f7 - generator[87b94d97073f9995]::detail::gen::gen_init_impl
#19 40.80                                at /usr/local/cargo/registry/src/index.crates.io-1949cf8c6b5b557f/generator-0.8.10/src/detail/gen.rs:50:25
#19 40.80   59:     0x785989cb76c3 - generator[87b94d97073f9995]::detail::asm::gen_init
#19 40.80                                at /usr/local/cargo/registry/src/index.crates.io-1949cf8c6b5b557f/generator-0.8.10/src/detail/x86_64_unix.rs:8:5
#19 40.80 
#19 40.80 thread 'schedule::coordination::model::diamond_completion_wakes_waiters_and_publishes_dependencies' (4350) panicked at /rustc/88d9e12ae178fab0fb5cc050a94da85685d449ea/library/core/src/panicking.rs:233:5:
#19 40.80 panic in a destructor during cleanup
#19 40.80 thread caused non-unwinding panic. aborting.
#19 40.80 error: test failed, to rerun pass `-p gripsack-exec --lib`
#19 40.80 
#19 40.80 Caused by:
#19 40.80   process didn't exit successfully: `/tmp/gripsack-loom-6kdwoz9p/target/debug/deps/gripsack_exec-cdf4089161a5c5c5 'schedule::coordination::model::diamond_completion_wakes_waiters_and_publishes_dependencies'` (signal: 6, SIGABRT: process abort signal)
#19 40.80 
#19 40.80 calibration: missing-completion rejected by Loom waiter deadlock
#19 40.80 LOOM_SCHEDULER_MUTANTS=2
#19 41.27 RUNNER_COMMAND=cargo test --locked -p gripsack-store --lib journal::admission_tests:: -- --nocapture
#19 66.92    Compiling proc-macro2 v1.0.107
#19 66.92    Compiling unicode-ident v1.0.24
#19 66.92    Compiling quote v1.0.47
#19 66.92    Compiling rustix v1.1.4
#19 66.92    Compiling serde_core v1.0.229
#19 66.92    Compiling bitflags v2.13.1
#19 66.92    Compiling linux-raw-sys v0.12.1
#19 66.92    Compiling verus_prettyplease v0.0.0-2026-09-06-0133
#19 66.92    Compiling io-lifetimes v3.0.1
#19 66.92    Compiling io-lifetimes v2.0.4
#19 66.92    Compiling typenum v1.20.1
#19 66.92    Compiling once_cell v1.21.4
#19 66.92    Compiling libc v0.2.189
#19 66.92    Compiling io-extras v0.19.0
#19 66.92    Compiling hashbrown v0.17.1
#19 66.92    Compiling equivalent v1.0.2
#19 66.92    Compiling zmij v1.0.23
#19 66.92    Compiling vstd v0.0.0-2026-09-06-0133
#19 66.92    Compiling convert_case v0.4.0
#19 66.92    Compiling cap-primitives v4.0.3
#19 66.92    Compiling ambient-authority v0.0.2
#19 66.92    Compiling cfg-if v1.0.4
#19 66.92    Compiling cap-std v4.0.3
#19 66.92    Compiling serde_json v1.0.151
#19 66.92    Compiling verus_builtin v0.0.0-2026-09-06-0133
#19 66.92    Compiling maybe-owned v0.3.4
#19 66.92    Compiling getrandom v0.4.3
#19 66.92    Compiling ipnet v2.12.1
#19 66.92    Compiling serde v1.0.229
#19 66.92    Compiling thiserror v2.0.20
#19 66.92    Compiling itoa v1.0.18
#19 66.92    Compiling memchr v2.8.3
#19 66.92    Compiling winnow v1.0.4
#19 66.92    Compiling const-oid v0.10.2
#19 66.92    Compiling cpufeatures v0.3.0
#19 66.92    Compiling winnow v0.7.15
#19 66.92    Compiling toml_writer v1.1.2+spec-1.1.0
#19 66.92    Compiling fastrand v2.5.0
#19 66.92    Compiling toml_parser v1.1.3+spec-1.1.0
#19 66.92    Compiling indexmap v2.14.0
#19 66.92    Compiling hybrid-array v0.4.14
#19 66.92    Compiling verus_syn v0.0.0-2026-09-06-0133
#19 66.92    Compiling syn v2.0.119
#19 66.92    Compiling syn v3.0.4
#19 66.92    Compiling block-buffer v0.12.1
#19 66.92    Compiling crypto-common v0.2.2
#19 66.92    Compiling digest v0.11.3
#19 66.92    Compiling sha2 v0.11.0
#19 66.92    Compiling toml_datetime v0.7.5+spec-1.1.0
#19 66.92    Compiling serde_spanned v1.1.1
#19 66.92    Compiling toml v0.9.12+spec-1.1.0
#19 66.92    Compiling thiserror-impl v2.0.20
#19 66.92    Compiling serde_derive v1.0.229
#19 66.92    Compiling fs-set-times v0.20.3
#19 66.92    Compiling rustix-linux-procfs v0.1.1
#19 66.92    Compiling tempfile v3.27.0
#19 66.92    Compiling gripsack-fs v0.42.0 (/tmp/gripsack-journal-admission-zpzu5bs0/source/crates/gripsack-fs)
#19 66.92    Compiling synstructure v0.13.2
#19 66.92    Compiling verus_state_machines_macros v0.0.0-2026-09-06-0133
#19 66.92    Compiling verus_builtin_macros v0.0.0-2026-09-06-0133
#19 66.92    Compiling gripsack-policy v0.42.0 (/tmp/gripsack-journal-admission-zpzu5bs0/source/crates/gripsack-policy)
#19 66.92    Compiling gripsack-ir v0.42.0 (/tmp/gripsack-journal-admission-zpzu5bs0/source/crates/gripsack-ir)
#19 66.92    Compiling gripsack-store v0.42.0 (/tmp/gripsack-journal-admission-zpzu5bs0/source/crates/gripsack-store)
#19 66.92     Finished `test` profile [unoptimized + debuginfo] target(s) in 24.34s
#19 66.92      Running unittests src/lib.rs (/tmp/gripsack-journal-admission-zpzu5bs0/target/debug/deps/gripsack_store-0fe92102aa32ff27)
#19 66.92 
#19 66.92 running 7 tests
#19 66.92 JOURNAL_MARKER_ROUNDTRIPS=24
#19 66.92 test journal::admission_tests::marker_scalar_boundaries_roundtrip_without_identity_loss ... ok
#19 66.92 JOURNAL_REQUIRED_MARKER_FIELDS=3
#19 66.92 test journal::admission_tests::required_marker_fields_never_default_to_fresh_state ... ok
#19 66.92 JOURNAL_MARKER_REJECTIONS=29
#19 66.92 test journal::admission_tests::marker_wrong_types_duplicates_and_overflow_do_not_admit_facts ... ok
#19 66.92 JOURNAL_TRUNCATED_PREFIXES=173
#19 66.92 test journal::admission_tests::truncation_and_invalid_framing_never_admit_partial_records ... ok
#19 66.92 JOURNAL_ENTRY_ROUNDTRIPS=20
#19 66.92 test journal::admission_tests::entry_versions_and_distinct_prior_states_roundtrip ... ok
#19 66.92 JOURNAL_ENTRY_REJECTIONS=110
#19 66.92 test journal::admission_tests::entry_missing_duplicate_version_and_scalar_bytes_are_rejected ... ok
#19 66.92 JOURNAL_EFFECT_REJECTIONS=139
#19 66.92 test journal::admission_tests::rejected_metadata_cannot_reach_destination_effects ... ok
#19 66.92 
#19 66.92 test result: ok. 7 passed; 0 failed; 0 ignored; 0 measured; 62 filtered out; finished in 1.33s
#19 66.92 
#19 66.92 
#19 66.92 JOURNAL_ADMISSION_PROPERTIES=7
#19 66.92 RUNNER_COMMAND=cargo test --locked -p gripsack-store --lib journal::admission_tests::rejected_metadata_cannot_reach_destination_effects -- --nocapture --exact
#19 68.38    Compiling gripsack-store v0.42.0 (/tmp/gripsack-journal-admission-zpzu5bs0/source/crates/gripsack-store)
#19 68.38     Finished `test` profile [unoptimized + debuginfo] target(s) in 1.40s
#19 68.38      Running unittests src/lib.rs (/tmp/gripsack-journal-admission-zpzu5bs0/target/debug/deps/gripsack_store-0fe92102aa32ff27)
#19 68.38 
#19 68.38 running 1 test
#19 68.38 
#19 68.38 thread 'journal::admission_tests::rejected_metadata_cannot_reach_destination_effects' (6219) panicked at crates/gripsack-store/src/journal/admission_tests.rs:477:9:
#19 68.38 recovery_admitted_invalid_marker: missing_previous_generation
#19 68.38 note: run with `RUST_BACKTRACE=1` environment variable to display a backtrace
#19 68.38 test journal::admission_tests::rejected_metadata_cannot_reach_destination_effects ... FAILED
#19 68.38 
#19 68.38 failures:
#19 68.38 
#19 68.38 failures:
#19 68.38     journal::admission_tests::rejected_metadata_cannot_reach_destination_effects
#19 68.38 
#19 68.38 test result: FAILED. 0 passed; 1 failed; 0 ignored; 0 measured; 68 filtered out; finished in 0.02s
#19 68.38 
#19 68.38 error: test failed, to rerun pass `-p gripsack-store --lib`
#19 68.38 
#19 68.38 calibration: missing-previous-defaulted-to-null rejected by real recovery effects
#19 68.38 JOURNAL_ADMISSION_MUTANTS=1
#19 68.38 journal admission gate: OK
#19 68.77 RUNNER_COMMAND=cargo test --locked -p gripsack-exec --lib gc::root_model:: -- --nocapture
#19 100.6    Compiling proc-macro2 v1.0.107
#19 100.6    Compiling unicode-ident v1.0.24
#19 100.6    Compiling quote v1.0.47
#19 100.6    Compiling libc v0.2.189
#19 100.6    Compiling find-msvc-tools v0.1.11
#19 100.6    Compiling shlex v2.0.1
#19 100.6    Compiling cfg-if v1.0.4
#19 100.6    Compiling stable_deref_trait v1.2.1
#19 100.6    Compiling serde_core v1.0.229
#19 100.6    Compiling once_cell v1.21.4
#19 100.6    Compiling pkg-config v0.3.34
#19 100.6    Compiling rustix v1.1.4
#19 100.6    Compiling linux-raw-sys v0.12.1
#19 100.6    Compiling bitflags v2.13.1
#19 100.6    Compiling litemap v0.8.3
#19 100.6    Compiling equivalent v1.0.2
#19 100.6    Compiling writeable v0.6.4
#19 100.6    Compiling log v0.4.34
#19 100.6    Compiling verus_prettyplease v0.0.0-2026-09-06-0133
#19 100.6    Compiling hashbrown v0.17.1
#19 100.6    Compiling zmij v1.0.23
#19 100.6    Compiling utf8_iter v1.0.4
#19 100.6    Compiling smallvec v1.15.2
#19 100.6    Compiling io-lifetimes v2.0.4
#19 100.6    Compiling zeroize v1.9.0
#19 100.6    Compiling icu_properties_data v2.3.0
#19 100.6    Compiling icu_normalizer_data v2.3.0
#19 100.6    Compiling io-lifetimes v3.0.1
#19 100.6    Compiling memchr v2.8.3
#19 100.6    Compiling typenum v1.20.1
#19 100.6    Compiling vstd v0.0.0-2026-09-06-0133
#19 100.6    Compiling serde_json v1.0.151
#19 100.6    Compiling io-extras v0.19.0
#19 100.6    Compiling serde v1.0.229
#19 100.6    Compiling convert_case v0.4.0
#19 100.6    Compiling cap-primitives v4.0.3
#19 100.6    Compiling winnow v1.0.4
#19 100.6    Compiling rustversion v1.0.23
#19 100.6    Compiling crc32fast v1.5.1
#19 100.6    Compiling rustls-pki-types v1.15.1
#19 100.6    Compiling verus_builtin v0.0.0-2026-09-06-0133
#19 100.6    Compiling thiserror v2.0.20
#19 100.6    Compiling itoa v1.0.18
#19 100.6    Compiling tracing-core v0.1.36
#19 100.6    Compiling ambient-authority v0.0.2
#19 100.6    Compiling simd-adler32 v0.3.10
#19 100.6    Compiling toml_writer v1.1.2+spec-1.1.0
#19 100.6    Compiling untrusted v0.9.0
#19 100.6    Compiling cap-std v4.0.3
#19 100.6    Compiling maybe-owned v0.3.4
#19 100.6    Compiling ipnet v2.12.1
#19 100.6    Compiling zstd-safe v7.2.4
#19 100.6    Compiling getrandom v0.4.3
#19 100.6    Compiling pin-project-lite v0.2.17
#19 100.6    Compiling percent-encoding v2.3.2
#19 100.6    Compiling rustls v0.23.45
#19 100.6    Compiling adler2 v2.0.1
#19 100.6    Compiling const-oid v0.10.2
#19 100.6    Compiling regex-syntax v0.8.11
#19 100.6    Compiling fastrand v2.5.0
#19 100.6    Compiling subtle v2.6.1
#19 100.6    Compiling miniz_oxide v0.8.9
#19 100.6    Compiling form_urlencoded v1.2.2
#19 100.6    Compiling cpufeatures v0.3.0
#19 100.6    Compiling zlib-rs v0.6.7
#19 100.6    Compiling toml_parser v1.1.3+spec-1.1.0
#19 100.6    Compiling libbz2-rs-sys v0.2.5
#19 100.6    Compiling winnow v0.7.15
#19 100.6    Compiling lazy_static v1.5.0
#19 100.6    Compiling bumpalo v3.20.3
#19 100.6    Compiling thread_local v1.1.10
#19 100.6    Compiling sharded-slab v0.1.7
#19 100.6    Compiling base64 v0.22.1
#19 100.6    Compiling openssl-probe v0.2.1
#19 100.6    Compiling webpki-roots v1.0.9
#19 100.6    Compiling typed-path v0.12.3
#19 100.6    Compiling nu-ansi-term v0.50.3
#19 100.6    Compiling scoped-tls v1.0.1
#19 100.6    Compiling httpdate v1.0.3
#19 100.6    Compiling webpki-roots v0.26.11
#19 100.6    Compiling rustls-native-certs v0.8.4
#19 100.6    Compiling tracing-log v0.2.0
#19 100.6    Compiling indexmap v2.14.0
#19 100.6    Compiling zopfli v0.8.3
#19 100.6    Compiling bzip2 v0.6.1
#19 100.6    Compiling hybrid-array v0.4.14
#19 100.6    Compiling syn v2.0.119
#19 100.6    Compiling syn v3.0.4
#19 100.6    Compiling verus_syn v0.0.0-2026-09-06-0133
#19 100.6    Compiling jobserver v0.1.35
#19 100.6    Compiling getrandom v0.2.17
#19 100.6    Compiling filetime v0.2.29
#19 100.6    Compiling gripsack-process v0.42.0 (/tmp/gripsack-gc-roots-c9aaio7c/source/crates/gripsack-process)
#19 100.6    Compiling cc v1.4.4
#19 100.6    Compiling block-buffer v0.12.1
#19 100.6    Compiling crypto-common v0.2.2
#19 100.6    Compiling regex-automata v0.4.18
#19 100.6    Compiling digest v0.11.3
#19 100.6    Compiling sha2 v0.11.0
#19 100.6    Compiling serde_spanned v1.1.1
#19 100.6    Compiling toml_datetime v0.7.5+spec-1.1.0
#19 100.6    Compiling toml_datetime v1.1.1+spec-1.1.0
#19 100.6    Compiling ring v0.17.14
#19 100.6    Compiling zstd-sys v2.0.16+zstd.1.5.7
#19 100.6    Compiling lzma-sys v0.1.20
#19 100.6    Compiling generator v0.8.10
#19 100.6    Compiling toml v1.1.4+spec-1.1.0
#19 100.6    Compiling toml v0.9.12+spec-1.1.0
#19 100.6    Compiling flate2 v1.1.9
#19 100.6    Compiling matchers v0.2.0
#19 100.6    Compiling zerovec-derive v0.11.6
#19 100.6    Compiling displaydoc v0.2.7
#19 100.6    Compiling serde_derive v1.0.229
#19 100.6    Compiling thiserror-impl v2.0.20
#19 100.6    Compiling rustix-linux-procfs v0.1.1
#19 100.6    Compiling fs-set-times v0.20.3
#19 100.6    Compiling tempfile v3.27.0
#19 100.6    Compiling xattr v1.6.1
#19 100.6    Compiling tar v0.4.46
#19 100.6    Compiling xz2 v0.1.7
#19 100.6    Compiling gripsack-fs v0.42.0 (/tmp/gripsack-gc-roots-c9aaio7c/source/crates/gripsack-fs)
#19 100.6    Compiling synstructure v0.13.2
#19 100.6    Compiling rustls-webpki v0.103.15
#19 100.6    Compiling zstd v0.13.3
#19 100.6    Compiling zerofrom-derive v0.1.7
#19 100.6    Compiling yoke-derive v0.8.2
#19 100.6    Compiling tracing-attributes v0.1.31
#19 100.6    Compiling zip v8.6.0
#19 100.6    Compiling zerofrom v0.1.8
#19 100.6    Compiling tracing v0.1.44
#19 100.6    Compiling yoke v0.8.3
#19 100.6    Compiling tracing-subscriber v0.3.23
#19 100.6    Compiling zerovec v0.11.8
#19 100.6    Compiling zerotrie v0.2.5
#19 100.6    Compiling verus_builtin_macros v0.0.0-2026-09-06-0133
#19 100.6    Compiling verus_state_machines_macros v0.0.0-2026-09-06-0133
#19 100.6    Compiling tinystr v0.8.4
#19 100.6    Compiling potential_utf v0.1.6
#19 100.6    Compiling icu_collections v2.3.0
#19 100.6    Compiling icu_locale_core v2.3.0
#19 100.6    Compiling loom v0.7.2
#19 100.6    Compiling icu_provider v2.3.1
#19 100.6    Compiling icu_properties v2.3.0
#19 100.6    Compiling icu_normalizer v2.3.0
#19 100.6    Compiling idna_adapter v1.2.2
#19 100.6    Compiling idna v1.1.0
#19 100.6    Compiling url v2.5.8
#19 100.6    Compiling ureq v2.12.1
#19 100.6    Compiling gripsack-policy v0.42.0 (/tmp/gripsack-gc-roots-c9aaio7c/source/crates/gripsack-policy)
#19 100.6    Compiling gripsack-ir v0.42.0 (/tmp/gripsack-gc-roots-c9aaio7c/source/crates/gripsack-ir)
#19 100.6    Compiling gripsack-store v0.42.0 (/tmp/gripsack-gc-roots-c9aaio7c/source/crates/gripsack-store)
#19 100.6    Compiling gripsack-config v0.42.0 (/tmp/gripsack-gc-roots-c9aaio7c/source/crates/gripsack-config)
#19 100.6    Compiling gripsack-fetch v0.42.0 (/tmp/gripsack-gc-roots-c9aaio7c/source/crates/gripsack-fetch)
#19 100.6    Compiling gripsack-exec v0.42.0 (/tmp/gripsack-gc-roots-c9aaio7c/source/crates/gripsack-exec)
#19 100.6     Finished `test` profile [unoptimized + debuginfo] target(s) in 31.36s
#19 100.6      Running unittests src/lib.rs (/tmp/gripsack-gc-roots-c9aaio7c/target/debug/deps/gripsack_exec-85d94f584d06cd34)
#19 100.6 
#19 100.6 running 3 tests
#19 100.6 GC_PINNED_ROOT_REPLACEMENTS=1
#19 100.6 test gc::root_model::pinned_collection_survives_root_replacement ... ok
#19 100.6 GC_RECOVERY_ADMISSIONS=8
#19 100.6 test gc::root_model::unfinished_recovery_preserves_every_history_object ... ok
#19 100.6 GC_RETAINED_HISTORIES=7
#19 100.6 test gc::root_model::retained_histories_protect_complete_roots ... ok
#19 100.6 
#19 100.6 test result: ok. 3 passed; 0 failed; 0 ignored; 0 measured; 52 filtered out; finished in 0.48s
#19 100.6 
#19 100.6 
#19 100.6 GC_ROOT_PROPERTIES=3
#19 100.6 RUNNER_COMMAND=cargo test --locked -p gripsack-exec --lib gc::root_model::retained_histories_protect_complete_roots -- --nocapture --exact
#19 103.4    Compiling gripsack-exec v0.42.0 (/tmp/gripsack-gc-roots-c9aaio7c/source/crates/gripsack-exec)
#19 103.4     Finished `test` profile [unoptimized + debuginfo] target(s) in 2.74s
#19 103.4      Running unittests src/lib.rs (/tmp/gripsack-gc-roots-c9aaio7c/target/debug/deps/gripsack_exec-85d94f584d06cd34)
#19 103.4 
#19 103.4 running 1 test
#19 103.4 
#19 103.4 thread 'gc::root_model::retained_histories_protect_complete_roots' (10268) panicked at crates/gripsack-exec/src/gc/root_model.rs:85:13:
#19 103.4 assertion `left == right` failed: retained_history_root_missing: old-compiler
#19 103.4   left: None
#19 103.4  right: Some([111, 108, 100, 45, 99, 111, 109, 112, 105, 108, 101, 114])
#19 103.4 note: run with `RUST_BACKTRACE=1` environment variable to display a backtrace
#19 103.4 test gc::root_model::retained_histories_protect_complete_roots ... FAILED
#19 103.4 
#19 103.4 failures:
#19 103.4 
#19 103.4 failures:
#19 103.4     gc::root_model::retained_histories_protect_complete_roots
#19 103.4 
#19 103.4 test result: FAILED. 0 passed; 1 failed; 0 ignored; 0 measured; 54 filtered out; finished in 0.05s
#19 103.4 
#19 103.4 error: test failed, to rerun pass `-p gripsack-exec --lib`
#19 103.4 
#19 103.4 calibration: dropped-build-closure-root rejected by real retained history
#19 103.4 GC_ROOT_MUTANTS=1
#19 103.4 GC root gate: OK
#19 DONE 103.7s

#20 exporting to image
#20 exporting layers
#20 exporting layers 58.5s done
#20 exporting manifest sha256:73fe73891e3e797a15ca345f16cc8e710169bf4a3e71d0fc933d866d21179d0e 0.0s done
#20 exporting config sha256:061e264e7d4b58b21c799771783e884ee459b38c02905a6d9080894cdddf92ed 0.0s done
#20 exporting attestation manifest sha256:53a551622bbc23342a5540cfa9a3e2ed02cb6b422fec80cb96c0a17357ebb116 0.0s done
#20 exporting manifest list sha256:77221f0e5215f7852108c91072e3276d33f1c334e45af0da59904b44e8cb24e3 0.0s done
#20 naming to docker.io/library/gripsack-test:latest done
#20 unpacking to docker.io/library/gripsack-test:latest
#20 unpacking to docker.io/library/gripsack-test:latest 13.9s done
#20 DONE 72.6s

#21 resolving provenance for metadata file
#21 DONE 0.0s
 Image gripsack-test Built 
 Container gripsack-test-run-62a180a51462 Creating 
 Container gripsack-test-run-62a180a51462 Created 
gate passed: fmt + clippy -D warnings + cargo test


=== e2e ===
 Image gripsack-e2e Building 
#1 [internal] load local bake definitions
#1 reading from stdin 525B done
#1 DONE 0.0s

#2 [internal] load build definition from Dockerfile
#2 transferring dockerfile: 11.08kB done
#2 DONE 0.0s

#3 resolve image config for docker-image://docker.io/docker/dockerfile:1
#3 DONE 0.7s

#4 docker-image://docker.io/docker/dockerfile:1@sha256:ecfaec9ed6d810b56388c508f4121597bfbba70d41a6dfeee4d8cad5f295fc32
#4 resolve docker.io/docker/dockerfile:1@sha256:ecfaec9ed6d810b56388c508f4121597bfbba70d41a6dfeee4d8cad5f295fc32 0.0s done
#4 CACHED

#5 [internal] load metadata for docker.io/library/rust:alpine@sha256:a10e64dd139b7387337c7fbe8aca31b959b57b2fd4c8ae20a02cf1d6ea424dce
#5 ...

#6 [internal] load metadata for docker.io/library/python:3.13-slim@sha256:9d2e5553305c7c7b0097999bb17187c69b921ccd6bc9d40e4bb5ebe652c00285
#6 DONE 0.7s

#5 [internal] load metadata for docker.io/library/rust:alpine@sha256:a10e64dd139b7387337c7fbe8aca31b959b57b2fd4c8ae20a02cf1d6ea424dce
#5 DONE 0.7s

#7 [internal] load .dockerignore
#7 transferring context: 139B done
#7 DONE 0.0s

#8 [internal] load build context
#8 DONE 0.0s

#9 [e2e  4/12] ADD --checksum=sha256:394f07f4da2bebe6ce6f1e7ce0fa16429b29b08c35e3fac3fe25972676dff4b2 https://github.com/denoland/deno/releases/download/v2.9.6/deno-x86_64-unknown-linux-gnu.zip /tmp/deno.zip
#9 DONE 0.0s

#10 [e2e  1/12] FROM docker.io/library/python:3.13-slim@sha256:9d2e5553305c7c7b0097999bb17187c69b921ccd6bc9d40e4bb5ebe652c00285
#10 resolve docker.io/library/python:3.13-slim@sha256:9d2e5553305c7c7b0097999bb17187c69b921ccd6bc9d40e4bb5ebe652c00285 0.0s done
#10 DONE 0.1s

#11 [builder  1/10] FROM docker.io/library/rust:alpine@sha256:a10e64dd139b7387337c7fbe8aca31b959b57b2fd4c8ae20a02cf1d6ea424dce
#11 resolve docker.io/library/rust:alpine@sha256:a10e64dd139b7387337c7fbe8aca31b959b57b2fd4c8ae20a02cf1d6ea424dce 0.0s done
#11 DONE 0.1s

#8 [internal] load build context
#8 transferring context: 85.20kB 0.1s done
#8 DONE 0.1s

#12 [builder 10/10] COPY scripts ./scripts
#12 CACHED

#13 [e2e 10/12] COPY e2e ./e2e
#13 CACHED

#14 [e2e  2/12] WORKDIR /app
#14 CACHED

#15 [builder  8/10] COPY schema ./schema
#15 CACHED

#16 [e2e  3/12] RUN apt-get update -qq && apt-get install -y -qq --no-install-recommends git     && rm -rf /var/lib/apt/lists/*
#16 CACHED

#17 [e2e  5/12] RUN python3 -m zipfile -e /tmp/deno.zip /tmp/deno     && mkdir -p /root/.local/share/gripsack/tools/deno-2.9.6     && mv /tmp/deno/deno /root/.local/share/gripsack/tools/deno-2.9.6/deno     && chmod 755 /root/.local/share/gripsack/tools/deno-2.9.6/deno     && rm -rf /tmp/deno.zip /tmp/deno
#17 CACHED

#18 [builder  4/10] WORKDIR /app
#18 CACHED

#19 [builder  6/10] COPY crates ./crates
#19 CACHED

#20 [builder  7/10] COPY fuzz ./fuzz
#20 CACHED

#21 [e2e  6/12] RUN printf 'uv==%s --hash=sha256:f7d6248ad9f2d282fea795f248da8fa666ab382df50d8385bd98e01049440a0c --hash=sha256:bd0afae6918795c6a61a649e64d735e339f3d62f8310235da6f19eb3f66f323b\n' "0.12.10" > /tmp/uv.req     && pip install --no-cache-dir --no-deps --require-hashes -r /tmp/uv.req     && uv --version     && rm -f /tmp/uv.req
#21 CACHED

#22 [builder  3/10] RUN set -e;     arch="$(uname -m)";     case "$arch" in       x86_64)  sha=3374daaf153e6f82028add5e4bf7cc2deab46537dee24f20be80df831193aeb4 ;;       aarch64) sha=35d90cee9648037eaa4c1a2649fdca9d1b9a9997b972d37be7f8629139ba1294 ;;       *) echo "unsupported arch: $arch" >&2; exit 1 ;;     esac;     curl -fsSL -o /tmp/ca.tar.xz "https://github.com/rust-secure-code/cargo-auditable/releases/download/v0.7.5/cargo-auditable-${arch}-unknown-linux-musl.tar.xz";     echo "$sha  /tmp/ca.tar.xz" | sha256sum -c -;     mkdir -p /tmp/ca && tar -xJf /tmp/ca.tar.xz -C /tmp/ca;     mv /tmp/ca/*/cargo-auditable /usr/local/bin/cargo-auditable;     rm -rf /tmp/ca /tmp/ca.tar.xz
#22 CACHED

#23 [e2e  8/12] COPY e2e/pyproject.toml e2e/uv.lock ./e2e/
#23 CACHED

#24 [builder  5/10] COPY Cargo.toml Cargo.lock ./
#24 CACHED

#25 [bin 1/1] RUN cargo build --locked -p gripsack
#25 CACHED

#26 [e2e  9/12] RUN cd e2e && uv sync --locked
#26 CACHED

#27 [builder 10/10] COPY scripts ./scripts
#27 CACHED

#28 [e2e  7/12] COPY --from=bin /app/target/debug/grip /usr/local/bin/grip
#28 CACHED

#29 [e2e  4/12] ADD --checksum=sha256:394f07f4da2bebe6ce6f1e7ce0fa16429b29b08c35e3fac3fe25972676dff4b2 https://github.com/denoland/deno/releases/download/v2.9.6/deno-x86_64-unknown-linux-gnu.zip /tmp/deno.zip
#29 CACHED

#30 [e2e 11/12] COPY examples ./examples
#30 CACHED

#31 [builder  9/10] COPY typescript ./typescript
#31 CACHED

#32 [builder  2/10] RUN apk add --no-cache musl-dev git curl xz     && rustup component add clippy rustfmt
#32 CACHED

#33 [e2e 12/12] WORKDIR /app/e2e
#33 CACHED

#34 exporting to image
#34 exporting layers done
#34 exporting manifest sha256:0ae3564c0556d2ed1575038090e8d49103754e9273404dee8b29b82ec2401c65 done
#34 exporting config sha256:fc008d775a990c64b285446a6a574e7b73f40ec94f2f08502cefa11a2b92b017 done
#34 exporting attestation manifest sha256:2c2ec0b4c5bf7002a904ea44af2afe440123e756a970606ef2c99c8a765774bb 0.0s done
#34 exporting manifest list sha256:c21e5e4891e0f96a523bc3588b2f587468ccf674cb63e7ab2fc654f24016e01c 0.0s done
#34 naming to docker.io/library/gripsack-e2e:latest done
#34 unpacking to docker.io/library/gripsack-e2e:latest 0.0s done
#34 DONE 0.1s

#35 resolving provenance for metadata file
#35 DONE 0.0s
 Image gripsack-e2e Built 
 Container gripsack-e2e-run-64e0b18e2787 Creating 
 Container gripsack-e2e-run-64e0b18e2787 Created 
============================= test session starts ==============================
platform linux -- Python 3.13.15, pytest-9.1.1, pluggy-1.6.0
rootdir: /app/e2e
configfile: pyproject.toml
collected 371 items

test_activation_lifecycle.py ...........                                 [  2%]
test_adopt.py .............                                              [  6%]
test_apply_lifecycle.py ........                                         [  8%]
test_build_closures.py .......                                           [ 10%]
test_complete_pins.py ...........                                        [ 13%]
test_contract_fidelity.py ..........................                     [ 20%]
test_destination_ownership.py .............                              [ 23%]
test_eval_gate.py ................................                       [ 32%]
test_execution_contracts.py ..........                                   [ 35%]
test_fetchers.py ..................                                      [ 40%]
test_gc_admission.py ..............................                      [ 48%]
test_generation_history.py ..........                                    [ 50%]
test_golden.py .....                                                     [ 52%]
test_http_policy.py ............                                         [ 55%]
test_journey.py .....                                                    [ 56%]
test_journey_contracts.py ...                                            [ 57%]
test_linters.py ............                                             [ 60%]
test_merge_boundaries.py ........                                        [ 63%]
test_migration_feedback.py .........                                     [ 65%]
test_ownership_modes.py ................                                 [ 69%]
test_persistence_matrix.py ......                                        [ 71%]
test_plan_operations.py ...                                              [ 72%]
test_recovery_durability.py .........                                    [ 74%]
test_self_update.py .....                                                [ 76%]
test_store_hygiene.py ........                                           [ 78%]
test_trace_context.py ..                                                 [ 78%]
test_transaction_recovery.py ..........                                  [ 81%]
test_update_surveys.py ........                                          [ 83%]
test_workspace_contract.py .......................                       [ 89%]
test_workspace_diagnostics.py ..............................             [ 97%]
test_workspace_files.py ........                                         [100%]

======================= 371 passed in 952.68s (0:15:52) ========================


=== ts-test ===
 Image gripsack-ts-test Building 
#1 [internal] load local bake definitions
#1 reading from stdin 545B done
#1 DONE 0.0s

#2 [internal] load build definition from Dockerfile
#2 transferring dockerfile: 11.08kB done
#2 DONE 0.0s

#3 resolve image config for docker-image://docker.io/docker/dockerfile:1
#3 DONE 0.6s

#4 docker-image://docker.io/docker/dockerfile:1@sha256:ecfaec9ed6d810b56388c508f4121597bfbba70d41a6dfeee4d8cad5f295fc32
#4 resolve docker.io/docker/dockerfile:1@sha256:ecfaec9ed6d810b56388c508f4121597bfbba70d41a6dfeee4d8cad5f295fc32 0.0s done
#4 CACHED

#5 [internal] load metadata for docker.io/denoland/deno:2.9.6@sha256:2014dc167ece617ef7e7ba40631ac2234c59e75ce693e7cc2dc2602b3c87859d
#5 DONE 0.7s

#6 [internal] load .dockerignore
#6 transferring context: 139B done
#6 DONE 0.1s

#7 [ts-test 1/5] FROM docker.io/denoland/deno:2.9.6@sha256:2014dc167ece617ef7e7ba40631ac2234c59e75ce693e7cc2dc2602b3c87859d
#7 resolve docker.io/denoland/deno:2.9.6@sha256:2014dc167ece617ef7e7ba40631ac2234c59e75ce693e7cc2dc2602b3c87859d 0.1s done
#7 DONE 0.1s

#8 [internal] load build context
#8 transferring context: 246.82kB 0.0s done
#8 DONE 0.1s

#9 [ts-test 2/5] WORKDIR /app
#9 CACHED

#10 [ts-test 3/5] COPY typescript ./typescript
#10 CACHED

#11 [ts-test 4/5] COPY examples ./examples
#11 CACHED

#12 [ts-test 5/5] RUN cd typescript && deno install && deno task test     && deno run --cached-only --no-remote --allow-all node_modules/typescript/bin/tsc        --project tsconfig.examples.json --noEmit
#12 CACHED

#13 exporting to image
#13 exporting layers done
#13 exporting manifest sha256:38c55e1c3d18b2b9bf129243d3c0cb46fcf4d25ee7db9d5bcdbb13ad9ce7c107 done
#13 exporting config sha256:c5cb653fb1213dd516404407c798a7451ba977f03f9970f933c47e5b512204b3 done
#13 exporting attestation manifest sha256:943c162090fe7f8cafc512cd6dbbeaae16a5becb6159236d0a37a83585bf0bed 0.0s done
#13 exporting manifest list sha256:298e3a4206fac71eddbac039bb84bb1926d6d5e8216890d46ff6ec78b48ddeaa
#13 exporting manifest list sha256:298e3a4206fac71eddbac039bb84bb1926d6d5e8216890d46ff6ec78b48ddeaa 0.0s done
#13 naming to docker.io/library/gripsack-ts-test:latest done
#13 unpacking to docker.io/library/gripsack-ts-test:latest 0.0s done
#13 DONE 0.2s

#14 resolving provenance for metadata file
#14 DONE 0.0s
 Image gripsack-ts-test Built 
 Container gripsack-ts-test-run-a4fe289cf3d9 Creating 
 Container gripsack-ts-test-run-a4fe289cf3d9 Created 
gate passed: typescript frontend tests (deno test)


=== model ===
 Image gripsack-model Building 
#1 [internal] load local bake definitions
#1 reading from stdin 535B done
#1 DONE 0.0s

#2 [internal] load build definition from Dockerfile
#2 transferring dockerfile:
#2 transferring dockerfile: 11.08kB done
#2 DONE 0.1s

#3 resolve image config for docker-image://docker.io/docker/dockerfile:1
#3 DONE 0.6s

#4 docker-image://docker.io/docker/dockerfile:1@sha256:ecfaec9ed6d810b56388c508f4121597bfbba70d41a6dfeee4d8cad5f295fc32
#4 resolve docker.io/docker/dockerfile:1@sha256:ecfaec9ed6d810b56388c508f4121597bfbba70d41a6dfeee4d8cad5f295fc32 0.0s done
#4 CACHED

#5 [internal] load metadata for docker.io/library/eclipse-temurin:21-jre@sha256:7a65df4b22d2de92d4e04056e884f3b9122d70b21e2847fd66084278bd0ce037
#5 DONE 0.7s

#6 [internal] load .dockerignore
#6 transferring context: 139B done
#6 DONE 0.0s

#7 [model 2/6] ADD --checksum=sha256:936a262061c914694dfd669a543be24573c45d5aa0ff20a8b96b23d01e050e88 https://github.com/tlaplus/tlaplus/releases/download/v1.7.4/tla2tools.jar /tla/tla2tools.jar
#7 DONE 0.0s

#8 [internal] load build context
#8 DONE 0.0s

#9 [model 1/6] FROM docker.io/library/eclipse-temurin:21-jre@sha256:7a65df4b22d2de92d4e04056e884f3b9122d70b21e2847fd66084278bd0ce037
#9 resolve docker.io/library/eclipse-temurin:21-jre@sha256:7a65df4b22d2de92d4e04056e884f3b9122d70b21e2847fd66084278bd0ce037 0.0s done
#9 DONE 0.0s

#8 [internal] load build context
#8 transferring context: 116.02kB 0.2s done
#8 DONE 0.2s

#10 [model 2/6] ADD --checksum=sha256:936a262061c914694dfd669a543be24573c45d5aa0ff20a8b96b23d01e050e88 https://github.com/tlaplus/tlaplus/releases/download/v1.7.4/tla2tools.jar /tla/tla2tools.jar
#10 CACHED

#11 [model 3/6] WORKDIR /work
#11 CACHED

#12 [model 4/6] COPY specs ./specs
#12 CACHED

#13 [model 5/6] COPY scripts/check_models.sh ./scripts/check_models.sh
#13 CACHED

#14 [model 6/6] RUN sh scripts/check_models.sh /tla/tla2tools.jar
#14 CACHED

#15 exporting to image
#15 exporting layers done
#15 exporting manifest sha256:8decfbbf59c6f193d5c5b9e3989490a09ed8ff7b76fade146d6fe835d78b1735 done
#15 exporting config sha256:285b3c127009c922a5315c2aedc193665fa7d89ef3ee0e78a3a42c3ed6cc4491 done
#15 exporting attestation manifest sha256:843c51f84d05098bc3b59a6bbae49c6cd52b3d9fba5bca7fba5b7168eb216749
#15 exporting attestation manifest sha256:843c51f84d05098bc3b59a6bbae49c6cd52b3d9fba5bca7fba5b7168eb216749 0.0s done
#15 exporting manifest list sha256:7f953837d46173c12965d526318fb055f193f78705b02f6ff8d389b4b113cbf8 0.0s done
#15 naming to docker.io/library/gripsack-model:latest 0.0s done
#15 unpacking to docker.io/library/gripsack-model:latest 0.0s done
#15 DONE 0.2s

#16 resolving provenance for metadata file
#16 DONE 0.0s
 Image gripsack-model Built 
 Container gripsack-model-run-c3751b17f9ba Creating 
 Container gripsack-model-run-c3751b17f9ba Created 
gate passed: model checks via scripts/check_models.sh (TLC, positive + calibrated negative configs)


=== tlaps ===
 Image gripsack-tlaps Building 
#1 [internal] load local bake definitions
#1 reading from stdin 587B done
#1 DONE 0.0s

#2 [internal] load build definition from Dockerfile
#2 transferring dockerfile: 11.08kB done
#2 DONE 0.0s

#3 resolve image config for docker-image://docker.io/docker/dockerfile:1
#3 DONE 0.6s

#4 docker-image://docker.io/docker/dockerfile:1@sha256:ecfaec9ed6d810b56388c508f4121597bfbba70d41a6dfeee4d8cad5f295fc32
#4 resolve docker.io/docker/dockerfile:1@sha256:ecfaec9ed6d810b56388c508f4121597bfbba70d41a6dfeee4d8cad5f295fc32 0.0s done
#4 CACHED

#5 [internal] load metadata for docker.io/library/eclipse-temurin:21-jre@sha256:7a65df4b22d2de92d4e04056e884f3b9122d70b21e2847fd66084278bd0ce037
#5 DONE 0.7s

#6 [internal] load .dockerignore
#6 transferring context: 139B done
#6 DONE 0.0s

#7 [model 2/6] ADD --checksum=sha256:936a262061c914694dfd669a543be24573c45d5aa0ff20a8b96b23d01e050e88 https://github.com/tlaplus/tlaplus/releases/download/v1.7.4/tla2tools.jar /tla/tla2tools.jar
#7 DONE 0.0s

#8 [internal] load build context
#8 DONE 0.0s

#9 [tlaps 2/5] ADD --checksum=sha256:a2860384bc89c4c5b2c73ec367e29f44d829e4d4a2698ab295139f829219331c https://github.com/tlaplus/tlapm/releases/download/1.6.0-pre/tlapm-1.6.0-pre-x86_64-linux-gnu.tar.gz /tmp/tlapm.tar.gz
#9 DONE 0.0s

#10 [model 1/6] FROM docker.io/library/eclipse-temurin:21-jre@sha256:7a65df4b22d2de92d4e04056e884f3b9122d70b21e2847fd66084278bd0ce037
#10 resolve docker.io/library/eclipse-temurin:21-jre@sha256:7a65df4b22d2de92d4e04056e884f3b9122d70b21e2847fd66084278bd0ce037 0.0s done
#10 DONE 0.0s

#8 [internal] load build context
#8 transferring context: 116.11kB 0.2s done
#8 DONE 0.2s

#11 [model 6/6] RUN sh scripts/check_models.sh /tla/tla2tools.jar
#11 CACHED

#12 [model 6/6] RUN sh scripts/check_models.sh /tla/tla2tools.jar
#12 CACHED

#13 [model 5/6] COPY scripts/check_models.sh ./scripts/check_models.sh
#13 CACHED

#14 [model 2/6] ADD --checksum=sha256:936a262061c914694dfd669a543be24573c45d5aa0ff20a8b96b23d01e050e88 https://github.com/tlaplus/tlaplus/releases/download/v1.7.4/tla2tools.jar /tla/tla2tools.jar
#14 CACHED

#15 [model 3/6] WORKDIR /work
#15 CACHED

#16 [model 4/6] COPY specs ./specs
#16 CACHED

#17 [tlaps 1/5] RUN apt-get update -qq && apt-get install -y -qq --no-install-recommends     python3 libgmp10     && rm -rf /var/lib/apt/lists/*
#17 6.694 debconf: unable to initialize frontend: Dialog
#17 6.694 debconf: (TERM is not set, so the dialog frontend is not usable.)
#17 6.694 debconf: falling back to frontend: Readline
#17 6.695 debconf: unable to initialize frontend: Readline
#17 6.695 debconf: (Can't locate Term/ReadLine.pm in @INC (you may need to install the Term::ReadLine module) (@INC entries checked: /etc/perl /usr/local/lib/x86_64-linux-gnu/perl/5.40.1 /usr/local/share/perl/5.40.1 /usr/lib/x86_64-linux-gnu/perl5/5.40 /usr/share/perl5 /usr/lib/x86_64-linux-gnu/perl-base /usr/lib/x86_64-linux-gnu/perl/5.40 /usr/share/perl/5.40 /usr/local/lib/site_perl) at /usr/share/perl5/Debconf/FrontEnd/Readline.pm line 8, <STDIN> line 9.)
#17 6.695 debconf: falling back to frontend: Teletype
#17 6.702 debconf: unable to initialize frontend: Teletype
#17 6.702 debconf: (This frontend requires a controlling tty.)
#17 6.702 debconf: falling back to frontend: Noninteractive
#17 7.211 Selecting previously unselected package libpython3.14-minimal:amd64.
#17 7.211 (Reading database ... (Reading database ... 5%(Reading database ... 10%(Reading database ... 15%(Reading database ... 20%(Reading database ... 25%(Reading database ... 30%(Reading database ... 35%(Reading database ... 40%(Reading database ... 45%(Reading database ... 50%(Reading database ... 55%(Reading database ... 60%(Reading database ... 65%(Reading database ... 70%(Reading database ... 75%(Reading database ... 80%(Reading database ... 85%(Reading database ... 90%(Reading database ... 95%(Reading database ... 100%(Reading database ... 10083 files and directories currently installed.)
#17 7.254 Preparing to unpack .../libpython3.14-minimal_3.14.4-1ubuntu0.2_amd64.deb ...
#17 7.259 Unpacking libpython3.14-minimal:amd64 (3.14.4-1ubuntu0.2) ...
#17 7.366 Selecting previously unselected package python3.14-minimal.
#17 7.367 Preparing to unpack .../python3.14-minimal_3.14.4-1ubuntu0.2_amd64.deb ...
#17 7.380 Unpacking python3.14-minimal (3.14.4-1ubuntu0.2) ...
#17 7.451 Setting up libpython3.14-minimal:amd64 (3.14.4-1ubuntu0.2) ...
#17 7.483 Setting up python3.14-minimal (3.14.4-1ubuntu0.2) ...
#17 8.065 Selecting previously unselected package python3-minimal.
#17 8.065 (Reading database ... (Reading database ... 5%(Reading database ... 10%(Reading database ... 15%(Reading database ... 20%(Reading database ... 25%(Reading database ... 30%(Reading database ... 35%(Reading database ... 40%(Reading database ... 45%(Reading database ... 50%(Reading database ... 55%(Reading database ... 60%(Reading database ... 65%(Reading database ... 70%(Reading database ... 75%(Reading database ... 80%(Reading database ... 85%(Reading database ... 90%(Reading database ... 95%(Reading database ... 100%(Reading database ... 10429 files and directories currently installed.)
#17 8.072 Preparing to unpack .../0-python3-minimal_3.14.3-0ubuntu2_amd64.deb ...
#17 8.080 Unpacking python3-minimal (3.14.3-0ubuntu2) ...
#17 8.121 Selecting previously unselected package media-types.
#17 8.122 Preparing to unpack .../1-media-types_14.0.0build1_all.deb ...
#17 8.131 Unpacking media-types (14.0.0build1) ...
#17 8.186 Selecting previously unselected package netbase.
#17 8.187 Preparing to unpack .../2-netbase_6.5build1_all.deb ...
#17 8.192 Unpacking netbase (6.5build1) ...
#17 8.230 Selecting previously unselected package libpython3.14-stdlib:amd64.
#17 8.231 Preparing to unpack .../3-libpython3.14-stdlib_3.14.4-1ubuntu0.2_amd64.deb ...
#17 8.243 Unpacking libpython3.14-stdlib:amd64 (3.14.4-1ubuntu0.2) ...
#17 8.370 Selecting previously unselected package python3.14.
#17 8.371 Preparing to unpack .../4-python3.14_3.14.4-1ubuntu0.2_amd64.deb ...
#17 8.376 Unpacking python3.14 (3.14.4-1ubuntu0.2) ...
#17 8.423 Selecting previously unselected package libpython3-stdlib:amd64.
#17 8.424 Preparing to unpack .../5-libpython3-stdlib_3.14.3-0ubuntu2_amd64.deb ...
#17 8.429 Unpacking libpython3-stdlib:amd64 (3.14.3-0ubuntu2) ...
#17 8.469 Setting up python3-minimal (3.14.3-0ubuntu2) ...
#17 8.616 Selecting previously unselected package python3.
#17 8.616 (Reading database ... (Reading database ... 5%(Reading database ... 10%(Reading database ... 15%(Reading database ... 20%(Reading database ... 25%(Reading database ... 30%(Reading database ... 35%(Reading database ... 40%(Reading database ... 45%(Reading database ... 50%(Reading database ... 55%(Reading database ... 60%(Reading database ... 65%(Reading database ... 70%(Reading database ... 75%(Reading database ... 80%(Reading database ... 85%(Reading database ... 90%(Reading database ... 95%(Reading database ... 100%(Reading database ... 10903 files and directories currently installed.)
#17 8.622 Preparing to unpack .../python3_3.14.3-0ubuntu2_amd64.deb ...
#17 8.631 Unpacking python3 (3.14.3-0ubuntu2) ...
#17 8.675 Setting up media-types (14.0.0build1) ...
#17 8.697 Setting up netbase (6.5build1) ...
#17 8.736 Setting up libpython3.14-stdlib:amd64 (3.14.4-1ubuntu0.2) ...
#17 8.750 Setting up python3.14 (3.14.4-1ubuntu0.2) ...
#17 9.312 Setting up libpython3-stdlib:amd64 (3.14.3-0ubuntu2) ...
#17 9.340 Setting up python3 (3.14.3-0ubuntu2) ...
#17 9.367 running python rtupdate hooks for python3.14...
#17 9.367 running python post-rtupdate hooks for python3.14...
#17 ...

#9 [tlaps 2/5] ADD --checksum=sha256:a2860384bc89c4c5b2c73ec367e29f44d829e4d4a2698ab295139f829219331c https://github.com/tlaplus/tlapm/releases/download/1.6.0-pre/tlapm-1.6.0-pre-x86_64-linux-gnu.tar.gz /tmp/tlapm.tar.gz
#9 ...

#17 [tlaps 1/5] RUN apt-get update -qq && apt-get install -y -qq --no-install-recommends     python3 libgmp10     && rm -rf /var/lib/apt/lists/*
#17 DONE 10.0s

#9 [tlaps 2/5] ADD --checksum=sha256:a2860384bc89c4c5b2c73ec367e29f44d829e4d4a2698ab295139f829219331c https://github.com/tlaplus/tlapm/releases/download/1.6.0-pre/tlapm-1.6.0-pre-x86_64-linux-gnu.tar.gz /tmp/tlapm.tar.gz
#9 DONE 56.9s

#18 [tlaps 2/5] ADD --checksum=sha256:a2860384bc89c4c5b2c73ec367e29f44d829e4d4a2698ab295139f829219331c https://github.com/tlaplus/tlapm/releases/download/1.6.0-pre/tlapm-1.6.0-pre-x86_64-linux-gnu.tar.gz /tmp/tlapm.tar.gz
#18 DONE 1.5s

#19 [tlaps 3/5] RUN mkdir -p /opt/tlapm && tar -xzf /tmp/tlapm.tar.gz -C /opt/tlapm --strip-components=1     && rm /tmp/tlapm.tar.gz
#19 DONE 6.1s

#20 [tlaps 4/5] COPY scripts/check_tlaps.py scripts/tlaps_evidence.py ./scripts/
#20 DONE 0.2s

#21 [tlaps 5/5] RUN python3 scripts/check_tlaps.py
#21 0.287 TLAPS_REVISION=7824dab
#21 0.291 RUNNER_COMMAND=tlapm --strict --prefer-stdlib --nofp --toolbox 1 282 --threads 2 --cache-dir /tmp/gripsack-tlaps-tntypv08/positive-cache TransactionProofs.tla
#21 48.30 
#21 48.30 \* TLAPM version 7824dab
#21 48.30 \* launched at 2026-09-27 17:13:57 with command line:
#21 48.30 \* tlapm --strict --prefer-stdlib --nofp --toolbox 1 282 --threads 2 --cache-dir /tmp/gripsack-tlaps-tntypv08/positive-cache TransactionProofs.tla
#21 48.30 
#21 48.30 @!!BEGIN
#21 48.30 @!!type:obligation
#21 48.30 @!!id:1
#21 48.30 @!!loc:34:3:34:5
#21 48.30 @!!status:to be proved
#21 48.30 @!!END
#21 48.30 
#21 48.30 @!!BEGIN
#21 48.30 @!!type:obligation
#21 48.30 @!!id:2
#21 48.30 @!!loc:34:6:34:9
#21 48.30 @!!status:to be proved
#21 48.30 @!!END
#21 48.30 
#21 48.30 @!!BEGIN
#21 48.30 @!!type:obligation
#21 48.30 @!!id:3
#21 48.30 @!!loc:37:3:37:5
#21 48.30 @!!status:to be proved
#21 48.30 @!!END
#21 48.30 
#21 48.30 @!!BEGIN
#21 48.30 @!!type:obligation
#21 48.30 @!!id:4
#21 48.30 @!!loc:37:6:37:9
#21 48.30 @!!status:to be proved
#21 48.30 @!!END
#21 48.30 
#21 48.30 @!!BEGIN
#21 48.30 @!!type:obligation
#21 48.30 @!!id:5
#21 48.30 @!!loc:42:3:42:5
#21 48.30 @!!status:to be proved
#21 48.30 @!!END
#21 48.30 
#21 48.30 @!!BEGIN
#21 48.30 @!!type:obligation
#21 48.30 @!!id:6
#21 48.30 @!!loc:42:6:42:9
#21 48.30 @!!status:to be proved
#21 48.30 @!!END
#21 48.30 
#21 48.30 @!!BEGIN
#21 48.30 @!!type:obligation
#21 48.30 @!!id:7
#21 48.30 @!!loc:66:3:66:5
#21 48.30 @!!status:to be proved
#21 48.30 @!!END
#21 48.30 
#21 48.30 @!!BEGIN
#21 48.30 @!!type:obligation
#21 48.30 @!!id:8
#21 48.30 @!!loc:66:6:66:14
#21 48.30 @!!status:to be proved
#21 48.30 @!!END
#21 48.30 
#21 48.30 @!!BEGIN
#21 48.30 @!!type:obligation
#21 48.30 @!!id:9
#21 48.30 @!!loc:71:3:71:5
#21 48.30 @!!status:to be proved
#21 48.30 @!!END
#21 48.30 
#21 48.30 @!!BEGIN
#21 48.30 @!!type:obligation
#21 48.30 @!!id:10
#21 48.30 @!!loc:71:6:71:9
#21 48.30 @!!status:to be proved
#21 48.30 @!!END
#21 48.30 
#21 48.30 @!!BEGIN
#21 48.30 @!!type:obligation
#21 48.30 @!!id:11
#21 48.30 @!!loc:117:3:117:5
#21 48.30 @!!status:to be proved
#21 48.30 @!!END
#21 48.30 
#21 48.30 @!!BEGIN
#21 48.30 @!!type:obligation
#21 48.30 @!!id:12
#21 48.30 @!!loc:117:6:117:9
#21 48.30 @!!status:to be proved
#21 48.30 @!!END
#21 48.30 
#21 48.30 @!!BEGIN
#21 48.30 @!!type:obligation
#21 48.30 @!!id:13
#21 48.30 @!!loc:117:11:117:15
#21 48.30 @!!status:to be proved
#21 48.30 @!!END
#21 48.30 
#21 48.30 @!!BEGIN
#21 48.30 @!!type:obligation
#21 48.30 @!!id:14
#21 48.30 @!!loc:117:17:117:21
#21 48.30 @!!status:to be proved
#21 48.30 @!!END
#21 48.30 
#21 48.30 @!!BEGIN
#21 48.30 @!!type:obligation
#21 48.30 @!!id:15
#21 48.30 @!!loc:117:23:117:27
#21 48.30 @!!status:to be proved
#21 48.30 @!!END
#21 48.30 
#21 48.30 @!!BEGIN
#21 48.30 @!!type:obligation
#21 48.30 @!!id:16
#21 48.30 @!!loc:117:29:117:33
#21 48.30 @!!status:to be proved
#21 48.30 @!!END
#21 48.30 
#21 48.30 @!!BEGIN
#21 48.30 @!!type:obligation
#21 48.30 @!!id:17
#21 48.30 @!!loc:117:35:117:39
#21 48.30 @!!status:to be proved
#21 48.30 @!!END
#21 48.30 
#21 48.30 @!!BEGIN
#21 48.30 @!!type:obligation
#21 48.30 @!!id:18
#21 48.30 @!!loc:117:41:117:45
#21 48.30 @!!status:to be proved
#21 48.30 @!!END
#21 48.30 
#21 48.30 @!!BEGIN
#21 48.30 @!!type:obligation
#21 48.30 @!!id:19
#21 48.30 @!!loc:117:47:117:51
#21 48.30 @!!status:to be proved
#21 48.30 @!!END
#21 48.30 
#21 48.30 @!!BEGIN
#21 48.30 @!!type:obligation
#21 48.30 @!!id:20
#21 48.30 @!!loc:77:1:77:43
#21 48.30 @!!status:to be proved
#21 48.30 @!!END
#21 48.30 
#21 48.30 @!!BEGIN
#21 48.30 @!!type:obligation
#21 48.30 @!!id:21
#21 48.30 @!!loc:77:1:77:43
#21 48.30 @!!status:to be proved
#21 48.30 @!!END
#21 48.30 
#21 48.30 @!!BEGIN
#21 48.30 @!!type:obligation
#21 48.30 @!!id:22
#21 48.30 @!!loc:83:3:83:5
#21 48.30 @!!status:to be proved
#21 48.30 @!!END
#21 48.30 
#21 48.30 @!!BEGIN
#21 48.30 @!!type:obligation
#21 48.30 @!!id:23
#21 48.30 @!!loc:83:6:83:9
#21 48.30 @!!status:to be proved
#21 48.30 @!!END
#21 48.30 
#21 48.30 @!!BEGIN
#21 48.30 @!!type:obligation
#21 48.30 @!!id:24
#21 48.30 @!!loc:83:11:83:21
#21 48.30 @!!status:to be proved
#21 48.30 @!!END
#21 48.30 
#21 48.30 @!!BEGIN
#21 48.30 @!!type:obligation
#21 48.30 @!!id:25
#21 48.30 @!!loc:83:23:83:27
#21 48.30 @!!status:to be proved
#21 48.30 @!!END
#21 48.30 
#21 48.30 @!!BEGIN
#21 48.30 @!!type:obligation
#21 48.30 @!!id:26
#21 48.30 @!!loc:85:3:85:5
#21 48.30 @!!status:to be proved
#21 48.30 @!!END
#21 48.30 
#21 48.30 @!!BEGIN
#21 48.30 @!!type:obligation
#21 48.30 @!!id:27
#21 48.30 @!!loc:85:6:85:9
#21 48.30 @!!status:to be proved
#21 48.30 @!!END
#21 48.30 
#21 48.30 @!!BEGIN
#21 48.30 @!!type:obligation
#21 48.30 @!!id:28
#21 48.30 @!!loc:85:11:85:21
#21 48.30 @!!status:to be proved
#21 48.30 @!!END
#21 48.30 
#21 48.30 @!!BEGIN
#21 48.30 @!!type:obligation
#21 48.30 @!!id:29
#21 48.30 @!!loc:85:23:85:27
#21 48.30 @!!status:to be proved
#21 48.30 @!!END
#21 48.30 
#21 48.30 @!!BEGIN
#21 48.30 @!!type:obligation
#21 48.30 @!!id:30
#21 48.30 @!!loc:87:3:87:5
#21 48.30 @!!status:to be proved
#21 48.30 @!!END
#21 48.30 
#21 48.30 @!!BEGIN
#21 48.30 @!!type:obligation
#21 48.30 @!!id:31
#21 48.30 @!!loc:87:6:87:9
#21 48.30 @!!status:to be proved
#21 48.30 @!!END
#21 48.30 
#21 48.30 @!!BEGIN
#21 48.30 @!!type:obligation
#21 48.30 @!!id:32
#21 48.30 @!!loc:87:11:87:21
#21 48.30 @!!status:to be proved
#21 48.30 @!!END
#21 48.30 
#21 48.30 @!!BEGIN
#21 48.30 @!!type:obligation
#21 48.30 @!!id:33
#21 48.30 @!!loc:87:23:87:27
#21 48.30 @!!status:to be proved
#21 48.30 @!!END
#21 48.30 
#21 48.30 @!!BEGIN
#21 48.30 @!!type:obligation
#21 48.30 @!!id:34
#21 48.30 @!!loc:109:5:109:7
#21 48.30 @!!status:to be proved
#21 48.30 @!!END
#21 48.30 
#21 48.30 @!!BEGIN
#21 48.30 @!!type:obligation
#21 48.30 @!!id:35
#21 48.30 @!!loc:109:8:109:12
#21 48.30 @!!status:to be proved
#21 48.30 @!!END
#21 48.30 
#21 48.30 @!!BEGIN
#21 48.30 @!!type:obligation
#21 48.30 @!!id:36
#21 48.30 @!!loc:109:14:109:18
#21 48.30 @!!status:to be proved
#21 48.30 @!!END
#21 48.30 
#21 48.30 @!!BEGIN
#21 48.30 @!!type:obligation
#21 48.30 @!!id:37
#21 48.30 @!!loc:90:5:90:7
#21 48.30 @!!status:to be proved
#21 48.30 @!!END
#21 48.30 
#21 48.30 @!!BEGIN
#21 48.30 @!!type:obligation
#21 48.30 @!!id:38
#21 48.30 @!!loc:90:8:90:11
#21 48.30 @!!status:to be proved
#21 48.30 @!!END
#21 48.30 
#21 48.30 @!!BEGIN
#21 48.30 @!!type:obligation
#21 48.30 @!!id:39
#21 48.30 @!!loc:90:13:90:23
#21 48.30 @!!status:to be proved
#21 48.30 @!!END
#21 48.30 
#21 48.30 @!!BEGIN
#21 48.30 @!!type:obligation
#21 48.30 @!!id:40
#21 48.30 @!!loc:90:25:90:29
#21 48.30 @!!status:to be proved
#21 48.30 @!!END
#21 48.30 
#21 48.30 @!!BEGIN
#21 48.30 @!!type:obligation
#21 48.30 @!!id:41
#21 48.30 @!!loc:90:31:90:35
#21 48.30 @!!status:to be proved
#21 48.30 @!!END
#21 48.30 
#21 48.30 @!!BEGIN
#21 48.30 @!!type:obligation
#21 48.30 @!!id:42
#21 48.30 @!!loc:107:7:107:9
#21 48.30 @!!status:to be proved
#21 48.30 @!!END
#21 48.30 
#21 48.30 @!!BEGIN
#21 48.30 @!!type:obligation
#21 48.30 @!!id:43
#21 48.30 @!!loc:107:10:107:13
#21 48.30 @!!status:to be proved
#21 48.30 @!!END
#21 48.30 
#21 48.30 @!!BEGIN
#21 48.30 @!!type:obligation
#21 48.30 @!!id:44
#21 48.30 @!!loc:107:15:107:25
#21 48.30 @!!status:to be proved
#21 48.30 @!!END
#21 48.30 
#21 48.30 @!!BEGIN
#21 48.30 @!!type:obligation
#21 48.30 @!!id:45
#21 48.30 @!!loc:107:27:107:31
#21 48.30 @!!status:to be proved
#21 48.30 @!!END
#21 48.30 
#21 48.30 @!!BEGIN
#21 48.30 @!!type:obligation
#21 48.30 @!!id:46
#21 48.30 @!!loc:107:33:107:37
#21 48.30 @!!status:to be proved
#21 48.30 @!!END
#21 48.30 
#21 48.30 @!!BEGIN
#21 48.30 @!!type:obligation
#21 48.30 @!!id:47
#21 48.30 @!!loc:107:39:107:43
#21 48.30 @!!status:to be proved
#21 48.30 @!!END
#21 48.30 
#21 48.30 @!!BEGIN
#21 48.30 @!!type:obligation
#21 48.30 @!!id:48
#21 48.30 @!!loc:107:45:107:49
#21 48.30 @!!status:to be proved
#21 48.30 @!!END
#21 48.30 
#21 48.30 @!!BEGIN
#21 48.30 @!!type:obligation
#21 48.30 @!!id:49
#21 48.30 @!!loc:107:51:107:55
#21 48.30 @!!status:to be proved
#21 48.30 @!!END
#21 48.30 
#21 48.30 @!!BEGIN
#21 48.30 @!!type:obligation
#21 48.30 @!!id:50
#21 48.30 @!!loc:107:57:107:69
#21 48.30 @!!status:to be proved
#21 48.30 @!!END
#21 48.30 
#21 48.30 @!!BEGIN
#21 48.30 @!!type:obligation
#21 48.30 @!!id:51
#21 48.30 @!!loc:95:7:95:9
#21 48.30 @!!status:to be proved
#21 48.30 @!!END
#21 48.30 
#21 48.30 @!!BEGIN
#21 48.30 @!!type:obligation
#21 48.30 @!!id:52
#21 48.30 @!!loc:95:10:95:13
#21 48.30 @!!status:to be proved
#21 48.30 @!!END
#21 48.30 
#21 48.30 @!!BEGIN
#21 48.30 @!!type:obligation
#21 48.30 @!!id:53
#21 48.30 @!!loc:95:15:95:19
#21 48.30 @!!status:to be proved
#21 48.30 @!!END
#21 48.30 
#21 48.30 @!!BEGIN
#21 48.30 @!!type:obligation
#21 48.30 @!!id:54
#21 48.30 @!!loc:95:21:95:25
#21 48.30 @!!status:to be proved
#21 48.30 @!!END
#21 48.30 
#21 48.30 @!!BEGIN
#21 48.30 @!!type:obligation
#21 48.30 @!!id:55
#21 48.30 @!!loc:97:7:97:9
#21 48.30 @!!status:to be proved
#21 48.30 @!!END
#21 48.30 
#21 48.30 @!!BEGIN
#21 48.30 @!!type:obligation
#21 48.30 @!!id:56
#21 48.30 @!!loc:97:10:97:13
#21 48.30 @!!status:to be proved
#21 48.30 @!!END
#21 48.30 
#21 48.30 @!!BEGIN
#21 48.30 @!!type:obligation
#21 48.30 @!!id:57
#21 48.30 @!!loc:97:15:97:25
#21 48.30 @!!status:to be proved
#21 48.30 @!!END
#21 48.30 
#21 48.30 @!!BEGIN
#21 48.30 @!!type:obligation
#21 48.30 @!!id:58
#21 48.30 @!!loc:97:27:97:31
#21 48.30 @!!status:to be proved
#21 48.30 @!!END
#21 48.30 
#21 48.30 @!!BEGIN
#21 48.30 @!!type:obligation
#21 48.30 @!!id:59
#21 48.30 @!!loc:97:33:97:37
#21 48.30 @!!status:to be proved
#21 48.30 @!!END
#21 48.30 
#21 48.30 @!!BEGIN
#21 48.30 @!!type:obligation
#21 48.30 @!!id:60
#21 48.30 @!!loc:104:9:104:11
#21 48.30 @!!status:to be proved
#21 48.30 @!!END
#21 48.30 
#21 48.30 @!!BEGIN
#21 48.30 @!!type:obligation
#21 48.30 @!!id:61
#21 48.30 @!!loc:104:17:104:20
#21 48.30 @!!status:to be proved
#21 48.30 @!!END
#21 48.30 
#21 48.30 @!!BEGIN
#21 48.30 @!!type:obligation
#21 48.30 @!!id:62
#21 48.30 @!!loc:104:22:104:32
#21 48.30 @!!status:to be proved
#21 48.30 @!!END
#21 48.30 
#21 48.30 @!!BEGIN
#21 48.30 @!!type:obligation
#21 48.30 @!!id:63
#21 48.30 @!!loc:104:34:104:49
#21 48.30 @!!status:to be proved
#21 48.30 @!!END
#21 48.30 
#21 48.30 @!!BEGIN
#21 48.30 @!!type:obligation
#21 48.30 @!!id:64
#21 48.30 @!!loc:104:51:104:55
#21 48.30 @!!status:to be proved
#21 48.30 @!!END
#21 48.30 
#21 48.30 @!!BEGIN
#21 48.30 @!!type:obligation
#21 48.30 @!!id:65
#21 48.30 @!!loc:111:3:111:5
#21 48.30 @!!status:to be proved
#21 48.30 @!!END
#21 48.30 
#21 48.30 @!!BEGIN
#21 48.30 @!!type:obligation
#21 48.30 @!!id:66
#21 48.30 @!!loc:111:6:111:9
#21 48.30 @!!status:to be proved
#21 48.30 @!!END
#21 48.30 
#21 48.30 @!!BEGIN
#21 48.30 @!!type:obligation
#21 48.30 @!!id:67
#21 48.30 @!!loc:111:11:111:21
#21 48.30 @!!status:to be proved
#21 48.30 @!!END
#21 48.30 
#21 48.30 @!!BEGIN
#21 48.30 @!!type:obligation
#21 48.30 @!!id:68
#21 48.30 @!!loc:111:23:111:27
#21 48.30 @!!status:to be proved
#21 48.30 @!!END
#21 48.30 
#21 48.30 @!!BEGIN
#21 48.30 @!!type:obligation
#21 48.30 @!!id:69
#21 48.30 @!!loc:113:3:113:5
#21 48.30 @!!status:to be proved
#21 48.30 @!!END
#21 48.30 
#21 48.30 @!!BEGIN
#21 48.30 @!!type:obligation
#21 48.30 @!!id:70
#21 48.30 @!!loc:113:6:113:9
#21 48.30 @!!status:to be proved
#21 48.30 @!!END
#21 48.30 
#21 48.30 @!!BEGIN
#21 48.30 @!!type:obligation
#21 48.30 @!!id:71
#21 48.30 @!!loc:113:11:113:21
#21 48.30 @!!status:to be proved
#21 48.30 @!!END
#21 48.30 
#21 48.30 @!!BEGIN
#21 48.30 @!!type:obligation
#21 48.30 @!!id:72
#21 48.30 @!!loc:113:23:113:27
#21 48.30 @!!status:to be proved
#21 48.30 @!!END
#21 48.30 
#21 48.30 @!!BEGIN
#21 48.30 @!!type:obligation
#21 48.30 @!!id:73
#21 48.30 @!!loc:115:3:115:5
#21 48.30 @!!status:to be proved
#21 48.30 @!!END
#21 48.30 
#21 48.30 @!!BEGIN
#21 48.30 @!!type:obligation
#21 48.30 @!!id:74
#21 48.30 @!!loc:115:6:115:9
#21 48.30 @!!status:to be proved
#21 48.30 @!!END
#21 48.30 
#21 48.30 @!!BEGIN
#21 48.30 @!!type:obligation
#21 48.30 @!!id:75
#21 48.30 @!!loc:115:11:115:21
#21 48.30 @!!status:to be proved
#21 48.30 @!!END
#21 48.30 
#21 48.30 @!!BEGIN
#21 48.30 @!!type:obligation
#21 48.30 @!!id:76
#21 48.30 @!!loc:115:23:115:27
#21 48.30 @!!status:to be proved
#21 48.30 @!!END
#21 48.30 
#21 48.30 @!!BEGIN
#21 48.30 @!!type:obligation
#21 48.30 @!!id:77
#21 48.30 @!!loc:145:3:145:5
#21 48.30 @!!status:to be proved
#21 48.30 @!!END
#21 48.30 
#21 48.30 @!!BEGIN
#21 48.30 @!!type:obligation
#21 48.30 @!!id:78
#21 48.30 @!!loc:145:6:145:9
#21 48.30 @!!status:to be proved
#21 48.30 @!!END
#21 48.30 
#21 48.30 @!!BEGIN
#21 48.30 @!!type:obligation
#21 48.30 @!!id:79
#21 48.30 @!!loc:145:11:145:21
#21 48.30 @!!status:to be proved
#21 48.30 @!!END
#21 48.30 
#21 48.30 @!!BEGIN
#21 48.30 @!!type:obligation
#21 48.30 @!!id:80
#21 48.30 @!!loc:270:3:270:5
#21 48.30 @!!status:to be proved
#21 48.30 @!!END
#21 48.30 
#21 48.30 @!!BEGIN
#21 48.30 @!!type:obligation
#21 48.30 @!!id:81
#21 48.30 @!!loc:270:6:270:10
#21 48.30 @!!status:to be proved
#21 48.30 @!!END
#21 48.30 
#21 48.30 @!!BEGIN
#21 48.30 @!!type:obligation
#21 48.30 @!!id:82
#21 48.30 @!!loc:270:12:270:16
#21 48.30 @!!status:to be proved
#21 48.30 @!!END
#21 48.30 
#21 48.30 @!!BEGIN
#21 48.30 @!!type:obligation
#21 48.30 @!!id:83
#21 48.30 @!!loc:270:18:270:22
#21 48.30 @!!status:to be proved
#21 48.30 @!!END
#21 48.30 
#21 48.30 @!!BEGIN
#21 48.30 @!!type:obligation
#21 48.30 @!!id:84
#21 48.30 @!!loc:270:24:270:28
#21 48.30 @!!status:to be proved
#21 48.30 @!!END
#21 48.30 
#21 48.30 @!!BEGIN
#21 48.30 @!!type:obligation
#21 48.30 @!!id:85
#21 48.30 @!!loc:270:30:270:34
#21 48.30 @!!status:to be proved
#21 48.30 @!!END
#21 48.30 
#21 48.30 @!!BEGIN
#21 48.30 @!!type:obligation
#21 48.30 @!!id:86
#21 48.30 @!!loc:270:36:270:40
#21 48.30 @!!status:to be proved
#21 48.30 @!!END
#21 48.30 
#21 48.30 @!!BEGIN
#21 48.30 @!!type:obligation
#21 48.30 @!!id:87
#21 48.30 @!!loc:270:42:270:46
#21 48.30 @!!status:to be proved
#21 48.30 @!!END
#21 48.30 
#21 48.30 @!!BEGIN
#21 48.30 @!!type:obligation
#21 48.30 @!!id:88
#21 48.30 @!!loc:270:48:270:52
#21 48.30 @!!status:to be proved
#21 48.30 @!!END
#21 48.30 
#21 48.30 @!!BEGIN
#21 48.30 @!!type:obligation
#21 48.30 @!!id:89
#21 48.30 @!!loc:152:3:152:10
#21 48.30 @!!status:to be proved
#21 48.30 @!!END
#21 48.30 
#21 48.30 @!!BEGIN
#21 48.30 @!!type:obligation
#21 48.30 @!!id:90
#21 48.30 @!!loc:153:9:153:18
#21 48.30 @!!status:to be proved
#21 48.30 @!!END
#21 48.30 
#21 48.30 @!!BEGIN
#21 48.30 @!!type:obligation
#21 48.30 @!!id:91
#21 48.30 @!!loc:153:20:153:31
#21 48.30 @!!status:to be proved
#21 48.30 @!!END
#21 48.30 
#21 48.30 @!!BEGIN
#21 48.30 @!!type:obligation
#21 48.30 @!!id:92
#21 48.30 @!!loc:198:5:198:7
#21 48.30 @!!status:to be proved
#21 48.30 @!!END
#21 48.30 
#21 48.30 @!!BEGIN
#21 48.30 @!!type:obligation
#21 48.30 @!!id:93
#21 48.30 @!!loc:198:8:198:11
#21 48.30 @!!status:to be proved
#21 48.30 @!!END
#21 48.30 
#21 48.30 @!!BEGIN
#21 48.30 @!!type:obligation
#21 48.30 @!!id:94
#21 48.30 @!!loc:198:13:198:17
#21 48.30 @!!status:to be proved
#21 48.30 @!!END
#21 48.30 
#21 48.30 @!!BEGIN
#21 48.30 @!!type:obligation
#21 48.30 @!!id:95
#21 48.30 @!!loc:198:19:198:23
#21 48.30 @!!status:to be proved
#21 48.30 @!!END
#21 48.30 
#21 48.30 @!!BEGIN
#21 48.30 @!!type:obligation
#21 48.30 @!!id:96
#21 48.30 @!!loc:198:25:198:29
#21 48.30 @!!status:to be proved
#21 48.30 @!!END
#21 48.30 
#21 48.30 @!!BEGIN
#21 48.30 @!!type:obligation
#21 48.30 @!!id:97
#21 48.30 @!!loc:198:31:198:35
#21 48.30 @!!status:to be proved
#21 48.30 @!!END
#21 48.30 
#21 48.30 @!!BEGIN
#21 48.30 @!!type:obligation
#21 48.30 @!!id:98
#21 48.30 @!!loc:198:37:198:41
#21 48.30 @!!status:to be proved
#21 48.30 @!!END
#21 48.30 
#21 48.30 @!!BEGIN
#21 48.30 @!!type:obligation
#21 48.30 @!!id:99
#21 48.30 @!!loc:198:43:198:47
#21 48.30 @!!status:to be proved
#21 48.30 @!!END
#21 48.30 
#21 48.30 @!!BEGIN
#21 48.30 @!!type:obligation
#21 48.30 @!!id:100
#21 48.30 @!!loc:198:49:198:53
#21 48.30 @!!status:to be proved
#21 48.30 @!!END
#21 48.30 
#21 48.30 @!!BEGIN
#21 48.30 @!!type:obligation
#21 48.30 @!!id:101
#21 48.30 @!!loc:161:5:161:7
#21 48.30 @!!status:to be proved
#21 48.30 @!!END
#21 48.30 
#21 48.30 @!!BEGIN
#21 48.30 @!!type:obligation
#21 48.30 @!!id:102
#21 48.30 @!!loc:161:8:161:11
#21 48.30 @!!status:to be proved
#21 48.30 @!!END
#21 48.30 
#21 48.30 @!!BEGIN
#21 48.30 @!!type:obligation
#21 48.30 @!!id:103
#21 48.30 @!!loc:161:13:161:23
#21 48.30 @!!status:to be proved
#21 48.30 @!!END
#21 48.30 
#21 48.30 @!!BEGIN
#21 48.30 @!!type:obligation
#21 48.30 @!!id:104
#21 48.30 @!!loc:161:25:161:29
#21 48.30 @!!status:to be proved
#21 48.30 @!!END
#21 48.30 
#21 48.30 @!!BEGIN
#21 48.30 @!!type:obligation
#21 48.30 @!!id:105
#21 48.30 @!!loc:161:31:161:35
#21 48.30 @!!status:to be proved
#21 48.30 @!!END
#21 48.30 
#21 48.30 @!!BEGIN
#21 48.30 @!!type:obligation
#21 48.30 @!!id:106
#21 48.30 @!!loc:188:7:188:9
#21 48.30 @!!status:to be proved
#21 48.30 @!!END
#21 48.30 
#21 48.30 @!!BEGIN
#21 48.30 @!!type:obligation
#21 48.30 @!!id:107
#21 48.30 @!!loc:188:10:188:14
#21 48.30 @!!status:to be proved
#21 48.30 @!!END
#21 48.30 
#21 48.30 @!!BEGIN
#21 48.30 @!!type:obligation
#21 48.30 @!!id:108
#21 48.30 @!!loc:188:16:188:20
#21 48.30 @!!status:to be proved
#21 48.30 @!!END
#21 48.30 
#21 48.30 @!!BEGIN
#21 48.30 @!!type:obligation
#21 48.30 @!!id:109
#21 48.30 @!!loc:188:22:188:26
#21 48.30 @!!status:to be proved
#21 48.30 @!!END
#21 48.30 
#21 48.30 @!!BEGIN
#21 48.30 @!!type:obligation
#21 48.30 @!!id:110
#21 48.30 @!!loc:188:28:188:32
#21 48.30 @!!status:to be proved
#21 48.30 @!!END
#21 48.30 
#21 48.30 @!!BEGIN
#21 48.30 @!!type:obligation
#21 48.30 @!!id:111
#21 48.30 @!!loc:188:34:188:38
#21 48.30 @!!status:to be proved
#21 48.30 @!!END
#21 48.30 
#21 48.30 @!!BEGIN
#21 48.30 @!!type:obligation
#21 48.30 @!!id:112
#21 48.30 @!!loc:164:7:164:9
#21 48.30 @!!status:to be proved
#21 48.30 @!!END
#21 48.30 
#21 48.30 @!!BEGIN
#21 48.30 @!!type:obligation
#21 48.30 @!!id:113
#21 48.30 @!!loc:164:10:164:13
#21 48.30 @!!status:to be proved
#21 48.30 @!!END
#21 48.30 
#21 48.30 @!!BEGIN
#21 48.30 @!!type:obligation
#21 48.30 @!!id:114
#21 48.30 @!!loc:164:15:164:19
#21 48.30 @!!status:to be proved
#21 48.30 @!!END
#21 48.30 
#21 48.30 @!!BEGIN
#21 48.30 @!!type:obligation
#21 48.30 @!!id:115
#21 48.30 @!!loc:164:21:164:25
#21 48.30 @!!status:to be proved
#21 48.30 @!!END
#21 48.30 
#21 48.30 @!!BEGIN
#21 48.30 @!!type:obligation
#21 48.30 @!!id:116
#21 48.30 @!!loc:170:9:170:11
#21 48.30 @!!status:to be proved
#21 48.30 @!!END
#21 48.30 
#21 48.30 @!!BEGIN
#21 48.30 @!!type:obligation
#21 48.30 @!!id:117
#21 48.30 @!!loc:170:17:170:20
#21 48.30 @!!status:to be proved
#21 48.30 @!!END
#21 48.30 
#21 48.30 @!!BEGIN
#21 48.30 @!!type:obligation
#21 48.30 @!!id:118
#21 48.30 @!!loc:170:22:170:26
#21 48.30 @!!status:to be proved
#21 48.30 @!!END
#21 48.30 
#21 48.30 @!!BEGIN
#21 48.30 @!!type:obligation
#21 48.30 @!!id:119
#21 48.30 @!!loc:170:28:170:32
#21 48.30 @!!status:to be proved
#21 48.30 @!!END
#21 48.30 
#21 48.30 @!!BEGIN
#21 48.30 @!!type:obligation
#21 48.30 @!!id:120
#21 48.30 @!!loc:170:34:170:38
#21 48.30 @!!status:to be proved
#21 48.30 @!!END
#21 48.30 
#21 48.30 @!!BEGIN
#21 48.30 @!!type:obligation
#21 48.30 @!!id:121
#21 48.30 @!!loc:170:40:170:51
#21 48.30 @!!status:to be proved
#21 48.30 @!!END
#21 48.30 
#21 48.30 @!!BEGIN
#21 48.30 @!!type:obligation
#21 48.30 @!!id:122
#21 48.30 @!!loc:172:7:172:9
#21 48.30 @!!status:to be proved
#21 48.30 @!!END
#21 48.30 
#21 48.30 @!!BEGIN
#21 48.30 @!!type:obligation
#21 48.30 @!!id:123
#21 48.30 @!!loc:172:10:172:13
#21 48.30 @!!status:to be proved
#21 48.30 @!!END
#21 48.30 
#21 48.30 @!!BEGIN
#21 48.30 @!!type:obligation
#21 48.30 @!!id:124
#21 48.30 @!!loc:172:15:172:25
#21 48.30 @!!status:to be proved
#21 48.30 @!!END
#21 48.30 
#21 48.30 @!!BEGIN
#21 48.30 @!!type:obligation
#21 48.30 @!!id:125
#21 48.30 @!!loc:172:27:172:31
#21 48.30 @!!status:to be proved
#21 48.30 @!!END
#21 48.30 
#21 48.30 @!!BEGIN
#21 48.30 @!!type:obligation
#21 48.30 @!!id:126
#21 48.30 @!!loc:172:33:172:37
#21 48.30 @!!status:to be proved
#21 48.30 @!!END
#21 48.30 
#21 48.30 @!!BEGIN
#21 48.30 @!!type:obligation
#21 48.30 @!!id:127
#21 48.30 @!!loc:172:39:172:43
#21 48.30 @!!status:to be proved
#21 48.30 @!!END
#21 48.30 
#21 48.30 @!!BEGIN
#21 48.30 @!!type:obligation
#21 48.30 @!!id:128
#21 48.30 @!!loc:174:7:174:9
#21 48.30 @!!status:to be proved
#21 48.30 @!!END
#21 48.30 
#21 48.30 @!!BEGIN
#21 48.30 @!!type:obligation
#21 48.30 @!!id:129
#21 48.30 @!!loc:174:10:174:13
#21 48.30 @!!status:to be proved
#21 48.30 @!!END
#21 48.30 
#21 48.30 @!!BEGIN
#21 48.30 @!!type:obligation
#21 48.30 @!!id:130
#21 48.30 @!!loc:174:15:174:19
#21 48.30 @!!status:to be proved
#21 48.30 @!!END
#21 48.30 
#21 48.30 @!!BEGIN
#21 48.30 @!!type:obligation
#21 48.30 @!!id:131
#21 48.30 @!!loc:176:7:176:9
#21 48.30 @!!status:to be proved
#21 48.30 @!!END
#21 48.30 
#21 48.30 @!!BEGIN
#21 48.30 @!!type:obligation
#21 48.30 @!!id:132
#21 48.30 @!!loc:176:10:176:13
#21 48.30 @!!status:to be proved
#21 48.30 @!!END
#21 48.30 
#21 48.30 @!!BEGIN
#21 48.30 @!!type:obligation
#21 48.30 @!!id:133
#21 48.30 @!!loc:176:15:176:19
#21 48.30 @!!status:to be proved
#21 48.30 @!!END
#21 48.30 
#21 48.30 @!!BEGIN
#21 48.30 @!!type:obligation
#21 48.30 @!!id:134
#21 48.30 @!!loc:184:7:184:9
#21 48.30 @!!status:to be proved
#21 48.30 @!!END
#21 48.30 
#21 48.30 @!!BEGIN
#21 48.30 @!!type:obligation
#21 48.30 @!!id:135
#21 48.30 @!!loc:184:10:184:13
#21 48.30 @!!status:to be proved
#21 48.30 @!!END
#21 48.30 
#21 48.30 @!!BEGIN
#21 48.30 @!!type:obligation
#21 48.30 @!!id:136
#21 48.30 @!!loc:184:15:184:25
#21 48.30 @!!status:to be proved
#21 48.30 @!!END
#21 48.30 
#21 48.30 @!!BEGIN
#21 48.30 @!!type:obligation
#21 48.30 @!!id:137
#21 48.30 @!!loc:184:27:184:31
#21 48.30 @!!status:to be proved
#21 48.30 @!!END
#21 48.30 
#21 48.30 @!!BEGIN
#21 48.30 @!!type:obligation
#21 48.30 @!!id:138
#21 48.30 @!!loc:184:33:184:37
#21 48.30 @!!status:to be proved
#21 48.30 @!!END
#21 48.30 
#21 48.30 @!!BEGIN
#21 48.30 @!!type:obligation
#21 48.30 @!!id:139
#21 48.30 @!!loc:186:7:186:9
#21 48.30 @!!status:to be proved
#21 48.30 @!!END
#21 48.30 
#21 48.30 @!!BEGIN
#21 48.30 @!!type:obligation
#21 48.30 @!!id:140
#21 48.30 @!!loc:186:10:186:13
#21 48.30 @!!status:to be proved
#21 48.30 @!!END
#21 48.30 
#21 48.30 @!!BEGIN
#21 48.30 @!!type:obligation
#21 48.30 @!!id:141
#21 48.30 @!!loc:186:15:186:19
#21 48.30 @!!status:to be proved
#21 48.30 @!!END
#21 48.30 
#21 48.30 @!!BEGIN
#21 48.30 @!!type:obligation
#21 48.30 @!!id:142
#21 48.30 @!!loc:190:5:190:7
#21 48.30 @!!status:to be proved
#21 48.30 @!!END
#21 48.30 
#21 48.30 @!!BEGIN
#21 48.30 @!!type:obligation
#21 48.30 @!!id:143
#21 48.30 @!!loc:190:8:190:11
#21 48.30 @!!status:to be proved
#21 48.30 @!!END
#21 48.30 
#21 48.30 @!!BEGIN
#21 48.30 @!!type:obligation
#21 48.30 @!!id:144
#21 48.30 @!!loc:190:13:190:23
#21 48.30 @!!status:to be proved
#21 48.30 @!!END
#21 48.30 
#21 48.30 @!!BEGIN
#21 48.30 @!!type:obligation
#21 48.30 @!!id:145
#21 48.30 @!!loc:190:25:190:29
#21 48.30 @!!status:to be proved
#21 48.30 @!!END
#21 48.30 
#21 48.30 @!!BEGIN
#21 48.30 @!!type:obligation
#21 48.30 @!!id:146
#21 48.30 @!!loc:190:31:190:35
#21 48.30 @!!status:to be proved
#21 48.30 @!!END
#21 48.30 
#21 48.30 @!!BEGIN
#21 48.30 @!!type:obligation
#21 48.30 @!!id:147
#21 48.30 @!!loc:192:5:192:7
#21 48.30 @!!status:to be proved
#21 48.30 @!!END
#21 48.30 
#21 48.30 @!!BEGIN
#21 48.30 @!!type:obligation
#21 48.30 @!!id:148
#21 48.30 @!!loc:192:8:192:11
#21 48.30 @!!status:to be proved
#21 48.30 @!!END
#21 48.30 
#21 48.30 @!!BEGIN
#21 48.30 @!!type:obligation
#21 48.30 @!!id:149
#21 48.30 @!!loc:192:13:192:23
#21 48.30 @!!status:to be proved
#21 48.30 @!!END
#21 48.30 
#21 48.30 @!!BEGIN
#21 48.30 @!!type:obligation
#21 48.30 @!!id:150
#21 48.30 @!!loc:192:25:192:29
#21 48.30 @!!status:to be proved
#21 48.30 @!!END
#21 48.30 
#21 48.30 @!!BEGIN
#21 48.30 @!!type:obligation
#21 48.30 @!!id:151
#21 48.30 @!!loc:192:31:192:35
#21 48.30 @!!status:to be proved
#21 48.30 @!!END
#21 48.30 
#21 48.30 @!!BEGIN
#21 48.30 @!!type:obligation
#21 48.30 @!!id:152
#21 48.30 @!!loc:194:5:194:7
#21 48.30 @!!status:to be proved
#21 48.30 @!!END
#21 48.30 
#21 48.30 @!!BEGIN
#21 48.30 @!!type:obligation
#21 48.30 @!!id:153
#21 48.30 @!!loc:194:8:194:11
#21 48.30 @!!status:to be proved
#21 48.30 @!!END
#21 48.30 
#21 48.30 @!!BEGIN
#21 48.30 @!!type:obligation
#21 48.30 @!!id:154
#21 48.30 @!!loc:194:13:194:23
#21 48.30 @!!status:to be proved
#21 48.30 @!!END
#21 48.30 
#21 48.30 @!!BEGIN
#21 48.30 @!!type:obligation
#21 48.30 @!!id:155
#21 48.30 @!!loc:194:25:194:29
#21 48.30 @!!status:to be proved
#21 48.30 @!!END
#21 48.30 
#21 48.30 @!!BEGIN
#21 48.30 @!!type:obligation
#21 48.30 @!!id:156
#21 48.30 @!!loc:194:31:194:35
#21 48.30 @!!status:to be proved
#21 48.30 @!!END
#21 48.30 
#21 48.30 @!!BEGIN
#21 48.30 @!!type:obligation
#21 48.30 @!!id:157
#21 48.30 @!!loc:196:5:196:7
#21 48.30 @!!status:to be proved
#21 48.30 @!!END
#21 48.30 
#21 48.30 @!!BEGIN
#21 48.30 @!!type:obligation
#21 48.30 @!!id:158
#21 48.30 @!!loc:196:8:196:11
#21 48.30 @!!status:to be proved
#21 48.30 @!!END
#21 48.30 
#21 48.30 @!!BEGIN
#21 48.30 @!!type:obligation
#21 48.30 @!!id:159
#21 48.30 @!!loc:196:13:196:23
#21 48.30 @!!status:to be proved
#21 48.30 @!!END
#21 48.30 
#21 48.30 @!!BEGIN
#21 48.30 @!!type:obligation
#21 48.30 @!!id:160
#21 48.30 @!!loc:196:25:196:29
#21 48.30 @!!status:to be proved
#21 48.30 @!!END
#21 48.30 
#21 48.30 @!!BEGIN
#21 48.30 @!!type:obligation
#21 48.30 @!!id:161
#21 48.30 @!!loc:196:31:196:35
#21 48.30 @!!status:to be proved
#21 48.30 @!!END
#21 48.30 
#21 48.30 @!!BEGIN
#21 48.30 @!!type:obligation
#21 48.30 @!!id:162
#21 48.30 @!!loc:200:3:200:5
#21 48.30 @!!status:to be proved
#21 48.30 @!!END
#21 48.30 
#21 48.30 @!!BEGIN
#21 48.30 @!!type:obligation
#21 48.30 @!!id:163
#21 48.30 @!!loc:200:6:200:9
#21 48.30 @!!status:to be proved
#21 48.30 @!!END
#21 48.30 
#21 48.30 @!!BEGIN
#21 48.30 @!!type:obligation
#21 48.30 @!!id:164
#21 48.30 @!!loc:200:11:200:21
#21 48.30 @!!status:to be proved
#21 48.30 @!!END
#21 48.30 
#21 48.30 @!!BEGIN
#21 48.30 @!!type:obligation
#21 48.30 @!!id:165
#21 48.30 @!!loc:200:23:200:27
#21 48.30 @!!status:to be proved
#21 48.30 @!!END
#21 48.30 
#21 48.30 @!!BEGIN
#21 48.30 @!!type:obligation
#21 48.30 @!!id:166
#21 48.30 @!!loc:224:5:224:7
#21 48.30 @!!status:to be proved
#21 48.30 @!!END
#21 48.30 
#21 48.30 @!!BEGIN
#21 48.30 @!!type:obligation
#21 48.30 @!!id:167
#21 48.30 @!!loc:224:8:224:11
#21 48.30 @!!status:to be proved
#21 48.30 @!!END
#21 48.30 
#21 48.30 @!!BEGIN
#21 48.30 @!!type:obligation
#21 48.30 @!!id:168
#21 48.30 @!!loc:224:13:224:17
#21 48.30 @!!status:to be proved
#21 48.30 @!!END
#21 48.30 
#21 48.30 @!!BEGIN
#21 48.30 @!!type:obligation
#21 48.30 @!!id:169
#21 48.30 @!!loc:224:19:224:23
#21 48.30 @!!status:to be proved
#21 48.30 @!!END
#21 48.30 
#21 48.30 @!!BEGIN
#21 48.30 @!!type:obligation
#21 48.30 @!!id:170
#21 48.30 @!!loc:224:25:224:29
#21 48.30 @!!status:to be proved
#21 48.30 @!!END
#21 48.30 
#21 48.30 @!!BEGIN
#21 48.30 @!!type:obligation
#21 48.30 @!!id:171
#21 48.30 @!!loc:224:31:224:35
#21 48.30 @!!status:to be proved
#21 48.30 @!!END
#21 48.30 
#21 48.30 @!!BEGIN
#21 48.30 @!!type:obligation
#21 48.30 @!!id:172
#21 48.30 @!!loc:224:37:224:41
#21 48.30 @!!status:to be proved
#21 48.30 @!!END
#21 48.30 
#21 48.30 @!!BEGIN
#21 48.30 @!!type:obligation
#21 48.30 @!!id:173
#21 48.30 @!!loc:224:43:224:47
#21 48.30 @!!status:to be proved
#21 48.30 @!!END
#21 48.30 
#21 48.30 @!!BEGIN
#21 48.30 @!!type:obligation
#21 48.30 @!!id:174
#21 48.30 @!!loc:224:49:224:53
#21 48.30 @!!status:to be proved
#21 48.30 @!!END
#21 48.30 
#21 48.30 @!!BEGIN
#21 48.30 @!!type:obligation
#21 48.30 @!!id:175
#21 48.30 @!!loc:204:5:204:7
#21 48.30 @!!status:to be proved
#21 48.30 @!!END
#21 48.30 
#21 48.30 @!!BEGIN
#21 48.30 @!!type:obligation
#21 48.30 @!!id:176
#21 48.30 @!!loc:204:8:204:11
#21 48.30 @!!status:to be proved
#21 48.30 @!!END
#21 48.30 
#21 48.30 @!!BEGIN
#21 48.30 @!!type:obligation
#21 48.30 @!!id:177
#21 48.30 @!!loc:204:13:204:23
#21 48.30 @!!status:to be proved
#21 48.30 @!!END
#21 48.30 
#21 48.30 @!!BEGIN
#21 48.30 @!!type:obligation
#21 48.30 @!!id:178
#21 48.30 @!!loc:204:25:204:29
#21 48.30 @!!status:to be proved
#21 48.30 @!!END
#21 48.30 
#21 48.30 @!!BEGIN
#21 48.30 @!!type:obligation
#21 48.30 @!!id:179
#21 48.30 @!!loc:204:31:204:35
#21 48.30 @!!status:to be proved
#21 48.30 @!!END
#21 48.30 
#21 48.30 @!!BEGIN
#21 48.30 @!!type:obligation
#21 48.30 @!!id:180
#21 48.30 @!!loc:214:7:214:9
#21 48.30 @!!status:to be proved
#21 48.30 @!!END
#21 48.30 
#21 48.30 @!!BEGIN
#21 48.30 @!!type:obligation
#21 48.30 @!!id:181
#21 48.30 @!!loc:214:10:214:13
#21 48.30 @!!status:to be proved
#21 48.30 @!!END
#21 48.30 
#21 48.30 @!!BEGIN
#21 48.30 @!!type:obligation
#21 48.30 @!!id:182
#21 48.30 @!!loc:214:15:214:25
#21 48.30 @!!status:to be proved
#21 48.30 @!!END
#21 48.30 
#21 48.30 @!!BEGIN
#21 48.30 @!!type:obligation
#21 48.30 @!!id:183
#21 48.30 @!!loc:214:27:214:31
#21 48.30 @!!status:to be proved
#21 48.30 @!!END
#21 48.30 
#21 48.30 @!!BEGIN
#21 48.30 @!!type:obligation
#21 48.30 @!!id:184
#21 48.30 @!!loc:214:33:214:37
#21 48.30 @!!status:to be proved
#21 48.30 @!!END
#21 48.30 
#21 48.30 @!!BEGIN
#21 48.30 @!!type:obligation
#21 48.30 @!!id:185
#21 48.30 @!!loc:214:39:214:43
#21 48.30 @!!status:to be proved
#21 48.30 @!!END
#21 48.30 
#21 48.30 @!!BEGIN
#21 48.30 @!!type:obligation
#21 48.30 @!!id:186
#21 48.30 @!!loc:207:7:207:9
#21 48.30 @!!status:to be proved
#21 48.30 @!!END
#21 48.30 
#21 48.30 @!!BEGIN
#21 48.30 @!!type:obligation
#21 48.30 @!!id:187
#21 48.30 @!!loc:207:10:207:13
#21 48.30 @!!status:to be proved
#21 48.30 @!!END
#21 48.30 
#21 48.30 @!!BEGIN
#21 48.30 @!!type:obligation
#21 48.30 @!!id:188
#21 48.30 @!!loc:207:15:207:19
#21 48.30 @!!status:to be proved
#21 48.30 @!!END
#21 48.30 
#21 48.30 @!!BEGIN
#21 48.30 @!!type:obligation
#21 48.30 @!!id:189
#21 48.30 @!!loc:207:21:207:25
#21 48.30 @!!status:to be proved
#21 48.30 @!!END
#21 48.30 
#21 48.30 @!!BEGIN
#21 48.30 @!!type:obligation
#21 48.30 @!!id:190
#21 48.30 @!!loc:211:9:211:11
#21 48.30 @!!status:to be proved
#21 48.30 @!!END
#21 48.30 
#21 48.30 @!!BEGIN
#21 48.30 @!!type:obligation
#21 48.30 @!!id:191
#21 48.30 @!!loc:211:17:211:20
#21 48.30 @!!status:to be proved
#21 48.30 @!!END
#21 48.30 
#21 48.30 @!!BEGIN
#21 48.30 @!!type:obligation
#21 48.30 @!!id:192
#21 48.30 @!!loc:211:22:211:26
#21 48.30 @!!status:to be proved
#21 48.30 @!!END
#21 48.30 
#21 48.30 @!!BEGIN
#21 48.30 @!!type:obligation
#21 48.30 @!!id:193
#21 48.30 @!!loc:211:28:211:32
#21 48.30 @!!status:to be proved
#21 48.30 @!!END
#21 48.30 
#21 48.30 @!!BEGIN
#21 48.30 @!!type:obligation
#21 48.30 @!!id:194
#21 48.30 @!!loc:211:34:211:45
#21 48.30 @!!status:to be proved
#21 48.30 @!!END
#21 48.30 
#21 48.30 @!!BEGIN
#21 48.30 @!!type:obligation
#21 48.30 @!!id:195
#21 48.30 @!!loc:216:5:216:7
#21 48.30 @!!status:to be proved
#21 48.30 @!!END
#21 48.30 
#21 48.30 @!!BEGIN
#21 48.30 @!!type:obligation
#21 48.30 @!!id:196
#21 48.30 @!!loc:216:8:216:11
#21 48.30 @!!status:to be proved
#21 48.30 @!!END
#21 48.30 
#21 48.30 @!!BEGIN
#21 48.30 @!!type:obligation
#21 48.30 @!!id:197
#21 48.30 @!!loc:216:13:216:23
#21 48.30 @!!status:to be proved
#21 48.30 @!!END
#21 48.30 
#21 48.30 @!!BEGIN
#21 48.30 @!!type:obligation
#21 48.30 @!!id:198
#21 48.30 @!!loc:216:25:216:29
#21 48.30 @!!status:to be proved
#21 48.30 @!!END
#21 48.30 
#21 48.30 @!!BEGIN
#21 48.30 @!!type:obligation
#21 48.30 @!!id:199
#21 48.30 @!!loc:216:31:216:35
#21 48.30 @!!status:to be proved
#21 48.30 @!!END
#21 48.30 
#21 48.30 @!!BEGIN
#21 48.30 @!!type:obligation
#21 48.30 @!!id:200
#21 48.30 @!!loc:218:5:218:7
#21 48.30 @!!status:to be proved
#21 48.30 @!!END
#21 48.30 
#21 48.30 @!!BEGIN
#21 48.30 @!!type:obligation
#21 48.30 @!!id:201
#21 48.30 @!!loc:218:8:218:11
#21 48.30 @!!status:to be proved
#21 48.30 @!!END
#21 48.30 
#21 48.30 @!!BEGIN
#21 48.30 @!!type:obligation
#21 48.30 @!!id:202
#21 48.30 @!!loc:218:13:218:23
#21 48.30 @!!status:to be proved
#21 48.30 @!!END
#21 48.30 
#21 48.30 @!!BEGIN
#21 48.30 @!!type:obligation
#21 48.30 @!!id:203
#21 48.30 @!!loc:218:25:218:29
#21 48.30 @!!status:to be proved
#21 48.30 @!!END
#21 48.30 
#21 48.30 @!!BEGIN
#21 48.30 @!!type:obligation
#21 48.30 @!!id:204
#21 48.30 @!!loc:218:31:218:35
#21 48.30 @!!status:to be proved
#21 48.30 @!!END
#21 48.30 
#21 48.30 @!!BEGIN
#21 48.30 @!!type:obligation
#21 48.30 @!!id:205
#21 48.30 @!!loc:220:5:220:7
#21 48.30 @!!status:to be proved
#21 48.30 @!!END
#21 48.30 
#21 48.30 @!!BEGIN
#21 48.30 @!!type:obligation
#21 48.30 @!!id:206
#21 48.30 @!!loc:220:8:220:11
#21 48.30 @!!status:to be proved
#21 48.30 @!!END
#21 48.30 
#21 48.30 @!!BEGIN
#21 48.30 @!!type:obligation
#21 48.30 @!!id:207
#21 48.30 @!!loc:220:13:220:23
#21 48.30 @!!status:to be proved
#21 48.30 @!!END
#21 48.30 
#21 48.30 @!!BEGIN
#21 48.30 @!!type:obligation
#21 48.30 @!!id:208
#21 48.30 @!!loc:220:25:220:29
#21 48.30 @!!status:to be proved
#21 48.30 @!!END
#21 48.30 
#21 48.30 @!!BEGIN
#21 48.30 @!!type:obligation
#21 48.30 @!!id:209
#21 48.30 @!!loc:220:31:220:35
#21 48.30 @!!status:to be proved
#21 48.30 @!!END
#21 48.30 
#21 48.30 @!!BEGIN
#21 48.30 @!!type:obligation
#21 48.30 @!!id:210
#21 48.30 @!!loc:222:5:222:7
#21 48.30 @!!status:to be proved
#21 48.30 @!!END
#21 48.30 
#21 48.30 @!!BEGIN
#21 48.30 @!!type:obligation
#21 48.30 @!!id:211
#21 48.30 @!!loc:222:8:222:11
#21 48.30 @!!status:to be proved
#21 48.30 @!!END
#21 48.30 
#21 48.30 @!!BEGIN
#21 48.30 @!!type:obligation
#21 48.30 @!!id:212
#21 48.30 @!!loc:222:13:222:23
#21 48.30 @!!status:to be proved
#21 48.30 @!!END
#21 48.30 
#21 48.30 @!!BEGIN
#21 48.30 @!!type:obligation
#21 48.30 @!!id:213
#21 48.30 @!!loc:222:25:222:29
#21 48.30 @!!status:to be proved
#21 48.30 @!!END
#21 48.30 
#21 48.30 @!!BEGIN
#21 48.30 @!!type:obligation
#21 48.30 @!!id:214
#21 48.30 @!!loc:222:31:222:35
#21 48.30 @!!status:to be proved
#21 48.30 @!!END
#21 48.30 
#21 48.30 @!!BEGIN
#21 48.30 @!!type:obligation
#21 48.30 @!!id:215
#21 48.30 @!!loc:226:3:226:5
#21 48.30 @!!status:to be proved
#21 48.30 @!!END
#21 48.30 
#21 48.30 @!!BEGIN
#21 48.30 @!!type:obligation
#21 48.30 @!!id:216
#21 48.30 @!!loc:226:6:226:9
#21 48.30 @!!status:to be proved
#21 48.30 @!!END
#21 48.30 
#21 48.30 @!!BEGIN
#21 48.30 @!!type:obligation
#21 48.30 @!!id:217
#21 48.30 @!!loc:226:11:226:21
#21 48.30 @!!status:to be proved
#21 48.30 @!!END
#21 48.30 
#21 48.30 @!!BEGIN
#21 48.30 @!!type:obligation
#21 48.30 @!!id:218
#21 48.30 @!!loc:226:23:226:27
#21 48.30 @!!status:to be proved
#21 48.30 @!!END
#21 48.30 
#21 48.30 @!!BEGIN
#21 48.30 @!!type:obligation
#21 48.30 @!!id:219
#21 48.30 @!!loc:250:5:250:7
#21 48.30 @!!status:to be proved
#21 48.30 @!!END
#21 48.30 
#21 48.30 @!!BEGIN
#21 48.30 @!!type:obligation
#21 48.30 @!!id:220
#21 48.30 @!!loc:250:8:250:11
#21 48.30 @!!status:to be proved
#21 48.30 @!!END
#21 48.30 
#21 48.30 @!!BEGIN
#21 48.30 @!!type:obligation
#21 48.30 @!!id:221
#21 48.30 @!!loc:250:13:250:17
#21 48.30 @!!status:to be proved
#21 48.30 @!!END
#21 48.30 
#21 48.30 @!!BEGIN
#21 48.30 @!!type:obligation
#21 48.30 @!!id:222
#21 48.30 @!!loc:250:19:250:23
#21 48.30 @!!status:to be proved
#21 48.30 @!!END
#21 48.30 
#21 48.30 @!!BEGIN
#21 48.30 @!!type:obligation
#21 48.30 @!!id:223
#21 48.30 @!!loc:250:25:250:29
#21 48.30 @!!status:to be proved
#21 48.30 @!!END
#21 48.30 
#21 48.30 @!!BEGIN
#21 48.30 @!!type:obligation
#21 48.30 @!!id:224
#21 48.30 @!!loc:250:31:250:35
#21 48.30 @!!status:to be proved
#21 48.30 @!!END
#21 48.30 
#21 48.30 @!!BEGIN
#21 48.30 @!!type:obligation
#21 48.30 @!!id:225
#21 48.30 @!!loc:250:37:250:41
#21 48.30 @!!status:to be proved
#21 48.30 @!!END
#21 48.30 
#21 48.30 @!!BEGIN
#21 48.30 @!!type:obligation
#21 48.30 @!!id:226
#21 48.30 @!!loc:250:43:250:47
#21 48.30 @!!status:to be proved
#21 48.30 @!!END
#21 48.30 
#21 48.30 @!!BEGIN
#21 48.30 @!!type:obligation
#21 48.30 @!!id:227
#21 48.30 @!!loc:250:49:250:53
#21 48.30 @!!status:to be proved
#21 48.30 @!!END
#21 48.30 
#21 48.30 @!!BEGIN
#21 48.30 @!!type:obligation
#21 48.30 @!!id:228
#21 48.30 @!!loc:230:5:230:7
#21 48.30 @!!status:to be proved
#21 48.30 @!!END
#21 48.30 
#21 48.30 @!!BEGIN
#21 48.30 @!!type:obligation
#21 48.30 @!!id:229
#21 48.30 @!!loc:230:8:230:11
#21 48.30 @!!status:to be proved
#21 48.30 @!!END
#21 48.30 
#21 48.30 @!!BEGIN
#21 48.30 @!!type:obligation
#21 48.30 @!!id:230
#21 48.30 @!!loc:230:13:230:23
#21 48.30 @!!status:to be proved
#21 48.30 @!!END
#21 48.30 
#21 48.30 @!!BEGIN
#21 48.30 @!!type:obligation
#21 48.30 @!!id:231
#21 48.30 @!!loc:230:25:230:29
#21 48.30 @!!status:to be proved
#21 48.30 @!!END
#21 48.30 
#21 48.30 @!!BEGIN
#21 48.30 @!!type:obligation
#21 48.30 @!!id:232
#21 48.30 @!!loc:230:31:230:35
#21 48.30 @!!status:to be proved
#21 48.30 @!!END
#21 48.30 
#21 48.30 @!!BEGIN
#21 48.30 @!!type:obligation
#21 48.30 @!!id:233
#21 48.30 @!!loc:240:7:240:9
#21 48.30 @!!status:to be proved
#21 48.30 @!!END
#21 48.30 
#21 48.30 @!!BEGIN
#21 48.30 @!!type:obligation
#21 48.30 @!!id:234
#21 48.30 @!!loc:240:10:240:13
#21 48.30 @!!status:to be proved
#21 48.30 @!!END
#21 48.30 
#21 48.30 @!!BEGIN
#21 48.30 @!!type:obligation
#21 48.30 @!!id:235
#21 48.30 @!!loc:240:15:240:25
#21 48.30 @!!status:to be proved
#21 48.30 @!!END
#21 48.30 
#21 48.30 @!!BEGIN
#21 48.30 @!!type:obligation
#21 48.30 @!!id:236
#21 48.30 @!!loc:240:27:240:31
#21 48.30 @!!status:to be proved
#21 48.30 @!!END
#21 48.30 
#21 48.30 @!!BEGIN
#21 48.30 @!!type:obligation
#21 48.30 @!!id:237
#21 48.30 @!!loc:240:33:240:37
#21 48.30 @!!status:to be proved
#21 48.30 @!!END
#21 48.30 
#21 48.30 @!!BEGIN
#21 48.30 @!!type:obligation
#21 48.30 @!!id:238
#21 48.30 @!!loc:240:39:240:43
#21 48.30 @!!status:to be proved
#21 48.30 @!!END
#21 48.30 
#21 48.30 @!!BEGIN
#21 48.30 @!!type:obligation
#21 48.30 @!!id:239
#21 48.30 @!!loc:233:7:233:9
#21 48.30 @!!status:to be proved
#21 48.30 @!!END
#21 48.30 
#21 48.30 @!!BEGIN
#21 48.30 @!!type:obligation
#21 48.30 @!!id:240
#21 48.30 @!!loc:233:10:233:13
#21 48.30 @!!status:to be proved
#21 48.30 @!!END
#21 48.30 
#21 48.30 @!!BEGIN
#21 48.30 @!!type:obligation
#21 48.30 @!!id:241
#21 48.30 @!!loc:233:15:233:19
#21 48.30 @!!status:to be proved
#21 48.30 @!!END
#21 48.30 
#21 48.30 @!!BEGIN
#21 48.30 @!!type:obligation
#21 48.30 @!!id:242
#21 48.30 @!!loc:233:21:233:25
#21 48.30 @!!status:to be proved
#21 48.30 @!!END
#21 48.30 
#21 48.30 @!!BEGIN
#21 48.30 @!!type:obligation
#21 48.30 @!!id:243
#21 48.30 @!!loc:237:9:237:11
#21 48.30 @!!status:to be proved
#21 48.30 @!!END
#21 48.30 
#21 48.30 @!!BEGIN
#21 48.30 @!!type:obligation
#21 48.30 @!!id:244
#21 48.30 @!!loc:237:17:237:20
#21 48.30 @!!status:to be proved
#21 48.30 @!!END
#21 48.30 
#21 48.30 @!!BEGIN
#21 48.30 @!!type:obligation
#21 48.30 @!!id:245
#21 48.30 @!!loc:237:22:237:26
#21 48.30 @!!status:to be proved
#21 48.30 @!!END
#21 48.30 
#21 48.30 @!!BEGIN
#21 48.30 @!!type:obligation
#21 48.30 @!!id:246
#21 48.30 @!!loc:237:28:237:32
#21 48.30 @!!status:to be proved
#21 48.30 @!!END
#21 48.30 
#21 48.30 @!!BEGIN
#21 48.30 @!!type:obligation
#21 48.30 @!!id:247
#21 48.30 @!!loc:237:34:237:45
#21 48.30 @!!status:to be proved
#21 48.30 @!!END
#21 48.30 
#21 48.30 @!!BEGIN
#21 48.30 @!!type:obligation
#21 48.30 @!!id:248
#21 48.30 @!!loc:242:5:242:7
#21 48.30 @!!status:to be proved
#21 48.30 @!!END
#21 48.30 
#21 48.30 @!!BEGIN
#21 48.30 @!!type:obligation
#21 48.30 @!!id:249
#21 48.30 @!!loc:242:8:242:11
#21 48.30 @!!status:to be proved
#21 48.30 @!!END
#21 48.30 
#21 48.30 @!!BEGIN
#21 48.30 @!!type:obligation
#21 48.30 @!!id:250
#21 48.30 @!!loc:242:13:242:23
#21 48.30 @!!status:to be proved
#21 48.30 @!!END
#21 48.30 
#21 48.30 @!!BEGIN
#21 48.30 @!!type:obligation
#21 48.30 @!!id:251
#21 48.30 @!!loc:242:25:242:29
#21 48.30 @!!status:to be proved
#21 48.30 @!!END
#21 48.30 
#21 48.30 @!!BEGIN
#21 48.30 @!!type:obligation
#21 48.30 @!!id:252
#21 48.30 @!!loc:242:31:242:35
#21 48.30 @!!status:to be proved
#21 48.30 @!!END
#21 48.30 
#21 48.30 @!!BEGIN
#21 48.30 @!!type:obligation
#21 48.30 @!!id:253
#21 48.30 @!!loc:244:5:244:7
#21 48.30 @!!status:to be proved
#21 48.30 @!!END
#21 48.30 
#21 48.30 @!!BEGIN
#21 48.30 @!!type:obligation
#21 48.30 @!!id:254
#21 48.30 @!!loc:244:8:244:11
#21 48.30 @!!status:to be proved
#21 48.30 @!!END
#21 48.30 
#21 48.30 @!!BEGIN
#21 48.30 @!!type:obligation
#21 48.30 @!!id:255
#21 48.30 @!!loc:244:13:244:23
#21 48.30 @!!status:to be proved
#21 48.30 @!!END
#21 48.30 
#21 48.30 @!!BEGIN
#21 48.30 @!!type:obligation
#21 48.30 @!!id:256
#21 48.30 @!!loc:244:25:244:29
#21 48.30 @!!status:to be proved
#21 48.30 @!!END
#21 48.30 
#21 48.30 @!!BEGIN
#21 48.30 @!!type:obligation
#21 48.30 @!!id:257
#21 48.30 @!!loc:244:31:244:35
#21 48.30 @!!status:to be proved
#21 48.30 @!!END
#21 48.30 
#21 48.30 @!!BEGIN
#21 48.30 @!!type:obligation
#21 48.30 @!!id:258
#21 48.30 @!!loc:246:5:246:7
#21 48.30 @!!status:to be proved
#21 48.30 @!!END
#21 48.30 
#21 48.30 @!!BEGIN
#21 48.30 @!!type:obligation
#21 48.30 @!!id:259
#21 48.30 @!!loc:246:8:246:11
#21 48.30 @!!status:to be proved
#21 48.30 @!!END
#21 48.30 
#21 48.30 @!!BEGIN
#21 48.30 @!!type:obligation
#21 48.30 @!!id:260
#21 48.30 @!!loc:246:13:246:23
#21 48.30 @!!status:to be proved
#21 48.30 @!!END
#21 48.30 
#21 48.30 @!!BEGIN
#21 48.30 @!!type:obligation
#21 48.30 @!!id:261
#21 48.30 @!!loc:246:25:246:29
#21 48.30 @!!status:to be proved
#21 48.30 @!!END
#21 48.30 
#21 48.30 @!!BEGIN
#21 48.30 @!!type:obligation
#21 48.30 @!!id:262
#21 48.30 @!!loc:246:31:246:35
#21 48.30 @!!status:to be proved
#21 48.30 @!!END
#21 48.30 
#21 48.30 @!!BEGIN
#21 48.30 @!!type:obligation
#21 48.30 @!!id:263
#21 48.30 @!!loc:248:5:248:7
#21 48.30 @!!status:to be proved
#21 48.30 @!!END
#21 48.30 
#21 48.30 @!!BEGIN
#21 48.30 @!!type:obligation
#21 48.30 @!!id:264
#21 48.30 @!!loc:248:8:248:11
#21 48.30 @!!status:to be proved
#21 48.30 @!!END
#21 48.30 
#21 48.30 @!!BEGIN
#21 48.30 @!!type:obligation
#21 48.30 @!!id:265
#21 48.30 @!!loc:248:13:248:23
#21 48.30 @!!status:to be proved
#21 48.30 @!!END
#21 48.30 
#21 48.30 @!!BEGIN
#21 48.30 @!!type:obligation
#21 48.30 @!!id:266
#21 48.30 @!!loc:248:25:248:29
#21 48.30 @!!status:to be proved
#21 48.30 @!!END
#21 48.30 
#21 48.30 @!!BEGIN
#21 48.30 @!!type:obligation
#21 48.30 @!!id:267
#21 48.30 @!!loc:248:31:248:35
#21 48.30 @!!status:to be proved
#21 48.30 @!!END
#21 48.30 
#21 48.30 @!!BEGIN
#21 48.30 @!!type:obligation
#21 48.30 @!!id:268
#21 48.30 @!!loc:252:3:252:5
#21 48.30 @!!status:to be proved
#21 48.30 @!!END
#21 48.30 
#21 48.30 @!!BEGIN
#21 48.30 @!!type:obligation
#21 48.30 @!!id:269
#21 48.30 @!!loc:252:6:252:9
#21 48.30 @!!status:to be proved
#21 48.30 @!!END
#21 48.30 
#21 48.30 @!!BEGIN
#21 48.30 @!!type:obligation
#21 48.30 @!!id:270
#21 48.30 @!!loc:252:11:252:21
#21 48.30 @!!status:to be proved
#21 48.30 @!!END
#21 48.30 
#21 48.30 @!!BEGIN
#21 48.30 @!!type:obligation
#21 48.30 @!!id:271
#21 48.30 @!!loc:252:23:252:27
#21 48.30 @!!status:to be proved
#21 48.30 @!!END
#21 48.30 
#21 48.30 @!!BEGIN
#21 48.30 @!!type:obligation
#21 48.30 @!!id:272
#21 48.30 @!!loc:265:5:265:7
#21 48.30 @!!status:to be proved
#21 48.30 @!!END
#21 48.30 
#21 48.30 @!!BEGIN
#21 48.30 @!!type:obligation
#21 48.30 @!!id:273
#21 48.30 @!!loc:265:8:265:11
#21 48.30 @!!status:to be proved
#21 48.30 @!!END
#21 48.30 
#21 48.30 @!!BEGIN
#21 48.30 @!!type:obligation
#21 48.30 @!!id:274
#21 48.30 @!!loc:265:13:265:23
#21 48.30 @!!status:to be proved
#21 48.30 @!!END
#21 48.30 
#21 48.30 @!!BEGIN
#21 48.30 @!!type:obligation
#21 48.30 @!!id:275
#21 48.30 @!!loc:265:25:265:29
#21 48.30 @!!status:to be proved
#21 48.30 @!!END
#21 48.30 
#21 48.30 @!!BEGIN
#21 48.30 @!!type:obligation
#21 48.30 @!!id:276
#21 48.30 @!!loc:265:31:265:35
#21 48.30 @!!status:to be proved
#21 48.30 @!!END
#21 48.30 
#21 48.30 @!!BEGIN
#21 48.30 @!!type:obligation
#21 48.30 @!!id:277
#21 48.30 @!!loc:265:37:265:41
#21 48.30 @!!status:to be proved
#21 48.30 @!!END
#21 48.30 
#21 48.30 @!!BEGIN
#21 48.30 @!!type:obligation
#21 48.30 @!!id:278
#21 48.30 @!!loc:265:43:265:47
#21 48.30 @!!status:to be proved
#21 48.30 @!!END
#21 48.30 
#21 48.30 @!!BEGIN
#21 48.30 @!!type:obligation
#21 48.30 @!!id:279
#21 48.30 @!!loc:255:5:255:7
#21 48.30 @!!status:to be proved
#21 48.30 @!!END
#21 48.30 
#21 48.30 @!!BEGIN
#21 48.30 @!!type:obligation
#21 48.30 @!!id:280
#21 48.30 @!!loc:255:8:255:11
#21 48.30 @!!status:to be proved
#21 48.30 @!!END
#21 48.30 
#21 48.30 @!!BEGIN
#21 48.30 @!!type:obligation
#21 48.30 @!!id:281
#21 48.30 @!!loc:255:13:255:17
#21 48.30 @!!status:to be proved
#21 48.30 @!!END
#21 48.30 
#21 48.30 @!!BEGIN
#21 48.30 @!!type:obligation
#21 48.30 @!!id:283
#21 48.30 @!!loc:257:5:257:7
#21 48.30 @!!status:to be proved
#21 48.30 @!!END
#21 48.30 
#21 48.30 @!!BEGIN
#21 48.30 @!!type:obligation
#21 48.30 @!!id:284
#21 48.30 @!!loc:263:7:263:9
#21 48.30 @!!status:to be proved
#21 48.30 @!!END
#21 48.30 
#21 48.30 @!!BEGIN
#21 48.30 @!!type:obligation
#21 48.30 @!!id:285
#21 48.30 @!!loc:263:15:263:18
#21 48.30 @!!status:to be proved
#21 48.30 @!!END
#21 48.30 
#21 48.30 @!!BEGIN
#21 48.30 @!!type:obligation
#21 48.30 @!!id:286
#21 48.30 @!!loc:263:20:263:24
#21 48.30 @!!status:to be proved
#21 48.30 @!!END
#21 48.30 
#21 48.30 @!!BEGIN
#21 48.30 @!!type:obligation
#21 48.30 @!!id:287
#21 48.30 @!!loc:263:26:263:30
#21 48.30 @!!status:to be proved
#21 48.30 @!!END
#21 48.30 
#21 48.30 @!!BEGIN
#21 48.30 @!!type:obligation
#21 48.30 @!!id:288
#21 48.30 @!!loc:263:32:263:36
#21 48.30 @!!status:to be proved
#21 48.30 @!!END
#21 48.30 
#21 48.30 @!!BEGIN
#21 48.30 @!!type:obligation
#21 48.30 @!!id:289
#21 48.30 @!!loc:263:38:263:56
#21 48.30 @!!status:to be proved
#21 48.30 @!!END
#21 48.30 
#21 48.30 @!!BEGIN
#21 48.30 @!!type:obligation
#21 48.30 @!!id:290
#21 48.30 @!!loc:268:3:268:5
#21 48.30 @!!status:to be proved
#21 48.30 @!!END
#21 48.30 
#21 48.30 @!!BEGIN
#21 48.30 @!!type:obligation
#21 48.30 @!!id:291
#21 48.30 @!!loc:268:6:268:10
#21 48.30 @!!status:to be proved
#21 48.30 @!!END
#21 48.30 
#21 48.30 @!!BEGIN
#21 48.30 @!!type:obligation
#21 48.30 @!!id:292
#21 48.30 @!!loc:273:3:273:5
#21 48.30 @!!status:to be proved
#21 48.30 @!!END
#21 48.30 
#21 48.30 @!!BEGIN
#21 48.30 @!!type:obligation
#21 48.30 @!!id:293
#21 48.30 @!!loc:281:3:281:5
#21 48.30 @!!status:to be proved
#21 48.30 @!!END
#21 48.30 
#21 48.30 @!!BEGIN
#21 48.30 @!!type:obligation
#21 48.30 @!!id:294
#21 48.30 @!!loc:281:6:281:9
#21 48.30 @!!status:to be proved
#21 48.30 @!!END
#21 48.30 
#21 48.30 @!!BEGIN
#21 48.30 @!!type:obligation
#21 48.30 @!!id:295
#21 48.30 @!!loc:281:11:281:15
#21 48.30 @!!status:to be proved
#21 48.30 @!!END
#21 48.30 
#21 48.30 @!!BEGIN
#21 48.30 @!!type:obligation
#21 48.30 @!!id:296
#21 48.30 @!!loc:281:17:281:33
#21 48.30 @!!status:to be proved
#21 48.30 @!!END
#21 48.30 
#21 48.30 @!!BEGIN
#21 48.30 @!!type:obligation
#21 48.30 @!!id:297
#21 48.30 @!!loc:277:3:277:5
#21 48.30 @!!status:to be proved
#21 48.30 @!!END
#21 48.30 
#21 48.30 @!!BEGIN
#21 48.30 @!!type:obligation
#21 48.30 @!!id:298
#21 48.30 @!!loc:279:3:279:5
#21 48.30 @!!status:to be proved
#21 48.30 @!!END
#21 48.30 
#21 48.30 @!!BEGIN
#21 48.30 @!!type:obligation
#21 48.30 @!!id:299
#21 48.30 @!!loc:279:6:279:9
#21 48.30 @!!status:to be proved
#21 48.30 @!!END
#21 48.30 
#21 48.30 @!!BEGIN
#21 48.30 @!!type:obligation
#21 48.30 @!!id:300
#21 48.30 @!!loc:279:11:279:25
#21 48.30 @!!status:to be proved
#21 48.30 @!!END
#21 48.30 
#21 48.30 @!!BEGIN
#21 48.30 @!!type:obligation
#21 48.30 @!!id:301
#21 48.30 @!!loc:279:27:279:40
#21 48.30 @!!status:to be proved
#21 48.30 @!!END
#21 48.30 
#21 48.30 @!!BEGIN
#21 48.30 @!!type:obligation
#21 48.30 @!!id:302
#21 48.30 @!!loc:279:42:279:46
#21 48.30 @!!status:to be proved
#21 48.30 @!!END
#21 48.30 
#21 48.30 @!!BEGIN
#21 48.30 @!!type:obligationsnumber
#21 48.30 @!!count:301
#21 48.30 @!!END
#21 48.30 
#21 48.30 @!!BEGIN
#21 48.30 @!!type:obligation
#21 48.30 @!!id:2
#21 48.30 @!!loc:34:6:34:9
#21 48.30 @!!status:trivial
#21 48.30 @!!prover:tlapm
#21 48.30 @!!already:false
#21 48.30 @!!END
#21 48.30 
#21 48.30 @!!BEGIN
#21 48.30 @!!type:obligation
#21 48.30 @!!id:1
#21 48.30 @!!loc:34:3:34:5
#21 48.30 @!!status:proved
#21 48.30 @!!prover:smt
#21 48.30 @!!meth:time-limit: 5; time-used: 0.2 (5%)
#21 48.30 @!!already:false
#21 48.30 @!!END
#21 48.30 
#21 48.30 @!!BEGIN
#21 48.30 @!!type:obligation
#21 48.30 @!!id:4
#21 48.30 @!!loc:37:6:37:9
#21 48.30 @!!status:trivial
#21 48.30 @!!prover:tlapm
#21 48.30 @!!already:false
#21 48.30 @!!END
#21 48.30 
#21 48.30 @!!BEGIN
#21 48.30 @!!type:obligation
#21 48.30 @!!id:3
#21 48.30 @!!loc:37:3:37:5
#21 48.30 @!!status:proved
#21 48.30 @!!prover:smt
#21 48.30 @!!meth:time-limit: 5; time-used: 0.0 (0%)
#21 48.30 @!!already:false
#21 48.30 @!!END
#21 48.30 
#21 48.30 @!!BEGIN
#21 48.30 @!!type:obligation
#21 48.30 @!!id:6
#21 48.30 @!!loc:42:6:42:9
#21 48.30 @!!status:trivial
#21 48.30 @!!prover:tlapm
#21 48.30 @!!already:false
#21 48.30 @!!END
#21 48.30 
#21 48.30 @!!BEGIN
#21 48.30 @!!type:obligation
#21 48.30 @!!id:5
#21 48.30 @!!loc:42:3:42:5
#21 48.30 @!!status:proved
#21 48.30 @!!prover:smt
#21 48.30 @!!meth:time-limit: 5; time-used: 0.0 (0%)
#21 48.30 @!!already:false
#21 48.30 @!!END
#21 48.30 
#21 48.30 @!!BEGIN
#21 48.30 @!!type:obligation
#21 48.30 @!!id:8
#21 48.30 @!!loc:66:6:66:14
#21 48.30 @!!status:trivial
#21 48.30 @!!prover:tlapm
#21 48.30 @!!already:false
#21 48.30 @!!END
#21 48.30 
#21 48.30 @!!BEGIN
#21 48.30 @!!type:obligation
#21 48.30 @!!id:9
#21 48.30 @!!loc:71:3:71:5
#21 48.30 @!!status:proved
#21 48.30 @!!prover:smt
#21 48.30 @!!meth:time-limit: 5; time-used: 0.0 (0%)
#21 48.30 @!!already:false
#21 48.30 @!!END
#21 48.30 
#21 48.30 @!!BEGIN
#21 48.30 @!!type:obligation
#21 48.30 @!!id:10
#21 48.30 @!!loc:71:6:71:9
#21 48.30 @!!status:trivial
#21 48.30 @!!prover:tlapm
#21 48.30 @!!already:false
#21 48.30 @!!END
#21 48.30 
#21 48.30 @!!BEGIN
#21 48.30 @!!type:obligation
#21 48.30 @!!id:7
#21 48.30 @!!loc:66:3:66:5
#21 48.30 @!!status:being proved
#21 48.30 @!!prover:isabelle
#21 48.30 @!!meth:auto; time-limit: 60
#21 48.30 @!!obl:
#21 48.30 ASSUME NEW CONSTANT PREV,
#21 48.30        NEW CONSTANT TARGET,
#21 48.30        NEW CONSTANT OP,
#21 48.30        NEW CONSTANT KIND,
#21 48.30        NEW CONSTANT CPRIOR,
#21 48.30        NEW CONSTANT CDEPLOYED,
#21 48.30        NEW CONSTANT CEDITED,
#21 48.30        NEW CONSTANT NONE,
#21 48.30        NEW VARIABLE volatile,
#21 48.30        NEW VARIABLE durable,
#21 48.30        NEW VARIABLE visible,
#21 48.30        NEW VARIABLE phase,
#21 48.30        NEW VARIABLE step,
#21 48.30        NEW VARIABLE edited,
#21 48.30        NEW VARIABLE klass,
#21 48.30        NEW VARIABLE beforeRecover,
#21 48.30        TRUE 
#21 48.30 PROVE  \A live, prior, intended :
#21 48.30           (/\ NONE # [prior |-> prior, intended |-> intended]
#21 48.30            /\ NONE # [prev |-> PREV, target |-> TARGET]
#21 48.30            /\ PREV # TARGET)
#21 48.30           => (CASE (IF
#21 48.30                       [dest |-> live, current |-> PREV,
#21 48.30                        entry |-> [prior |-> prior, intended |-> intended],
#21 48.30                        marker |-> [prev |-> PREV, target |-> TARGET]].marker
#21 48.30                       = NONE
#21 48.30                       /\ [dest |-> live, current |-> PREV,
#21 48.30                           entry |-> [prior |-> prior, intended |-> intended],
#21 48.30                           marker |-> [prev |-> PREV, target |-> TARGET]].entry
#21 48.30                          = NONE
#21 48.30                       THEN "none"
#21 48.30                       ELSE IF
#21 48.30                              [dest |-> live, current |-> PREV,
#21 48.30                               entry |-> [prior |-> prior,
#21 48.30                                          intended |-> intended],
#21 48.30                               marker |-> [prev |-> PREV, target |-> TARGET]].marker
#21 48.30                              = NONE
#21 48.30                              THEN "uncommitted"
#21 48.30                              ELSE CASE [dest |-> live, current |-> PREV,
#21 48.30                                         entry |-> [prior |-> prior,
#21 48.30                                                    intended |-> intended],
#21 48.30                                         marker |-> [prev |-> PREV,
#21 48.30                                                     target |-> TARGET]].current
#21 48.30                                        = [dest |-> live, current |-> PREV,
#21 48.30                                           entry |-> [prior |-> prior,
#21 48.30                                                      intended |-> intended],
#21 48.30                                           marker |-> [prev |-> PREV,
#21 48.30                                                       target |-> TARGET]].marker.target ->
#21 48.30                                          "committed"
#21 48.30                                     [] [dest |-> live, current |-> PREV,
#21 48.30                                         entry |-> [prior |-> prior,
#21 48.30                                                    intended |-> intended],
#21 48.30                                         marker |-> [prev |-> PREV,
#21 48.30                                                     target |-> TARGET]].current
#21 48.30                                        = [dest |-> live, current |-> PREV,
#21 48.30                                           entry |-> [prior |-> prior,
#21 48.30                                                      intended |-> intended],
#21 48.30                                           marker |-> [prev |-> PREV,
#21 48.30                                                       target |-> TARGET]].marker.prev ->
#21 48.30                                          "uncommitted"
#21 48.30                                     [] OTHER -> "ambiguous")
#21 48.30                    = "committed" ->
#21 48.30                      [dest |-> [dest |-> live, current |-> PREV,
#21 48.30                                 entry |-> [prior |-> prior,
#21 48.30                                            intended |-> intended],
#21 48.30                                 marker |-> [prev |-> PREV, target |-> TARGET]].dest,
#21 48.30                       current |-> [dest |-> live, current |-> PREV,
#21 48.30                                    entry |-> [prior |-> prior,
#21 48.30                                               intended |-> intended],
#21 48.30                                    marker |-> [prev |-> PREV,
#21 48.30                                                target |-> TARGET]].current,
#21 48.30                       entry |-> NONE, marker |-> NONE]
#21 48.30                 [] (IF
#21 48.30                       [dest |-> live, current |-> PREV,
#21 48.30                        entry |-> [prior |-> prior, intended |-> intended],
#21 48.30                        marker |-> [prev |-> PREV, target |-> TARGET]].marker
#21 48.30                       = NONE
#21 48.30                       /\ [dest |-> live, current |-> PREV,
#21 48.30                           entry |-> [prior |-> prior, intended |-> intended],
#21 48.30                           marker |-> [prev |-> PREV, target |-> TARGET]].entry
#21 48.30                          = NONE
#21 48.30                       THEN "none"
#21 48.30                       ELSE IF
#21 48.30                              [dest |-> live, current |-> PREV,
#21 48.30                               entry |-> [prior |-> prior,
#21 48.30                                          intended |-> intended],
#21 48.30                               marker |-> [prev |-> PREV, target |-> TARGET]].marker
#21 48.30                              = NONE
#21 48.30                              THEN "uncommitted"
#21 48.30                              ELSE CASE [dest |-> live, current |-> PREV,
#21 48.30                                         entry |-> [prior |-> prior,
#21 48.30                                                    intended |-> intended],
#21 48.30                                         marker |-> [prev |-> PREV,
#21 48.30                                                     target |-> TARGET]].current
#21 48.30                                        = [dest |-> live, current |-> PREV,
#21 48.30                                           entry |-> [prior |-> prior,
#21 48.30                                                      intended |-> intended],
#21 48.30                                           marker |-> [prev |-> PREV,
#21 48.30                                                       target |-> TARGET]].marker.target ->
#21 48.30                                          "committed"
#21 48.30                                     [] [dest |-> live, current |-> PREV,
#21 48.30                                         entry |-> [prior |-> prior,
#21 48.30                                                    intended |-> intended],
#21 48.30                                         marker |-> [prev |-> PREV,
#21 48.30                                                     target |-> TARGET]].current
#21 48.30                                        = [dest |-> live, current |-> PREV,
#21 48.30                                           entry |-> [prior |-> prior,
#21 48.30                                                      intended |-> intended],
#21 48.30                                           marker |-> [prev |-> PREV,
#21 48.30                                                       target |-> TARGET]].marker.prev ->
#21 48.30                                          "uncommitted"
#21 48.30                                     [] OTHER -> "ambiguous")
#21 48.30                    = "uncommitted" ->
#21 48.30                      [dest |-> IF
#21 48.30                                  [dest |-> live, current |-> PREV,
#21 48.30                                   entry |-> [prior |-> prior,
#21 48.30                                              intended |-> intended],
#21 48.30                                   marker |-> [prev |-> PREV,
#21 48.30                                               target |-> TARGET]].entry
#21 48.30                                  = NONE
#21 48.30                                  THEN [dest |-> live, current |-> PREV,
#21 48.30                                        entry |-> [prior |-> prior,
#21 48.30                                                   intended |-> intended],
#21 48.30                                        marker |-> [prev |-> PREV,
#21 48.30                                                    target |-> TARGET]].dest
#21 48.30                                  ELSE IF
#21 48.30                                         Decide([dest |-> live,
#21 48.30                                                 current |-> PREV,
#21 48.30                                                 entry |-> [prior |-> prior,
#21 48.30                                                            intended |-> intended],
#21 48.30                                                 marker |-> [prev |-> PREV,
#21 48.30                                                             target |-> TARGET]].dest,
#21 48.30                                                [dest |-> live,
#21 48.30                                                 current |-> PREV,
#21 48.30                                                 entry |-> [prior |-> prior,
#21 48.30                                                            intended |-> intended],
#21 48.30                                                 marker |-> [prev |-> PREV,
#21 48.30                                                             target |-> TARGET]].entry.intended,
#21 48.30                                                [dest |-> live,
#21 48.30                                                 current |-> PREV,
#21 48.30                                                 entry |-> [prior |-> prior,
#21 48.30                                                            intended |-> intended],
#21 48.30                                                 marker |-> [prev |-> PREV,
#21 48.30                                                             target |-> TARGET]].entry.prior)
#21 48.30                                         = "restore"
#21 48.30                                         THEN [dest |-> live,
#21 48.30                                               current |-> PREV,
#21 48.30                                               entry |-> [prior |-> prior,
#21 48.30                                                          intended |-> intended],
#21 48.30                                               marker |-> [prev |-> PREV,
#21 48.30                                                           target |-> TARGET]].entry.prior
#21 48.30                                         ELSE [dest |-> live,
#21 48.30                                               current |-> PREV,
#21 48.30                                               entry |-> [prior |-> prior,
#21 48.30                                                          intended |-> intended],
#21 48.30                                               marker |-> [prev |-> PREV,
#21 48.30                                                           target |-> TARGET]].dest,
#21 48.30                       current |-> [dest |-> live, current |-> PREV,
#21 48.30                                    entry |-> [prior |-> prior,
#21 48.30                                               intended |-> intended],
#21 48.30                                    marker |-> [prev |-> PREV,
#21 48.30                                                target |-> TARGET]].current,
#21 48.30                       entry |-> NONE, marker |-> NONE]
#21 48.30                 [] OTHER ->
#21 48.30                      [dest |-> live, current |-> PREV,
#21 48.30                       entry |-> [prior |-> prior, intended |-> intended],
#21 48.30                       marker |-> [prev |-> PREV, target |-> TARGET]])
#21 48.30              = [dest |-> IF Decide(live, intended, prior) = "restore"
#21 48.30                            THEN prior
#21 48.30                            ELSE live,
#21 48.30                 current |-> PREV, entry |-> NONE, marker |-> NONE]
#21 48.30 
#21 48.30 @!!END
#21 48.30 
#21 48.30 @!!BEGIN
#21 48.30 @!!type:obligation
#21 48.30 @!!id:11
#21 48.30 @!!loc:117:3:117:5
#21 48.30 @!!status:proved
#21 48.30 @!!prover:smt
#21 48.30 @!!meth:time-limit: 5; time-used: 0.0 (0%)
#21 48.30 @!!already:false
#21 48.30 @!!END
#21 48.30 
#21 48.30 @!!BEGIN
#21 48.30 @!!type:obligation
#21 48.30 @!!id:12
#21 48.30 @!!loc:117:6:117:9
#21 48.30 @!!status:trivial
#21 48.30 @!!prover:tlapm
#21 48.30 @!!already:false
#21 48.30 @!!END
#21 48.30 
#21 48.30 @!!BEGIN
#21 48.30 @!!type:obligation
#21 48.30 @!!id:13
#21 48.30 @!!loc:117:11:117:15
#21 48.30 @!!status:trivial
#21 48.30 @!!prover:tlapm
#21 48.30 @!!already:false
#21 48.30 @!!END
#21 48.30 
#21 48.30 @!!BEGIN
#21 48.30 @!!type:obligation
#21 48.30 @!!id:14
#21 48.30 @!!loc:117:17:117:21
#21 48.30 @!!status:trivial
#21 48.30 @!!prover:tlapm
#21 48.30 @!!already:false
#21 48.30 @!!END
#21 48.30 
#21 48.30 @!!BEGIN
#21 48.30 @!!type:obligation
#21 48.30 @!!id:15
#21 48.30 @!!loc:117:23:117:27
#21 48.30 @!!status:trivial
#21 48.30 @!!prover:tlapm
#21 48.30 @!!already:false
#21 48.30 @!!END
#21 48.30 
#21 48.30 @!!BEGIN
#21 48.30 @!!type:obligation
#21 48.30 @!!id:16
#21 48.30 @!!loc:117:29:117:33
#21 48.30 @!!status:trivial
#21 48.30 @!!prover:tlapm
#21 48.30 @!!already:false
#21 48.30 @!!END
#21 48.30 
#21 48.30 @!!BEGIN
#21 48.30 @!!type:obligation
#21 48.30 @!!id:17
#21 48.30 @!!loc:117:35:117:39
#21 48.30 @!!status:trivial
#21 48.30 @!!prover:tlapm
#21 48.30 @!!already:false
#21 48.30 @!!END
#21 48.30 
#21 48.30 @!!BEGIN
#21 48.30 @!!type:obligation
#21 48.30 @!!id:18
#21 48.30 @!!loc:117:41:117:45
#21 48.30 @!!status:trivial
#21 48.30 @!!prover:tlapm
#21 48.30 @!!already:false
#21 48.30 @!!END
#21 48.30 
#21 48.30 @!!BEGIN
#21 48.30 @!!type:obligation
#21 48.30 @!!id:19
#21 48.30 @!!loc:117:47:117:51
#21 48.30 @!!status:trivial
#21 48.30 @!!prover:tlapm
#21 48.30 @!!already:false
#21 48.30 @!!END
#21 48.30 
#21 48.30 @!!BEGIN
#21 48.30 @!!type:obligation
#21 48.30 @!!id:20
#21 48.30 @!!loc:77:1:77:43
#21 48.30 @!!status:proved
#21 48.30 @!!prover:smt
#21 48.30 @!!meth:time-limit: 5; time-used: 0.0 (0%)
#21 48.30 @!!already:false
#21 48.30 @!!END
#21 48.30 
#21 48.30 @!!BEGIN
#21 48.30 @!!type:obligation
#21 48.30 @!!id:21
#21 48.30 @!!loc:77:1:77:43
#21 48.30 @!!status:trivial
#21 48.30 @!!prover:tlapm
#21 48.30 @!!already:false
#21 48.30 @!!END
#21 48.30 
#21 48.30 @!!BEGIN
#21 48.30 @!!type:obligation
#21 48.30 @!!id:22
#21 48.30 @!!loc:83:3:83:5
#21 48.30 @!!status:proved
#21 48.30 @!!prover:smt
#21 48.30 @!!meth:time-limit: 5; time-used: 0.0 (0%)
#21 48.30 @!!already:false
#21 48.30 @!!END
#21 48.30 
#21 48.30 @!!BEGIN
#21 48.30 @!!type:obligation
#21 48.30 @!!id:23
#21 48.30 @!!loc:83:6:83:9
#21 48.30 @!!status:trivial
#21 48.30 @!!prover:tlapm
#21 48.30 @!!already:false
#21 48.30 @!!END
#21 48.30 
#21 48.30 @!!BEGIN
#21 48.30 @!!type:obligation
#21 48.30 @!!id:24
#21 48.30 @!!loc:83:11:83:21
#21 48.30 @!!status:trivial
#21 48.30 @!!prover:tlapm
#21 48.30 @!!already:false
#21 48.30 @!!END
#21 48.30 
#21 48.30 @!!BEGIN
#21 48.30 @!!type:obligation
#21 48.30 @!!id:25
#21 48.30 @!!loc:83:23:83:27
#21 48.30 @!!status:trivial
#21 48.30 @!!prover:tlapm
#21 48.30 @!!already:false
#21 48.30 @!!END
#21 48.30 
#21 48.30 @!!BEGIN
#21 48.30 @!!type:obligation
#21 48.30 @!!id:26
#21 48.30 @!!loc:85:3:85:5
#21 48.30 @!!status:proved
#21 48.30 @!!prover:smt
#21 48.30 @!!meth:time-limit: 5; time-used: 0.0 (0%)
#21 48.30 @!!already:false
#21 48.30 @!!END
#21 48.30 
#21 48.30 @!!BEGIN
#21 48.30 @!!type:obligation
#21 48.30 @!!id:27
#21 48.30 @!!loc:85:6:85:9
#21 48.30 @!!status:trivial
#21 48.30 @!!prover:tlapm
#21 48.30 @!!already:false
#21 48.30 @!!END
#21 48.30 
#21 48.30 @!!BEGIN
#21 48.30 @!!type:obligation
#21 48.30 @!!id:28
#21 48.30 @!!loc:85:11:85:21
#21 48.30 @!!status:trivial
#21 48.30 @!!prover:tlapm
#21 48.30 @!!already:false
#21 48.30 @!!END
#21 48.30 
#21 48.30 @!!BEGIN
#21 48.30 @!!type:obligation
#21 48.30 @!!id:29
#21 48.30 @!!loc:85:23:85:27
#21 48.30 @!!status:trivial
#21 48.30 @!!prover:tlapm
#21 48.30 @!!already:false
#21 48.30 @!!END
#21 48.30 
#21 48.30 @!!BEGIN
#21 48.30 @!!type:obligation
#21 48.30 @!!id:30
#21 48.30 @!!loc:87:3:87:5
#21 48.30 @!!status:proved
#21 48.30 @!!prover:smt
#21 48.30 @!!meth:time-limit: 5; time-used: 0.0 (0%)
#21 48.30 @!!already:false
#21 48.30 @!!END
#21 48.30 
#21 48.30 @!!BEGIN
#21 48.30 @!!type:obligation
#21 48.30 @!!id:31
#21 48.30 @!!loc:87:6:87:9
#21 48.30 @!!status:trivial
#21 48.30 @!!prover:tlapm
#21 48.30 @!!already:false
#21 48.30 @!!END
#21 48.30 
#21 48.30 @!!BEGIN
#21 48.30 @!!type:obligation
#21 48.30 @!!id:32
#21 48.30 @!!loc:87:11:87:21
#21 48.30 @!!status:trivial
#21 48.30 @!!prover:tlapm
#21 48.30 @!!already:false
#21 48.30 @!!END
#21 48.30 
#21 48.30 @!!BEGIN
#21 48.30 @!!type:obligation
#21 48.30 @!!id:33
#21 48.30 @!!loc:87:23:87:27
#21 48.30 @!!status:trivial
#21 48.30 @!!prover:tlapm
#21 48.30 @!!already:false
#21 48.30 @!!END
#21 48.30 
#21 48.30 @!!BEGIN
#21 48.30 @!!type:obligation
#21 48.30 @!!id:34
#21 48.30 @!!loc:109:5:109:7
#21 48.30 @!!status:proved
#21 48.30 @!!prover:smt
#21 48.30 @!!meth:time-limit: 5; time-used: 0.0 (0%)
#21 48.30 @!!already:false
#21 48.30 @!!END
#21 48.30 
#21 48.30 @!!BEGIN
#21 48.30 @!!type:obligation
#21 48.30 @!!id:35
#21 48.30 @!!loc:109:8:109:12
#21 48.30 @!!status:trivial
#21 48.30 @!!prover:tlapm
#21 48.30 @!!already:false
#21 48.30 @!!END
#21 48.30 
#21 48.30 @!!BEGIN
#21 48.30 @!!type:obligation
#21 48.30 @!!id:36
#21 48.30 @!!loc:109:14:109:18
#21 48.30 @!!status:trivial
#21 48.30 @!!prover:tlapm
#21 48.30 @!!already:false
#21 48.30 @!!END
#21 48.30 
#21 48.30 @!!BEGIN
#21 48.30 @!!type:obligation
#21 48.30 @!!id:37
#21 48.30 @!!loc:90:5:90:7
#21 48.30 @!!status:proved
#21 48.30 @!!prover:smt
#21 48.30 @!!meth:time-limit: 5; time-used: 0.0 (0%)
#21 48.30 @!!already:false
#21 48.30 @!!END
#21 48.30 
#21 48.30 @!!BEGIN
#21 48.30 @!!type:obligation
#21 48.30 @!!id:38
#21 48.30 @!!loc:90:8:90:11
#21 48.30 @!!status:trivial
#21 48.30 @!!prover:tlapm
#21 48.30 @!!already:false
#21 48.30 @!!END
#21 48.30 
#21 48.30 @!!BEGIN
#21 48.30 @!!type:obligation
#21 48.30 @!!id:39
#21 48.30 @!!loc:90:13:90:23
#21 48.30 @!!status:trivial
#21 48.30 @!!prover:tlapm
#21 48.30 @!!already:false
#21 48.30 @!!END
#21 48.30 
#21 48.30 @!!BEGIN
#21 48.30 @!!type:obligation
#21 48.30 @!!id:40
#21 48.30 @!!loc:90:25:90:29
#21 48.30 @!!status:trivial
#21 48.30 @!!prover:tlapm
#21 48.30 @!!already:false
#21 48.30 @!!END
#21 48.30 
#21 48.30 @!!BEGIN
#21 48.30 @!!type:obligation
#21 48.30 @!!id:41
#21 48.30 @!!loc:90:31:90:35
#21 48.30 @!!status:trivial
#21 48.30 @!!prover:tlapm
#21 48.30 @!!already:false
#21 48.30 @!!END
#21 48.30 
#21 48.30 @!!BEGIN
#21 48.30 @!!type:obligation
#21 48.30 @!!id:42
#21 48.30 @!!loc:107:7:107:9
#21 48.30 @!!status:proved
#21 48.30 @!!prover:smt
#21 48.30 @!!meth:time-limit: 5; time-used: 0.0 (0%)
#21 48.30 @!!already:false
#21 48.30 @!!END
#21 48.30 
#21 48.30 @!!BEGIN
#21 48.30 @!!type:obligation
#21 48.30 @!!id:43
#21 48.30 @!!loc:107:10:107:13
#21 48.30 @!!status:trivial
#21 48.30 @!!prover:tlapm
#21 48.30 @!!already:false
#21 48.30 @!!END
#21 48.30 
#21 48.30 @!!BEGIN
#21 48.30 @!!type:obligation
#21 48.30 @!!id:44
#21 48.30 @!!loc:107:15:107:25
#21 48.30 @!!status:trivial
#21 48.30 @!!prover:tlapm
#21 48.30 @!!already:false
#21 48.30 @!!END
#21 48.30 
#21 48.30 @!!BEGIN
#21 48.30 @!!type:obligation
#21 48.30 @!!id:45
#21 48.30 @!!loc:107:27:107:31
#21 48.30 @!!status:trivial
#21 48.30 @!!prover:tlapm
#21 48.30 @!!already:false
#21 48.30 @!!END
#21 48.30 
#21 48.30 @!!BEGIN
#21 48.30 @!!type:obligation
#21 48.30 @!!id:46
#21 48.30 @!!loc:107:33:107:37
#21 48.30 @!!status:trivial
#21 48.30 @!!prover:tlapm
#21 48.30 @!!already:false
#21 48.30 @!!END
#21 48.30 
#21 48.30 @!!BEGIN
#21 48.30 @!!type:obligation
#21 48.30 @!!id:47
#21 48.30 @!!loc:107:39:107:43
#21 48.30 @!!status:trivial
#21 48.30 @!!prover:tlapm
#21 48.30 @!!already:false
#21 48.30 @!!END
#21 48.30 
#21 48.30 @!!BEGIN
#21 48.30 @!!type:obligation
#21 48.30 @!!id:48
#21 48.30 @!!loc:107:45:107:49
#21 48.30 @!!status:trivial
#21 48.30 @!!prover:tlapm
#21 48.30 @!!already:false
#21 48.30 @!!END
#21 48.30 
#21 48.30 @!!BEGIN
#21 48.30 @!!type:obligation
#21 48.30 @!!id:49
#21 48.30 @!!loc:107:51:107:55
#21 48.30 @!!status:trivial
#21 48.30 @!!prover:tlapm
#21 48.30 @!!already:false
#21 48.30 @!!END
#21 48.30 
#21 48.30 @!!BEGIN
#21 48.30 @!!type:obligation
#21 48.30 @!!id:50
#21 48.30 @!!loc:107:57:107:69
#21 48.30 @!!status:trivial
#21 48.30 @!!prover:tlapm
#21 48.30 @!!already:false
#21 48.30 @!!END
#21 48.30 
#21 48.30 @!!BEGIN
#21 48.30 @!!type:obligation
#21 48.30 @!!id:51
#21 48.30 @!!loc:95:7:95:9
#21 48.30 @!!status:proved
#21 48.30 @!!prover:smt
#21 48.30 @!!meth:time-limit: 5; time-used: 0.0 (0%)
#21 48.30 @!!already:false
#21 48.30 @!!END
#21 48.30 
#21 48.30 @!!BEGIN
#21 48.30 @!!type:obligation
#21 48.30 @!!id:52
#21 48.30 @!!loc:95:10:95:13
#21 48.30 @!!status:trivial
#21 48.30 @!!prover:tlapm
#21 48.30 @!!already:false
#21 48.30 @!!END
#21 48.30 
#21 48.30 @!!BEGIN
#21 48.30 @!!type:obligation
#21 48.30 @!!id:53
#21 48.30 @!!loc:95:15:95:19
#21 48.30 @!!status:trivial
#21 48.30 @!!prover:tlapm
#21 48.30 @!!already:false
#21 48.30 @!!END
#21 48.30 
#21 48.30 @!!BEGIN
#21 48.30 @!!type:obligation
#21 48.30 @!!id:54
#21 48.30 @!!loc:95:21:95:25
#21 48.30 @!!status:trivial
#21 48.30 @!!prover:tlapm
#21 48.30 @!!already:false
#21 48.30 @!!END
#21 48.30 
#21 48.30 @!!BEGIN
#21 48.30 @!!type:obligation
#21 48.30 @!!id:55
#21 48.30 @!!loc:97:7:97:9
#21 48.30 @!!status:proved
#21 48.30 @!!prover:smt
#21 48.30 @!!meth:time-limit: 5; time-used: 0.0 (0%)
#21 48.30 @!!already:false
#21 48.30 @!!END
#21 48.30 
#21 48.30 @!!BEGIN
#21 48.30 @!!type:obligation
#21 48.30 @!!id:56
#21 48.30 @!!loc:97:10:97:13
#21 48.30 @!!status:trivial
#21 48.30 @!!prover:tlapm
#21 48.30 @!!already:false
#21 48.30 @!!END
#21 48.30 
#21 48.30 @!!BEGIN
#21 48.30 @!!type:obligation
#21 48.30 @!!id:57
#21 48.30 @!!loc:97:15:97:25
#21 48.30 @!!status:trivial
#21 48.30 @!!prover:tlapm
#21 48.30 @!!already:false
#21 48.30 @!!END
#21 48.30 
#21 48.30 @!!BEGIN
#21 48.30 @!!type:obligation
#21 48.30 @!!id:58
#21 48.30 @!!loc:97:27:97:31
#21 48.30 @!!status:trivial
#21 48.30 @!!prover:tlapm
#21 48.30 @!!already:false
#21 48.30 @!!END
#21 48.30 
#21 48.30 @!!BEGIN
#21 48.30 @!!type:obligation
#21 48.30 @!!id:59
#21 48.30 @!!loc:97:33:97:37
#21 48.30 @!!status:trivial
#21 48.30 @!!prover:tlapm
#21 48.30 @!!already:false
#21 48.30 @!!END
#21 48.30 
#21 48.30 @!!BEGIN
#21 48.30 @!!type:obligation
#21 48.30 @!!id:60
#21 48.30 @!!loc:104:9:104:11
#21 48.30 @!!status:proved
#21 48.30 @!!prover:smt
#21 48.30 @!!meth:time-limit: 5; time-used: 0.0 (0%)
#21 48.30 @!!already:false
#21 48.30 @!!END
#21 48.30 
#21 48.30 @!!BEGIN
#21 48.30 @!!type:obligation
#21 48.30 @!!id:61
#21 48.30 @!!loc:104:17:104:20
#21 48.30 @!!status:trivial
#21 48.30 @!!prover:tlapm
#21 48.30 @!!already:false
#21 48.30 @!!END
#21 48.30 
#21 48.30 @!!BEGIN
#21 48.30 @!!type:obligation
#21 48.30 @!!id:62
#21 48.30 @!!loc:104:22:104:32
#21 48.30 @!!status:trivial
#21 48.30 @!!prover:tlapm
#21 48.30 @!!already:false
#21 48.30 @!!END
#21 48.30 
#21 48.30 @!!BEGIN
#21 48.30 @!!type:obligation
#21 48.30 @!!id:63
#21 48.30 @!!loc:104:34:104:49
#21 48.30 @!!status:trivial
#21 48.30 @!!prover:tlapm
#21 48.30 @!!already:false
#21 48.30 @!!END
#21 48.30 
#21 48.30 @!!BEGIN
#21 48.30 @!!type:obligation
#21 48.30 @!!id:64
#21 48.30 @!!loc:104:51:104:55
#21 48.30 @!!status:trivial
#21 48.30 @!!prover:tlapm
#21 48.30 @!!already:false
#21 48.30 @!!END
#21 48.30 
#21 48.30 @!!BEGIN
#21 48.30 @!!type:obligation
#21 48.30 @!!id:65
#21 48.30 @!!loc:111:3:111:5
#21 48.30 @!!status:proved
#21 48.30 @!!prover:smt
#21 48.30 @!!meth:time-limit: 5; time-used: 0.0 (0%)
#21 48.30 @!!already:false
#21 48.30 @!!END
#21 48.30 
#21 48.30 @!!BEGIN
#21 48.30 @!!type:obligation
#21 48.30 @!!id:66
#21 48.30 @!!loc:111:6:111:9
#21 48.30 @!!status:trivial
#21 48.30 @!!prover:tlapm
#21 48.30 @!!already:false
#21 48.30 @!!END
#21 48.30 
#21 48.30 @!!BEGIN
#21 48.30 @!!type:obligation
#21 48.30 @!!id:67
#21 48.30 @!!loc:111:11:111:21
#21 48.30 @!!status:trivial
#21 48.30 @!!prover:tlapm
#21 48.30 @!!already:false
#21 48.30 @!!END
#21 48.30 
#21 48.30 @!!BEGIN
#21 48.30 @!!type:obligation
#21 48.30 @!!id:68
#21 48.30 @!!loc:111:23:111:27
#21 48.30 @!!status:trivial
#21 48.30 @!!prover:tlapm
#21 48.30 @!!already:false
#21 48.30 @!!END
#21 48.30 
#21 48.30 @!!BEGIN
#21 48.30 @!!type:obligation
#21 48.30 @!!id:69
#21 48.30 @!!loc:113:3:113:5
#21 48.30 @!!status:proved
#21 48.30 @!!prover:smt
#21 48.30 @!!meth:time-limit: 5; time-used: 0.0 (0%)
#21 48.30 @!!already:false
#21 48.30 @!!END
#21 48.30 
#21 48.30 @!!BEGIN
#21 48.30 @!!type:obligation
#21 48.30 @!!id:70
#21 48.30 @!!loc:113:6:113:9
#21 48.30 @!!status:trivial
#21 48.30 @!!prover:tlapm
#21 48.30 @!!already:false
#21 48.30 @!!END
#21 48.30 
#21 48.30 @!!BEGIN
#21 48.30 @!!type:obligation
#21 48.30 @!!id:71
#21 48.30 @!!loc:113:11:113:21
#21 48.30 @!!status:trivial
#21 48.30 @!!prover:tlapm
#21 48.30 @!!already:false
#21 48.30 @!!END
#21 48.30 
#21 48.30 @!!BEGIN
#21 48.30 @!!type:obligation
#21 48.30 @!!id:72
#21 48.30 @!!loc:113:23:113:27
#21 48.30 @!!status:trivial
#21 48.30 @!!prover:tlapm
#21 48.30 @!!already:false
#21 48.30 @!!END
#21 48.30 
#21 48.30 @!!BEGIN
#21 48.30 @!!type:obligation
#21 48.30 @!!id:73
#21 48.30 @!!loc:115:3:115:5
#21 48.30 @!!status:proved
#21 48.30 @!!prover:smt
#21 48.30 @!!meth:time-limit: 5; time-used: 0.0 (0%)
#21 48.30 @!!already:false
#21 48.30 @!!END
#21 48.30 
#21 48.30 @!!BEGIN
#21 48.30 @!!type:obligation
#21 48.30 @!!id:74
#21 48.30 @!!loc:115:6:115:9
#21 48.30 @!!status:trivial
#21 48.30 @!!prover:tlapm
#21 48.30 @!!already:false
#21 48.30 @!!END
#21 48.30 
#21 48.30 @!!BEGIN
#21 48.30 @!!type:obligation
#21 48.30 @!!id:75
#21 48.30 @!!loc:115:11:115:21
#21 48.30 @!!status:trivial
#21 48.30 @!!prover:tlapm
#21 48.30 @!!already:false
#21 48.30 @!!END
#21 48.30 
#21 48.30 @!!BEGIN
#21 48.30 @!!type:obligation
#21 48.30 @!!id:76
#21 48.30 @!!loc:115:23:115:27
#21 48.30 @!!status:trivial
#21 48.30 @!!prover:tlapm
#21 48.30 @!!already:false
#21 48.30 @!!END
#21 48.30 
#21 48.30 @!!BEGIN
#21 48.30 @!!type:obligation
#21 48.30 @!!id:77
#21 48.30 @!!loc:145:3:145:5
#21 48.30 @!!status:proved
#21 48.30 @!!prover:smt
#21 48.30 @!!meth:time-limit: 5; time-used: 0.0 (0%)
#21 48.30 @!!already:false
#21 48.30 @!!END
#21 48.30 
#21 48.30 @!!BEGIN
#21 48.30 @!!type:obligation
#21 48.30 @!!id:78
#21 48.30 @!!loc:145:6:145:9
#21 48.30 @!!status:trivial
#21 48.30 @!!prover:tlapm
#21 48.30 @!!already:false
#21 48.30 @!!END
#21 48.30 
#21 48.30 @!!BEGIN
#21 48.30 @!!type:obligation
#21 48.30 @!!id:79
#21 48.30 @!!loc:145:11:145:21
#21 48.30 @!!status:trivial
#21 48.30 @!!prover:tlapm
#21 48.30 @!!already:false
#21 48.30 @!!END
#21 48.30 
#21 48.30 @!!BEGIN
#21 48.30 @!!type:obligation
#21 48.30 @!!id:80
#21 48.30 @!!loc:270:3:270:5
#21 48.30 @!!status:proved
#21 48.30 @!!prover:smt
#21 48.30 @!!meth:time-limit: 5; time-used: 0.0 (0%)
#21 48.30 @!!already:false
#21 48.30 @!!END
#21 48.30 
#21 48.30 @!!BEGIN
#21 48.30 @!!type:obligation
#21 48.30 @!!id:81
#21 48.30 @!!loc:270:6:270:10
#21 48.30 @!!status:trivial
#21 48.30 @!!prover:tlapm
#21 48.30 @!!already:false
#21 48.30 @!!END
#21 48.30 
#21 48.30 @!!BEGIN
#21 48.30 @!!type:obligation
#21 48.30 @!!id:82
#21 48.30 @!!loc:270:12:270:16
#21 48.30 @!!status:trivial
#21 48.30 @!!prover:tlapm
#21 48.30 @!!already:false
#21 48.30 @!!END
#21 48.30 
#21 48.30 @!!BEGIN
#21 48.30 @!!type:obligation
#21 48.30 @!!id:83
#21 48.30 @!!loc:270:18:270:22
#21 48.30 @!!status:trivial
#21 48.30 @!!prover:tlapm
#21 48.30 @!!already:false
#21 48.30 @!!END
#21 48.30 
#21 48.30 @!!BEGIN
#21 48.30 @!!type:obligation
#21 48.30 @!!id:84
#21 48.30 @!!loc:270:24:270:28
#21 48.30 @!!status:trivial
#21 48.30 @!!prover:tlapm
#21 48.30 @!!already:false
#21 48.30 @!!END
#21 48.30 
#21 48.30 @!!BEGIN
#21 48.30 @!!type:obligation
#21 48.30 @!!id:85
#21 48.30 @!!loc:270:30:270:34
#21 48.30 @!!status:trivial
#21 48.30 @!!prover:tlapm
#21 48.30 @!!already:false
#21 48.30 @!!END
#21 48.30 
#21 48.30 @!!BEGIN
#21 48.30 @!!type:obligation
#21 48.30 @!!id:86
#21 48.30 @!!loc:270:36:270:40
#21 48.30 @!!status:trivial
#21 48.30 @!!prover:tlapm
#21 48.30 @!!already:false
#21 48.30 @!!END
#21 48.30 
#21 48.30 @!!BEGIN
#21 48.30 @!!type:obligation
#21 48.30 @!!id:87
#21 48.30 @!!loc:270:42:270:46
#21 48.30 @!!status:trivial
#21 48.30 @!!prover:tlapm
#21 48.30 @!!already:false
#21 48.30 @!!END
#21 48.30 
#21 48.30 @!!BEGIN
#21 48.30 @!!type:obligation
#21 48.30 @!!id:88
#21 48.30 @!!loc:270:48:270:52
#21 48.30 @!!status:trivial
#21 48.30 @!!prover:tlapm
#21 48.30 @!!already:false
#21 48.30 @!!END
#21 48.30 
#21 48.30 @!!BEGIN
#21 48.30 @!!type:obligation
#21 48.30 @!!id:89
#21 48.30 @!!loc:152:3:152:10
#21 48.30 @!!status:proved
#21 48.30 @!!prover:smt
#21 48.30 @!!meth:time-limit: 5; time-used: 0.0 (0%)
#21 48.30 @!!already:false
#21 48.30 @!!END
#21 48.30 
#21 48.30 @!!BEGIN
#21 48.30 @!!type:obligation
#21 48.30 @!!id:90
#21 48.30 @!!loc:153:9:153:18
#21 48.30 @!!status:trivial
#21 48.30 @!!prover:tlapm
#21 48.30 @!!already:false
#21 48.30 @!!END
#21 48.30 
#21 48.30 @!!BEGIN
#21 48.30 @!!type:obligation
#21 48.30 @!!id:91
#21 48.30 @!!loc:153:20:153:31
#21 48.30 @!!status:trivial
#21 48.30 @!!prover:tlapm
#21 48.30 @!!already:false
#21 48.30 @!!END
#21 48.30 
#21 48.30 @!!BEGIN
#21 48.30 @!!type:obligation
#21 48.30 @!!id:92
#21 48.30 @!!loc:198:5:198:7
#21 48.30 @!!status:proved
#21 48.30 @!!prover:smt
#21 48.30 @!!meth:time-limit: 5; time-used: 0.0 (1%)
#21 48.30 @!!already:false
#21 48.30 @!!END
#21 48.30 
#21 48.30 @!!BEGIN
#21 48.30 @!!type:obligation
#21 48.30 @!!id:93
#21 48.30 @!!loc:198:8:198:11
#21 48.30 @!!status:trivial
#21 48.30 @!!prover:tlapm
#21 48.30 @!!already:false
#21 48.30 @!!END
#21 48.30 
#21 48.30 @!!BEGIN
#21 48.30 @!!type:obligation
#21 48.30 @!!id:94
#21 48.30 @!!loc:198:13:198:17
#21 48.30 @!!status:trivial
#21 48.30 @!!prover:tlapm
#21 48.30 @!!already:false
#21 48.30 @!!END
#21 48.30 
#21 48.30 @!!BEGIN
#21 48.30 @!!type:obligation
#21 48.30 @!!id:95
#21 48.30 @!!loc:198:19:198:23
#21 48.30 @!!status:trivial
#21 48.30 @!!prover:tlapm
#21 48.30 @!!already:false
#21 48.30 @!!END
#21 48.30 
#21 48.30 @!!BEGIN
#21 48.30 @!!type:obligation
#21 48.30 @!!id:96
#21 48.30 @!!loc:198:25:198:29
#21 48.30 @!!status:trivial
#21 48.30 @!!prover:tlapm
#21 48.30 @!!already:false
#21 48.30 @!!END
#21 48.30 
#21 48.30 @!!BEGIN
#21 48.30 @!!type:obligation
#21 48.30 @!!id:97
#21 48.30 @!!loc:198:31:198:35
#21 48.30 @!!status:trivial
#21 48.30 @!!prover:tlapm
#21 48.30 @!!already:false
#21 48.30 @!!END
#21 48.30 
#21 48.30 @!!BEGIN
#21 48.30 @!!type:obligation
#21 48.30 @!!id:98
#21 48.30 @!!loc:198:37:198:41
#21 48.30 @!!status:trivial
#21 48.30 @!!prover:tlapm
#21 48.30 @!!already:false
#21 48.30 @!!END
#21 48.30 
#21 48.30 @!!BEGIN
#21 48.30 @!!type:obligation
#21 48.30 @!!id:99
#21 48.30 @!!loc:198:43:198:47
#21 48.30 @!!status:trivial
#21 48.30 @!!prover:tlapm
#21 48.30 @!!already:false
#21 48.30 @!!END
#21 48.30 
#21 48.30 @!!BEGIN
#21 48.30 @!!type:obligation
#21 48.30 @!!id:100
#21 48.30 @!!loc:198:49:198:53
#21 48.30 @!!status:trivial
#21 48.30 @!!prover:tlapm
#21 48.30 @!!already:false
#21 48.30 @!!END
#21 48.30 
#21 48.30 @!!BEGIN
#21 48.30 @!!type:obligation
#21 48.30 @!!id:101
#21 48.30 @!!loc:161:5:161:7
#21 48.30 @!!status:proved
#21 48.30 @!!prover:smt
#21 48.30 @!!meth:time-limit: 5; time-used: 0.0 (0%)
#21 48.30 @!!already:false
#21 48.30 @!!END
#21 48.30 
#21 48.30 @!!BEGIN
#21 48.30 @!!type:obligation
#21 48.30 @!!id:102
#21 48.30 @!!loc:161:8:161:11
#21 48.30 @!!status:trivial
#21 48.30 @!!prover:tlapm
#21 48.30 @!!already:false
#21 48.30 @!!END
#21 48.30 
#21 48.30 @!!BEGIN
#21 48.30 @!!type:obligation
#21 48.30 @!!id:103
#21 48.30 @!!loc:161:13:161:23
#21 48.30 @!!status:trivial
#21 48.30 @!!prover:tlapm
#21 48.30 @!!already:false
#21 48.30 @!!END
#21 48.30 
#21 48.30 @!!BEGIN
#21 48.30 @!!type:obligation
#21 48.30 @!!id:104
#21 48.30 @!!loc:161:25:161:29
#21 48.30 @!!status:trivial
#21 48.30 @!!prover:tlapm
#21 48.30 @!!already:false
#21 48.30 @!!END
#21 48.30 
#21 48.30 @!!BEGIN
#21 48.30 @!!type:obligation
#21 48.30 @!!id:105
#21 48.30 @!!loc:161:31:161:35
#21 48.30 @!!status:trivial
#21 48.30 @!!prover:tlapm
#21 48.30 @!!already:false
#21 48.30 @!!END
#21 48.30 
#21 48.30 @!!BEGIN
#21 48.30 @!!type:obligation
#21 48.30 @!!id:106
#21 48.30 @!!loc:188:7:188:9
#21 48.30 @!!status:proved
#21 48.30 @!!prover:smt
#21 48.30 @!!meth:time-limit: 5; time-used: 0.0 (1%)
#21 48.30 @!!already:false
#21 48.30 @!!END
#21 48.30 
#21 48.30 @!!BEGIN
#21 48.30 @!!type:obligation
#21 48.30 @!!id:107
#21 48.30 @!!loc:188:10:188:14
#21 48.30 @!!status:trivial
#21 48.30 @!!prover:tlapm
#21 48.30 @!!already:false
#21 48.30 @!!END
#21 48.30 
#21 48.30 @!!BEGIN
#21 48.30 @!!type:obligation
#21 48.30 @!!id:108
#21 48.30 @!!loc:188:16:188:20
#21 48.30 @!!status:trivial
#21 48.30 @!!prover:tlapm
#21 48.30 @!!already:false
#21 48.30 @!!END
#21 48.30 
#21 48.30 @!!BEGIN
#21 48.30 @!!type:obligation
#21 48.30 @!!id:109
#21 48.30 @!!loc:188:22:188:26
#21 48.30 @!!status:trivial
#21 48.30 @!!prover:tlapm
#21 48.30 @!!already:false
#21 48.30 @!!END
#21 48.30 
#21 48.30 @!!BEGIN
#21 48.30 @!!type:obligation
#21 48.30 @!!id:110
#21 48.30 @!!loc:188:28:188:32
#21 48.30 @!!status:trivial
#21 48.30 @!!prover:tlapm
#21 48.30 @!!already:false
#21 48.30 @!!END
#21 48.30 
#21 48.30 @!!BEGIN
#21 48.30 @!!type:obligation
#21 48.30 @!!id:111
#21 48.30 @!!loc:188:34:188:38
#21 48.30 @!!status:trivial
#21 48.30 @!!prover:tlapm
#21 48.30 @!!already:false
#21 48.30 @!!END
#21 48.30 
#21 48.30 @!!BEGIN
#21 48.30 @!!type:obligation
#21 48.30 @!!id:112
#21 48.30 @!!loc:164:7:164:9
#21 48.30 @!!status:proved
#21 48.30 @!!prover:smt
#21 48.30 @!!meth:time-limit: 5; time-used: 0.0 (0%)
#21 48.30 @!!already:false
#21 48.30 @!!END
#21 48.30 
#21 48.30 @!!BEGIN
#21 48.30 @!!type:obligation
#21 48.30 @!!id:113
#21 48.30 @!!loc:164:10:164:13
#21 48.30 @!!status:trivial
#21 48.30 @!!prover:tlapm
#21 48.30 @!!already:false
#21 48.30 @!!END
#21 48.30 
#21 48.30 @!!BEGIN
#21 48.30 @!!type:obligation
#21 48.30 @!!id:114
#21 48.30 @!!loc:164:15:164:19
#21 48.30 @!!status:trivial
#21 48.30 @!!prover:tlapm
#21 48.30 @!!already:false
#21 48.30 @!!END
#21 48.30 
#21 48.30 @!!BEGIN
#21 48.30 @!!type:obligation
#21 48.30 @!!id:115
#21 48.30 @!!loc:164:21:164:25
#21 48.30 @!!status:trivial
#21 48.30 @!!prover:tlapm
#21 48.30 @!!already:false
#21 48.30 @!!END
#21 48.30 
#21 48.30 @!!BEGIN
#21 48.30 @!!type:obligation
#21 48.30 @!!id:116
#21 48.30 @!!loc:170:9:170:11
#21 48.30 @!!status:proved
#21 48.30 @!!prover:smt
#21 48.30 @!!meth:time-limit: 5; time-used: 0.0 (0%)
#21 48.30 @!!already:false
#21 48.30 @!!END
#21 48.30 
#21 48.30 @!!BEGIN
#21 48.30 @!!type:obligation
#21 48.30 @!!id:117
#21 48.30 @!!loc:170:17:170:20
#21 48.30 @!!status:trivial
#21 48.30 @!!prover:tlapm
#21 48.30 @!!already:false
#21 48.30 @!!END
#21 48.30 
#21 48.30 @!!BEGIN
#21 48.30 @!!type:obligation
#21 48.30 @!!id:118
#21 48.30 @!!loc:170:22:170:26
#21 48.30 @!!status:trivial
#21 48.30 @!!prover:tlapm
#21 48.30 @!!already:false
#21 48.30 @!!END
#21 48.30 
#21 48.30 @!!BEGIN
#21 48.30 @!!type:obligation
#21 48.30 @!!id:119
#21 48.30 @!!loc:170:28:170:32
#21 48.30 @!!status:trivial
#21 48.30 @!!prover:tlapm
#21 48.30 @!!already:false
#21 48.30 @!!END
#21 48.30 
#21 48.30 @!!BEGIN
#21 48.30 @!!type:obligation
#21 48.30 @!!id:120
#21 48.30 @!!loc:170:34:170:38
#21 48.30 @!!status:trivial
#21 48.30 @!!prover:tlapm
#21 48.30 @!!already:false
#21 48.30 @!!END
#21 48.30 
#21 48.30 @!!BEGIN
#21 48.30 @!!type:obligation
#21 48.30 @!!id:121
#21 48.30 @!!loc:170:40:170:51
#21 48.30 @!!status:trivial
#21 48.30 @!!prover:tlapm
#21 48.30 @!!already:false
#21 48.30 @!!END
#21 48.30 
#21 48.30 @!!BEGIN
#21 48.30 @!!type:obligation
#21 48.30 @!!id:122
#21 48.30 @!!loc:172:7:172:9
#21 48.30 @!!status:proved
#21 48.30 @!!prover:smt
#21 48.30 @!!meth:time-limit: 5; time-used: 0.0 (0%)
#21 48.30 @!!already:false
#21 48.30 @!!END
#21 48.30 
#21 48.30 @!!BEGIN
#21 48.30 @!!type:obligation
#21 48.30 @!!id:123
#21 48.30 @!!loc:172:10:172:13
#21 48.30 @!!status:trivial
#21 48.30 @!!prover:tlapm
#21 48.30 @!!already:false
#21 48.30 @!!END
#21 48.30 
#21 48.30 @!!BEGIN
#21 48.30 @!!type:obligation
#21 48.30 @!!id:124
#21 48.30 @!!loc:172:15:172:25
#21 48.30 @!!status:trivial
#21 48.30 @!!prover:tlapm
#21 48.30 @!!already:false
#21 48.30 @!!END
#21 48.30 
#21 48.30 @!!BEGIN
#21 48.30 @!!type:obligation
#21 48.30 @!!id:125
#21 48.30 @!!loc:172:27:172:31
#21 48.30 @!!status:trivial
#21 48.30 @!!prover:tlapm
#21 48.30 @!!already:false
#21 48.30 @!!END
#21 48.30 
#21 48.30 @!!BEGIN
#21 48.30 @!!type:obligation
#21 48.30 @!!id:126
#21 48.30 @!!loc:172:33:172:37
#21 48.30 @!!status:trivial
#21 48.30 @!!prover:tlapm
#21 48.30 @!!already:false
#21 48.30 @!!END
#21 48.30 
#21 48.30 @!!BEGIN
#21 48.30 @!!type:obligation
#21 48.30 @!!id:127
#21 48.30 @!!loc:172:39:172:43
#21 48.30 @!!status:trivial
#21 48.30 @!!prover:tlapm
#21 48.30 @!!already:false
#21 48.30 @!!END
#21 48.30 
#21 48.30 @!!BEGIN
#21 48.30 @!!type:obligation
#21 48.30 @!!id:7
#21 48.30 @!!loc:66:3:66:5
#21 48.30 @!!status:proved
#21 48.30 @!!prover:isabelle
#21 48.30 @!!meth:auto; time-limit: 60; time-used: 23.6 (39%)
#21 48.30 @!!already:false
#21 48.30 @!!END
#21 48.30 
#21 48.30 @!!BEGIN
#21 48.30 @!!type:obligation
#21 48.30 @!!id:129
#21 48.30 @!!loc:174:10:174:13
#21 48.30 @!!status:trivial
#21 48.30 @!!prover:tlapm
#21 48.30 @!!already:false
#21 48.30 @!!END
#21 48.30 
#21 48.30 @!!BEGIN
#21 48.30 @!!type:obligation
#21 48.30 @!!id:130
#21 48.30 @!!loc:174:15:174:19
#21 48.30 @!!status:trivial
#21 48.30 @!!prover:tlapm
#21 48.30 @!!already:false
#21 48.30 @!!END
#21 48.30 
#21 48.30 @!!BEGIN
#21 48.30 @!!type:obligation
#21 48.30 @!!id:128
#21 48.30 @!!loc:174:7:174:9
#21 48.30 @!!status:proved
#21 48.30 @!!prover:smt
#21 48.30 @!!meth:time-limit: 5; time-used: 0.4 (8%)
#21 48.30 @!!already:false
#21 48.30 @!!END
#21 48.30 
#21 48.30 @!!BEGIN
#21 48.30 @!!type:obligation
#21 48.30 @!!id:132
#21 48.30 @!!loc:176:10:176:13
#21 48.30 @!!status:trivial
#21 48.30 @!!prover:tlapm
#21 48.30 @!!already:false
#21 48.30 @!!END
#21 48.30 
#21 48.30 @!!BEGIN
#21 48.30 @!!type:obligation
#21 48.30 @!!id:133
#21 48.30 @!!loc:176:15:176:19
#21 48.30 @!!status:trivial
#21 48.30 @!!prover:tlapm
#21 48.30 @!!already:false
#21 48.30 @!!END
#21 48.30 
#21 48.30 @!!BEGIN
#21 48.30 @!!type:obligation
#21 48.30 @!!id:131
#21 48.30 @!!loc:176:7:176:9
#21 48.30 @!!status:proved
#21 48.30 @!!prover:smt
#21 48.30 @!!meth:time-limit: 5; time-used: 0.5 (9%)
#21 48.30 @!!already:false
#21 48.30 @!!END
#21 48.30 
#21 48.30 @!!BEGIN
#21 48.30 @!!type:obligation
#21 48.30 @!!id:135
#21 48.30 @!!loc:184:10:184:13
#21 48.30 @!!status:trivial
#21 48.30 @!!prover:tlapm
#21 48.30 @!!already:false
#21 48.30 @!!END
#21 48.30 
#21 48.30 @!!BEGIN
#21 48.30 @!!type:obligation
#21 48.30 @!!id:136
#21 48.30 @!!loc:184:15:184:25
#21 48.30 @!!status:trivial
#21 48.30 @!!prover:tlapm
#21 48.30 @!!already:false
#21 48.30 @!!END
#21 48.30 
#21 48.30 @!!BEGIN
#21 48.30 @!!type:obligation
#21 48.30 @!!id:137
#21 48.30 @!!loc:184:27:184:31
#21 48.30 @!!status:trivial
#21 48.30 @!!prover:tlapm
#21 48.30 @!!already:false
#21 48.30 @!!END
#21 48.30 
#21 48.30 @!!BEGIN
#21 48.30 @!!type:obligation
#21 48.30 @!!id:138
#21 48.30 @!!loc:184:33:184:37
#21 48.30 @!!status:trivial
#21 48.30 @!!prover:tlapm
#21 48.30 @!!already:false
#21 48.30 @!!END
#21 48.30 
#21 48.30 @!!BEGIN
#21 48.30 @!!type:obligation
#21 48.30 @!!id:134
#21 48.30 @!!loc:184:7:184:9
#21 48.30 @!!status:proved
#21 48.30 @!!prover:smt
#21 48.30 @!!meth:time-limit: 5; time-used: 0.4 (8%)
#21 48.30 @!!already:false
#21 48.30 @!!END
#21 48.30 
#21 48.30 @!!BEGIN
#21 48.30 @!!type:obligation
#21 48.30 @!!id:140
#21 48.30 @!!loc:186:10:186:13
#21 48.30 @!!status:trivial
#21 48.30 @!!prover:tlapm
#21 48.30 @!!already:false
#21 48.30 @!!END
#21 48.30 
#21 48.30 @!!BEGIN
#21 48.30 @!!type:obligation
#21 48.30 @!!id:141
#21 48.30 @!!loc:186:15:186:19
#21 48.30 @!!status:trivial
#21 48.30 @!!prover:tlapm
#21 48.30 @!!already:false
#21 48.30 @!!END
#21 48.30 
#21 48.30 @!!BEGIN
#21 48.30 @!!type:obligation
#21 48.30 @!!id:139
#21 48.30 @!!loc:186:7:186:9
#21 48.30 @!!status:proved
#21 48.30 @!!prover:smt
#21 48.30 @!!meth:time-limit: 5; time-used: 0.6 (13%)
#21 48.30 @!!already:false
#21 48.30 @!!END
#21 48.30 
#21 48.30 @!!BEGIN
#21 48.30 @!!type:obligation
#21 48.30 @!!id:143
#21 48.30 @!!loc:190:8:190:11
#21 48.30 @!!status:trivial
#21 48.30 @!!prover:tlapm
#21 48.30 @!!already:false
#21 48.30 @!!END
#21 48.30 
#21 48.30 @!!BEGIN
#21 48.30 @!!type:obligation
#21 48.30 @!!id:144
#21 48.30 @!!loc:190:13:190:23
#21 48.30 @!!status:trivial
#21 48.30 @!!prover:tlapm
#21 48.30 @!!already:false
#21 48.30 @!!END
#21 48.30 
#21 48.30 @!!BEGIN
#21 48.30 @!!type:obligation
#21 48.30 @!!id:145
#21 48.30 @!!loc:190:25:190:29
#21 48.30 @!!status:trivial
#21 48.30 @!!prover:tlapm
#21 48.30 @!!already:false
#21 48.30 @!!END
#21 48.30 
#21 48.30 @!!BEGIN
#21 48.30 @!!type:obligation
#21 48.30 @!!id:146
#21 48.30 @!!loc:190:31:190:35
#21 48.30 @!!status:trivial
#21 48.30 @!!prover:tlapm
#21 48.30 @!!already:false
#21 48.30 @!!END
#21 48.30 
#21 48.30 @!!BEGIN
#21 48.30 @!!type:obligation
#21 48.30 @!!id:142
#21 48.30 @!!loc:190:5:190:7
#21 48.30 @!!status:proved
#21 48.30 @!!prover:smt
#21 48.30 @!!meth:time-limit: 5; time-used: 0.7 (13%)
#21 48.30 @!!already:false
#21 48.30 @!!END
#21 48.30 
#21 48.30 @!!BEGIN
#21 48.30 @!!type:obligation
#21 48.30 @!!id:148
#21 48.30 @!!loc:192:8:192:11
#21 48.30 @!!status:trivial
#21 48.30 @!!prover:tlapm
#21 48.30 @!!already:false
#21 48.30 @!!END
#21 48.30 
#21 48.30 @!!BEGIN
#21 48.30 @!!type:obligation
#21 48.30 @!!id:149
#21 48.30 @!!loc:192:13:192:23
#21 48.30 @!!status:trivial
#21 48.30 @!!prover:tlapm
#21 48.30 @!!already:false
#21 48.30 @!!END
#21 48.30 
#21 48.30 @!!BEGIN
#21 48.30 @!!type:obligation
#21 48.30 @!!id:150
#21 48.30 @!!loc:192:25:192:29
#21 48.30 @!!status:trivial
#21 48.30 @!!prover:tlapm
#21 48.30 @!!already:false
#21 48.30 @!!END
#21 48.30 
#21 48.30 @!!BEGIN
#21 48.30 @!!type:obligation
#21 48.30 @!!id:151
#21 48.30 @!!loc:192:31:192:35
#21 48.30 @!!status:trivial
#21 48.30 @!!prover:tlapm
#21 48.30 @!!already:false
#21 48.30 @!!END
#21 48.30 
#21 48.30 @!!BEGIN
#21 48.30 @!!type:obligation
#21 48.30 @!!id:147
#21 48.30 @!!loc:192:5:192:7
#21 48.30 @!!status:proved
#21 48.30 @!!prover:smt
#21 48.30 @!!meth:time-limit: 5; time-used: 0.7 (14%)
#21 48.30 @!!already:false
#21 48.30 @!!END
#21 48.30 
#21 48.30 @!!BEGIN
#21 48.30 @!!type:obligation
#21 48.30 @!!id:153
#21 48.30 @!!loc:194:8:194:11
#21 48.30 @!!status:trivial
#21 48.30 @!!prover:tlapm
#21 48.30 @!!already:false
#21 48.30 @!!END
#21 48.30 
#21 48.30 @!!BEGIN
#21 48.30 @!!type:obligation
#21 48.30 @!!id:154
#21 48.30 @!!loc:194:13:194:23
#21 48.30 @!!status:trivial
#21 48.30 @!!prover:tlapm
#21 48.30 @!!already:false
#21 48.30 @!!END
#21 48.30 
#21 48.30 @!!BEGIN
#21 48.30 @!!type:obligation
#21 48.30 @!!id:155
#21 48.30 @!!loc:194:25:194:29
#21 48.30 @!!status:trivial
#21 48.30 @!!prover:tlapm
#21 48.30 @!!already:false
#21 48.30 @!!END
#21 48.30 
#21 48.30 @!!BEGIN
#21 48.30 @!!type:obligation
#21 48.30 @!!id:156
#21 48.30 @!!loc:194:31:194:35
#21 48.30 @!!status:trivial
#21 48.30 @!!prover:tlapm
#21 48.30 @!!already:false
#21 48.30 @!!END
#21 48.30 
#21 48.30 @!!BEGIN
#21 48.30 @!!type:obligation
#21 48.30 @!!id:152
#21 48.30 @!!loc:194:5:194:7
#21 48.30 @!!status:proved
#21 48.30 @!!prover:smt
#21 48.30 @!!meth:time-limit: 5; time-used: 0.9 (18%)
#21 48.30 @!!already:false
#21 48.30 @!!END
#21 48.30 
#21 48.30 @!!BEGIN
#21 48.30 @!!type:obligation
#21 48.30 @!!id:158
#21 48.30 @!!loc:196:8:196:11
#21 48.30 @!!status:trivial
#21 48.30 @!!prover:tlapm
#21 48.30 @!!already:false
#21 48.30 @!!END
#21 48.30 
#21 48.30 @!!BEGIN
#21 48.30 @!!type:obligation
#21 48.30 @!!id:159
#21 48.30 @!!loc:196:13:196:23
#21 48.30 @!!status:trivial
#21 48.30 @!!prover:tlapm
#21 48.30 @!!already:false
#21 48.30 @!!END
#21 48.30 
#21 48.30 @!!BEGIN
#21 48.30 @!!type:obligation
#21 48.30 @!!id:160
#21 48.30 @!!loc:196:25:196:29
#21 48.30 @!!status:trivial
#21 48.30 @!!prover:tlapm
#21 48.30 @!!already:false
#21 48.30 @!!END
#21 48.30 
#21 48.30 @!!BEGIN
#21 48.30 @!!type:obligation
#21 48.30 @!!id:161
#21 48.30 @!!loc:196:31:196:35
#21 48.30 @!!status:trivial
#21 48.30 @!!prover:tlapm
#21 48.30 @!!already:false
#21 48.30 @!!END
#21 48.30 
#21 48.30 @!!BEGIN
#21 48.30 @!!type:obligation
#21 48.30 @!!id:157
#21 48.30 @!!loc:196:5:196:7
#21 48.30 @!!status:proved
#21 48.30 @!!prover:smt
#21 48.30 @!!meth:time-limit: 5; time-used: 0.4 (9%)
#21 48.30 @!!already:false
#21 48.30 @!!END
#21 48.30 
#21 48.30 @!!BEGIN
#21 48.30 @!!type:obligation
#21 48.30 @!!id:163
#21 48.30 @!!loc:200:6:200:9
#21 48.30 @!!status:trivial
#21 48.30 @!!prover:tlapm
#21 48.30 @!!already:false
#21 48.30 @!!END
#21 48.30 
#21 48.30 @!!BEGIN
#21 48.30 @!!type:obligation
#21 48.30 @!!id:164
#21 48.30 @!!loc:200:11:200:21
#21 48.30 @!!status:trivial
#21 48.30 @!!prover:tlapm
#21 48.30 @!!already:false
#21 48.30 @!!END
#21 48.30 
#21 48.30 @!!BEGIN
#21 48.30 @!!type:obligation
#21 48.30 @!!id:165
#21 48.30 @!!loc:200:23:200:27
#21 48.30 @!!status:trivial
#21 48.30 @!!prover:tlapm
#21 48.30 @!!already:false
#21 48.30 @!!END
#21 48.30 
#21 48.30 @!!BEGIN
#21 48.30 @!!type:obligation
#21 48.30 @!!id:162
#21 48.30 @!!loc:200:3:200:5
#21 48.30 @!!status:proved
#21 48.30 @!!prover:smt
#21 48.30 @!!meth:time-limit: 5; time-used: 1.6 (32%)
#21 48.30 @!!already:false
#21 48.30 @!!END
#21 48.30 
#21 48.30 @!!BEGIN
#21 48.30 @!!type:obligation
#21 48.30 @!!id:167
#21 48.30 @!!loc:224:8:224:11
#21 48.30 @!!status:trivial
#21 48.30 @!!prover:tlapm
#21 48.30 @!!already:false
#21 48.30 @!!END
#21 48.30 
#21 48.30 @!!BEGIN
#21 48.30 @!!type:obligation
#21 48.30 @!!id:168
#21 48.30 @!!loc:224:13:224:17
#21 48.30 @!!status:trivial
#21 48.30 @!!prover:tlapm
#21 48.30 @!!already:false
#21 48.30 @!!END
#21 48.30 
#21 48.30 @!!BEGIN
#21 48.30 @!!type:obligation
#21 48.30 @!!id:169
#21 48.30 @!!loc:224:19:224:23
#21 48.30 @!!status:trivial
#21 48.30 @!!prover:tlapm
#21 48.30 @!!already:false
#21 48.30 @!!END
#21 48.30 
#21 48.30 @!!BEGIN
#21 48.30 @!!type:obligation
#21 48.30 @!!id:170
#21 48.30 @!!loc:224:25:224:29
#21 48.30 @!!status:trivial
#21 48.30 @!!prover:tlapm
#21 48.30 @!!already:false
#21 48.30 @!!END
#21 48.30 
#21 48.30 @!!BEGIN
#21 48.30 @!!type:obligation
#21 48.30 @!!id:171
#21 48.30 @!!loc:224:31:224:35
#21 48.30 @!!status:trivial
#21 48.30 @!!prover:tlapm
#21 48.30 @!!already:false
#21 48.30 @!!END
#21 48.30 
#21 48.30 @!!BEGIN
#21 48.30 @!!type:obligation
#21 48.30 @!!id:172
#21 48.30 @!!loc:224:37:224:41
#21 48.30 @!!status:trivial
#21 48.30 @!!prover:tlapm
#21 48.30 @!!already:false
#21 48.30 @!!END
#21 48.30 
#21 48.30 @!!BEGIN
#21 48.30 @!!type:obligation
#21 48.30 @!!id:173
#21 48.30 @!!loc:224:43:224:47
#21 48.30 @!!status:trivial
#21 48.30 @!!prover:tlapm
#21 48.30 @!!already:false
#21 48.30 @!!END
#21 48.30 
#21 48.30 @!!BEGIN
#21 48.30 @!!type:obligation
#21 48.30 @!!id:174
#21 48.30 @!!loc:224:49:224:53
#21 48.30 @!!status:trivial
#21 48.30 @!!prover:tlapm
#21 48.30 @!!already:false
#21 48.30 @!!END
#21 48.30 
#21 48.30 @!!BEGIN
#21 48.30 @!!type:obligation
#21 48.30 @!!id:166
#21 48.30 @!!loc:224:5:224:7
#21 48.30 @!!status:proved
#21 48.30 @!!prover:smt
#21 48.30 @!!meth:time-limit: 5; time-used: 0.7 (13%)
#21 48.30 @!!already:false
#21 48.30 @!!END
#21 48.30 
#21 48.30 @!!BEGIN
#21 48.30 @!!type:obligation
#21 48.30 @!!id:176
#21 48.30 @!!loc:204:8:204:11
#21 48.30 @!!status:trivial
#21 48.30 @!!prover:tlapm
#21 48.30 @!!already:false
#21 48.30 @!!END
#21 48.30 
#21 48.30 @!!BEGIN
#21 48.30 @!!type:obligation
#21 48.30 @!!id:177
#21 48.30 @!!loc:204:13:204:23
#21 48.30 @!!status:trivial
#21 48.30 @!!prover:tlapm
#21 48.30 @!!already:false
#21 48.30 @!!END
#21 48.30 
#21 48.30 @!!BEGIN
#21 48.30 @!!type:obligation
#21 48.30 @!!id:178
#21 48.30 @!!loc:204:25:204:29
#21 48.30 @!!status:trivial
#21 48.30 @!!prover:tlapm
#21 48.30 @!!already:false
#21 48.30 @!!END
#21 48.30 
#21 48.30 @!!BEGIN
#21 48.30 @!!type:obligation
#21 48.30 @!!id:179
#21 48.30 @!!loc:204:31:204:35
#21 48.30 @!!status:trivial
#21 48.30 @!!prover:tlapm
#21 48.30 @!!already:false
#21 48.30 @!!END
#21 48.30 
#21 48.30 @!!BEGIN
#21 48.30 @!!type:obligation
#21 48.30 @!!id:175
#21 48.30 @!!loc:204:5:204:7
#21 48.30 @!!status:proved
#21 48.30 @!!prover:smt
#21 48.30 @!!meth:time-limit: 5; time-used: 0.5 (11%)
#21 48.30 @!!already:false
#21 48.30 @!!END
#21 48.30 
#21 48.30 @!!BEGIN
#21 48.30 @!!type:obligation
#21 48.30 @!!id:181
#21 48.30 @!!loc:214:10:214:13
#21 48.30 @!!status:trivial
#21 48.30 @!!prover:tlapm
#21 48.30 @!!already:false
#21 48.30 @!!END
#21 48.30 
#21 48.30 @!!BEGIN
#21 48.30 @!!type:obligation
#21 48.30 @!!id:182
#21 48.30 @!!loc:214:15:214:25
#21 48.30 @!!status:trivial
#21 48.30 @!!prover:tlapm
#21 48.30 @!!already:false
#21 48.30 @!!END
#21 48.30 
#21 48.30 @!!BEGIN
#21 48.30 @!!type:obligation
#21 48.30 @!!id:183
#21 48.30 @!!loc:214:27:214:31
#21 48.30 @!!status:trivial
#21 48.30 @!!prover:tlapm
#21 48.30 @!!already:false
#21 48.30 @!!END
#21 48.30 
#21 48.30 @!!BEGIN
#21 48.30 @!!type:obligation
#21 48.30 @!!id:184
#21 48.30 @!!loc:214:33:214:37
#21 48.30 @!!status:trivial
#21 48.30 @!!prover:tlapm
#21 48.30 @!!already:false
#21 48.30 @!!END
#21 48.30 
#21 48.30 @!!BEGIN
#21 48.30 @!!type:obligation
#21 48.30 @!!id:185
#21 48.30 @!!loc:214:39:214:43
#21 48.30 @!!status:trivial
#21 48.30 @!!prover:tlapm
#21 48.30 @!!already:false
#21 48.30 @!!END
#21 48.30 
#21 48.30 @!!BEGIN
#21 48.30 @!!type:obligation
#21 48.30 @!!id:180
#21 48.30 @!!loc:214:7:214:9
#21 48.30 @!!status:proved
#21 48.30 @!!prover:smt
#21 48.30 @!!meth:time-limit: 5; time-used: 0.5 (10%)
#21 48.30 @!!already:false
#21 48.30 @!!END
#21 48.30 
#21 48.30 @!!BEGIN
#21 48.30 @!!type:obligation
#21 48.30 @!!id:187
#21 48.30 @!!loc:207:10:207:13
#21 48.30 @!!status:trivial
#21 48.30 @!!prover:tlapm
#21 48.30 @!!already:false
#21 48.30 @!!END
#21 48.30 
#21 48.30 @!!BEGIN
#21 48.30 @!!type:obligation
#21 48.30 @!!id:188
#21 48.30 @!!loc:207:15:207:19
#21 48.30 @!!status:trivial
#21 48.30 @!!prover:tlapm
#21 48.30 @!!already:false
#21 48.30 @!!END
#21 48.30 
#21 48.30 @!!BEGIN
#21 48.30 @!!type:obligation
#21 48.30 @!!id:189
#21 48.30 @!!loc:207:21:207:25
#21 48.30 @!!status:trivial
#21 48.30 @!!prover:tlapm
#21 48.30 @!!already:false
#21 48.30 @!!END
#21 48.30 
#21 48.30 @!!BEGIN
#21 48.30 @!!type:obligation
#21 48.30 @!!id:186
#21 48.30 @!!loc:207:7:207:9
#21 48.30 @!!status:proved
#21 48.30 @!!prover:smt
#21 48.30 @!!meth:time-limit: 5; time-used: 0.0 (1%)
#21 48.30 @!!already:false
#21 48.30 @!!END
#21 48.30 
#21 48.30 @!!BEGIN
#21 48.30 @!!type:obligation
#21 48.30 @!!id:191
#21 48.30 @!!loc:211:17:211:20
#21 48.30 @!!status:trivial
#21 48.30 @!!prover:tlapm
#21 48.30 @!!already:false
#21 48.30 @!!END
#21 48.30 
#21 48.30 @!!BEGIN
#21 48.30 @!!type:obligation
#21 48.30 @!!id:192
#21 48.30 @!!loc:211:22:211:26
#21 48.30 @!!status:trivial
#21 48.30 @!!prover:tlapm
#21 48.30 @!!already:false
#21 48.30 @!!END
#21 48.30 
#21 48.30 @!!BEGIN
#21 48.30 @!!type:obligation
#21 48.30 @!!id:193
#21 48.30 @!!loc:211:28:211:32
#21 48.30 @!!status:trivial
#21 48.30 @!!prover:tlapm
#21 48.30 @!!already:false
#21 48.30 @!!END
#21 48.30 
#21 48.30 @!!BEGIN
#21 48.30 @!!type:obligation
#21 48.30 @!!id:194
#21 48.30 @!!loc:211:34:211:45
#21 48.30 @!!status:trivial
#21 48.30 @!!prover:tlapm
#21 48.30 @!!already:false
#21 48.30 @!!END
#21 48.30 
#21 48.30 @!!BEGIN
#21 48.30 @!!type:obligation
#21 48.30 @!!id:190
#21 48.30 @!!loc:211:9:211:11
#21 48.30 @!!status:proved
#21 48.30 @!!prover:smt
#21 48.30 @!!meth:time-limit: 5; time-used: 0.8 (16%)
#21 48.30 @!!already:false
#21 48.30 @!!END
#21 48.30 
#21 48.30 @!!BEGIN
#21 48.30 @!!type:obligation
#21 48.30 @!!id:196
#21 48.30 @!!loc:216:8:216:11
#21 48.30 @!!status:trivial
#21 48.30 @!!prover:tlapm
#21 48.30 @!!already:false
#21 48.30 @!!END
#21 48.30 
#21 48.30 @!!BEGIN
#21 48.30 @!!type:obligation
#21 48.30 @!!id:197
#21 48.30 @!!loc:216:13:216:23
#21 48.30 @!!status:trivial
#21 48.30 @!!prover:tlapm
#21 48.30 @!!already:false
#21 48.30 @!!END
#21 48.30 
#21 48.30 @!!BEGIN
#21 48.30 @!!type:obligation
#21 48.30 @!!id:198
#21 48.30 @!!loc:216:25:216:29
#21 48.30 @!!status:trivial
#21 48.30 @!!prover:tlapm
#21 48.30 @!!already:false
#21 48.30 @!!END
#21 48.30 
#21 48.30 @!!BEGIN
#21 48.30 @!!type:obligation
#21 48.30 @!!id:199
#21 48.30 @!!loc:216:31:216:35
#21 48.30 @!!status:trivial
#21 48.30 @!!prover:tlapm
#21 48.30 @!!already:false
#21 48.30 @!!END
#21 48.30 
#21 48.30 @!!BEGIN
#21 48.30 @!!type:obligation
#21 48.30 @!!id:195
#21 48.30 @!!loc:216:5:216:7
#21 48.30 @!!status:proved
#21 48.30 @!!prover:smt
#21 48.30 @!!meth:time-limit: 5; time-used: 0.9 (17%)
#21 48.30 @!!already:false
#21 48.30 @!!END
#21 48.30 
#21 48.30 @!!BEGIN
#21 48.30 @!!type:obligation
#21 48.30 @!!id:201
#21 48.30 @!!loc:218:8:218:11
#21 48.30 @!!status:trivial
#21 48.30 @!!prover:tlapm
#21 48.30 @!!already:false
#21 48.30 @!!END
#21 48.30 
#21 48.30 @!!BEGIN
#21 48.30 @!!type:obligation
#21 48.30 @!!id:202
#21 48.30 @!!loc:218:13:218:23
#21 48.30 @!!status:trivial
#21 48.30 @!!prover:tlapm
#21 48.30 @!!already:false
#21 48.30 @!!END
#21 48.30 
#21 48.30 @!!BEGIN
#21 48.30 @!!type:obligation
#21 48.30 @!!id:203
#21 48.30 @!!loc:218:25:218:29
#21 48.30 @!!status:trivial
#21 48.30 @!!prover:tlapm
#21 48.30 @!!already:false
#21 48.30 @!!END
#21 48.30 
#21 48.30 @!!BEGIN
#21 48.30 @!!type:obligation
#21 48.30 @!!id:204
#21 48.30 @!!loc:218:31:218:35
#21 48.30 @!!status:trivial
#21 48.30 @!!prover:tlapm
#21 48.30 @!!already:false
#21 48.30 @!!END
#21 48.30 
#21 48.30 @!!BEGIN
#21 48.30 @!!type:obligation
#21 48.30 @!!id:200
#21 48.30 @!!loc:218:5:218:7
#21 48.30 @!!status:proved
#21 48.30 @!!prover:smt
#21 48.30 @!!meth:time-limit: 5; time-used: 1.0 (19%)
#21 48.30 @!!already:false
#21 48.30 @!!END
#21 48.30 
#21 48.30 @!!BEGIN
#21 48.30 @!!type:obligation
#21 48.30 @!!id:206
#21 48.30 @!!loc:220:8:220:11
#21 48.30 @!!status:trivial
#21 48.30 @!!prover:tlapm
#21 48.30 @!!already:false
#21 48.30 @!!END
#21 48.30 
#21 48.30 @!!BEGIN
#21 48.30 @!!type:obligation
#21 48.30 @!!id:207
#21 48.30 @!!loc:220:13:220:23
#21 48.30 @!!status:trivial
#21 48.30 @!!prover:tlapm
#21 48.30 @!!already:false
#21 48.30 @!!END
#21 48.30 
#21 48.30 @!!BEGIN
#21 48.30 @!!type:obligation
#21 48.30 @!!id:208
#21 48.30 @!!loc:220:25:220:29
#21 48.30 @!!status:trivial
#21 48.30 @!!prover:tlapm
#21 48.30 @!!already:false
#21 48.30 @!!END
#21 48.30 
#21 48.30 @!!BEGIN
#21 48.30 @!!type:obligation
#21 48.30 @!!id:209
#21 48.30 @!!loc:220:31:220:35
#21 48.30 @!!status:trivial
#21 48.30 @!!prover:tlapm
#21 48.30 @!!already:false
#21 48.30 @!!END
#21 48.30 
#21 48.30 @!!BEGIN
#21 48.30 @!!type:obligation
#21 48.30 @!!id:205
#21 48.30 @!!loc:220:5:220:7
#21 48.30 @!!status:proved
#21 48.30 @!!prover:smt
#21 48.30 @!!meth:time-limit: 5; time-used: 1.2 (23%)
#21 48.30 @!!already:false
#21 48.30 @!!END
#21 48.30 
#21 48.30 @!!BEGIN
#21 48.30 @!!type:obligation
#21 48.30 @!!id:211
#21 48.30 @!!loc:222:8:222:11
#21 48.30 @!!status:trivial
#21 48.30 @!!prover:tlapm
#21 48.30 @!!already:false
#21 48.30 @!!END
#21 48.30 
#21 48.30 @!!BEGIN
#21 48.30 @!!type:obligation
#21 48.30 @!!id:212
#21 48.30 @!!loc:222:13:222:23
#21 48.30 @!!status:trivial
#21 48.30 @!!prover:tlapm
#21 48.30 @!!already:false
#21 48.30 @!!END
#21 48.30 
#21 48.30 @!!BEGIN
#21 48.30 @!!type:obligation
#21 48.30 @!!id:213
#21 48.30 @!!loc:222:25:222:29
#21 48.30 @!!status:trivial
#21 48.30 @!!prover:tlapm
#21 48.30 @!!already:false
#21 48.30 @!!END
#21 48.30 
#21 48.30 @!!BEGIN
#21 48.30 @!!type:obligation
#21 48.30 @!!id:214
#21 48.30 @!!loc:222:31:222:35
#21 48.30 @!!status:trivial
#21 48.30 @!!prover:tlapm
#21 48.30 @!!already:false
#21 48.30 @!!END
#21 48.30 
#21 48.30 @!!BEGIN
#21 48.30 @!!type:obligation
#21 48.30 @!!id:210
#21 48.30 @!!loc:222:5:222:7
#21 48.30 @!!status:proved
#21 48.30 @!!prover:smt
#21 48.30 @!!meth:time-limit: 5; time-used: 0.5 (11%)
#21 48.30 @!!already:false
#21 48.30 @!!END
#21 48.30 
#21 48.30 @!!BEGIN
#21 48.30 @!!type:obligation
#21 48.30 @!!id:216
#21 48.30 @!!loc:226:6:226:9
#21 48.30 @!!status:trivial
#21 48.30 @!!prover:tlapm
#21 48.30 @!!already:false
#21 48.30 @!!END
#21 48.30 
#21 48.30 @!!BEGIN
#21 48.30 @!!type:obligation
#21 48.30 @!!id:217
#21 48.30 @!!loc:226:11:226:21
#21 48.30 @!!status:trivial
#21 48.30 @!!prover:tlapm
#21 48.30 @!!already:false
#21 48.30 @!!END
#21 48.30 
#21 48.30 @!!BEGIN
#21 48.30 @!!type:obligation
#21 48.30 @!!id:218
#21 48.30 @!!loc:226:23:226:27
#21 48.30 @!!status:trivial
#21 48.30 @!!prover:tlapm
#21 48.30 @!!already:false
#21 48.30 @!!END
#21 48.30 
#21 48.30 @!!BEGIN
#21 48.30 @!!type:obligation
#21 48.30 @!!id:215
#21 48.30 @!!loc:226:3:226:5
#21 48.30 @!!status:proved
#21 48.30 @!!prover:smt
#21 48.30 @!!meth:time-limit: 5; time-used: 1.9 (39%)
#21 48.30 @!!already:false
#21 48.30 @!!END
#21 48.30 
#21 48.30 @!!BEGIN
#21 48.30 @!!type:obligation
#21 48.30 @!!id:220
#21 48.30 @!!loc:250:8:250:11
#21 48.30 @!!status:trivial
#21 48.30 @!!prover:tlapm
#21 48.30 @!!already:false
#21 48.30 @!!END
#21 48.30 
#21 48.30 @!!BEGIN
#21 48.30 @!!type:obligation
#21 48.30 @!!id:221
#21 48.30 @!!loc:250:13:250:17
#21 48.30 @!!status:trivial
#21 48.30 @!!prover:tlapm
#21 48.30 @!!already:false
#21 48.30 @!!END
#21 48.30 
#21 48.30 @!!BEGIN
#21 48.30 @!!type:obligation
#21 48.30 @!!id:222
#21 48.30 @!!loc:250:19:250:23
#21 48.30 @!!status:trivial
#21 48.30 @!!prover:tlapm
#21 48.30 @!!already:false
#21 48.30 @!!END
#21 48.30 
#21 48.30 @!!BEGIN
#21 48.30 @!!type:obligation
#21 48.30 @!!id:223
#21 48.30 @!!loc:250:25:250:29
#21 48.30 @!!status:trivial
#21 48.30 @!!prover:tlapm
#21 48.30 @!!already:false
#21 48.30 @!!END
#21 48.30 
#21 48.30 @!!BEGIN
#21 48.30 @!!type:obligation
#21 48.30 @!!id:224
#21 48.30 @!!loc:250:31:250:35
#21 48.30 @!!status:trivial
#21 48.30 @!!prover:tlapm
#21 48.30 @!!already:false
#21 48.30 @!!END
#21 48.30 
#21 48.30 @!!BEGIN
#21 48.30 @!!type:obligation
#21 48.30 @!!id:225
#21 48.30 @!!loc:250:37:250:41
#21 48.30 @!!status:trivial
#21 48.30 @!!prover:tlapm
#21 48.30 @!!already:false
#21 48.30 @!!END
#21 48.30 
#21 48.30 @!!BEGIN
#21 48.30 @!!type:obligation
#21 48.30 @!!id:226
#21 48.30 @!!loc:250:43:250:47
#21 48.30 @!!status:trivial
#21 48.30 @!!prover:tlapm
#21 48.30 @!!already:false
#21 48.30 @!!END
#21 48.30 
#21 48.30 @!!BEGIN
#21 48.30 @!!type:obligation
#21 48.30 @!!id:227
#21 48.30 @!!loc:250:49:250:53
#21 48.30 @!!status:trivial
#21 48.30 @!!prover:tlapm
#21 48.30 @!!already:false
#21 48.30 @!!END
#21 48.30 
#21 48.30 @!!BEGIN
#21 48.30 @!!type:obligation
#21 48.30 @!!id:219
#21 48.30 @!!loc:250:5:250:7
#21 48.30 @!!status:proved
#21 48.30 @!!prover:smt
#21 48.30 @!!meth:time-limit: 5; time-used: 0.8 (16%)
#21 48.30 @!!already:false
#21 48.30 @!!END
#21 48.30 
#21 48.30 @!!BEGIN
#21 48.30 @!!type:obligation
#21 48.30 @!!id:229
#21 48.30 @!!loc:230:8:230:11
#21 48.30 @!!status:trivial
#21 48.30 @!!prover:tlapm
#21 48.30 @!!already:false
#21 48.30 @!!END
#21 48.30 
#21 48.30 @!!BEGIN
#21 48.30 @!!type:obligation
#21 48.30 @!!id:230
#21 48.30 @!!loc:230:13:230:23
#21 48.30 @!!status:trivial
#21 48.30 @!!prover:tlapm
#21 48.30 @!!already:false
#21 48.30 @!!END
#21 48.30 
#21 48.30 @!!BEGIN
#21 48.30 @!!type:obligation
#21 48.30 @!!id:231
#21 48.30 @!!loc:230:25:230:29
#21 48.30 @!!status:trivial
#21 48.30 @!!prover:tlapm
#21 48.30 @!!already:false
#21 48.30 @!!END
#21 48.30 
#21 48.30 @!!BEGIN
#21 48.30 @!!type:obligation
#21 48.30 @!!id:232
#21 48.30 @!!loc:230:31:230:35
#21 48.30 @!!status:trivial
#21 48.30 @!!prover:tlapm
#21 48.30 @!!already:false
#21 48.30 @!!END
#21 48.30 
#21 48.30 @!!BEGIN
#21 48.30 @!!type:obligation
#21 48.30 @!!id:228
#21 48.30 @!!loc:230:5:230:7
#21 48.30 @!!status:proved
#21 48.30 @!!prover:smt
#21 48.30 @!!meth:time-limit: 5; time-used: 0.7 (13%)
#21 48.30 @!!already:false
#21 48.30 @!!END
#21 48.30 
#21 48.30 @!!BEGIN
#21 48.30 @!!type:obligation
#21 48.30 @!!id:234
#21 48.30 @!!loc:240:10:240:13
#21 48.30 @!!status:trivial
#21 48.30 @!!prover:tlapm
#21 48.30 @!!already:false
#21 48.30 @!!END
#21 48.30 
#21 48.30 @!!BEGIN
#21 48.30 @!!type:obligation
#21 48.30 @!!id:235
#21 48.30 @!!loc:240:15:240:25
#21 48.30 @!!status:trivial
#21 48.30 @!!prover:tlapm
#21 48.30 @!!already:false
#21 48.30 @!!END
#21 48.30 
#21 48.30 @!!BEGIN
#21 48.30 @!!type:obligation
#21 48.30 @!!id:236
#21 48.30 @!!loc:240:27:240:31
#21 48.30 @!!status:trivial
#21 48.30 @!!prover:tlapm
#21 48.30 @!!already:false
#21 48.30 @!!END
#21 48.30 
#21 48.30 @!!BEGIN
#21 48.30 @!!type:obligation
#21 48.30 @!!id:237
#21 48.30 @!!loc:240:33:240:37
#21 48.30 @!!status:trivial
#21 48.30 @!!prover:tlapm
#21 48.30 @!!already:false
#21 48.30 @!!END
#21 48.30 
#21 48.30 @!!BEGIN
#21 48.30 @!!type:obligation
#21 48.30 @!!id:238
#21 48.30 @!!loc:240:39:240:43
#21 48.30 @!!status:trivial
#21 48.30 @!!prover:tlapm
#21 48.30 @!!already:false
#21 48.30 @!!END
#21 48.30 
#21 48.30 @!!BEGIN
#21 48.30 @!!type:obligation
#21 48.30 @!!id:233
#21 48.30 @!!loc:240:7:240:9
#21 48.30 @!!status:proved
#21 48.30 @!!prover:smt
#21 48.30 @!!meth:time-limit: 5; time-used: 0.7 (14%)
#21 48.30 @!!already:false
#21 48.30 @!!END
#21 48.30 
#21 48.30 @!!BEGIN
#21 48.30 @!!type:obligation
#21 48.30 @!!id:240
#21 48.30 @!!loc:233:10:233:13
#21 48.30 @!!status:trivial
#21 48.30 @!!prover:tlapm
#21 48.30 @!!already:false
#21 48.30 @!!END
#21 48.30 
#21 48.30 @!!BEGIN
#21 48.30 @!!type:obligation
#21 48.30 @!!id:241
#21 48.30 @!!loc:233:15:233:19
#21 48.30 @!!status:trivial
#21 48.30 @!!prover:tlapm
#21 48.30 @!!already:false
#21 48.30 @!!END
#21 48.30 
#21 48.30 @!!BEGIN
#21 48.30 @!!type:obligation
#21 48.30 @!!id:242
#21 48.30 @!!loc:233:21:233:25
#21 48.30 @!!status:trivial
#21 48.30 @!!prover:tlapm
#21 48.30 @!!already:false
#21 48.30 @!!END
#21 48.30 
#21 48.30 @!!BEGIN
#21 48.30 @!!type:obligation
#21 48.30 @!!id:239
#21 48.30 @!!loc:233:7:233:9
#21 48.30 @!!status:proved
#21 48.30 @!!prover:smt
#21 48.30 @!!meth:time-limit: 5; time-used: 0.0 (1%)
#21 48.30 @!!already:false
#21 48.30 @!!END
#21 48.30 
#21 48.30 @!!BEGIN
#21 48.30 @!!type:obligation
#21 48.30 @!!id:244
#21 48.30 @!!loc:237:17:237:20
#21 48.30 @!!status:trivial
#21 48.30 @!!prover:tlapm
#21 48.30 @!!already:false
#21 48.30 @!!END
#21 48.30 
#21 48.30 @!!BEGIN
#21 48.30 @!!type:obligation
#21 48.30 @!!id:245
#21 48.30 @!!loc:237:22:237:26
#21 48.30 @!!status:trivial
#21 48.30 @!!prover:tlapm
#21 48.30 @!!already:false
#21 48.30 @!!END
#21 48.30 
#21 48.30 @!!BEGIN
#21 48.30 @!!type:obligation
#21 48.30 @!!id:246
#21 48.30 @!!loc:237:28:237:32
#21 48.30 @!!status:trivial
#21 48.30 @!!prover:tlapm
#21 48.30 @!!already:false
#21 48.30 @!!END
#21 48.30 
#21 48.30 @!!BEGIN
#21 48.30 @!!type:obligation
#21 48.30 @!!id:247
#21 48.30 @!!loc:237:34:237:45
#21 48.30 @!!status:trivial
#21 48.30 @!!prover:tlapm
#21 48.30 @!!already:false
#21 48.30 @!!END
#21 48.30 
#21 48.30 @!!BEGIN
#21 48.30 @!!type:obligation
#21 48.30 @!!id:243
#21 48.30 @!!loc:237:9:237:11
#21 48.30 @!!status:proved
#21 48.30 @!!prover:smt
#21 48.30 @!!meth:time-limit: 5; time-used: 0.9 (18%)
#21 48.30 @!!already:false
#21 48.30 @!!END
#21 48.30 
#21 48.30 @!!BEGIN
#21 48.30 @!!type:obligation
#21 48.30 @!!id:249
#21 48.30 @!!loc:242:8:242:11
#21 48.30 @!!status:trivial
#21 48.30 @!!prover:tlapm
#21 48.30 @!!already:false
#21 48.30 @!!END
#21 48.30 
#21 48.30 @!!BEGIN
#21 48.30 @!!type:obligation
#21 48.30 @!!id:250
#21 48.30 @!!loc:242:13:242:23
#21 48.30 @!!status:trivial
#21 48.30 @!!prover:tlapm
#21 48.30 @!!already:false
#21 48.30 @!!END
#21 48.30 
#21 48.30 @!!BEGIN
#21 48.30 @!!type:obligation
#21 48.30 @!!id:251
#21 48.30 @!!loc:242:25:242:29
#21 48.30 @!!status:trivial
#21 48.30 @!!prover:tlapm
#21 48.30 @!!already:false
#21 48.30 @!!END
#21 48.30 
#21 48.30 @!!BEGIN
#21 48.30 @!!type:obligation
#21 48.30 @!!id:252
#21 48.30 @!!loc:242:31:242:35
#21 48.30 @!!status:trivial
#21 48.30 @!!prover:tlapm
#21 48.30 @!!already:false
#21 48.30 @!!END
#21 48.30 
#21 48.30 @!!BEGIN
#21 48.30 @!!type:obligation
#21 48.30 @!!id:248
#21 48.30 @!!loc:242:5:242:7
#21 48.30 @!!status:proved
#21 48.30 @!!prover:smt
#21 48.30 @!!meth:time-limit: 5; time-used: 1.0 (20%)
#21 48.30 @!!already:false
#21 48.30 @!!END
#21 48.30 
#21 48.30 @!!BEGIN
#21 48.30 @!!type:obligation
#21 48.30 @!!id:254
#21 48.30 @!!loc:244:8:244:11
#21 48.30 @!!status:trivial
#21 48.30 @!!prover:tlapm
#21 48.30 @!!already:false
#21 48.30 @!!END
#21 48.30 
#21 48.30 @!!BEGIN
#21 48.30 @!!type:obligation
#21 48.30 @!!id:255
#21 48.30 @!!loc:244:13:244:23
#21 48.30 @!!status:trivial
#21 48.30 @!!prover:tlapm
#21 48.30 @!!already:false
#21 48.30 @!!END
#21 48.30 
#21 48.30 @!!BEGIN
#21 48.30 @!!type:obligation
#21 48.30 @!!id:256
#21 48.30 @!!loc:244:25:244:29
#21 48.30 @!!status:trivial
#21 48.30 @!!prover:tlapm
#21 48.30 @!!already:false
#21 48.30 @!!END
#21 48.30 
#21 48.30 @!!BEGIN
#21 48.30 @!!type:obligation
#21 48.30 @!!id:257
#21 48.30 @!!loc:244:31:244:35
#21 48.30 @!!status:trivial
#21 48.30 @!!prover:tlapm
#21 48.30 @!!already:false
#21 48.30 @!!END
#21 48.30 
#21 48.30 @!!BEGIN
#21 48.30 @!!type:obligation
#21 48.30 @!!id:253
#21 48.30 @!!loc:244:5:244:7
#21 48.30 @!!status:proved
#21 48.30 @!!prover:smt
#21 48.30 @!!meth:time-limit: 5; time-used: 1.1 (21%)
#21 48.30 @!!already:false
#21 48.30 @!!END
#21 48.30 
#21 48.30 @!!BEGIN
#21 48.30 @!!type:obligation
#21 48.30 @!!id:259
#21 48.30 @!!loc:246:8:246:11
#21 48.30 @!!status:trivial
#21 48.30 @!!prover:tlapm
#21 48.30 @!!already:false
#21 48.30 @!!END
#21 48.30 
#21 48.30 @!!BEGIN
#21 48.30 @!!type:obligation
#21 48.30 @!!id:260
#21 48.30 @!!loc:246:13:246:23
#21 48.30 @!!status:trivial
#21 48.30 @!!prover:tlapm
#21 48.30 @!!already:false
#21 48.30 @!!END
#21 48.30 
#21 48.30 @!!BEGIN
#21 48.30 @!!type:obligation
#21 48.30 @!!id:261
#21 48.30 @!!loc:246:25:246:29
#21 48.30 @!!status:trivial
#21 48.30 @!!prover:tlapm
#21 48.30 @!!already:false
#21 48.30 @!!END
#21 48.30 
#21 48.30 @!!BEGIN
#21 48.30 @!!type:obligation
#21 48.30 @!!id:262
#21 48.30 @!!loc:246:31:246:35
#21 48.30 @!!status:trivial
#21 48.30 @!!prover:tlapm
#21 48.30 @!!already:false
#21 48.30 @!!END
#21 48.30 
#21 48.30 @!!BEGIN
#21 48.30 @!!type:obligation
#21 48.30 @!!id:258
#21 48.30 @!!loc:246:5:246:7
#21 48.30 @!!status:proved
#21 48.30 @!!prover:smt
#21 48.30 @!!meth:time-limit: 5; time-used: 1.2 (23%)
#21 48.30 @!!already:false
#21 48.30 @!!END
#21 48.30 
#21 48.30 @!!BEGIN
#21 48.30 @!!type:obligation
#21 48.30 @!!id:264
#21 48.30 @!!loc:248:8:248:11
#21 48.30 @!!status:trivial
#21 48.30 @!!prover:tlapm
#21 48.30 @!!already:false
#21 48.30 @!!END
#21 48.30 
#21 48.30 @!!BEGIN
#21 48.30 @!!type:obligation
#21 48.30 @!!id:265
#21 48.30 @!!loc:248:13:248:23
#21 48.30 @!!status:trivial
#21 48.30 @!!prover:tlapm
#21 48.30 @!!already:false
#21 48.30 @!!END
#21 48.30 
#21 48.30 @!!BEGIN
#21 48.30 @!!type:obligation
#21 48.30 @!!id:266
#21 48.30 @!!loc:248:25:248:29
#21 48.30 @!!status:trivial
#21 48.30 @!!prover:tlapm
#21 48.30 @!!already:false
#21 48.30 @!!END
#21 48.30 
#21 48.30 @!!BEGIN
#21 48.30 @!!type:obligation
#21 48.30 @!!id:267
#21 48.30 @!!loc:248:31:248:35
#21 48.30 @!!status:trivial
#21 48.30 @!!prover:tlapm
#21 48.30 @!!already:false
#21 48.30 @!!END
#21 48.30 
#21 48.30 @!!BEGIN
#21 48.30 @!!type:obligation
#21 48.30 @!!id:263
#21 48.30 @!!loc:248:5:248:7
#21 48.30 @!!status:proved
#21 48.30 @!!prover:smt
#21 48.30 @!!meth:time-limit: 5; time-used: 0.7 (13%)
#21 48.30 @!!already:false
#21 48.30 @!!END
#21 48.30 
#21 48.30 @!!BEGIN
#21 48.30 @!!type:obligation
#21 48.30 @!!id:269
#21 48.30 @!!loc:252:6:252:9
#21 48.30 @!!status:trivial
#21 48.30 @!!prover:tlapm
#21 48.30 @!!already:false
#21 48.30 @!!END
#21 48.30 
#21 48.30 @!!BEGIN
#21 48.30 @!!type:obligation
#21 48.30 @!!id:270
#21 48.30 @!!loc:252:11:252:21
#21 48.30 @!!status:trivial
#21 48.30 @!!prover:tlapm
#21 48.30 @!!already:false
#21 48.30 @!!END
#21 48.30 
#21 48.30 @!!BEGIN
#21 48.30 @!!type:obligation
#21 48.30 @!!id:271
#21 48.30 @!!loc:252:23:252:27
#21 48.30 @!!status:trivial
#21 48.30 @!!prover:tlapm
#21 48.30 @!!already:false
#21 48.30 @!!END
#21 48.30 
#21 48.30 @!!BEGIN
#21 48.30 @!!type:obligation
#21 48.30 @!!id:268
#21 48.30 @!!loc:252:3:252:5
#21 48.30 @!!status:proved
#21 48.30 @!!prover:smt
#21 48.30 @!!meth:time-limit: 5; time-used: 0.7 (15%)
#21 48.30 @!!already:false
#21 48.30 @!!END
#21 48.30 
#21 48.30 @!!BEGIN
#21 48.30 @!!type:obligation
#21 48.30 @!!id:273
#21 48.30 @!!loc:265:8:265:11
#21 48.30 @!!status:trivial
#21 48.30 @!!prover:tlapm
#21 48.30 @!!already:false
#21 48.30 @!!END
#21 48.30 
#21 48.30 @!!BEGIN
#21 48.30 @!!type:obligation
#21 48.30 @!!id:274
#21 48.30 @!!loc:265:13:265:23
#21 48.30 @!!status:trivial
#21 48.30 @!!prover:tlapm
#21 48.30 @!!already:false
#21 48.30 @!!END
#21 48.30 
#21 48.30 @!!BEGIN
#21 48.30 @!!type:obligation
#21 48.30 @!!id:275
#21 48.30 @!!loc:265:25:265:29
#21 48.30 @!!status:trivial
#21 48.30 @!!prover:tlapm
#21 48.30 @!!already:false
#21 48.30 @!!END
#21 48.30 
#21 48.30 @!!BEGIN
#21 48.30 @!!type:obligation
#21 48.30 @!!id:276
#21 48.30 @!!loc:265:31:265:35
#21 48.30 @!!status:trivial
#21 48.30 @!!prover:tlapm
#21 48.30 @!!already:false
#21 48.30 @!!END
#21 48.30 
#21 48.30 @!!BEGIN
#21 48.30 @!!type:obligation
#21 48.30 @!!id:277
#21 48.30 @!!loc:265:37:265:41
#21 48.30 @!!status:trivial
#21 48.30 @!!prover:tlapm
#21 48.30 @!!already:false
#21 48.30 @!!END
#21 48.30 
#21 48.30 @!!BEGIN
#21 48.30 @!!type:obligation
#21 48.30 @!!id:278
#21 48.30 @!!loc:265:43:265:47
#21 48.30 @!!status:trivial
#21 48.30 @!!prover:tlapm
#21 48.30 @!!already:false
#21 48.30 @!!END
#21 48.30 
#21 48.30 @!!BEGIN
#21 48.30 @!!type:obligation
#21 48.30 @!!id:272
#21 48.30 @!!loc:265:5:265:7
#21 48.30 @!!status:proved
#21 48.30 @!!prover:smt
#21 48.30 @!!meth:time-limit: 5; time-used: 0.6 (12%)
#21 48.30 @!!already:false
#21 48.30 @!!END
#21 48.30 
#21 48.30 @!!BEGIN
#21 48.30 @!!type:obligation
#21 48.30 @!!id:280
#21 48.30 @!!loc:255:8:255:11
#21 48.30 @!!status:trivial
#21 48.30 @!!prover:tlapm
#21 48.30 @!!already:false
#21 48.30 @!!END
#21 48.30 
#21 48.30 @!!BEGIN
#21 48.30 @!!type:obligation
#21 48.30 @!!id:281
#21 48.30 @!!loc:255:13:255:17
#21 48.30 @!!status:trivial
#21 48.30 @!!prover:tlapm
#21 48.30 @!!already:false
#21 48.30 @!!END
#21 48.30 
#21 48.30 @!!BEGIN
#21 48.30 @!!type:obligation
#21 48.30 @!!id:279
#21 48.30 @!!loc:255:5:255:7
#21 48.30 @!!status:proved
#21 48.30 @!!prover:smt
#21 48.30 @!!meth:time-limit: 5; time-used: 0.6 (11%)
#21 48.30 @!!already:false
#21 48.30 @!!END
#21 48.30 
#21 48.30 @!!BEGIN
#21 48.30 @!!type:obligation
#21 48.30 @!!id:283
#21 48.30 @!!loc:257:5:257:7
#21 48.30 @!!status:proved
#21 48.30 @!!prover:smt
#21 48.30 @!!meth:time-limit: 5; time-used: 0.0 (1%)
#21 48.30 @!!already:false
#21 48.30 @!!END
#21 48.30 
#21 48.30 @!!BEGIN
#21 48.30 @!!type:obligation
#21 48.30 @!!id:285
#21 48.30 @!!loc:263:15:263:18
#21 48.30 @!!status:trivial
#21 48.30 @!!prover:tlapm
#21 48.30 @!!already:false
#21 48.30 @!!END
#21 48.30 
#21 48.30 @!!BEGIN
#21 48.30 @!!type:obligation
#21 48.30 @!!id:286
#21 48.30 @!!loc:263:20:263:24
#21 48.30 @!!status:trivial
#21 48.30 @!!prover:tlapm
#21 48.30 @!!already:false
#21 48.30 @!!END
#21 48.30 
#21 48.30 @!!BEGIN
#21 48.30 @!!type:obligation
#21 48.30 @!!id:287
#21 48.30 @!!loc:263:26:263:30
#21 48.30 @!!status:trivial
#21 48.30 @!!prover:tlapm
#21 48.30 @!!already:false
#21 48.30 @!!END
#21 48.30 
#21 48.30 @!!BEGIN
#21 48.30 @!!type:obligation
#21 48.30 @!!id:288
#21 48.30 @!!loc:263:32:263:36
#21 48.30 @!!status:trivial
#21 48.30 @!!prover:tlapm
#21 48.30 @!!already:false
#21 48.30 @!!END
#21 48.30 
#21 48.30 @!!BEGIN
#21 48.30 @!!type:obligation
#21 48.30 @!!id:289
#21 48.30 @!!loc:263:38:263:56
#21 48.30 @!!status:trivial
#21 48.30 @!!prover:tlapm
#21 48.30 @!!already:false
#21 48.30 @!!END
#21 48.30 
#21 48.30 @!!BEGIN
#21 48.30 @!!type:obligation
#21 48.30 @!!id:284
#21 48.30 @!!loc:263:7:263:9
#21 48.30 @!!status:proved
#21 48.30 @!!prover:smt
#21 48.30 @!!meth:time-limit: 5; time-used: 0.7 (13%)
#21 48.30 @!!already:false
#21 48.30 @!!END
#21 48.30 
#21 48.30 @!!BEGIN
#21 48.30 @!!type:obligation
#21 48.30 @!!id:291
#21 48.30 @!!loc:268:6:268:10
#21 48.30 @!!status:trivial
#21 48.30 @!!prover:tlapm
#21 48.30 @!!already:false
#21 48.30 @!!END
#21 48.30 
#21 48.30 @!!BEGIN
#21 48.30 @!!type:obligation
#21 48.30 @!!id:290
#21 48.30 @!!loc:268:3:268:5
#21 48.30 @!!status:proved
#21 48.30 @!!prover:smt
#21 48.30 @!!meth:time-limit: 5; time-used: 0.0 (0%)
#21 48.30 @!!already:false
#21 48.30 @!!END
#21 48.30 
#21 48.30 @!!BEGIN
#21 48.30 @!!type:obligation
#21 48.30 @!!id:292
#21 48.30 @!!loc:273:3:273:5
#21 48.30 @!!status:proved
#21 48.30 @!!prover:smt
#21 48.30 @!!meth:time-limit: 5; time-used: 0.0 (0%)
#21 48.30 @!!already:false
#21 48.30 @!!END
#21 48.30 
#21 48.30 @!!BEGIN
#21 48.30 @!!type:obligation
#21 48.30 @!!id:294
#21 48.30 @!!loc:281:6:281:9
#21 48.30 @!!status:trivial
#21 48.30 @!!prover:tlapm
#21 48.30 @!!already:false
#21 48.30 @!!END
#21 48.30 
#21 48.30 @!!BEGIN
#21 48.30 @!!type:obligation
#21 48.30 @!!id:295
#21 48.30 @!!loc:281:11:281:15
#21 48.30 @!!status:trivial
#21 48.30 @!!prover:tlapm
#21 48.30 @!!already:false
#21 48.30 @!!END
#21 48.30 
#21 48.30 @!!BEGIN
#21 48.30 @!!type:obligation
#21 48.30 @!!id:296
#21 48.30 @!!loc:281:17:281:33
#21 48.30 @!!status:trivial
#21 48.30 @!!prover:tlapm
#21 48.30 @!!already:false
#21 48.30 @!!END
#21 48.30 
#21 48.30 @!!BEGIN
#21 48.30 @!!type:obligation
#21 48.30 @!!id:293
#21 48.30 @!!loc:281:3:281:5
#21 48.30 @!!status:proved
#21 48.30 @!!prover:ls4
#21 48.30 @!!meth:time-limit: 10; time-used: 0.1 (1%)
#21 48.30 @!!already:false
#21 48.30 @!!END
#21 48.30 
#21 48.30 @!!BEGIN
#21 48.30 @!!type:obligation
#21 48.30 @!!id:297
#21 48.30 @!!loc:277:3:277:5
#21 48.30 @!!status:proved
#21 48.30 @!!prover:smt
#21 48.30 @!!meth:time-limit: 5; time-used: 0.0 (0%)
#21 48.30 @!!already:false
#21 48.30 @!!END
#21 48.30 
#21 48.30 @!!BEGIN
#21 48.30 @!!type:obligation
#21 48.30 @!!id:299
#21 48.30 @!!loc:279:6:279:9
#21 48.30 @!!status:trivial
#21 48.30 @!!prover:tlapm
#21 48.30 @!!already:false
#21 48.30 @!!END
#21 48.30 
#21 48.30 @!!BEGIN
#21 48.30 @!!type:obligation
#21 48.30 @!!id:300
#21 48.30 @!!loc:279:11:279:25
#21 48.30 @!!status:trivial
#21 48.30 @!!prover:tlapm
#21 48.30 @!!already:false
#21 48.30 @!!END
#21 48.30 
#21 48.30 @!!BEGIN
#21 48.30 @!!type:obligation
#21 48.30 @!!id:301
#21 48.30 @!!loc:279:27:279:40
#21 48.30 @!!status:trivial
#21 48.30 @!!prover:tlapm
#21 48.30 @!!already:false
#21 48.30 @!!END
#21 48.30 
#21 48.30 @!!BEGIN
#21 48.30 @!!type:obligation
#21 48.30 @!!id:302
#21 48.30 @!!loc:279:42:279:46
#21 48.30 @!!status:trivial
#21 48.30 @!!prover:tlapm
#21 48.30 @!!already:false
#21 48.30 @!!END
#21 48.30 
#21 48.30 @!!BEGIN
#21 48.30 @!!type:obligation
#21 48.30 @!!id:298
#21 48.30 @!!loc:279:3:279:5
#21 48.30 @!!status:proved
#21 48.30 @!!prover:ls4
#21 48.30 @!!meth:time-limit: 10; time-used: 0.0 (0%)
#21 48.30 @!!already:false
#21 48.30 @!!END
#21 48.30 
#21 48.30 (* created new "/tmp/gripsack-tlaps-tntypv08/positive-cache/TransactionProofs.tlaps/TransactionProofs.thy" *)
#21 48.30 (* fingerprints written in "/tmp/gripsack-tlaps-tntypv08/positive-cache/TransactionProofs.tlaps/fingerprints" *)
#21 48.30 File "./TransactionProofs.tla", line 1, character 1 to line 282, character 77:
#21 48.30 [INFO]: All 301 obligations proved.
#21 48.30 
#21 48.30 TLAPS_PILOT_OBLIGATIONS=301
#21 48.30 TLAPS_THEOREM=EntryType
#21 48.30 TLAPS_THEOREM=RecordImage
#21 48.30 TLAPS_THEOREM=CompletedStepDurability
#21 48.30 TLAPS_THEOREM=RecoveryOfEntry
#21 48.30 TLAPS_THEOREM=UndoIntended
#21 48.30 TLAPS_THEOREM=RecoveryProjection
#21 48.30 TLAPS_THEOREM=InitImpliesInv
#21 48.30 TLAPS_THEOREM=InductiveStep
#21 48.30 TLAPS_THEOREM=InvImpliesSafety
#21 48.30 TLAPS_THEOREM=TransactionSafety
#21 48.30 RUNNER_COMMAND=tlapm --strict --prefer-stdlib --nofp --toolbox 1 48 --threads 2 --cache-dir /tmp/gripsack-tlaps-tntypv08/barrier-cache TransactionBarrierWitness.tla
#21 48.62 
#21 48.62 \* TLAPM version 7824dab
#21 48.62 \* launched at 2026-09-27 17:14:45 with command line:
#21 48.62 \* tlapm --strict --prefer-stdlib --nofp --toolbox 1 48 --threads 2 --cache-dir /tmp/gripsack-tlaps-tntypv08/barrier-cache TransactionBarrierWitness.tla
#21 48.62 
#21 48.62 @!!BEGIN
#21 48.62 @!!type:obligation
#21 48.62 @!!id:1
#21 48.62 @!!loc:47:3:47:5
#21 48.62 @!!status:to be proved
#21 48.62 @!!END
#21 48.62 
#21 48.62 @!!BEGIN
#21 48.62 @!!type:obligation
#21 48.62 @!!id:2
#21 48.62 @!!loc:47:6:47:10
#21 48.62 @!!status:to be proved
#21 48.62 @!!END
#21 48.62 
#21 48.62 @!!BEGIN
#21 48.62 @!!type:obligation
#21 48.62 @!!id:3
#21 48.62 @!!loc:47:12:47:16
#21 48.62 @!!status:to be proved
#21 48.62 @!!END
#21 48.62 
#21 48.62 @!!BEGIN
#21 48.62 @!!type:obligation
#21 48.62 @!!id:4
#21 48.62 @!!loc:37:3:37:10
#21 48.62 @!!status:to be proved
#21 48.62 @!!END
#21 48.62 
#21 48.62 @!!BEGIN
#21 48.62 @!!type:obligation
#21 48.62 @!!id:5
#21 48.62 @!!loc:39:3:39:5
#21 48.62 @!!status:to be proved
#21 48.62 @!!END
#21 48.62 
#21 48.62 @!!BEGIN
#21 48.62 @!!type:obligation
#21 48.62 @!!id:6
#21 48.62 @!!loc:39:6:39:9
#21 48.62 @!!status:to be proved
#21 48.62 @!!END
#21 48.62 
#21 48.62 @!!BEGIN
#21 48.62 @!!type:obligation
#21 48.62 @!!id:7
#21 48.62 @!!loc:43:5:43:7
#21 48.62 @!!status:to be proved
#21 48.62 @!!END
#21 48.62 
#21 48.62 @!!BEGIN
#21 48.62 @!!type:obligation
#21 48.62 @!!id:8
#21 48.62 @!!loc:43:13:43:16
#21 48.62 @!!status:to be proved
#21 48.62 @!!END
#21 48.62 
#21 48.62 @!!BEGIN
#21 48.62 @!!type:obligation
#21 48.62 @!!id:9
#21 48.62 @!!loc:43:18:43:38
#21 48.62 @!!status:to be proved
#21 48.62 @!!END
#21 48.62 
#21 48.62 @!!BEGIN
#21 48.62 @!!type:obligation
#21 48.62 @!!id:10
#21 48.62 @!!loc:43:40:43:44
#21 48.62 @!!status:to be proved
#21 48.62 @!!END
#21 48.62 
#21 48.62 @!!BEGIN
#21 48.62 @!!type:obligation
#21 48.62 @!!id:11
#21 48.62 @!!loc:45:3:45:5
#21 48.62 @!!status:to be proved
#21 48.62 @!!END
#21 48.62 
#21 48.62 @!!BEGIN
#21 48.62 @!!type:obligation
#21 48.62 @!!id:12
#21 48.62 @!!loc:45:6:45:9
#21 48.62 @!!status:to be proved
#21 48.62 @!!END
#21 48.62 
#21 48.62 @!!BEGIN
#21 48.62 @!!type:obligation
#21 48.62 @!!id:13
#21 48.62 @!!loc:45:11:45:24
#21 48.62 @!!status:to be proved
#21 48.62 @!!END
#21 48.62 
#21 48.62 @!!BEGIN
#21 48.62 @!!type:obligationsnumber
#21 48.62 @!!count:13
#21 48.62 @!!END
#21 48.62 
#21 48.62 @!!BEGIN
#21 48.62 @!!type:obligation
#21 48.62 @!!id:2
#21 48.62 @!!loc:47:6:47:10
#21 48.62 @!!status:trivial
#21 48.62 @!!prover:tlapm
#21 48.62 @!!already:false
#21 48.62 @!!END
#21 48.62 
#21 48.62 @!!BEGIN
#21 48.62 @!!type:obligation
#21 48.62 @!!id:3
#21 48.62 @!!loc:47:12:47:16
#21 48.62 @!!status:trivial
#21 48.62 @!!prover:tlapm
#21 48.62 @!!already:false
#21 48.62 @!!END
#21 48.62 
#21 48.62 @!!BEGIN
#21 48.62 @!!type:obligation
#21 48.62 @!!id:1
#21 48.62 @!!loc:47:3:47:5
#21 48.62 @!!status:proved
#21 48.62 @!!prover:smt
#21 48.62 @!!meth:time-limit: 5; time-used: 0.2 (3%)
#21 48.62 @!!already:false
#21 48.62 @!!END
#21 48.62 
#21 48.62 @!!BEGIN
#21 48.62 @!!type:obligation
#21 48.62 @!!id:4
#21 48.62 @!!loc:37:3:37:10
#21 48.62 @!!status:proved
#21 48.62 @!!prover:smt
#21 48.62 @!!meth:time-limit: 5; time-used: 0.0 (0%)
#21 48.62 @!!already:false
#21 48.62 @!!END
#21 48.62 
#21 48.62 @!!BEGIN
#21 48.62 @!!type:obligation
#21 48.62 @!!id:6
#21 48.62 @!!loc:39:6:39:9
#21 48.62 @!!status:trivial
#21 48.62 @!!prover:tlapm
#21 48.62 @!!already:false
#21 48.62 @!!END
#21 48.62 
#21 48.62 @!!BEGIN
#21 48.62 @!!type:obligation
#21 48.62 @!!id:5
#21 48.62 @!!loc:39:3:39:5
#21 48.62 @!!status:proved
#21 48.62 @!!prover:smt
#21 48.62 @!!meth:time-limit: 5; time-used: 0.0 (0%)
#21 48.62 @!!already:false
#21 48.62 @!!END
#21 48.62 
#21 48.62 @!!BEGIN
#21 48.62 @!!type:obligation
#21 48.62 @!!id:8
#21 48.62 @!!loc:43:13:43:16
#21 48.62 @!!status:trivial
#21 48.62 @!!prover:tlapm
#21 48.62 @!!already:false
#21 48.62 @!!END
#21 48.62 
#21 48.62 @!!BEGIN
#21 48.62 @!!type:obligation
#21 48.62 @!!id:9
#21 48.62 @!!loc:43:18:43:38
#21 48.62 @!!status:trivial
#21 48.62 @!!prover:tlapm
#21 48.62 @!!already:false
#21 48.62 @!!END
#21 48.62 
#21 48.62 @!!BEGIN
#21 48.62 @!!type:obligation
#21 48.62 @!!id:10
#21 48.62 @!!loc:43:40:43:44
#21 48.62 @!!status:trivial
#21 48.62 @!!prover:tlapm
#21 48.62 @!!already:false
#21 48.62 @!!END
#21 48.62 
#21 48.62 @!!BEGIN
#21 48.62 @!!type:obligation
#21 48.62 @!!id:7
#21 48.62 @!!loc:43:5:43:7
#21 48.62 @!!status:proved
#21 48.62 @!!prover:smt
#21 48.62 @!!meth:time-limit: 5; time-used: 0.0 (0%)
#21 48.62 @!!already:false
#21 48.62 @!!END
#21 48.62 
#21 48.62 @!!BEGIN
#21 48.62 @!!type:obligation
#21 48.62 @!!id:12
#21 48.62 @!!loc:45:6:45:9
#21 48.62 @!!status:trivial
#21 48.62 @!!prover:tlapm
#21 48.62 @!!already:false
#21 48.62 @!!END
#21 48.62 
#21 48.62 @!!BEGIN
#21 48.62 @!!type:obligation
#21 48.62 @!!id:13
#21 48.62 @!!loc:45:11:45:24
#21 48.62 @!!status:trivial
#21 48.62 @!!prover:tlapm
#21 48.62 @!!already:false
#21 48.62 @!!END
#21 48.62 
#21 48.62 @!!BEGIN
#21 48.62 @!!type:obligation
#21 48.62 @!!id:11
#21 48.62 @!!loc:45:3:45:5
#21 48.62 @!!status:proved
#21 48.62 @!!prover:smt
#21 48.62 @!!meth:time-limit: 5; time-used: 0.0 (0%)
#21 48.62 @!!already:false
#21 48.62 @!!END
#21 48.62 
#21 48.62 (* created new "/tmp/gripsack-tlaps-tntypv08/barrier-cache/TransactionBarrierWitness.tlaps/TransactionBarrierWitness.thy" *)
#21 48.62 (* fingerprints written in "/tmp/gripsack-tlaps-tntypv08/barrier-cache/TransactionBarrierWitness.tlaps/fingerprints" *)
#21 48.62 File "./TransactionBarrierWitness.tla", line 1, character 1 to line 48, character 77:
#21 48.62 [INFO]: All 13 obligations proved.
#21 48.62 
#21 48.62 TLAPS_BARRIER_WITNESS=13
#21 48.62 RUNNER_COMMAND=java -Xmx1g -cp /tla/tla2tools.jar tlc2.TLC -cleanup -workers 1 -metadir /tmp/gripsack-tlaps-tntypv08/tlc-states -config counterexample.cfg Transaction.tla
#21 49.57 TLC2 Version 2.19 of 08 August 2024 (rev: 5a47802)
#21 49.57 Warning: Please run the Java VM which executes TLC with a throughput optimized garbage collector by passing the "-XX:+UseParallelGC" property.
#21 49.57 (Use the -nowarning option to disable this warning.)
#21 49.57 Running breadth-first search Model-Checking with fp 125 and seed -414678736577768842 with 1 worker on 32 cores with 1024MB heap and 64MB offheap memory [pid: 463] (Linux 6.18.33.2-microsoft-standard-WSL2 amd64, Eclipse Adoptium 21.0.12 x86_64, MSBDiskFPSet, DiskStateQueue).
#21 49.57 Parsing file /tmp/gripsack-tlaps-tntypv08/missing-entry-barrier/Transaction.tla
#21 49.57 Parsing file /tmp/Integers.tla
#21 49.57 Parsing file /tmp/FiniteSets.tla
#21 49.57 Parsing file /tmp/Naturals.tla
#21 49.57 Parsing file /tmp/Sequences.tla
#21 49.57 Semantic processing of module Naturals
#21 49.57 Semantic processing of module Integers
#21 49.57 Semantic processing of module Sequences
#21 49.57 Semantic processing of module FiniteSets
#21 49.57 Semantic processing of module Transaction
#21 49.57 Starting... (2026-09-27 17:14:46)
#21 49.57 Computing initial states...
#21 49.57 Finished computing initial states: 1 distinct state generated at 2026-09-27 17:14:46.
#21 49.57 Error: Invariant Oracle is violated.
#21 49.57 Error: The behavior up to this point is:
#21 49.57 State 1: <Initial predicate>
#21 49.57 /\ beforeRecover = [dest |-> "prior", current |-> 1, entry |-> NONE, marker |-> NONE]
#21 49.57 /\ volatile = [dest |-> "prior", current |-> 1, entry |-> NONE, marker |-> NONE]
#21 49.57 /\ step = 0
#21 49.57 /\ phase = "running"
#21 49.57 /\ durable = [dest |-> "prior", current |-> 1, entry |-> NONE, marker |-> NONE]
#21 49.57 /\ klass = "none"
#21 49.57 /\ visible = [dest |-> "prior", current |-> 1, entry |-> NONE, marker |-> NONE]
#21 49.57 /\ edited = FALSE
#21 49.57 
#21 49.57 State 2: <DoStep line 94, col 5 to line 100, col 58 of module Transaction>
#21 49.57 /\ beforeRecover = [dest |-> "prior", current |-> 1, entry |-> NONE, marker |-> NONE]
#21 49.57 /\ volatile = [ dest |-> "prior",
#21 49.57   current |-> 1,
#21 49.57   entry |-> NONE,
#21 49.57   marker |-> [prev |-> 1, target |-> 2] ]
#21 49.57 /\ step = 1
#21 49.57 /\ phase = "running"
#21 49.57 /\ durable = [ dest |-> "prior",
#21 49.57   current |-> 1,
#21 49.57   entry |-> NONE,
#21 49.57   marker |-> [prev |-> 1, target |-> 2] ]
#21 49.57 /\ klass = "none"
#21 49.57 /\ visible = [dest |-> "prior", current |-> 1, entry |-> NONE, marker |-> NONE]
#21 49.57 /\ edited = FALSE
#21 49.57 
#21 49.57 State 3: <DoStep line 94, col 5 to line 100, col 58 of module Transaction>
#21 49.57 /\ beforeRecover = [dest |-> "prior", current |-> 1, entry |-> NONE, marker |-> NONE]
#21 49.57 /\ volatile = [ dest |-> "prior",
#21 49.57   current |-> 1,
#21 49.57   entry |-> [prior |-> "prior", intended |-> "deployed"],
#21 49.57   marker |-> [prev |-> 1, target |-> 2] ]
#21 49.57 /\ step = 2
#21 49.57 /\ phase = "running"
#21 49.57 /\ durable = [ dest |-> "prior",
#21 49.57   current |-> 1,
#21 49.57   entry |-> [prior |-> "prior", intended |-> "deployed"],
#21 49.57   marker |-> [prev |-> 1, target |-> 2] ]
#21 49.57 /\ klass = "none"
#21 49.57 /\ visible = [dest |-> "prior", current |-> 1, entry |-> NONE, marker |-> NONE]
#21 49.57 /\ edited = FALSE
#21 49.57 
#21 49.57 State 4: <DoStep line 94, col 5 to line 100, col 58 of module Transaction>
#21 49.57 /\ beforeRecover = [dest |-> "prior", current |-> 1, entry |-> NONE, marker |-> NONE]
#21 49.57 /\ volatile = [ dest |-> "deployed",
#21 49.57   current |-> 1,
#21 49.57   entry |-> [prior |-> "prior", intended |-> "deployed"],
#21 49.57   marker |-> [prev |-> 1, target |-> 2] ]
#21 49.57 /\ step = 3
#21 49.57 /\ phase = "running"
#21 49.57 /\ durable = [ dest |-> "deployed",
#21 49.57   current |-> 1,
#21 49.57   entry |-> [prior |-> "prior", intended |-> "deployed"],
#21 49.57   marker |-> [prev |-> 1, target |-> 2] ]
#21 49.57 /\ klass = "none"
#21 49.57 /\ visible = [dest |-> "prior", current |-> 1, entry |-> NONE, marker |-> NONE]
#21 49.57 /\ edited = FALSE
#21 49.57 
#21 49.57 State 5: <DoStep line 94, col 5 to line 100, col 58 of module Transaction>
#21 49.57 /\ beforeRecover = [dest |-> "prior", current |-> 1, entry |-> NONE, marker |-> NONE]
#21 49.57 /\ volatile = [ dest |-> "deployed",
#21 49.57   current |-> 2,
#21 49.57   entry |-> [prior |-> "prior", intended |-> "deployed"],
#21 49.57   marker |-> [prev |-> 1, target |-> 2] ]
#21 49.57 /\ step = 4
#21 49.57 /\ phase = "running"
#21 49.57 /\ durable = [ dest |-> "deployed",
#21 49.57   current |-> 2,
#21 49.57   entry |-> [prior |-> "prior", intended |-> "deployed"],
#21 49.57   marker |-> [prev |-> 1, target |-> 2] ]
#21 49.57 /\ klass = "none"
#21 49.57 /\ visible = [dest |-> "prior", current |-> 1, entry |-> NONE, marker |-> NONE]
#21 49.57 /\ edited = FALSE
#21 49.57 
#21 49.57 State 6: <DoStep line 94, col 5 to line 100, col 58 of module Transaction>
#21 49.57 /\ beforeRecover = [dest |-> "prior", current |-> 1, entry |-> NONE, marker |-> NONE]
#21 49.57 /\ volatile = [ dest |-> "deployed",
#21 49.57   current |-> 2,
#21 49.57   entry |-> NONE,
#21 49.57   marker |-> [prev |-> 1, target |-> 2] ]
#21 49.57 /\ step = 5
#21 49.57 /\ phase = "running"
#21 49.57 /\ durable = [ dest |-> "deployed",
#21 49.57   current |-> 2,
#21 49.57   entry |-> [prior |-> "prior", intended |-> "deployed"],
#21 49.57   marker |-> [prev |-> 1, target |-> 2] ]
#21 49.57 /\ klass = "none"
#21 49.57 /\ visible = [dest |-> "prior", current |-> 1, entry |-> NONE, marker |-> NONE]
#21 49.57 /\ edited = FALSE
#21 49.57 
#21 49.57 State 7: <CrashMidStepPower line 134, col 5 to line 147, col 49 of module Transaction>
#21 49.57 /\ beforeRecover = [ dest |-> "deployed",
#21 49.57   current |-> 2,
#21 49.57   entry |-> [prior |-> "prior", intended |-> "deployed"],
#21 49.57   marker |-> NONE ]
#21 49.57 /\ volatile = [dest |-> "deployed", current |-> 2, entry |-> NONE, marker |-> NONE]
#21 49.57 /\ step = 5
#21 49.57 /\ phase = "crashed"
#21 49.57 /\ durable = [ dest |-> "deployed",
#21 49.57   current |-> 2,
#21 49.57   entry |-> [prior |-> "prior", intended |-> "deployed"],
#21 49.57   marker |-> [prev |-> 1, target |-> 2] ]
#21 49.57 /\ klass = "none"
#21 49.57 /\ visible = [ dest |-> "deployed",
#21 49.57   current |-> 2,
#21 49.57   entry |-> [prior |-> "prior", intended |-> "deployed"],
#21 49.57   marker |-> NONE ]
#21 49.57 /\ edited = FALSE
#21 49.57 
#21 49.57 State 8: <MaybeUserEdit line 151, col 5 to line 157, col 51 of module Transaction>
#21 49.57 /\ beforeRecover = [ dest |-> "edited",
#21 49.57   current |-> 2,
#21 49.57   entry |-> [prior |-> "prior", intended |-> "deployed"],
#21 49.57   marker |-> NONE ]
#21 49.57 /\ volatile = [dest |-> "deployed", current |-> 2, entry |-> NONE, marker |-> NONE]
#21 49.57 /\ step = 5
#21 49.57 /\ phase = "recovering"
#21 49.57 /\ durable = [ dest |-> "deployed",
#21 49.57   current |-> 2,
#21 49.57   entry |-> [prior |-> "prior", intended |-> "deployed"],
#21 49.57   marker |-> [prev |-> 1, target |-> 2] ]
#21 49.57 /\ klass = "none"
#21 49.57 /\ visible = [ dest |-> "edited",
#21 49.57   current |-> 2,
#21 49.57   entry |-> [prior |-> "prior", intended |-> "deployed"],
#21 49.57   marker |-> NONE ]
#21 49.57 /\ edited = TRUE
#21 49.57 
#21 49.57 State 9: <Recover line 196, col 5 to line 200, col 67 of module Transaction>
#21 49.57 /\ beforeRecover = [ dest |-> "edited",
#21 49.57   current |-> 2,
#21 49.57   entry |-> [prior |-> "prior", intended |-> "deployed"],
#21 49.57   marker |-> NONE ]
#21 49.57 /\ volatile = [dest |-> "deployed", current |-> 2, entry |-> NONE, marker |-> NONE]
#21 49.57 /\ step = 5
#21 49.57 /\ phase = "done"
#21 49.57 /\ durable = [ dest |-> "deployed",
#21 49.57   current |-> 2,
#21 49.57   entry |-> [prior |-> "prior", intended |-> "deployed"],
#21 49.57   marker |-> [prev |-> 1, target |-> 2] ]
#21 49.57 /\ klass = "uncommitted"
#21 49.57 /\ visible = [dest |-> "edited", current |-> 2, entry |-> NONE, marker |-> NONE]
#21 49.57 /\ edited = TRUE
#21 49.57 
#21 49.57 142 states generated, 105 distinct states found, 17 states left on queue.
#21 49.57 The depth of the complete state graph search is 9.
#21 49.57 The average outdegree of the complete state graph is 1 (minimum is 0, the maximum 7 and the 95th percentile is 4).
#21 49.57 Finished in 00s at (2026-09-27 17:14:46)
#21 49.57 
#21 49.57 calibration: missing entry-cleanup barrier has a proved violating step and an Oracle counterexample
#21 49.57 RUNNER_COMMAND=tlapm --strict --prefer-stdlib --nofp --toolbox 282 285 --threads 2 --cache-dir /tmp/gripsack-tlaps-tntypv08/unrelated-cache TransactionProofs.tla
#21 49.88 
#21 49.88 \* TLAPM version 7824dab
#21 49.88 \* launched at 2026-09-27 17:14:46 with command line:
#21 49.88 \* tlapm --strict --prefer-stdlib --nofp --toolbox 282 285 --threads 2 --cache-dir /tmp/gripsack-tlaps-tntypv08/unrelated-cache TransactionProofs.tla
#21 49.88 
#21 49.88 @!!BEGIN
#21 49.88 @!!type:obligation
#21 49.88 @!!id:1
#21 49.88 @!!loc:283:3:283:5
#21 49.88 @!!status:to be proved
#21 49.88 @!!END
#21 49.88 
#21 49.88 @!!BEGIN
#21 49.88 @!!type:obligation
#21 49.88 @!!id:2
#21 49.88 @!!loc:283:6:283:9
#21 49.88 @!!status:to be proved
#21 49.88 @!!END
#21 49.88 
#21 49.88 @!!BEGIN
#21 49.88 @!!type:obligationsnumber
#21 49.88 @!!count:2
#21 49.88 @!!END
#21 49.88 
#21 49.88 @!!BEGIN
#21 49.88 @!!type:obligation
#21 49.88 @!!id:2
#21 49.88 @!!loc:283:6:283:9
#21 49.88 @!!status:trivial
#21 49.88 @!!prover:tlapm
#21 49.88 @!!already:false
#21 49.88 @!!END
#21 49.88 
#21 49.88 @!!BEGIN
#21 49.88 @!!type:obligation
#21 49.88 @!!id:1
#21 49.88 @!!loc:283:3:283:5
#21 49.88 @!!status:failed
#21 49.88 @!!prover:smt
#21 49.88 @!!meth:time-limit: 5; time-used: 0.2 (4%)
#21 49.88 @!!reason:false
#21 49.88 @!!already:false
#21 49.88 @!!obl:
#21 49.88 (* SMT failed with status = sat
#21 49.88  *)
#21 49.88 ASSUME NEW CONSTANT PREV,
#21 49.88        NEW CONSTANT TARGET,
#21 49.88        NEW CONSTANT OP,
#21 49.88        NEW CONSTANT KIND,
#21 49.88        NEW CONSTANT CPRIOR,
#21 49.88        NEW CONSTANT CDEPLOYED,
#21 49.88        NEW CONSTANT CEDITED,
#21 49.88        NEW CONSTANT NONE,
#21 49.88        NEW VARIABLE volatile,
#21 49.88        NEW VARIABLE durable,
#21 49.88        NEW VARIABLE visible,
#21 49.88        NEW VARIABLE phase,
#21 49.88        NEW VARIABLE step,
#21 49.88        NEW VARIABLE edited,
#21 49.88        NEW VARIABLE klass,
#21 49.88        NEW VARIABLE beforeRecover,
#21 49.88        TRUE 
#21 49.88 PROVE  FALSE
#21 49.88 
#21 49.88 @!!END
#21 49.88 
#21 49.88 (* created new "/tmp/gripsack-tlaps-tntypv08/unrelated-cache/TransactionProofs.tlaps/TransactionProofs.thy" *)
#21 49.88 (* fingerprints written in "/tmp/gripsack-tlaps-tntypv08/unrelated-cache/TransactionProofs.tlaps/fingerprints" *)
#21 49.88 File "./TransactionProofs.tla", line 283, characters 3-4:
#21 49.88 [ERROR]: Could not prove or check:
#21 49.88            ASSUME NEW CONSTANT PREV,
#21 49.88                   NEW CONSTANT TARGET,
#21 49.88                   NEW CONSTANT OP,
#21 49.88                   NEW CONSTANT KIND,
#21 49.88                   NEW CONSTANT CPRIOR,
#21 49.88                   NEW CONSTANT CDEPLOYED,
#21 49.88                   NEW CONSTANT CEDITED,
#21 49.88                   NEW CONSTANT NONE,
#21 49.88                   NEW VARIABLE volatile,
#21 49.88                   NEW VARIABLE durable,
#21 49.88                   NEW VARIABLE visible,
#21 49.88                   NEW VARIABLE phase,
#21 49.88                   NEW VARIABLE step,
#21 49.88                   NEW VARIABLE edited,
#21 49.88                   NEW VARIABLE klass,
#21 49.88                   NEW VARIABLE beforeRecover,
#21 49.88                   Parameters ==
#21 49.88                     /\ PREV \in Nat
#21 49.88                     /\ TARGET \in Nat
#21 49.88                     /\ PREV # TARGET
#21 49.88                     /\ NONE \notin Nat
#21 49.88                     /\ NONE # SavedMarker
#21 49.88                     /\ NONE # SavedEntry
#21 49.88                     /\ KIND \in {"deploy", "prune"}
#21 49.88                     /\ CEDITED
#21 49.88                        \notin {StartContent, AfterMutate, Intended, ABSENT},
#21 49.88                   SMT 
#21 49.88            PROVE  FALSE
#21 49.88 File "./TransactionProofs.tla", line 1, character 1 to line 285, character 77:
#21 49.88 [ERROR]: 1/2 obligations failed.
#21 49.88 There were backend errors processing module `"TransactionProofs"`.
#21 49.88 
#21 49.88 calibration: unrelated theorem as barrier evidence refused
#21 49.88 RUNNER_COMMAND=tlapm --strict --prefer-stdlib --nofp --toolbox 1 3 --threads 2 --cache-dir /tmp/gripsack-tlaps-tntypv08/empty-cache TransactionProofs.tla
#21 49.97 
#21 49.97 \* TLAPM version 7824dab
#21 49.97 \* launched at 2026-09-27 17:14:47 with command line:
#21 49.97 \* tlapm --strict --prefer-stdlib --nofp --toolbox 1 3 --threads 2 --cache-dir /tmp/gripsack-tlaps-tntypv08/empty-cache TransactionProofs.tla
#21 49.97 
#21 49.97 @!!BEGIN
#21 49.97 @!!type:obligationsnumber
#21 49.97 @!!count:0
#21 49.97 @!!END
#21 49.97 
#21 49.97 File "./TransactionProofs.tla", line 1, character 1 to line 3, character 4:
#21 49.97 [ERROR]: No proof obligation found for the selected target.
#21 49.97 (* created new "/tmp/gripsack-tlaps-tntypv08/empty-cache/TransactionProofs.tlaps/TransactionProofs.thy" *)
#21 49.97 (* fingerprints written in "/tmp/gripsack-tlaps-tntypv08/empty-cache/TransactionProofs.tlaps/fingerprints" *)
#21 49.97 File "./TransactionProofs.tla", line 1, character 1 to line 3, character 4:
#21 49.97 [INFO]: All 0 obligation proved.
#21 49.97 
#21 49.97 calibration: empty proof as positive evidence refused
#21 49.97 TLAPS_PILOT_CALIBRATIONS=3
#21 49.97 tlaps gate: OK
#21 DONE 50.0s

#22 exporting to image
#22 exporting layers
#22 exporting layers 33.1s done
#22 exporting manifest sha256:6d44db6d52c71a9734110fd6c27cf6bfbbe0f4cf6de5dc4160f0b4290b2cace4 0.0s done
#22 exporting config sha256:8691e2b776d47ded9a1c298f4ab886af18d4eadc7dd17ff7ac8f066534d87b79 0.0s done
#22 exporting attestation manifest sha256:00b2f045cfc5d6a6ee08429082942702dcf57ad818eceea04c8d76ea475e5438 0.0s done
#22 exporting manifest list sha256:3f9722724458a2c815bda361fc81c9b7d52dc60fcf3648e1847fa5c13ba7f1fa 0.0s done
#22 naming to docker.io/library/gripsack-tlaps:latest
#22 naming to docker.io/library/gripsack-tlaps:latest done
#22 unpacking to docker.io/library/gripsack-tlaps:latest
#22 unpacking to docker.io/library/gripsack-tlaps:latest 11.7s done
#22 DONE 45.0s

#23 resolving provenance for metadata file
#23 DONE 0.1s
 Image gripsack-tlaps Built 
 Container gripsack-tlaps-run-a5eab566307e Creating 
 Container gripsack-tlaps-run-a5eab566307e Created 
gate passed: transaction induction and calibrated TLAPS/TLC failures


=== verify ===
 Image gripsack-verify Building 
#1 [internal] load local bake definitions
#1 reading from stdin 540B done
#1 DONE 0.0s

#2 [internal] load build definition from Dockerfile
#2 transferring dockerfile: 11.08kB done
#2 DONE 0.0s

#3 resolve image config for docker-image://docker.io/docker/dockerfile:1
#3 DONE 0.6s

#4 docker-image://docker.io/docker/dockerfile:1@sha256:ecfaec9ed6d810b56388c508f4121597bfbba70d41a6dfeee4d8cad5f295fc32
#4 resolve docker.io/docker/dockerfile:1@sha256:ecfaec9ed6d810b56388c508f4121597bfbba70d41a6dfeee4d8cad5f295fc32 0.0s done
#4 CACHED

#5 [internal] load metadata for docker.io/library/ubuntu:24.04@sha256:224a1869083a311ef3f13648a154ba79832fbef6364d31493642ca03082da254
#5 DONE 0.6s

#6 [internal] load .dockerignore
#6 transferring context: 139B done
#6 DONE 0.0s

#7 [verify  4/11] ADD --checksum=sha256:7288c49a5bd6dbafd7b0b0d1f65956b91672da24b08f09242919af159be3418e https://github.com/Z3Prover/z3/releases/download/z3-4.16.0/z3-4.16.0-x64-glibc-2.39.zip /tmp/z3.zip
#7 DONE 0.0s

#8 [verify  3/11] ADD --checksum=sha256:13d01e134c0620c3b29770874707d16c33b3d227c843a489c8ceb744d43c0a16 https://github.com/verus-lang/verus/releases/download/release/0.2026.09.06.8dea4a2/verus-0.2026.09.06.8dea4a2-x86-linux.zip /tmp/verus.zip
#8 DONE 0.0s

#9 [verify  1/11] FROM docker.io/library/ubuntu:24.04@sha256:224a1869083a311ef3f13648a154ba79832fbef6364d31493642ca03082da254
#9 resolve docker.io/library/ubuntu:24.04@sha256:224a1869083a311ef3f13648a154ba79832fbef6364d31493642ca03082da254 0.0s done
#9 DONE 0.0s

#10 [internal] load build context
#10 transferring context: 75.74kB 0.1s done
#10 DONE 0.2s

#11 [verify  5/11] RUN unzip -q /tmp/verus.zip -d /opt && unzip -q /tmp/z3.zip -d /opt     && rm /tmp/verus.zip /tmp/z3.zip     && curl -fsSL https://sh.rustup.rs | sh -s -- -y --default-toolchain 1.98.0        --component rustc-dev --component llvm-tools --component rustfmt
#11 CACHED

#12 [verify  6/11] WORKDIR /app
#12 CACHED

#13 [verify  2/11] RUN apt-get update -qq && apt-get install -y -qq --no-install-recommends     curl ca-certificates unzip build-essential python3     && rm -rf /var/lib/apt/lists/*
#13 CACHED

#14 [verify  3/11] ADD --checksum=sha256:13d01e134c0620c3b29770874707d16c33b3d227c843a489c8ceb744d43c0a16 https://github.com/verus-lang/verus/releases/download/release/0.2026.09.06.8dea4a2/verus-0.2026.09.06.8dea4a2-x86-linux.zip /tmp/verus.zip
#14 CACHED

#15 [verify  4/11] ADD --checksum=sha256:7288c49a5bd6dbafd7b0b0d1f65956b91672da24b08f09242919af159be3418e https://github.com/Z3Prover/z3/releases/download/z3-4.16.0/z3-4.16.0-x64-glibc-2.39.zip /tmp/z3.zip
#15 CACHED

#16 [verify  7/11] COPY Cargo.toml Cargo.lock ./
#16 CACHED

#17 [verify  8/11] COPY crates ./crates
#17 DONE 0.6s

#18 [verify  9/11] COPY fuzz ./fuzz
#18 DONE 0.1s

#19 [verify 10/11] COPY scripts/check_verus.sh scripts/check_verus.py scripts/verus_evidence.py ./scripts/
#19 DONE 0.1s

#20 [verify 11/11] RUN sh scripts/check_verus.sh
#20 0.344 VERUS_GATE_NEGATIVES=10
#20 0.346 RUNNER_COMMAND=cargo verus verify --manifest-path /app/crates/gripsack-policy/Cargo.toml -p gripsack-policy --locked --message-format=json -- --output-json --time-expanded
#20 37.06 VERUS_RESULT={"encountered-error": false, "encountered-vir-error": false, "errors": 0, "is-verifying-entire-crate": true, "success": true, "verified": 92}
#20 37.06 positive: verification results:: 92 verified, 0 errors
#20 37.06 VERUS_FAMILY=recovery checked=1 functions=classify
#20 37.06 VERUS_FAMILY=ownership checked=2 functions=ownership::plan_copy,ownership::plan_link
#20 37.06 VERUS_FAMILY=retention checked=7 functions=retention::admit_gc,retention::contains_generation,retention::contains_identity,retention::plan_prune,retention::plan_delete,retention::lemma_delete_monotone,retention::lemma_delete_monotone_prefix
#20 37.06 VERUS_FAMILY=generation-inventory checked=8 functions=generation::GenerationId::new,generation::GenerationId::value,generation::GenerationId::checked_next,generation::GenerationId::checked_previous,generation::GenerationInventory::new,generation::GenerationInventory::as_slice,generation::GenerationList::new,generation::GenerationList::inventory
#20 37.06 VERUS_FAMILY=merge checked=6 functions=merge::splice_bytes,merge::lemma_rest_is_gaps,merge::lemma_splice_canonical,merge::lemma_splice_identity,merge::lemma_gaps_end_with_tail,merge::lemma_splice_preserves_edges
#20 37.06 VERUS_FAMILY=merge-scanner checked=5 functions=merge::scanner::span_text,merge::scanner::lemma_ascii_successor,merge::scanner::next_line_end,merge::scanner::scan_admits_splice,merge::scanner::scan
#20 37.06 VERUS_FAMILY=graph checked=3 functions=graph::build_closure,graph::build_only_members,graph::lemma_reachable_visited
#20 37.06 VERUS_FAMILY=graph-roles checked=2 functions=graph::roles::project_graph_roles,graph::roles::GraphRole::is_dependency
#20 37.06 VERUS_FAMILY=graph-name-index checked=3 functions=graph::name_index::bind_output_index,graph::name_index::BoundOutputIndex::position,graph::name_index::distinct_names_have_distinct_indices
#20 37.06 VERUS_FAMILY=target checked=2 functions=target::release_at_most,target::supports_target
#20 37.06 VERUS_FAMILY=scheduler checked=11 functions=schedule::PureScheduler::new,schedule::PureScheduler::start_next,schedule::PureScheduler::finish_ok,schedule::PureScheduler::finish_fail,schedule::PureScheduler::failed,schedule::lemma_unfinished_count_zero,schedule::lemma_unfinished_count_zero_reverse,schedule::lemma_unfinished_count_decrement,schedule::lemma_unfinished_count_none_finished,schedule::lemma_fresh_entry,schedule::lemma_cast_collapse
#20 37.51 RUNNER_COMMAND=cargo verus verify --manifest-path /tmp/gripsack-verus-vbsxtn97/classifier/crates/gripsack-policy/Cargo.toml -p gripsack-policy --locked --message-format=json -- --output-json --time-expanded
#20 65.85 VERUS_RESULT={"encountered-error": true, "encountered-vir-error": false, "errors": 1, "is-verifying-entire-crate": true, "success": false, "verified": 91}
#20 65.85 VERUS_DIAGNOSTIC={"$message_type": "diagnostic", "children": [], "code": null, "level": "error", "message": "postcondition not satisfied", "rendered": "error: postcondition not satisfied\n  --> crates/gripsack-policy/src/lib.rs:68:9\n   |\n68 |           (result == Classification::Committed) <==> facts.current == Some(facts.target),\n   |           ^^^^^^^^^^^^^^^^^^^^^^^^^^^^^^^^^^^^^^^^^^^^^^^^^^^^^^^^^^^^^^^^^^^^^^^^^^^^^^ failed this postcondition\n...\n84 | /     match (facts.previous, facts.current) {\n85 | |         (Some(_), Some(c)) if c == facts.target => Classification::Committed,\n86 | |         (Some(prev), Some(c)) if c == prev => Classification::Uncommitted,\n87 | |         (Some(_), _) => Classification::Committed,\n...  |\n92 | |         (None, Some(_)) => Classification::Ambiguous,\n93 | |     }\n   | |_____- at the end of the function body\n\n", "spans": [{"byte_end": 4225, "byte_start": 3672, "column_end": 6, "column_start": 5, "expansion": null, "file_name": "crates/gripsack-policy/src/lib.rs", "is_primary": false, "label": "at the end of the function body", "line_end": 93, "line_start": 84, "suggested_replacement": null, "suggestion_applicability": null, "text": [{"highlight_end": 44, "highlight_start": 5, "text": "    match (facts.previous, facts.current) {"}, {"highlight_end": 78, "highlight_start": 1, "text": "        (Some(_), Some(c)) if c == facts.target => Classification::Committed,"}, {"highlight_end": 75, "highlight_start": 1, "text": "        (Some(prev), Some(c)) if c == prev => Classification::Uncommitted,"}, {"highlight_end": 51, "highlight_start": 1, "text": "        (Some(_), _) => Classification::Committed,"}, {"highlight_end": 72, "highlight_start": 1, "text": "        // a fresh machine's first run: current at the target means the"}, {"highlight_end": 50, "highlight_start": 1, "text": "        // flip landed; absent means it never did"}, {"highlight_end": 75, "highlight_start": 1, "text": "        (None, Some(c)) if c == facts.target => Classification::Committed,"}, {"highlight_end": 53, "highlight_start": 1, "text": "        (None, None) => Classification::Uncommitted,"}, {"highlight_end": 54, "highlight_start": 1, "text": "        (None, Some(_)) => Classification::Ambiguous,"}, {"highlight_end": 6, "highlight_start": 1, "text": "    }"}]}, {"byte_end": 2920, "byte_start": 2842, "column_end": 87, "column_start": 9, "expansion": null, "file_name": "crates/gripsack-policy/src/lib.rs", "is_primary": true, "label": "failed this postcondition", "line_end": 68, "line_start": 68, "suggested_replacement": null, "suggestion_applicability": null, "text": [{"highlight_end": 87, "highlight_start": 9, "text": "        (result == Classification::Committed) <==> facts.current == Some(facts.target),"}]}]}
#20 65.85 VERUS_DIAGNOSTIC={"$message_type": "diagnostic", "children": [], "code": null, "level": "error", "message": "postcondition not satisfied", "rendered": "error: postcondition not satisfied\n  --> crates/gripsack-policy/src/lib.rs:78:9\n   |\n78 | /         (result == Classification::Ambiguous) <==> (\n79 | |             facts.current != Some(facts.target)\n80 | |             && !(facts.current.is_none() && facts.previous.is_none())\n81 | |             && !(facts.previous.is_some() && facts.current == facts.previous)\n82 | |         ),\n   | |_________^ failed this postcondition\n83 |   {\n84 | /     match (facts.previous, facts.current) {\n85 | |         (Some(_), Some(c)) if c == facts.target => Classification::Committed,\n86 | |         (Some(prev), Some(c)) if c == prev => Classification::Uncommitted,\n87 | |         (Some(_), _) => Classification::Committed,\n...  |\n92 | |         (None, Some(_)) => Classification::Ambiguous,\n93 | |     }\n   | |_____- at the end of the function body\n\n", "spans": [{"byte_end": 4225, "byte_start": 3672, "column_end": 6, "column_start": 5, "expansion": null, "file_name": "crates/gripsack-policy/src/lib.rs", "is_primary": false, "label": "at the end of the function body", "line_end": 93, "line_start": 84, "suggested_replacement": null, "suggestion_applicability": null, "text": [{"highlight_end": 44, "highlight_start": 5, "text": "    match (facts.previous, facts.current) {"}, {"highlight_end": 78, "highlight_start": 1, "text": "        (Some(_), Some(c)) if c == facts.target => Classification::Committed,"}, {"highlight_end": 75, "highlight_start": 1, "text": "        (Some(prev), Some(c)) if c == prev => Classification::Uncommitted,"}, {"highlight_end": 51, "highlight_start": 1, "text": "        (Some(_), _) => Classification::Committed,"}, {"highlight_end": 72, "highlight_start": 1, "text": "        // a fresh machine's first run: current at the target means the"}, {"highlight_end": 50, "highlight_start": 1, "text": "        // flip landed; absent means it never did"}, {"highlight_end": 75, "highlight_start": 1, "text": "        (None, Some(c)) if c == facts.target => Classification::Committed,"}, {"highlight_end": 53, "highlight_start": 1, "text": "        (None, None) => Classification::Uncommitted,"}, {"highlight_end": 54, "highlight_start": 1, "text": "        (None, Some(_)) => Classification::Ambiguous,"}, {"highlight_end": 6, "highlight_start": 1, "text": "    }"}]}, {"byte_end": 3664, "byte_start": 3414, "column_end": 10, "column_start": 9, "expansion": null, "file_name": "crates/gripsack-policy/src/lib.rs", "is_primary": true, "label": "failed this postcondition", "line_end": 82, "line_start": 78, "suggested_replacement": null, "suggestion_applicability": null, "text": [{"highlight_end": 53, "highlight_start": 9, "text": "        (result == Classification::Ambiguous) <==> ("}, {"highlight_end": 48, "highlight_start": 1, "text": "            facts.current != Some(facts.target)"}, {"highlight_end": 70, "highlight_start": 1, "text": "            && !(facts.current.is_none() && facts.previous.is_none())"}, {"highlight_end": 78, "highlight_start": 1, "text": "            && !(facts.previous.is_some() && facts.current == facts.previous)"}, {"highlight_end": 10, "highlight_start": 1, "text": "        ),"}]}]}
#20 65.85 calibration: classifier rejected in classify
#20 66.07 RUNNER_COMMAND=cargo verus verify --manifest-path /tmp/gripsack-verus-vbsxtn97/ownership-drift/crates/gripsack-policy/Cargo.toml -p gripsack-policy --locked --message-format=json -- --output-json --time-expanded
#20 96.53 VERUS_RESULT={"encountered-error": true, "encountered-vir-error": false, "errors": 1, "is-verifying-entire-crate": true, "success": false, "verified": 91}
#20 96.53 VERUS_DIAGNOSTIC={"$message_type": "diagnostic", "children": [], "code": null, "level": "error", "message": "postcondition not satisfied", "rendered": "error: postcondition not satisfied\n  --> crates/gripsack-policy/src/ownership.rs:55:9\n   |\n55 | /         (result == CopyPlan::Update) <==>\n56 | |             (!take_over && live.is_some() && live.unwrap()@ != desired@\n57 | |             && prev.is_some() && !prev.unwrap().1\n58 | |             && live.unwrap()@ == prev.unwrap().0@),\n   | |__________________________________________________^ failed this postcondition\n...\n78 |           Some((written, true)) if live == written => CopyPlan::Update,\n   |           --------------------- at the end of the function body\n\n", "spans": [{"byte_end": 3224, "byte_start": 3203, "column_end": 30, "column_start": 9, "expansion": null, "file_name": "crates/gripsack-policy/src/ownership.rs", "is_primary": false, "label": "at the end of the function body", "line_end": 78, "line_start": 78, "suggested_replacement": null, "suggestion_applicability": null, "text": [{"highlight_end": 30, "highlight_start": 9, "text": "        Some((written, true)) if live == written => CopyPlan::Update,"}]}, {"byte_end": 2499, "byte_start": 2293, "column_end": 51, "column_start": 9, "expansion": null, "file_name": "crates/gripsack-policy/src/ownership.rs", "is_primary": true, "label": "failed this postcondition", "line_end": 58, "line_start": 55, "suggested_replacement": null, "suggestion_applicability": null, "text": [{"highlight_end": 42, "highlight_start": 9, "text": "        (result == CopyPlan::Update) <==>"}, {"highlight_end": 72, "highlight_start": 1, "text": "            (!take_over && live.is_some() && live.unwrap()@ != desired@"}, {"highlight_end": 50, "highlight_start": 1, "text": "            && prev.is_some() && !prev.unwrap().1"}, {"highlight_end": 51, "highlight_start": 1, "text": "            && live.unwrap()@ == prev.unwrap().0@),"}]}]}
#20 96.53 VERUS_DIAGNOSTIC={"$message_type": "diagnostic", "children": [], "code": null, "level": "error", "message": "postcondition not satisfied", "rendered": "error: postcondition not satisfied\n  --> crates/gripsack-policy/src/ownership.rs:61:9\n   |\n61 | /         (result == CopyPlan::Preserve) <==>\n62 | |             (!take_over && live.is_some() && live.unwrap()@ != desired@\n63 | |             && !(prev.is_some() && !prev.unwrap().1\n64 | |                 && live.unwrap()@ == prev.unwrap().0@)),\n   | |_______________________________________________________^ failed this postcondition\n...\n78 |           Some((written, true)) if live == written => CopyPlan::Update,\n   |           --------------------- at the end of the function body\n\n", "spans": [{"byte_end": 3224, "byte_start": 3203, "column_end": 30, "column_start": 9, "expansion": null, "file_name": "crates/gripsack-policy/src/ownership.rs", "is_primary": false, "label": "at the end of the function body", "line_end": 78, "line_start": 78, "suggested_replacement": null, "suggestion_applicability": null, "text": [{"highlight_end": 30, "highlight_start": 9, "text": "        Some((written, true)) if live == written => CopyPlan::Update,"}]}, {"byte_end": 2839, "byte_start": 2624, "column_end": 56, "column_start": 9, "expansion": null, "file_name": "crates/gripsack-policy/src/ownership.rs", "is_primary": true, "label": "failed this postcondition", "line_end": 64, "line_start": 61, "suggested_replacement": null, "suggestion_applicability": null, "text": [{"highlight_end": 44, "highlight_start": 9, "text": "        (result == CopyPlan::Preserve) <==>"}, {"highlight_end": 72, "highlight_start": 1, "text": "            (!take_over && live.is_some() && live.unwrap()@ != desired@"}, {"highlight_end": 52, "highlight_start": 1, "text": "            && !(prev.is_some() && !prev.unwrap().1"}, {"highlight_end": 56, "highlight_start": 1, "text": "                && live.unwrap()@ == prev.unwrap().0@)),"}]}]}
#20 96.53 calibration: ownership-drift rejected in ownership::plan_copy
#20 96.75 RUNNER_COMMAND=cargo verus verify --manifest-path /tmp/gripsack-verus-vbsxtn97/gc-roots-in-deletion/crates/gripsack-policy/Cargo.toml -p gripsack-policy --locked --message-format=json -- --output-json --time-expanded
#20 125.0 VERUS_RESULT={"encountered-error": true, "encountered-vir-error": false, "errors": 1, "is-verifying-entire-crate": true, "success": false, "verified": 91}
#20 125.0 VERUS_DIAGNOSTIC={"$message_type": "diagnostic", "children": [], "code": null, "level": "error", "message": "invariant not satisfied at end of loop body", "rendered": "error: invariant not satisfied at end of loop body\n   --> crates/gripsack-policy/src/retention.rs:180:13\n    |\n180 | /             out@.map(|_i, s: &str| s@) == spec_delete_prefix(\n181 | |                 referenced@.map(|_i, s: &str| s@),\n182 | |                 candidates@.map(|_i, s: &str| s@),\n183 | |                 i as int,\n184 | |             ),\n    | |_____________^\n\n", "spans": [{"byte_end": 7034, "byte_start": 6843, "column_end": 14, "column_start": 13, "expansion": null, "file_name": "crates/gripsack-policy/src/retention.rs", "is_primary": true, "label": null, "line_end": 184, "line_start": 180, "suggested_replacement": null, "suggestion_applicability": null, "text": [{"highlight_end": 62, "highlight_start": 13, "text": "            out@.map(|_i, s: &str| s@) == spec_delete_prefix("}, {"highlight_end": 51, "highlight_start": 1, "text": "                referenced@.map(|_i, s: &str| s@),"}, {"highlight_end": 51, "highlight_start": 1, "text": "                candidates@.map(|_i, s: &str| s@),"}, {"highlight_end": 26, "highlight_start": 1, "text": "                i as int,"}, {"highlight_end": 14, "highlight_start": 1, "text": "            ),"}]}]}
#20 125.0 calibration: gc-roots-in-deletion rejected in retention::plan_delete
#20 125.2 RUNNER_COMMAND=cargo verus verify --manifest-path /tmp/gripsack-verus-vbsxtn97/gc-newest-prefix/crates/gripsack-policy/Cargo.toml -p gripsack-policy --locked --message-format=json -- --output-json --time-expanded
#20 151.8 VERUS_RESULT={"encountered-error": true, "encountered-vir-error": false, "errors": 1, "is-verifying-entire-crate": true, "success": false, "verified": 91}
#20 151.8 VERUS_DIAGNOSTIC={"$message_type": "diagnostic", "children": [], "code": null, "level": "error", "message": "invariant not satisfied at end of loop body", "rendered": "error: invariant not satisfied at end of loop body\n   --> crates/gripsack-policy/src/retention.rs:134:13\n    |\n134 |             pruned@ == spec_prune_prefix(generations@, current, i as int),\n    |             ^^^^^^^^^^^^^^^^^^^^^^^^^^^^^^^^^^^^^^^^^^^^^^^^^^^^^^^^^^^^^\n\n", "spans": [{"byte_end": 5306, "byte_start": 5245, "column_end": 74, "column_start": 13, "expansion": null, "file_name": "crates/gripsack-policy/src/retention.rs", "is_primary": true, "label": null, "line_end": 134, "line_start": 134, "suggested_replacement": null, "suggestion_applicability": null, "text": [{"highlight_end": 74, "highlight_start": 13, "text": "            pruned@ == spec_prune_prefix(generations@, current, i as int),"}]}]}
#20 151.8 calibration: gc-newest-prefix rejected in retention::plan_prune
#20 152.0 RUNNER_COMMAND=cargo verus verify --manifest-path /tmp/gripsack-verus-vbsxtn97/generation-duplicate/crates/gripsack-policy/Cargo.toml -p gripsack-policy --locked --message-format=json -- --output-json --time-expanded
#20 179.4 VERUS_RESULT={"encountered-error": true, "encountered-vir-error": false, "errors": 1, "is-verifying-entire-crate": true, "success": false, "verified": 91}
#20 179.4 VERUS_DIAGNOSTIC={"$message_type": "diagnostic", "children": [], "code": null, "level": "error", "message": "invariant not satisfied at end of loop body", "rendered": "error: invariant not satisfied at end of loop body\n  --> crates/gripsack-policy/src/generation.rs:80:17\n   |\n80 | /                 forall|j: int| 0 < j < i && j < ids.len() ==>\n81 | |                     ids@[j - 1].view() < #[trigger] ids@[j].view(),\n   | |__________________________________________________________________^\n\n", "spans": [{"byte_end": 2574, "byte_start": 2462, "column_end": 67, "column_start": 17, "expansion": null, "file_name": "crates/gripsack-policy/src/generation.rs", "is_primary": true, "label": null, "line_end": 81, "line_start": 80, "suggested_replacement": null, "suggestion_applicability": null, "text": [{"highlight_end": 62, "highlight_start": 17, "text": "                forall|j: int| 0 < j < i && j < ids.len() ==>"}, {"highlight_end": 67, "highlight_start": 1, "text": "                    ids@[j - 1].view() < #[trigger] ids@[j].view(),"}]}]}
#20 179.4 calibration: generation-duplicate rejected in generation::GenerationInventory::new
#20 179.6 RUNNER_COMMAND=cargo verus verify --manifest-path /tmp/gripsack-verus-vbsxtn97/merge-splice/crates/gripsack-policy/Cargo.toml -p gripsack-policy --locked --message-format=json -- --output-json --time-expanded
#20 204.3 VERUS_RESULT={"encountered-error": true, "encountered-vir-error": false, "errors": 1, "is-verifying-entire-crate": true, "success": false, "verified": 91}
#20 204.3 VERUS_DIAGNOSTIC={"$message_type": "diagnostic", "children": [], "code": null, "level": "error", "message": "postcondition not satisfied", "rendered": "error: postcondition not satisfied\n  --> crates/gripsack-policy/src/merge.rs:58:9\n   |\n58 |         result@ == spec_splice(text@, spans@, replacement@),\n   |         ^^^^^^^^^^^^^^^^^^^^^^^^^^^^^^^^^^^^^^^^^^^^^^^^^^^ failed this postcondition\n...\n82 |     out\n   |     --- at the end of the function body\n\n", "spans": [{"byte_end": 2858, "byte_start": 2855, "column_end": 8, "column_start": 5, "expansion": null, "file_name": "crates/gripsack-policy/src/merge.rs", "is_primary": false, "label": "at the end of the function body", "line_end": 82, "line_start": 82, "suggested_replacement": null, "suggestion_applicability": null, "text": [{"highlight_end": 8, "highlight_start": 5, "text": "    out"}]}, {"byte_end": 2129, "byte_start": 2078, "column_end": 60, "column_start": 9, "expansion": null, "file_name": "crates/gripsack-policy/src/merge.rs", "is_primary": true, "label": "failed this postcondition", "line_end": 58, "line_start": 58, "suggested_replacement": null, "suggestion_applicability": null, "text": [{"highlight_end": 60, "highlight_start": 9, "text": "        result@ == spec_splice(text@, spans@, replacement@),"}]}]}
#20 204.3 calibration: merge-splice rejected in merge::splice_bytes
#20 204.5 RUNNER_COMMAND=cargo verus verify --manifest-path /tmp/gripsack-verus-vbsxtn97/merge-scanner-utf8/crates/gripsack-policy/Cargo.toml -p gripsack-policy --locked --message-format=json -- --output-json --time-expanded
#20 228.7 VERUS_RESULT={"encountered-error": true, "encountered-vir-error": false, "errors": 1, "is-verifying-entire-crate": true, "success": false, "verified": 91}
#20 228.7 VERUS_DIAGNOSTIC={"$message_type": "diagnostic", "children": [], "code": null, "level": "error", "message": "invariant not satisfied at end of loop body", "rendered": "error: invariant not satisfied at end of loop body\n   --> crates/gripsack-policy/src/merge/scanner.rs:184:13\n    |\n184 |             valid_block_spans(text.spec_bytes(), blocks@),\n    |             ^^^^^^^^^^^^^^^^^^^^^^^^^^^^^^^^^^^^^^^^^^^^^\n\n", "spans": [{"byte_end": 6426, "byte_start": 6381, "column_end": 58, "column_start": 13, "expansion": null, "file_name": "crates/gripsack-policy/src/merge/scanner.rs", "is_primary": true, "label": null, "line_end": 184, "line_start": 184, "suggested_replacement": null, "suggestion_applicability": null, "text": [{"highlight_end": 58, "highlight_start": 13, "text": "            valid_block_spans(text.spec_bytes(), blocks@),"}]}]}
#20 228.7 calibration: merge-scanner-utf8 rejected in merge::scanner::scan
#20 228.9 RUNNER_COMMAND=cargo verus verify --manifest-path /tmp/gripsack-verus-vbsxtn97/graph-closure/crates/gripsack-policy/Cargo.toml -p gripsack-policy --locked --message-format=json -- --output-json --time-expanded
#20 253.0 VERUS_RESULT={"encountered-error": true, "encountered-vir-error": false, "errors": 1, "is-verifying-entire-crate": true, "success": false, "verified": 91}
#20 253.0 VERUS_DIAGNOSTIC={"$message_type": "diagnostic", "children": [], "code": null, "level": "error", "message": "invariant not satisfied at end of loop body", "rendered": "error: invariant not satisfied at end of loop body\n   --> crates/gripsack-policy/src/graph.rs:199:17\n    |\n199 | /                 forall|j: usize| result@.contains(j) <==>\n200 | |                     (j as int) < n_nodes && visited@[j as int] && j != root,\n    | |___________________________________________________________________________^\n\n", "spans": [{"byte_end": 9557, "byte_start": 9440, "column_end": 76, "column_start": 17, "expansion": null, "file_name": "crates/gripsack-policy/src/graph.rs", "is_primary": true, "label": null, "line_end": 200, "line_start": 199, "suggested_replacement": null, "suggestion_applicability": null, "text": [{"highlight_end": 58, "highlight_start": 17, "text": "                forall|j: usize| result@.contains(j) <==>"}, {"highlight_end": 76, "highlight_start": 1, "text": "                    (j as int) < n_nodes && visited@[j as int] && j != root,"}]}]}
#20 253.0 calibration: graph-closure rejected in graph::build_closure
#20 253.2 RUNNER_COMMAND=cargo verus verify --manifest-path /tmp/gripsack-verus-vbsxtn97/graph-validation/crates/gripsack-policy/Cargo.toml -p gripsack-policy --locked --message-format=json -- --output-json --time-expanded
#20 277.2 VERUS_RESULT={"encountered-error": true, "encountered-vir-error": false, "errors": 1, "is-verifying-entire-crate": true, "success": false, "verified": 91}
#20 277.2 VERUS_DIAGNOSTIC={"$message_type": "diagnostic", "children": [], "code": null, "level": "error", "message": "assertion failed", "rendered": "error: assertion failed\n  --> crates/gripsack-policy/src/graph/roles.rs:80:20\n   |\n80 |             assert(decision.required_validation == (role == GraphRole::Validation));\n   |                    ^^^^^^^^^^^^^^^^^^^^^^^^^^^^^^^^^^^^^^^^^^^^^^^^^^^^^^^^^^^^^^^ assertion failed\n\n", "spans": [{"byte_end": 3092, "byte_start": 3029, "column_end": 83, "column_start": 20, "expansion": null, "file_name": "crates/gripsack-policy/src/graph/roles.rs", "is_primary": true, "label": "assertion failed", "line_end": 80, "line_start": 80, "suggested_replacement": null, "suggestion_applicability": null, "text": [{"highlight_end": 83, "highlight_start": 20, "text": "            assert(decision.required_validation == (role == GraphRole::Validation));"}]}]}
#20 277.2 calibration: graph-validation rejected in graph::roles::project_graph_roles
#20 277.5 RUNNER_COMMAND=cargo verus verify --manifest-path /tmp/gripsack-verus-vbsxtn97/graph-name-index/crates/gripsack-policy/Cargo.toml -p gripsack-policy --locked --message-format=json -- --output-json --time-expanded
#20 301.9 VERUS_RESULT={"encountered-error": true, "encountered-vir-error": false, "errors": 1, "is-verifying-entire-crate": true, "success": false, "verified": 91}
#20 301.9 VERUS_DIAGNOSTIC={"$message_type": "diagnostic", "children": [], "code": null, "level": "error", "message": "assertion failed", "rendered": "error: assertion failed\n  --> crates/gripsack-policy/src/graph/name_index.rs:70:16\n   |\n70 |         assert(same_name == (names@[position as int]@ == declared@));\n   |                ^^^^^^^^^^^^^^^^^^^^^^^^^^^^^^^^^^^^^^^^^^^^^^^^^^^^ assertion failed\n\n", "spans": [{"byte_end": 2325, "byte_start": 2273, "column_end": 68, "column_start": 16, "expansion": null, "file_name": "crates/gripsack-policy/src/graph/name_index.rs", "is_primary": true, "label": "assertion failed", "line_end": 70, "line_start": 70, "suggested_replacement": null, "suggestion_applicability": null, "text": [{"highlight_end": 68, "highlight_start": 16, "text": "        assert(same_name == (names@[position as int]@ == declared@));"}]}]}
#20 301.9 calibration: graph-name-index rejected in graph::name_index::bind_output_index
#20 302.1 RUNNER_COMMAND=cargo verus verify --manifest-path /tmp/gripsack-verus-vbsxtn97/target-abi/crates/gripsack-policy/Cargo.toml -p gripsack-policy --locked --message-format=json -- --output-json --time-expanded
#20 326.3 VERUS_RESULT={"encountered-error": true, "encountered-vir-error": false, "errors": 1, "is-verifying-entire-crate": true, "success": false, "verified": 91}
#20 326.3 VERUS_DIAGNOSTIC={"$message_type": "diagnostic", "children": [], "code": null, "level": "error", "message": "assertion failed", "rendered": "error: assertion failed\n   --> crates/gripsack-policy/src/target.rs:106:16\n    |\n106 |         assert(abi_matches == (provider.abi == consumer.abi));\n    |                ^^^^^^^^^^^^^^^^^^^^^^^^^^^^^^^^^^^^^^^^^^^^^ assertion failed\n\n", "spans": [{"byte_end": 3644, "byte_start": 3599, "column_end": 61, "column_start": 16, "expansion": null, "file_name": "crates/gripsack-policy/src/target.rs", "is_primary": true, "label": "assertion failed", "line_end": 106, "line_start": 106, "suggested_replacement": null, "suggestion_applicability": null, "text": [{"highlight_end": 61, "highlight_start": 16, "text": "        assert(abi_matches == (provider.abi == consumer.abi));"}]}]}
#20 326.3 calibration: target-abi rejected in target::supports_target
#20 326.5 RUNNER_COMMAND=cargo verus verify --manifest-path /tmp/gripsack-verus-vbsxtn97/scheduler-latch/crates/gripsack-policy/Cargo.toml -p gripsack-policy --locked --message-format=json -- --output-json --time-expanded
#20 351.0 VERUS_RESULT={"encountered-error": true, "encountered-vir-error": false, "errors": 1, "is-verifying-entire-crate": true, "success": false, "verified": 91}
#20 351.0 VERUS_DIAGNOSTIC={"$message_type": "diagnostic", "children": [], "code": null, "level": "error", "message": "postcondition not satisfied", "rendered": "error: postcondition not satisfied\n   --> crates/gripsack-policy/src/schedule.rs:562:13\n    |\n562 |               old(self).failed ==> result.is_none(),\n    |               ^^^^^^^^^^^^^^^^^^^^^^^^^^^^^^^^^^^^^ failed this postcondition\n563 |               old(self).failed ==> final(self).failed,\n564 | /     {\n565 | |         if self.head >= self.ready.len() {\n566 | |             return None;\n...   |\n637 | |         Some(module)\n638 | |     }\n    | |_____- at the end of the function body\n\n", "spans": [{"byte_end": 26982, "byte_start": 23366, "column_end": 6, "column_start": 5, "expansion": null, "file_name": "crates/gripsack-policy/src/schedule.rs", "is_primary": false, "label": "at the end of the function body", "line_end": 638, "line_start": 564, "suggested_replacement": null, "suggestion_applicability": null, "text": [{"highlight_end": 6, "highlight_start": 5, "text": "    {"}, {"highlight_end": 43, "highlight_start": 1, "text": "        if self.head >= self.ready.len() {"}, {"highlight_end": 25, "highlight_start": 1, "text": "            return None;"}, {"highlight_end": 10, "highlight_start": 1, "text": "        }"}, {"highlight_end": 66, "highlight_start": 1, "text": "        // entry snapshots: post-mutation reasoning never touches"}, {"highlight_end": 56, "highlight_start": 1, "text": "        // old(self) \u2014 local ghosts cannot be re-seated"}, {"highlight_end": 47, "highlight_start": 1, "text": "        let ghost pre_started = self.started@;"}, {"highlight_end": 51, "highlight_start": 1, "text": "        let ghost pre_remaining = self.remaining@;"}, {"highlight_end": 45, "highlight_start": 1, "text": "        let ghost pre_queued = self.queued@;"}, {"highlight_end": 43, "highlight_start": 1, "text": "        let ghost pre_ready = self.ready@;"}, {"highlight_end": 47, "highlight_start": 1, "text": "        let ghost pre_head = self.head as int;"}, {"highlight_end": 44, "highlight_start": 1, "text": "        let module = self.ready[self.head];"}, {"highlight_end": 16, "highlight_start": 1, "text": "        proof {"}, {"highlight_end": 70, "highlight_start": 1, "text": "            // queue-readiness: the popped module is fully unblocked,"}, {"highlight_end": 67, "highlight_start": 1, "text": "            // so every dependency finished (the exact-count link)"}, {"highlight_end": 51, "highlight_start": 1, "text": "            assert(!self.started@[module as int]);"}, {"highlight_end": 57, "highlight_start": 1, "text": "            assert(self.remaining@[module as int] == 0);"}, {"highlight_end": 85, "highlight_start": 1, "text": "            lemma_unfinished_count_zero(self.deps@[module as int]@, self.finished@);"}, {"highlight_end": 10, "highlight_start": 1, "text": "        }"}, {"highlight_end": 24, "highlight_start": 1, "text": "        self.head += 1;"}, {"highlight_end": 37, "highlight_start": 1, "text": "        self.started[module] = true;"}, {"highlight_end": 16, "highlight_start": 1, "text": "        proof {"}, {"highlight_end": 71, "highlight_start": 1, "text": "            // the entry readiness clause, restated over the snapshots"}, {"highlight_end": 79, "highlight_start": 1, "text": "            assert(forall|i: int| #![trigger pre_started[i], pre_remaining[i]]"}, {"highlight_end": 61, "highlight_start": 1, "text": "                0 <= i < self.deps@.len() && !pre_started[i]"}, {"highlight_end": 61, "highlight_start": 1, "text": "                    && pre_remaining[i] == 0 && !self.failed"}, {"highlight_end": 54, "highlight_start": 1, "text": "                ==> pre_queued.contains(i as usize));"}, {"highlight_end": 44, "highlight_start": 1, "text": "            // the popped module was queued"}, {"highlight_end": 53, "highlight_start": 1, "text": "            assert(pre_queued.contains(module)) by {"}, {"highlight_end": 99, "highlight_start": 1, "text": "                assert(pre_ready.subrange(pre_head, pre_ready.len() as int).contains(module)) by {"}, {"highlight_end": 59, "highlight_start": 1, "text": "                    assert(pre_ready[pre_head] == module);"}, {"highlight_end": 19, "highlight_start": 1, "text": "                };"}, {"highlight_end": 15, "highlight_start": 1, "text": "            };"}, {"highlight_end": 60, "highlight_start": 1, "text": "            self.queued = Ghost(pre_queued.remove(module));"}, {"highlight_end": 62, "highlight_start": 1, "text": "            // the entry window was [module] plus the new one"}, {"highlight_end": 72, "highlight_start": 1, "text": "            assert(pre_ready.subrange(pre_head, pre_ready.len() as int)"}, {"highlight_end": 101, "highlight_start": 1, "text": "                == seq![module] + self.ready@.subrange(self.head as int, self.ready@.len() as int));"}, {"highlight_end": 34, "highlight_start": 1, "text": "            assert forall|i: int|"}, {"highlight_end": 60, "highlight_start": 1, "text": "                #![trigger pre_queued.contains(i as usize)]"}, {"highlight_end": 46, "highlight_start": 1, "text": "                0 <= i < self.deps@.len() ==>"}, {"highlight_end": 51, "highlight_start": 1, "text": "                (self.queued@.contains(i as usize)"}, {"highlight_end": 84, "highlight_start": 1, "text": "                    <==> (pre_queued.contains(i as usize) && i as usize != module))"}, {"highlight_end": 17, "highlight_start": 1, "text": "            by {"}, {"highlight_end": 15, "highlight_start": 1, "text": "            };"}, {"highlight_end": 93, "highlight_start": 1, "text": "            assert(self.ready@.subrange(self.head as int, self.ready@.len() as int).to_set()"}, {"highlight_end": 35, "highlight_start": 1, "text": "                =~= self.queued@);"}, {"highlight_end": 61, "highlight_start": 1, "text": "            assert forall|k: int| #![trigger self.ready@[k]]"}, {"highlight_end": 59, "highlight_start": 1, "text": "                self.head <= k < self.ready@.len() implies"}, {"highlight_end": 54, "highlight_start": 1, "text": "                !self.started@[self.ready@[k] as int]"}, {"highlight_end": 63, "highlight_start": 1, "text": "                && self.remaining@[self.ready@[k] as int] == 0"}, {"highlight_end": 17, "highlight_start": 1, "text": "            by {"}, {"highlight_end": 61, "highlight_start": 1, "text": "                assert(pre_queued.contains(self.ready@[k]));"}, {"highlight_end": 50, "highlight_start": 1, "text": "                assert(self.ready@[k] != module);"}, {"highlight_end": 15, "highlight_start": 1, "text": "            };"}, {"highlight_end": 83, "highlight_start": 1, "text": "            assert forall|i: int| #![trigger self.started@[i], self.remaining@[i]]"}, {"highlight_end": 63, "highlight_start": 1, "text": "                0 <= i < self.deps@.len() && !self.started@[i]"}, {"highlight_end": 63, "highlight_start": 1, "text": "                    && self.remaining@[i] == 0 && !self.failed"}, {"highlight_end": 58, "highlight_start": 1, "text": "                implies self.queued@.contains(i as usize)"}, {"highlight_end": 17, "highlight_start": 1, "text": "            by {"}, {"highlight_end": 41, "highlight_start": 1, "text": "                assert(!pre_started[i]);"}, {"highlight_end": 47, "highlight_start": 1, "text": "                assert(pre_remaining[i] == 0);"}, {"highlight_end": 57, "highlight_start": 1, "text": "                assert(pre_queued.contains(i as usize));"}, {"highlight_end": 67, "highlight_start": 1, "text": "                assert(self.deps@.len() <= usize::MAX as int) by {"}, {"highlight_end": 103, "highlight_start": 1, "text": "                    assert(self.deps@.len() == vstd::std_specs::vec::spec_vec_len(&self.deps) as int);"}, {"highlight_end": 19, "highlight_start": 1, "text": "                };"}, {"highlight_end": 48, "highlight_start": 1, "text": "                lemma_cast_collapse(i, module);"}, {"highlight_end": 42, "highlight_start": 1, "text": "                if i as usize == module {"}, {"highlight_end": 71, "highlight_start": 1, "text": "                    assert(self.started@[module as int]); // the write"}, {"highlight_end": 70, "highlight_start": 1, "text": "                    assert(false); // i == module, but module started"}, {"highlight_end": 18, "highlight_start": 1, "text": "                }"}, {"highlight_end": 59, "highlight_start": 1, "text": "                assert(self.queued@.contains(i as usize));"}, {"highlight_end": 15, "highlight_start": 1, "text": "            };"}, {"highlight_end": 10, "highlight_start": 1, "text": "        }"}, {"highlight_end": 21, "highlight_start": 1, "text": "        Some(module)"}, {"highlight_end": 6, "highlight_start": 1, "text": "    }"}]}, {"byte_end": 23307, "byte_start": 23270, "column_end": 50, "column_start": 13, "expansion": null, "file_name": "crates/gripsack-policy/src/schedule.rs", "is_primary": true, "label": "failed this postcondition", "line_end": 562, "line_start": 562, "suggested_replacement": null, "suggestion_applicability": null, "text": [{"highlight_end": 50, "highlight_start": 13, "text": "            old(self).failed ==> result.is_none(),"}]}]}
#20 351.0 calibration: scheduler-latch rejected in schedule::PureScheduler::start_next
#20 351.2 RUNNER_COMMAND=cargo verus verify --manifest-path /tmp/gripsack-verus-vbsxtn97/unrelated-lemma/crates/gripsack-policy/Cargo.toml -p gripsack-policy --locked --message-format=json -- --output-json --time-expanded
#20 375.5 VERUS_RESULT={"encountered-error": true, "encountered-vir-error": false, "errors": 1, "is-verifying-entire-crate": true, "success": false, "verified": 92}
#20 375.5 VERUS_DIAGNOSTIC={"$message_type": "diagnostic", "children": [], "code": null, "level": "error", "message": "postcondition not satisfied", "rendered": "error: postcondition not satisfied\n  --> crates/gripsack-policy/src/lib.rs:96:54\n   |\n96 | pub proof fn unrelated_calibration_failure() ensures false {}\n   | --------------------------------------------         ^^^^^ failed this postcondition\n   | |\n   | at the end of the function body\n\n", "spans": [{"byte_end": 4273, "byte_start": 4229, "column_end": 45, "column_start": 1, "expansion": null, "file_name": "crates/gripsack-policy/src/lib.rs", "is_primary": false, "label": "at the end of the function body", "line_end": 96, "line_start": 96, "suggested_replacement": null, "suggestion_applicability": null, "text": [{"highlight_end": 45, "highlight_start": 1, "text": "pub proof fn unrelated_calibration_failure() ensures false {}"}]}, {"byte_end": 4287, "byte_start": 4282, "column_end": 59, "column_start": 54, "expansion": null, "file_name": "crates/gripsack-policy/src/lib.rs", "is_primary": true, "label": "failed this postcondition", "line_end": 96, "line_start": 96, "suggested_replacement": null, "suggestion_applicability": null, "text": [{"highlight_end": 59, "highlight_start": 54, "text": "pub proof fn unrelated_calibration_failure() ensures false {}"}]}]}
#20 375.5 calibration: unrelated lemma refused as classifier evidence
#20 375.5 VERUS_CALIBRATIONS=13
#20 375.5 verify gate: OK
#20 DONE 376.3s

#21 exporting to image
#21 exporting layers
#21 exporting layers 5.8s done
#21 exporting manifest sha256:b78554130531df14be8b6aa6bac4ef7aa759d3815d6744f0d6f99610e080a281 0.0s done
#21 exporting config sha256:aa29cb1774e96b23afd40b65428bdbd35cee67f65cc2d5948d379061af1aa798 0.0s done
#21 exporting attestation manifest sha256:e0c28dd0cd7902e6b41202f59dda33fafe917d9eb51fbe043666762709cb3ded 0.0s done
#21 exporting manifest list sha256:758ea2b692ca01d220b8d0dd1f101147a9adc2a12b66a01468b8d7b21fa73cf7 0.0s done
#21 naming to docker.io/library/gripsack-verify:latest done
#21 unpacking to docker.io/library/gripsack-verify:latest
#21 unpacking to docker.io/library/gripsack-verify:latest 3.7s done
#21 DONE 9.7s

#22 resolving provenance for metadata file
#22 DONE 0.0s
 Image gripsack-verify Built 
 Container gripsack-verify-run-30ce3b79f51e Creating 
 Container gripsack-verify-run-30ce3b79f51e Created 
gate passed: cargo verus verify -p gripsack-policy + seeded-mutant calibration (scripts/check_verus.sh)
