R1 qualification and blocking npm-resolution evidence — 2026-09-29
STATUS: NOT RELEASE-READY. Owner selected OS filesystem isolation; no OS enforcement implementation has landed. No fuzz/replay run.

=== Tool artifact 980 ===
 Image gripsack-test Building 
#1 [internal] load local bake definitions
#1 reading from stdin 530B done
#1 DONE 0.0s

#2 [internal] load build definition from Dockerfile
#2 transferring dockerfile:
#2 transferring dockerfile: 11.37kB done
#2 DONE 0.0s

#3 resolve image config for docker-image://docker.io/docker/dockerfile:1
#3 DONE 0.5s

#4 docker-image://docker.io/docker/dockerfile:1@sha256:ecfaec9ed6d810b56388c508f4121597bfbba70d41a6dfeee4d8cad5f295fc32
#4 resolve docker.io/docker/dockerfile:1@sha256:ecfaec9ed6d810b56388c508f4121597bfbba70d41a6dfeee4d8cad5f295fc32 0.0s done
#4 CACHED

#5 [internal] load metadata for docker.io/library/rust:alpine@sha256:a10e64dd139b7387337c7fbe8aca31b959b57b2fd4c8ae20a02cf1d6ea424dce
#5 DONE 0.0s

#6 [internal] load .dockerignore
#6 transferring context: 139B done
#6 DONE 0.0s

#7 [internal] load build context
#7 DONE 0.0s

#8 [builder  1/10] FROM docker.io/library/rust:alpine@sha256:a10e64dd139b7387337c7fbe8aca31b959b57b2fd4c8ae20a02cf1d6ea424dce
#8 resolve docker.io/library/rust:alpine@sha256:a10e64dd139b7387337c7fbe8aca31b959b57b2fd4c8ae20a02cf1d6ea424dce
#8 resolve docker.io/library/rust:alpine@sha256:a10e64dd139b7387337c7fbe8aca31b959b57b2fd4c8ae20a02cf1d6ea424dce 0.0s done
#8 DONE 0.0s

#7 [internal] load build context
#7 transferring context: 230.09kB 0.1s done
#7 DONE 0.1s

#9 [builder  2/10] RUN apk add --no-cache musl-dev git curl xz     && rustup component add clippy rustfmt
#9 CACHED

#10 [builder  3/10] RUN set -e;     arch="$(uname -m)";     case "$arch" in       x86_64)  sha=3374daaf153e6f82028add5e4bf7cc2deab46537dee24f20be80df831193aeb4 ;;       aarch64) sha=35d90cee9648037eaa4c1a2649fdca9d1b9a9997b972d37be7f8629139ba1294 ;;       *) echo "unsupported arch: $arch" >&2; exit 1 ;;     esac;     curl -fsSL -o /tmp/ca.tar.xz "https://github.com/rust-secure-code/cargo-auditable/releases/download/v0.7.5/cargo-auditable-${arch}-unknown-linux-musl.tar.xz";     echo "$sha  /tmp/ca.tar.xz" | sha256sum -c -;     mkdir -p /tmp/ca && tar -xJf /tmp/ca.tar.xz -C /tmp/ca;     mv /tmp/ca/*/cargo-auditable /usr/local/bin/cargo-auditable;     rm -rf /tmp/ca /tmp/ca.tar.xz
#10 CACHED

#11 [builder  4/10] WORKDIR /app
#11 CACHED

#12 [builder  5/10] COPY Cargo.toml Cargo.lock ./
#12 CACHED

#13 [builder  6/10] COPY crates ./crates
#13 DONE 0.3s

#14 [builder  7/10] COPY fuzz ./fuzz
#14 DONE 0.1s

#15 [builder  8/10] COPY schema ./schema
#15 DONE 0.1s

#16 [builder  9/10] COPY typescript ./typescript
#16 DONE 0.1s

#17 [builder 10/10] COPY scripts ./scripts
#17 DONE 0.1s

#18 [builder 10/10] COPY scripts ./scripts
#18 CACHED

#19 [builder  5/10] COPY Cargo.toml Cargo.lock ./
#19 CACHED

#20 [builder  6/10] COPY crates ./crates
#20 CACHED

#21 [builder  7/10] COPY fuzz ./fuzz
#21 CACHED

#22 [builder  8/10] COPY schema ./schema
#22 CACHED

#23 [builder  9/10] COPY typescript ./typescript
#23 CACHED

#24 [test 1/2] RUN cargo fmt --check     && cargo clippy --locked --workspace --all-targets -- -D warnings     && cargo test --locked
#24 1.492     Updating crates.io index
#24 3.883  Downloading crates ...
#24 3.940   Downloaded adler2 v2.0.1
#24 3.959   Downloaded ambient-authority v0.0.2
#24 3.965   Downloaded anstyle-query v1.1.5
#24 3.968   Downloaded bytecount v0.6.9
#24 3.973   Downloaded cfg-if v1.0.4
#24 3.977   Downloaded anstream v1.0.0
#24 3.981   Downloaded block-buffer v0.12.1
#24 3.984   Downloaded num-iter v0.1.46
#24 3.986   Downloaded borrow-or-share v0.2.4
#24 3.989   Downloaded errno v0.3.14
#24 3.993   Downloaded bzip2 v0.6.1
#24 3.997   Downloaded cap-std v4.0.3
#24 4.005   Downloaded anstyle-parse v1.0.0
#24 4.010   Downloaded anstyle v1.0.14
#24 4.013   Downloaded autocfg v1.5.1
#24 4.017   Downloaded colorchoice v1.0.5
#24 4.020   Downloaded clap_lex v1.1.0
#24 4.022   Downloaded bit-vec v0.8.0
#24 4.026   Downloaded ahash v0.8.12
#24 4.030   Downloaded convert_case v0.4.0
#24 4.032   Downloaded bit-set v0.8.0
#24 4.036   Downloaded lazy_static v1.5.0
#24 4.041   Downloaded heck v0.5.0
#24 4.044   Downloaded fs-set-times v0.20.3
#24 4.046   Downloaded equivalent v1.0.2
#24 4.049   Downloaded data-encoding v2.11.1
#24 4.052   Downloaded crypto-common v0.2.2
#24 4.054   Downloaded maybe-owned v0.3.4
#24 4.057   Downloaded allocator-api2 v0.2.21
#24 4.062   Downloaded is_terminal_polyfill v1.70.2
#24 4.064   Downloaded num-cmp v0.1.0
#24 4.065   Downloaded matchers v0.2.0
#24 4.068   Downloaded num-complex v0.4.6
#24 4.071   Downloaded ipnet v2.12.1
#24 4.074   Downloaded fastrand v2.5.0
#24 4.077   Downloaded io-lifetimes v3.0.1
#24 4.080   Downloaded idna_adapter v1.2.2
#24 4.082   Downloaded form_urlencoded v1.2.2
#24 4.083   Downloaded zerofrom v0.1.8
#24 4.085   Downloaded outref v0.5.2
#24 4.088   Downloaded num v0.4.3
#24 4.090   Downloaded httpdate v1.0.3
#24 4.093   Downloaded itoa v1.0.18
#24 4.098   Downloaded digest v0.11.3
#24 4.104   Downloaded percent-encoding v2.3.2
#24 4.106   Downloaded cpufeatures v0.3.0
#24 4.109   Downloaded jobserver v0.1.35
#24 4.114   Downloaded filetime v0.2.29
#24 4.117   Downloaded potential_utf v0.1.6
#24 4.120   Downloaded webpki-roots v0.26.11
#24 4.124   Downloaded console v0.16.4
#24 4.127   Downloaded email_address v0.2.9
#24 4.131   Downloaded lock_api v0.4.14
#24 4.134   Downloaded displaydoc v0.2.7
#24 4.138   Downloaded clap_derive v4.6.4
#24 4.143   Downloaded jsonschema-regex v0.55.0
#24 4.145   Downloaded find-msvc-tools v0.1.11
#24 4.148   Downloaded io-lifetimes v2.0.4
#24 4.151   Downloaded num-integer v0.1.47
#24 4.155   Downloaded dialoguer v0.12.0
#24 4.163   Downloaded nu-ansi-term v0.50.3
#24 4.170   Downloaded yoke-derive v0.8.2
#24 4.173   Downloaded litemap v0.8.3
#24 4.179   Downloaded vsimd v0.8.0
#24 4.183   Downloaded foldhash v0.2.0
#24 4.185   Downloaded cap-primitives v4.0.3
#24 4.207   Downloaded xattr v1.6.1
#24 4.212   Downloaded xz2 v0.1.7
#24 4.216   Downloaded zeroize v1.9.0
#24 4.219   Downloaded writeable v0.6.4
#24 4.224   Downloaded getrandom v0.4.3
#24 4.230   Downloaded shell-words v1.1.1
#24 4.232   Downloaded crc32fast v1.5.1
#24 4.237   Downloaded generator v0.8.10
#24 4.246   Downloaded hybrid-array v0.4.14
#24 4.250   Downloaded io-extras v0.19.0
#24 4.255   Downloaded bitflags v2.13.1
#24 4.263   Downloaded clap v4.6.6
#24 4.281   Downloaded scopeguard v1.2.0
#24 4.285   Downloaded libbz2-rs-sys v0.2.5
#24 4.288   Downloaded jsonschema-value v0.55.0
#24 4.292   Downloaded thread_local v1.1.10
#24 4.295   Downloaded yoke v0.8.3
#24 4.298   Downloaded fluent-uri v0.4.1
#24 4.304   Downloaded getrandom v0.2.17
#24 4.309   Downloaded zerovec-derive v0.11.6
#24 4.312   Downloaded icu_provider v2.3.1
#24 4.318   Downloaded getrandom v0.3.4
#24 4.326   Downloaded log v0.4.34
#24 4.333   Downloaded const-oid v0.10.2
#24 4.338   Downloaded openssl-probe v0.2.1
#24 4.343   Downloaded indicatif v0.18.6
#24 4.351   Downloaded icu_collections v2.3.0
#24 4.366   Downloaded miniz_oxide v0.8.9
#24 4.373   Downloaded loom v0.7.2
#24 4.387   Downloaded micromap v0.3.0
#24 4.401   Downloaded icu_normalizer_data v2.3.0
#24 4.405   Downloaded bumpalo v3.20.3
#24 4.412   Downloaded base64 v0.22.1
#24 4.427   Downloaded flate2 v1.1.9
#24 4.440   Downloaded cc v1.4.4
#24 4.450   Downloaded icu_locale_core v2.3.0
#24 4.473   Downloaded ref-cast v1.0.27
#24 4.481   Downloaded indexmap v2.14.0
#24 4.494   Downloaded icu_properties v2.3.0
#24 4.505   Downloaded memchr v2.8.3
#24 4.528   Downloaded zerotrie v0.2.5
#24 4.543   Downloaded num-bigint v0.4.8
#24 4.563   Downloaded serde_spanned v1.1.1
#24 4.566   Downloaded clap_builder v4.6.6
#24 4.585   Downloaded fraction v0.17.0
#24 4.606   Downloaded aho-corasick v1.1.5
#24 4.620   Downloaded idna v1.1.0
#24 4.628   Downloaded hashbrown v0.17.1
#24 4.643   Downloaded icu_properties_data v2.3.0
#24 4.676   Downloaded winnow v0.7.15
#24 4.715   Downloaded winnow v1.0.4
#24 4.759   Downloaded utf8parse v0.2.2
#24 4.765   Downloaded stable_deref_trait v1.2.1
#24 4.770   Downloaded webpki-roots v1.0.9
#24 4.776   Downloaded fancy-regex v0.19.1
#24 4.801   Downloaded vstd v0.0.0-2026-09-06-0133
#24 4.829   Downloaded zerocopy v0.8.56
#24 4.878   Downloaded uuid-simd v0.8.0
#24 4.883   Downloaded icu_normalizer v2.3.0
#24 4.899   Downloaded version_check v0.9.5
#24 4.907   Downloaded untrusted v0.9.0
#24 4.914   Downloaded jsonschema v0.55.0
#24 4.967   Downloaded subtle v2.6.1
#24 4.973   Downloaded utf8_iter v1.0.4
#24 4.977   Downloaded lzma-sys v0.1.20
#24 5.068   Downloaded ref-cast-impl v1.0.27
#24 5.071   Downloaded strum v0.28.0
#24 5.074   Downloaded libc v0.2.189
#24 5.301   Downloaded unit-prefix v0.5.2
#24 5.306   Downloaded tracing-serde v0.2.0
#24 5.310   Downloaded zerofrom-derive v0.1.7
#24 5.316   Downloaded owo-colors v4.3.0
#24 5.322   Downloaded zmij v1.0.23
#24 5.343   Downloaded zstd-safe v7.2.4
#24 5.347   Downloaded pin-project-lite v0.2.17
#24 5.370   Downloaded zstd v0.13.3
#24 5.386   Downloaded thiserror-impl v2.0.20
#24 5.392   Downloaded strsim v0.11.1
#24 5.398   Downloaded thiserror v2.0.20
#24 5.416   Downloaded shlex v2.0.1
#24 5.423   Downloaded quote v1.0.47
#24 5.432   Downloaded pkg-config v0.3.34
#24 5.440   Downloaded verus_builtin v0.0.0-2026-09-06-0133
#24 5.443   Downloaded toml_datetime v1.1.1+spec-1.1.0
#24 5.446   Downloaded toml_writer v1.1.2+spec-1.1.0
#24 5.450   Downloaded tracing-log v0.2.0
#24 5.456   Downloaded scoped-tls v1.0.1
#24 5.461   Downloaded rustversion v1.0.23
#24 5.470   Downloaded synstructure v0.13.2
#24 5.473   Downloaded tinystr v0.8.4
#24 5.480   Downloaded linux-raw-sys v0.12.1
#24 5.597   Downloaded strum_macros v0.28.0
#24 5.607   Downloaded rustls-native-certs v0.8.4
#24 5.612   Downloaded parking_lot v0.12.5
#24 5.620   Downloaded once_cell v1.21.4
#24 5.628   Downloaded parking_lot_core v0.9.12
#24 5.634   Downloaded num-rational v0.4.2
#24 5.638   Downloaded tempfile v3.27.0
#24 5.647   Downloaded simd-adler32 v0.3.10
#24 5.653   Downloaded smallvec v1.15.2
#24 5.659   Downloaded sha2 v0.11.0
#24 5.672   Downloaded toml_parser v1.1.3+spec-1.1.0
#24 5.680   Downloaded unicode-general-category v1.1.0
#24 5.687   Downloaded tracing-attributes v0.1.31
#24 5.693   Downloaded rustix-linux-procfs v0.1.1
#24 5.697   Downloaded rustls-pki-types v1.15.1
#24 5.704   Downloaded toml_datetime v0.7.5+spec-1.1.0
#24 5.708   Downloaded zopfli v0.8.3
#24 5.715   Downloaded proc-macro2 v1.0.107
#24 5.724   Downloaded serde_yaml v0.9.34+deprecated
#24 5.735   Downloaded sharded-slab v0.1.7
#24 5.746   Downloaded unsafe-libyaml v0.2.11
#24 5.756   Downloaded toml v0.9.12+spec-1.1.0
#24 5.769   Downloaded unicode-ident v1.0.24
#24 5.782   Downloaded toml v1.1.4+spec-1.1.0
#24 5.795   Downloaded ryu v1.0.23
#24 5.807   Downloaded num-traits v0.2.19
#24 5.814   Downloaded serde_core v1.0.229
#24 5.822   Downloaded serde_derive v1.0.229
#24 5.828   Downloaded tracing-core v0.1.36
#24 5.835   Downloaded toml_edit v0.25.13+spec-1.1.0
#24 5.845   Downloaded referencing v0.55.0
#24 5.859   Downloaded tar v0.4.46
#24 5.868   Downloaded serde v1.0.229
#24 5.878   Downloaded url v2.5.8
#24 5.884   Downloaded verus_state_machines_macros v0.0.0-2026-09-06-0133
#24 5.891   Downloaded verus_prettyplease v0.0.0-2026-09-06-0133
#24 5.900   Downloaded typenum v1.20.1
#24 5.908   Downloaded rustls-webpki v0.103.15
#24 5.916   Downloaded typed-path v0.12.3
#24 5.942   Downloaded ureq v2.12.1
#24 5.956   Downloaded zerovec v0.11.8
#24 5.972   Downloaded zip v8.6.0
#24 5.984   Downloaded verus_builtin_macros v0.0.0-2026-09-06-0133
#24 5.992   Downloaded serde_json v1.0.151
#24 6.011   Downloaded regex v1.13.1
#24 6.024   Downloaded zlib-rs v0.6.7
#24 6.038   Downloaded portable-atomic v1.15.0
#24 6.058   Downloaded tracing-subscriber v0.3.23
#24 6.081   Downloaded unicode-width v0.2.2
#24 6.094   Downloaded syn v3.0.4
#24 6.121   Downloaded syn v2.0.119
#24 6.146   Downloaded regex-syntax v0.8.11
#24 6.159   Downloaded verus_syn v0.0.0-2026-09-06-0133
#24 6.181   Downloaded rustls v0.23.45
#24 6.209   Downloaded rustix v1.1.4
#24 6.296   Downloaded tracing v0.1.44
#24 6.322   Downloaded regex-automata v0.4.18
#24 6.355   Downloaded zstd-sys v2.0.16+zstd.1.5.7
#24 6.385   Downloaded ring v0.17.14
#24 6.900    Compiling proc-macro2 v1.0.107
#24 6.900    Compiling quote v1.0.47
#24 6.901    Compiling unicode-ident v1.0.24
#24 6.901    Compiling libc v0.2.189
#24 6.901     Checking cfg-if v1.0.4
#24 6.908    Compiling serde_core v1.0.229
#24 6.915    Compiling serde v1.0.229
#24 6.926     Checking memchr v2.8.3
#24 6.932     Checking once_cell v1.21.4
#24 6.932     Checking equivalent v1.0.2
#24 6.932     Checking allocator-api2 v0.2.21
#24 6.933     Checking foldhash v0.2.0
#24 6.933    Compiling verus_prettyplease v0.0.0-2026-09-06-0133
#24 6.933    Compiling hashbrown v0.17.1
#24 6.947    Compiling zmij v1.0.23
#24 6.957    Compiling vstd v0.0.0-2026-09-06-0133
#24 6.979    Compiling convert_case v0.4.0
#24 7.000     Checking itoa v1.0.18
#24 7.000    Compiling serde_json v1.0.151
#24 7.000     Checking verus_builtin v0.0.0-2026-09-06-0133
#24 7.000    Compiling find-msvc-tools v0.1.11
#24 7.000    Compiling shlex v2.0.1
#24 7.001     Checking smallvec v1.15.2
#24 7.001     Checking stable_deref_trait v1.2.1
#24 7.019    Compiling thiserror v2.0.20
#24 7.020    Compiling rustix v1.1.4
#24 7.032     Checking linux-raw-sys v0.12.1
#24 7.038     Checking bitflags v2.13.1
#24 7.039     Checking percent-encoding v2.3.2
#24 7.039     Checking typenum v1.20.1
#24 7.039     Checking litemap v0.8.3
#24 7.040     Checking writeable v0.6.4
#24 7.149     Checking winnow v1.0.4
#24 7.190    Compiling io-lifetimes v2.0.4
#24 7.192    Compiling icu_normalizer_data v2.3.0
#24 7.211     Checking toml_writer v1.1.2+spec-1.1.0
#24 7.251    Compiling pkg-config v0.3.34
#24 7.505     Checking utf8_iter v1.0.4
#24 7.554    Compiling io-lifetimes v3.0.1
#24 7.675    Compiling parking_lot_core v0.9.12
#24 7.675    Compiling icu_properties_data v2.3.0
#24 7.702    Compiling io-extras v0.19.0
#24 7.705     Checking scopeguard v1.2.0
#24 7.715    Compiling getrandom v0.4.3
#24 7.746     Checking log v0.4.34
#24 7.792     Checking const-oid v0.10.2
#24 7.796    Compiling cap-primitives v4.0.3
#24 7.813     Checking cpufeatures v0.3.0
#24 7.827     Checking maybe-owned v0.3.4
#24 7.830     Checking zeroize v1.9.0
#24 7.855     Checking lock_api v0.4.14
#24 7.935    Compiling cap-std v4.0.3
#24 7.962     Checking ipnet v2.12.1
#24 7.989     Checking fastrand v2.5.0
#24 8.177     Checking ambient-authority v0.0.2
#24 8.178     Checking winnow v0.7.15
#24 8.178     Checking regex-syntax v0.8.11
#24 8.207     Checking form_urlencoded v1.2.2
#24 8.234     Checking rustls-pki-types v1.15.1
#24 8.262    Compiling autocfg v1.5.1
#24 8.264     Checking tracing-core v0.1.36
#24 8.283    Compiling crc32fast v1.5.1
#24 8.329     Checking pin-project-lite v0.2.17
#24 8.369     Checking simd-adler32 v0.3.10
#24 8.411    Compiling indexmap v2.14.0
#24 8.459     Checking aho-corasick v1.1.5
#24 8.528     Checking untrusted v0.9.0
#24 8.529    Compiling zstd-safe v7.2.4
#24 8.530     Checking base64 v0.22.1
#24 8.596    Compiling rustls v0.23.45
#24 8.640     Checking adler2 v2.0.1
#24 8.684     Checking subtle v2.6.1
#24 8.685     Checking zlib-rs v0.6.7
#24 8.686     Checking bumpalo v3.20.3
#24 8.724     Checking libbz2-rs-sys v0.2.5
#24 8.725     Checking openssl-probe v0.2.1
#24 8.804     Checking typed-path v0.12.3
#24 8.814     Checking httpdate v1.0.3
#24 8.831    Compiling heck v0.5.0
#24 8.862     Checking miniz_oxide v0.8.9
#24 8.963    Compiling getrandom v0.3.4
#24 8.986    Compiling version_check v0.9.5
#24 8.989    Compiling zerocopy v0.8.56
#24 9.015    Compiling ref-cast v1.0.27
#24 9.038     Checking bit-vec v0.8.0
#24 9.060    Compiling unicode-general-category v1.1.0
#24 9.073     Checking webpki-roots v1.0.9
#24 9.117     Checking rustls-native-certs v0.8.4
#24 9.202     Checking borrow-or-share v0.2.4
#24 9.215     Checking lazy_static v1.5.0
#24 9.219     Checking tracing-log v0.2.0
#24 9.230     Checking hybrid-array v0.4.14
#24 9.305     Checking thread_local v1.1.10
#24 9.358    Compiling rustversion v1.0.23
#24 9.359     Checking webpki-roots v0.26.11
#24 9.376     Checking sharded-slab v0.1.7
#24 9.388     Checking outref v0.5.2
#24 9.488     Checking vsimd v0.8.0
#24 9.554     Checking bytecount v0.6.9
#24 9.596     Checking nu-ansi-term v0.50.3
#24 9.619     Checking micromap v0.3.0
#24 9.665     Checking bit-set v0.8.0
#24 9.832    Compiling ahash v0.8.12
#24 9.849     Checking num-cmp v0.1.0
#24 9.881     Checking data-encoding v2.11.1
#24 9.930     Checking unsafe-libyaml v0.2.11
#24 9.950     Checking ryu v1.0.23
#24 10.11     Checking toml_parser v1.1.3+spec-1.1.0
#24 10.15     Checking utf8parse v0.2.2
#24 10.16     Checking is_terminal_polyfill v1.70.2
#24 10.18     Checking zopfli v0.8.3
#24 10.24    Compiling syn v3.0.4
#24 10.25    Compiling syn v2.0.119
#24 10.26    Compiling verus_syn v0.0.0-2026-09-06-0133
#24 10.32     Checking anstyle-query v1.1.5
#24 10.35     Checking anstyle-parse v1.0.0
#24 10.38     Checking anstyle v1.0.14
#24 10.44     Checking getrandom v0.2.17
#24 10.47     Checking filetime v0.2.29
#24 10.49     Checking unicode-width v0.2.2
#24 10.52     Checking colorchoice v1.0.5
#24 10.62    Compiling portable-atomic v1.15.0
#24 10.70    Compiling owo-colors v4.3.0
#24 10.72     Checking strsim v0.11.1
#24 10.73    Compiling num-traits v0.2.19
#24 10.76     Checking parking_lot v0.12.5
#24 10.78     Checking clap_lex v1.1.0
#24 10.79     Checking bzip2 v0.6.1
#24 10.80     Checking scoped-tls v1.0.1
#24 10.83     Checking unit-prefix v0.5.2
#24 10.84     Checking shell-words v1.1.1
#24 10.86     Checking uuid-simd v0.8.0
#24 10.87    Compiling jobserver v0.1.35
#24 10.87     Checking console v0.16.4
#24 11.20     Checking anstream v1.0.0
#24 11.42     Checking flate2 v1.1.9
#24 11.53    Compiling cc v1.4.4
#24 11.54     Checking clap_builder v4.6.6
#24 11.71     Checking block-buffer v0.12.1
#24 11.72     Checking crypto-common v0.2.2
#24 12.30     Checking regex-automata v0.4.18
#24 12.31     Checking jsonschema-regex v0.55.0
#24 12.66     Checking indicatif v0.18.6
#24 12.98     Checking num-integer v0.1.47
#24 12.98     Checking num-complex v0.4.6
#24 13.21     Checking digest v0.11.3
#24 13.50     Checking num-bigint v0.4.8
#24 13.50     Checking num-iter v0.1.46
#24 13.58     Checking sha2 v0.11.0
#24 13.72     Checking serde_spanned v1.1.1
#24 13.72     Checking toml_datetime v0.7.5+spec-1.1.0
#24 13.72     Checking toml_datetime v1.1.1+spec-1.1.0
#24 14.11     Checking toml v0.9.12+spec-1.1.0
#24 14.40     Checking toml v1.1.4+spec-1.1.0
#24 14.40     Checking toml_edit v0.25.13+spec-1.1.0
#24 14.64    Compiling zstd-sys v2.0.16+zstd.1.5.7
#24 14.65    Compiling ring v0.17.14
#24 14.65    Compiling lzma-sys v0.1.20
#24 14.65    Compiling generator v0.8.10
#24 15.93     Checking num-rational v0.4.2
#24 16.26     Checking fs-set-times v0.20.3
#24 16.33     Checking rustix-linux-procfs v0.1.1
#24 16.39     Checking tempfile v3.27.0
#24 16.39     Checking xattr v1.6.1
#24 16.59     Checking num v0.4.3
#24 16.65     Checking tar v0.4.46
#24 16.69     Checking fraction v0.17.0
#24 16.77     Checking dialoguer v0.12.0
#24 17.28     Checking matchers v0.2.0
#24 17.28     Checking fancy-regex v0.19.1
#24 17.28     Checking regex v1.13.1
#24 17.38     Checking xz2 v0.1.7
#24 17.84     Checking gripsack-fs v0.42.0 (/app/crates/gripsack-fs)
#24 18.01    Compiling synstructure v0.13.2
#24 18.88     Checking zstd v0.13.3
#24 18.98    Compiling serde_derive v1.0.229
#24 18.98    Compiling thiserror-impl v2.0.20
#24 18.99    Compiling zerovec-derive v0.11.6
#24 18.99    Compiling displaydoc v0.2.7
#24 18.99    Compiling ref-cast-impl v1.0.27
#24 18.99    Compiling clap_derive v4.6.4
#24 19.32     Checking zip v8.6.0
#24 19.84     Checking rustls-webpki v0.103.15
#24 20.03    Compiling zerofrom-derive v0.1.7
#24 20.03    Compiling yoke-derive v0.8.2
#24 20.03    Compiling tracing-attributes v0.1.31
#24 20.04    Compiling strum_macros v0.28.0
#24 21.77     Checking clap v4.6.6
#24 21.84     Checking zerofrom v0.1.8
#24 21.92     Checking tracing v0.1.44
#24 21.95     Checking yoke v0.8.3
#24 22.18     Checking zerovec v0.11.8
#24 22.18     Checking zerotrie v0.2.5
#24 22.56    Compiling verus_state_machines_macros v0.0.0-2026-09-06-0133
#24 22.56    Compiling verus_builtin_macros v0.0.0-2026-09-06-0133
#24 22.94     Checking strum v0.28.0
#24 22.97     Checking tinystr v0.8.4
#24 22.97     Checking potential_utf v0.1.6
#24 23.06     Checking icu_collections v2.3.0
#24 23.16     Checking icu_locale_core v2.3.0
#24 23.87     Checking fluent-uri v0.4.1
#24 23.87     Checking tracing-serde v0.2.0
#24 23.87     Checking email_address v0.2.9
#24 23.87     Checking serde_yaml v0.9.34+deprecated
#24 24.03     Checking tracing-subscriber v0.3.23
#24 24.13     Checking icu_provider v2.3.1
#24 24.17     Checking jsonschema-value v0.55.0
#24 24.41     Checking icu_properties v2.3.0
#24 24.41     Checking icu_normalizer v2.3.0
#24 24.54     Checking referencing v0.55.0
#24 25.27     Checking jsonschema v0.55.0
#24 25.65     Checking loom v0.7.2
#24 25.97     Checking idna_adapter v1.2.2
#24 26.06     Checking idna v1.1.0
#24 26.41     Checking url v2.5.8
#24 26.99     Checking ureq v2.12.1
#24 32.64     Checking gripsack-policy v0.42.0 (/app/crates/gripsack-policy)
#24 33.21     Checking gripsack-ir v0.42.0 (/app/crates/gripsack-ir)
#24 33.21     Checking gripsack-process v0.42.0 (/app/crates/gripsack-process)
#24 33.68     Checking gripsack-buildkit v0.42.0 (/app/crates/gripsack-buildkit)
#24 35.73     Checking gripsack-store v0.42.0 (/app/crates/gripsack-store)
#24 35.73     Checking gripsack-config v0.42.0 (/app/crates/gripsack-config)
#24 35.73     Checking griplint v0.42.0 (/app/crates/griplint)
#24 38.29     Checking gripsack-fetch v0.42.0 (/app/crates/gripsack-fetch)
#24 38.29     Checking gripsack-trace v0.42.0 (/app/crates/gripsack-trace)
#24 39.61     Checking gripsack-exec v0.42.0 (/app/crates/gripsack-exec)
#24 39.61     Checking gripsack-lint v0.42.0 (/app/crates/gripsack-lint)
#24 40.99     Checking gripsack-fuzz v0.0.0 (/app/fuzz)
#24 40.99     Checking gripsack v0.42.0 (/app/crates/gripsack)
#24 42.41     Finished `dev` profile [unoptimized + debuginfo] target(s) in 41.02s
#24 43.03    Compiling cfg-if v1.0.4
#24 43.03    Compiling equivalent v1.0.2
#24 43.03    Compiling memchr v2.8.3
#24 43.03    Compiling foldhash v0.2.0
#24 43.03    Compiling allocator-api2 v0.2.21
#24 43.03    Compiling once_cell v1.21.4
#24 43.04    Compiling verus_builtin v0.0.0-2026-09-06-0133
#24 43.04    Compiling itoa v1.0.18
#24 43.05    Compiling smallvec v1.15.2
#24 43.05    Compiling stable_deref_trait v1.2.1
#24 43.05    Compiling linux-raw-sys v0.12.1
#24 43.05    Compiling bitflags v2.13.1
#24 43.05    Compiling percent-encoding v2.3.2
#24 43.05    Compiling typenum v1.20.1
#24 43.05    Compiling winnow v1.0.4
#24 43.05    Compiling toml_writer v1.1.2+spec-1.1.0
#24 43.07    Compiling writeable v0.6.4
#24 43.07    Compiling litemap v0.8.3
#24 43.08    Compiling libc v0.2.189
#24 43.08    Compiling serde_core v1.0.229
#24 43.08    Compiling indexmap v2.14.0
#24 43.08    Compiling zmij v1.0.23
#24 43.08    Compiling const-oid v0.10.2
#24 43.09    Compiling utf8_iter v1.0.4
#24 43.09    Compiling cpufeatures v0.3.0
#24 43.10    Compiling io-lifetimes v2.0.4
#24 43.10    Compiling io-lifetimes v3.0.1
#24 43.14    Compiling thiserror v2.0.20
#24 43.14    Compiling scopeguard v1.2.0
#24 43.15    Compiling fastrand v2.5.0
#24 43.15    Compiling icu_normalizer_data v2.3.0
#24 43.15    Compiling zerofrom v0.1.8
#24 43.15    Compiling icu_properties_data v2.3.0
#24 43.15    Compiling maybe-owned v0.3.4
#24 43.15    Compiling log v0.4.34
#24 43.21    Compiling ipnet v2.12.1
#24 43.27    Compiling ambient-authority v0.0.2
#24 43.28    Compiling io-extras v0.19.0
#24 43.32    Compiling winnow v0.7.15
#24 43.33    Compiling tracing-core v0.1.36
#24 43.35    Compiling lock_api v0.4.14
#24 43.36    Compiling form_urlencoded v1.2.2
#24 43.37    Compiling regex-syntax v0.8.11
#24 43.37    Compiling zeroize v1.9.0
#24 43.40    Compiling yoke v0.8.3
#24 43.41    Compiling pin-project-lite v0.2.17
#24 43.42    Compiling simd-adler32 v0.3.10
#24 43.42    Compiling untrusted v0.9.0
#24 43.42    Compiling base64 v0.22.1
#24 43.43    Compiling crc32fast v1.5.1
#24 43.44    Compiling adler2 v2.0.1
#24 43.44    Compiling num-traits v0.2.19
#24 43.45    Compiling libbz2-rs-sys v0.2.5
#24 43.45    Compiling zlib-rs v0.6.7
#24 43.52    Compiling bumpalo v3.20.3
#24 43.53    Compiling subtle v2.6.1
#24 43.55    Compiling hashbrown v0.17.1
#24 43.58    Compiling rustls-pki-types v1.15.1
#24 43.60    Compiling openssl-probe v0.2.1
#24 43.61    Compiling typed-path v0.12.3
#24 43.61    Compiling httpdate v1.0.3
#24 43.62    Compiling zerocopy v0.8.56
#24 43.63    Compiling zerovec v0.11.8
#24 43.63    Compiling zerotrie v0.2.5
#24 43.66    Compiling ref-cast v1.0.27
#24 43.67    Compiling bit-vec v0.8.0
#24 43.68    Compiling borrow-or-share v0.2.4
#24 43.68    Compiling vsimd v0.8.0
#24 43.78    Compiling rustix v1.1.4
#24 43.79    Compiling miniz_oxide v0.8.9
#24 43.79    Compiling num-cmp v0.1.0
#24 43.80    Compiling micromap v0.3.0
#24 43.87    Compiling lazy_static v1.5.0
#24 43.89    Compiling zopfli v0.8.3
#24 43.97    Compiling bytecount v0.6.9
#24 43.97    Compiling outref v0.5.2
#24 43.97    Compiling sharded-slab v0.1.7
#24 43.99    Compiling strum v0.28.0
#24 43.99    Compiling unicode-general-category v1.1.0
#24 44.05    Compiling bit-set v0.8.0
#24 44.05    Compiling thread_local v1.1.10
#24 44.08    Compiling nu-ansi-term v0.50.3
#24 44.10    Compiling aho-corasick v1.1.5
#24 44.25    Compiling tracing v0.1.44
#24 44.30    Compiling webpki-roots v1.0.9
#24 44.30    Compiling bzip2 v0.6.1
#24 44.32    Compiling rustls-native-certs v0.8.4
#24 44.39    Compiling verus_state_machines_macros v0.0.0-2026-09-06-0133
#24 44.41    Compiling tracing-log v0.2.0
#24 44.47    Compiling webpki-roots v0.26.11
#24 44.52    Compiling uuid-simd v0.8.0
#24 44.53    Compiling data-encoding v2.11.1
#24 44.54    Compiling ryu v1.0.23
#24 44.56    Compiling unsafe-libyaml v0.2.11
#24 44.60    Compiling hybrid-array v0.4.14
#24 44.61    Compiling tinystr v0.8.4
#24 44.65    Compiling potential_utf v0.1.6
#24 44.66    Compiling utf8parse v0.2.2
#24 44.68    Compiling is_terminal_polyfill v1.70.2
#24 44.69    Compiling scoped-tls v1.0.1
#24 44.70    Compiling unicode-width v0.2.2
#24 44.79    Compiling anstyle-parse v1.0.0
#24 44.82    Compiling anstyle v1.0.14
#24 44.83    Compiling num-integer v0.1.47
#24 44.83    Compiling num-complex v0.4.6
#24 44.84    Compiling icu_collections v2.3.0
#24 44.85    Compiling anstyle-query v1.1.5
#24 44.92    Compiling icu_locale_core v2.3.0
#24 44.95    Compiling colorchoice v1.0.5
#24 44.95    Compiling clap_lex v1.1.0
#24 44.99    Compiling strsim v0.11.1
#24 45.01    Compiling portable-atomic v1.15.0
#24 45.07    Compiling jobserver v0.1.35
#24 45.10    Compiling getrandom v0.4.3
#24 45.11    Compiling parking_lot_core v0.9.12
#24 45.11    Compiling getrandom v0.2.17
#24 45.19    Compiling filetime v0.2.29
#24 45.19    Compiling getrandom v0.3.4
#24 45.23    Compiling console v0.16.4
#24 45.26    Compiling anstream v1.0.0
#24 45.29    Compiling num-bigint v0.4.8
#24 45.36    Compiling cc v1.4.4
#24 45.37    Compiling num-iter v0.1.46
#24 45.43    Compiling parking_lot v0.12.5
#24 45.44    Compiling shell-words v1.1.1
#24 45.54    Compiling unit-prefix v0.5.2
#24 45.60    Compiling crypto-common v0.2.2
#24 45.61    Compiling toml_parser v1.1.3+spec-1.1.0
#24 45.62    Compiling block-buffer v0.12.1
#24 45.64    Compiling clap_builder v4.6.6
#24 45.64    Compiling owo-colors v4.3.0
#24 46.00    Compiling indicatif v0.18.6
#24 46.56    Compiling icu_provider v2.3.1
#24 46.75    Compiling regex-automata v0.4.18
#24 46.75    Compiling jsonschema-regex v0.55.0
#24 46.91    Compiling digest v0.11.3
#24 46.96    Compiling icu_properties v2.3.0
#24 46.96    Compiling icu_normalizer v2.3.0
#24 47.08    Compiling sha2 v0.11.0
#24 47.33    Compiling num-rational v0.4.2
#24 47.37    Compiling serde v1.0.229
#24 47.37    Compiling serde_json v1.0.151
#24 47.39    Compiling serde_spanned v1.1.1
#24 47.40    Compiling toml_datetime v0.7.5+spec-1.1.0
#24 47.46    Compiling toml_datetime v1.1.1+spec-1.1.0
#24 47.56    Compiling flate2 v1.1.9
#24 47.74    Compiling toml v0.9.12+spec-1.1.0
#24 47.79    Compiling toml v1.1.4+spec-1.1.0
#24 47.80    Compiling toml_edit v0.25.13+spec-1.1.0
#24 47.94    Compiling num v0.4.3
#24 47.99    Compiling fraction v0.17.0
#24 48.05    Compiling zstd-sys v2.0.16+zstd.1.5.7
#24 48.05    Compiling ring v0.17.14
#24 48.05    Compiling lzma-sys v0.1.20
#24 48.05    Compiling generator v0.8.10
#24 48.28    Compiling fluent-uri v0.4.1
#24 48.28    Compiling email_address v0.2.9
#24 48.28    Compiling tracing-serde v0.2.0
#24 48.28    Compiling serde_yaml v0.9.34+deprecated
#24 48.89    Compiling idna_adapter v1.2.2
#24 49.00    Compiling idna v1.1.0
#24 49.08    Compiling clap v4.6.6
#24 49.15    Compiling fs-set-times v0.20.3
#24 49.19    Compiling tempfile v3.27.0
#24 49.19    Compiling rustix-linux-procfs v0.1.1
#24 49.19    Compiling xattr v1.6.1
#24 49.39    Compiling tar v0.4.46
#24 49.40    Compiling cap-primitives v4.0.3
#24 49.50    Compiling url v2.5.8
#24 49.57    Compiling dialoguer v0.12.0
#24 50.22    Compiling cap-std v4.0.3
#24 50.60    Compiling gripsack-fs v0.42.0 (/app/crates/gripsack-fs)
#24 50.98    Compiling ahash v0.8.12
#24 51.06    Compiling xz2 v0.1.7
#24 51.20    Compiling rustls v0.23.45
#24 51.39    Compiling jsonschema-value v0.55.0
#24 51.39    Compiling referencing v0.55.0
#24 51.50    Compiling fancy-regex v0.19.1
#24 51.50    Compiling regex v1.13.1
#24 51.50    Compiling matchers v0.2.0
#24 51.60    Compiling tracing-subscriber v0.3.23
#24 51.79    Compiling vstd v0.0.0-2026-09-06-0133
#24 52.83    Compiling jsonschema v0.55.0
#24 53.02    Compiling rustls-webpki v0.103.15
#24 53.20    Compiling zstd-safe v7.2.4
#24 53.41    Compiling zstd v0.13.3
#24 53.52    Compiling loom v0.7.2
#24 53.69    Compiling zip v8.6.0
#24 54.96    Compiling gripsack-policy v0.42.0 (/app/crates/gripsack-policy)
#24 55.51    Compiling gripsack-ir v0.42.0 (/app/crates/gripsack-ir)
#24 55.51    Compiling gripsack-process v0.42.0 (/app/crates/gripsack-process)
#24 56.16    Compiling gripsack-buildkit v0.42.0 (/app/crates/gripsack-buildkit)
#24 57.43    Compiling ureq v2.12.1
#24 60.09    Compiling gripsack-store v0.42.0 (/app/crates/gripsack-store)
#24 60.09    Compiling gripsack-config v0.42.0 (/app/crates/gripsack-config)
#24 60.09    Compiling griplint v0.42.0 (/app/crates/griplint)
#24 63.90    Compiling gripsack-fetch v0.42.0 (/app/crates/gripsack-fetch)
#24 63.90    Compiling gripsack-trace v0.42.0 (/app/crates/gripsack-trace)
#24 66.68    Compiling gripsack-exec v0.42.0 (/app/crates/gripsack-exec)
#24 66.68    Compiling gripsack-lint v0.42.0 (/app/crates/gripsack-lint)
#24 69.46    Compiling gripsack-fuzz v0.0.0 (/app/fuzz)
#24 72.73    Compiling gripsack v0.42.0 (/app/crates/gripsack)
#24 78.74     Finished `test` profile [unoptimized + debuginfo] target(s) in 36.25s
#24 78.77      Running unittests src/lib.rs (target/debug/deps/griplint-649ce6e1a3a65ac3)
#24 78.77 
#24 78.77 running 19 tests
#24 78.78 test admission::tests::explicit_no_table_preserves_coverage_without_parsing ... ok
#24 78.78 test document::tests::error_spans_map_bytes_to_code_point_columns ... ok
#24 78.78 test admission::tests::file_loader_has_the_same_admission_boundary ... ok
#24 78.78 test golden::severity_serializes_lowercase ... ok
#24 78.78 test document::tests::indented_multichar_keys_get_real_columns ... ok
#24 78.78 test value::tests::numbers_compare_across_int_and_float ... ok
#24 78.78 test value::tests::typed_matching_keeps_null_and_boolean_distinct ... ok
#24 78.78 test document::tests::json_and_yaml_null_stay_null ... ok
#24 78.78 test checks::tests::version_coverage_is_numeric_not_textual ... ok
#24 78.78 test difflib::tests::the_fixture_suggestions_hold ... ok
#24 78.78 test admission::tests::free_keys_and_sections_preserve_arbitrary_descendants ... ok
#24 78.78 test admission::tests::formats_dispatch_without_extension_assumptions ... ok
#24 78.78 test admission::tests::whole_rules_check_sections_without_checking_their_members ... ok
#24 78.78 test admission::tests::key_diagnostics_and_leniency_survive_admission ... ok
#24 78.78 test admission::tests::malformed_key_rules_never_turn_sections_free ... ok
#24 78.78 test admission::tests::markers_are_typed_and_exclusive ... ok
#24 78.78 test admission::tests::metadata_and_dispatch_must_be_actionable ... ok
#24 78.84 test admission::tests::every_embedded_pack_is_admitted ... ok
#24 78.97 test golden::golden_corpus_replays ... ok
#24 78.97 
#24 78.97 test result: ok. 19 passed; 0 failed; 0 ignored; 0 measured; 0 filtered out; finished in 0.20s
#24 78.97 
#24 78.97      Running unittests src/main.rs (target/debug/deps/grip-ddde6653936b9366)
#24 78.97 
#24 78.97 running 22 tests
#24 78.97 test commands::adopt::generate::tests::ident_is_always_a_valid_ts_identifier ... ok
#24 78.97 test commands::adopt::generate::tests::module_source_escapes_hostile_strings ... ok
#24 78.97 test commands::adopt::generate::tests::module_source_shapes ... ok
#24 78.97 test commands::adopt::generate::tests::names_and_idents ... ok
#24 78.97 test commands::adopt::generate::tests::update_host_bails_on_unexpected_shape ... ok
#24 78.97 test commands::adopt::generate::tests::update_host_ignores_the_template_header_comment ... ok
#24 78.97 test commands::adopt::generate::tests::update_host_multiline_array ... ok
#24 78.97 test commands::adopt::generate::tests::update_host_single_line_arrays ... ok
#24 78.97 test commands::frontend::tests::unrepresentable_read_grants_cannot_extend_the_admitted_roots ... ok
#24 78.97 test render::tests::missing_file_degrades_gracefully ... ok
#24 78.97 test render::tests::renders_header_and_help_without_color ... ok
#24 78.98 test commands::self_update::installation::tests::deleted_suffix_is_only_stripped_for_a_missing_original ... ok
#24 78.98 test commands::self_update::installation::tests::replacement_invalidates_installed_version_evidence ... ok
#24 78.98 test commands::self_update::installation::tests::parent_drift_does_not_redirect_publication ... ok
#24 78.98 test commands::self_update::payload::tests::probe_requires_success_and_a_single_grip_version ... ok
#24 78.98 test commands::self_update::payload::tests::root_and_nested_candidates_are_ambiguous ... ok
#24 78.98 test render::tests::invalid_diagnostic_coordinates_never_read_a_source_snippet ... ok
#24 78.98 test render::tests::renders_snippet_when_file_exists ... ok
#24 78.98 test commands::self_update::payload::tests::symlink_files_and_symlink_directories_are_not_candidates ... ok
#24 78.98 test render::tests::source_snippets_cannot_escape_the_repo_capability ... ok
#24 78.99 test commands::self_update::payload::tests::flooding_version_peer_is_rejected ... ok
#24 78.99 test commands::self_update::installation::tests::symlink_install_keeps_target_semantics ... ok
#24 78.99 
#24 78.99 test result: ok. 22 passed; 0 failed; 0 ignored; 0 measured; 0 filtered out; finished in 0.02s
#24 78.99 
#24 78.99      Running unittests src/lib.rs (target/debug/deps/gripsack_buildkit-8e7c235711e28aa1)
#24 78.99 
#24 78.99 running 23 tests
#24 78.99 test protocol::tests::digests_and_sessions_validate_their_shape ... ok
#24 78.99 test protocol::tests::hostile_headers_reject_before_any_body_is_read ... ok
#24 78.99 test protocol::tests::negotiation_is_one_exact_version_pair ... ok
#24 78.99 test protocol::tests::the_gate_fences_stale_duplicate_and_flooding_events ... ok
#24 78.99 test protocol::tests::every_message_round_trips_byte_exactly ... ok
#24 78.99 test transport::tests::the_real_go_bridge_negotiates_fails_closed_and_cancels_idempotently ... ignored, requires tools/buildkit-bridge/bridge-bin (built by the pinned golang gate)
#24 78.99 test protocol::tests::trailing_bytes_and_unknown_fields_reject ... ok
#24 78.99 test worker::linux::tests::failed_launch_with_no_container_id_never_deletes_by_name ... ok
#24 78.99 test worker::linux::tests::failed_removal_does_not_claim_stopped_and_can_retry ... ok
#24 78.99 test worker::linux::tests::the_real_docker_worker_provisions_leases_and_stops ... ignored, requires a real docker engine with the pinned buildkitd image
#24 78.99 test worker::linux::tests::the_real_docker_worker_refuses_a_foreign_cache_volume ... ignored, requires a real docker engine with the pinned buildkitd image
#24 78.99 test worker::linux::tests::foreign_cache_volume_blocks_provision_without_launch_or_deletion ... ok
#24 78.99 test worker::linux::tests::failed_version_probe_cannot_authorize_a_lease ... ok
#24 78.99 test worker::linux::tests::worker_identity_rejects_unsafe_or_unbounded_docker_names ... ok
#24 78.99 test worker::linux::tests::foreign_container_identity_blocks_deletion_and_stop ... ok
#24 78.99 test worker::tests::a_crashed_worker_keeps_its_leases_until_explicit_drain ... ok
#24 78.99 test worker::tests::a_worker_with_a_live_lease_cannot_stop_or_be_deleted ... ok
#24 78.99 test worker::tests::cleanup_only_deletes_owned_resources_and_never_retained_ones ... ok
#24 78.99 test worker::linux::tests::live_lease_blocks_worker_deletion_until_drained ... ok
#24 78.99 test worker::tests::illegal_transitions_reject_instead_of_guessing ... ok
#24 78.99 test worker::tests::two_clients_lease_one_ready_worker_concurrently ... ok
#24 78.99 test worker::tests::unknown_leases_reject_and_ids_never_repeat ... ok
#24 78.99 test protocol::tests::log_chunks_are_bounded_after_decode ... ok
#24 78.99 
#24 78.99 test result: ok. 20 passed; 0 failed; 3 ignored; 0 measured; 0 filtered out; finished in 0.00s
#24 78.99 
#24 78.99      Running unittests src/lib.rs (target/debug/deps/gripsack_config-98cadf244e260699)
#24 79.00 
#24 79.00 running 12 tests
#24 79.00 test tests::defaults_are_sane ... ok
#24 79.00 test tests::parses_throttle_table ... ok
#24 79.00 test tests::eval_deps_is_gone ... ok
#24 79.00 test tests::parses_env_toml ... ok
#24 79.00 test tests::python_frontend_is_a_migration_error ... ok
#24 79.00 test tests::repo_build_env_cannot_claim_operator_credential_routing ... ok
#24 79.00 test tests::repo_wins_user_fills_gaps ... ok
#24 79.00 test tests::typescript_frontend_declaration_is_tolerated ... ok
#24 79.00 test tests::typo_key_is_a_span_labeled_diagnostic ... ok
#24 79.00 test tests::unknown_frontend_value_errors_the_same_way ... ok
#24 79.00 test tests::unknown_top_level_key_is_an_error ... ok
#24 79.00 test tests::user_value_used_when_repo_silent ... ok
#24 79.00 
#24 79.00 test result: ok. 12 passed; 0 failed; 0 ignored; 0 measured; 0 filtered out; finished in 0.00s
#24 79.00 
#24 79.00      Running unittests src/lib.rs (target/debug/deps/gripsack_exec-d2fdd5b63148880f)
#24 79.00 
#24 79.00 running 56 tests
#24 79.00 test facts::tests::glibc_version_parses_both_ldd_wordings ... ok
#24 79.00 test facts::tests::facts_match_the_running_host ... ok
#24 79.00 test frontend::tests::path_deno_version_gate_matches_major ... ok
#24 79.00 test lineage_model::a_mid_apply_external_write_is_aborted_never_clobbered ... ok
#24 79.00 test lineage_model::chmod_only_drift_is_preserved_never_silently_reverted ... ok
#24 79.01 test lineage_model::preserved_drift_never_authorizes_an_update ... ok
#24 79.01 test managed_blocks::tests::broken_scanner_utf8_boundary_returns_error_instead_of_panicking ... ok
#24 79.01 test managed_blocks::tests::malformed_markers_never_grant_splice_ranges ... ok
#24 79.01 test managed_blocks::tests::later_hand_edits_are_classified_and_other_modules_stay_untouched ... ok
#24 79.01 test managed_blocks::tests::foreign_bytes_survive_reconcile_and_removal ... ok
#24 79.01 test managed_blocks::tests::only_the_first_body_line_can_be_a_legacy_header ... ok
#24 79.01 test managed_blocks::tests::markers_roundtrip_across_comment_styles_and_legacy_metadata ... ok
#24 79.01 test deploy::tests::restore_never_writes_a_dangling_owned_link ... ok
#24 79.01 test resolve::identity_tests::provenance_differences_hash_identically ... ok
#24 79.01 test report::update_model::every_survey_order_preserves_error_over_change_precedence ... ok
#24 79.01 test template::tests::template_substitutes_and_escapes ... ok
#24 79.01 test template::tests::template_unbalanced_braces_error ... ok
#24 79.01 test template::tests::template_undefined_variable_is_a_loud_error ... ok
#24 79.01 test tests::build_edges_constrain_order_too ... ok
#24 79.01 test managed_blocks::tests::every_mode_record_participates_independently_of_order ... ok
#24 79.01 test tests::cycles_are_named ... ok
#24 79.01 test tests::dependencies_come_first ... ok
#24 79.01 test tests::diamond_is_deterministic ... ok
#24 79.01 test tests::waves_levelize_the_dag ... ok
#24 79.01 test source::overlay::tests::fetched_link_ancestor_cannot_redirect_an_overlay ... ok
#24 79.01 test source::overlay::tests::overlay_pin_and_bytes_belong_to_the_same_snapshot ... ok
#24 79.02 test deploy::tests::symlinked_ancestor_into_repo_is_detected ... ok
#24 79.02 test lineage_model::ownership_lineage_holds_over_every_sequence ... ok
#24 79.03 test source::overlay::tests::top_level_links_have_the_same_preview_and_staged_identity ... ok
#24 79.03 test gc::root_model::pinned_collection_survives_root_replacement ... ok
#24 79.05 test ops::model::tests::a_build_only_dep_plans_zero_destination_ops ... ok
#24 79.05 test source::overlay::tests::leaf_link_is_replaced_without_writing_its_target ... ok
#24 79.06 test env::tests::duplicate_contributions_render_once ... ok
#24 79.08 test lockfile::tests::roundtrip ... ok
#24 79.08 test env::tests::renders_set_prepend_append_with_store_resolution ... ok
#24 79.09 test env::tests::empty_contributions_remove_the_file ... ok
#24 79.09 test deploy::tests::journaled_mutation_must_reach_its_intended_state ... ok
#24 79.10 test ops::model::tests::a_spelling_change_plans_no_op ... ok
#24 79.14 test update::tests::check_and_publish_agree_on_metadata_only_pin_changes ... ok
#24 79.16 test gc::tests::why_owns_finds_the_owner ... ok
#24 79.18 test update::tests::selected_survey_preserves_every_result_and_only_complete_publish_changes_lock ... ok
#24 79.18 test gc::tests::never_prunes_the_current_generation ... ok
#24 79.18 test gc::tests::collects_only_unreferenced_store_paths ... ok
#24 79.19 test gc::tests::keep_generations_prunes_oldest_and_their_paths ... ok
#24 79.21 test gc::tests::a_session_for_another_home_authorizes_nothing_here ... ok
#24 79.25 test gc::tests::unfinished_recovery_blocks_collection ... ok
#24 79.25 test gc::tests::quarantined_entries_block_collection ... ok
#24 79.26 test mode_model::links_carry_the_payload_mode_without_normalizing_it ... ok
#24 79.33 test gc::tests::reconciled_journal_unblocks_collection ... ok
#24 79.61 test mode_model::merge_host_modes_are_planned_and_drift_never_authorizes_prune ... ok
#24 79.63 test gc::root_model::unfinished_recovery_preserves_every_history_object ... ok
#24 79.89 test frontend::tests::embed_materializes_tree_and_marker ... ok
#24 80.36 test gc::root_model::retained_histories_protect_complete_roots ... ok
#24 80.44 test frontend::tests::materialize_flips_the_stable_current_link ... ok
#24 83.80 test mode_model::whole_file_modes_survive_update_restore_drift_and_prune ... ok
#24 84.42 test ops::model::tests::the_planned_op_matches_the_algebra_and_executes_to_its_intent ... ok
#24 84.42 
#24 84.42 test result: ok. 56 passed; 0 failed; 0 ignored; 0 measured; 0 filtered out; finished in 5.42s
#24 84.42 
#24 84.42      Running tests/workspace_execution_gate.rs (target/debug/deps/workspace_execution_gate-b6bdad5a9b3987bb)
#24 84.42 
#24 84.42 running 1 test
#24 84.43 test every_direct_executor_entry_rejects_before_home_mutation ... ok
#24 84.43 
#24 84.43 test result: ok. 1 passed; 0 failed; 0 ignored; 0 measured; 0 filtered out; finished in 0.00s
#24 84.43 
#24 84.43      Running unittests src/lib.rs (target/debug/deps/gripsack_fetch-9937f6dcc88eb64b)
#24 84.43 
#24 84.43 running 78 tests
#24 84.43 test bottle::tests::apple_silicon_orders_by_chronology_not_spelling ... ok
#24 84.43 test bottle::tests::future_macos_major_admits_its_own_codename ... ok
#24 84.43 test bottle::tests::all_is_a_last_resort_under_a_validated_policy ... ok
#24 84.43 test bottle::tests::intel_mac_never_takes_the_linux_bottle ... ok
#24 84.43 test bottle::tests::arm64_linux_is_not_a_mac_bottle ... ok
#24 84.43 test bottle::tests::intel_mac_takes_the_newest_bottle_the_host_can_run ... ok
#24 84.43 test bottle::tests::linux_matches_exact_architecture ... ok
#24 84.43 test bottle::tests::missing_macos_version_fact_refuses_rather_than_guessing ... ok
#24 84.44 test bottle::tests::older_macos_refuses_newer_bottle_with_the_requirement ... ok
#24 84.44 test bottle::tests::unknown_tags_are_reported_not_matched ... ok
#24 84.44 test bottle::tests::unsupported_architecture_fails_clearly ... ok
#24 84.44 test bottle::tests::version_parsing_is_componentwise ... ok
#24 84.44 test host::tests::bundled_releases_have_full_platform_tables ... ok
#24 84.44 test host::tests::deno_urls_use_the_glibc_linux_assets ... ok
#24 84.44 test host::tests::placeholder_table_covers_every_convention ... ok
#24 84.44 test host::tests::resolves_the_host_asset ... ok
#24 84.44 test http::body::tests::a_new_attempt_cannot_reset_consumed_transfer_bytes ... ok
#24 84.44 test http::failure::tests::certificate_failures_are_not_transient_connections ... ok
#24 84.44 test http::failure::tests::failure_locations_redact_credentials_and_queries ... ok
#24 84.44 test http::retry::tests::an_expired_clock_observation_cannot_admit_an_attempt ... ok
#24 84.44 test http::retry::tests::real_retry_policy_has_fixed_deadline_and_bounded_attempts ... ok
#24 84.44 test fetch::archive::tests::aggregate_tar_path_metadata_is_bounded_before_extraction ... ok
#24 84.44 test fetch::archive::tests::traversal_is_rejected_before_tar_materialization ... ok
#24 84.44 test http::retry::tests::terminal_classes_and_upstream_cooldowns_never_get_fast_replays ... ok
#24 84.44 test fetch::archive::tests::tar_composed_links_cannot_escape_the_payload_root_in_either_order ... ok
#24 84.44 test http::tests::bound_credentials_require_tls_and_registry_artifact_refuses_cleartext ... ok
#24 84.44 test http::tests::host_binding_survives_url_normalization ... ok
#24 84.44 test http::tests::proxy_bypass_preserves_domain_and_port_boundaries ... ok
#24 84.44 test http::tests::credential_routing_model_uses_actual_host_selector ... ok
#24 84.44 test fetch::archive::tests::bare_and_compressed_binaries_preserve_executability ... ok
#24 84.44 test fetch::archive::tests::link_cycles_and_dangling_targets_reject_before_archive_materialization ... ok
#24 84.44 test placeholders::tests::missing_empty_or_escaping_expansions_never_become_paths ... ok
#24 84.44 test placeholders::tests::explicit_bare_version_is_shared_without_changing_legacy_asset_precedence ... ok
#24 84.44 test plugins::segment_tests::traversal_tags_are_refused ... ok
#24 84.44 test plugins::tests::parse_ref_shapes ... ok
#24 84.44 test resolve::atom_tests::no_core_tag_is_none_and_malformed_versions_skip ... ok
#24 84.44 test resolve::atom_tests::picks_the_newest_core_tag_among_mixed_namespaces ... ok
#24 84.44 test resolve::base_url_tests::bare_ghe_host_gets_api_v3 ... ok
#24 84.44 test resolve::tests::missing_asset_lists_available ... ok
#24 84.44 test resolve::tests::picks_expanded_asset ... ok
#24 84.44 test resolve::tests::v_prefix_variants_match ... ok
#24 84.44 test tests::exe_naming ... ok
#24 84.44 test throttle::tests::a_backward_wall_clock_does_not_refill_the_same_interval_twice ... ok
#24 84.44 test throttle::tests::fractional_declarations_retain_their_exact_refill_boundary ... ok
#24 84.44 test throttle::tests::rate_admission_rejects_nonfinite_and_unfillable_buckets ... ok
#24 84.44 test throttle::tests::plugin_declaration_replaces_builtin_default ... ok
#24 84.44 test throttle::tests::token_wait_cannot_outlive_or_reset_an_operation_deadline ... ok
#24 84.44 test throttle::tests::url_host_extraction ... ok
#24 84.44 test throttle::tests::user_override_beats_plugin_declaration ... ok
#24 84.45 test fetch::plugin::tests::bounded_tree_is_checked_before_hash ... ok
#24 84.45 test fetch::archive::tests::zip_crc_cannot_be_bypassed_by_raw_stream_decoding ... ok
#24 84.45 test fetch::archive::tests::tar_hardlink_before_its_file_uses_the_pinned_payload_root ... ok
#24 84.45 test fetch::archive::tests::a_symlink_destination_cannot_redirect_acquisition ... ok
#24 84.45 test fetch::archive::tests::filesystem_tree_validation_and_copy_share_link_graph ... ok
#24 84.45 test fetch::archive::tests::zip_entry_budget_precedes_directory_allocation ... ok
#24 84.45 test fetch::archive::tests::decompressed_limit_is_checked_on_actual_bytes ... ok
#24 84.45 test tests::discovers_executable_on_path ... ok
#24 84.45 test fetch::plugin::tests::round_trip_and_reported_hash_verification ... ok
#24 84.45 test plugins::tests::receipt_roundtrips_and_current_resolves ... ok
#24 84.45 test throttle::tests::persisted_token_and_time_bounds_cannot_panic_or_mint_extra_tokens ... ok
#24 84.45 test fetch::archive::tests::zip_composed_links_cannot_escape_the_payload_root_in_either_order ... ok
#24 84.45 test fetch::tarball::tests::transport_mismatch_never_extracts_payload ... ok
#24 84.45 test fetch::plugin::tests::no_response_or_nonzero_exit_is_not_a_fetch ... ok
#24 84.46 test fetch::file::tests::file_fetch_extracts_tarball ... ok
#24 84.46 test fetch::archive::tests::xz_tar_extracts_without_a_payload_buffer ... ok
#24 84.46 test throttle::persistence::tests::a_saved_fractional_timestamp_cannot_refill_an_already_accounted_interval ... ok
#24 84.46 test fetch::plugin::tests::response_does_not_hide_output_failure ... ok
#24 84.46 test fetch::plugin::tests::simultaneous_pipe_pressure_and_early_response ... ok
#24 84.46 test throttle::persistence::tests::changed_period_preserves_a_saved_partial_token_instead_of_resetting_the_burst ... ok
#24 84.47 test http::request::tests::cooldown_contention_cannot_extend_the_original_operation_deadline ... ok
#24 84.47 test fetch::archive::tests::forward_and_composed_internal_links_remain_usable_in_tar_and_zip ... ok
#24 84.47 test throttle::tests::capability_registration_consumes_the_same_contended_deadline ... ok
#24 84.50 test throttle::tests::mutex_contention_cannot_outlive_or_grant_after_the_original_deadline ... ok
#24 84.51 test fetch::git::tests::git_fetch_clones_at_rev ... ok
#24 84.69 test throttle::tests::bucket_enforces_the_budget ... ok
#24 84.99 test http::request::tests::a_successful_body_consumer_cannot_complete_after_the_operation_deadline ... ok
#24 88.92 test fetch::plugin::tests::silent_and_response_then_linger_both_fail ... ok
#24 88.92 test fetch::plugin::tests::capability_results_require_a_clean_exit ... ok
#24 88.92 
#24 88.92 test result: ok. 78 passed; 0 failed; 0 ignored; 0 measured; 0 filtered out; finished in 4.54s
#24 88.92 
#24 88.93      Running unittests src/lib.rs (target/debug/deps/gripsack_fs-269bf90eee70c137)
#24 88.93 
#24 88.93 running 16 tests
#24 88.94 test tests::copy_dir_preserves_symlinks_and_merges ... ok
#24 88.94 test streamed::tests::failed_stream_keeps_old_destination_and_cleans_private_temp ... ok
#24 88.95 test streamed::tests::publishes_complete_bytes_and_exact_mode_in_real_operation_order ... ok
#24 88.95 test persistence_model::ambient_directory_sync_failure_prevents_consumer_effect ... ok
#24 88.95 test tests::symlink_replace_flips_atomically ... ok
#24 88.95 test persistence_model::streamed_executable_publication_is_ordered_at_every_cut ... ok
#24 88.95 test persistence_model::observed_directory_birth_is_sealed_before_nested_publication_returns ... ok
#24 88.95 test tests::atomic_write_creates_parent_dirs ... ok
#24 88.95 test tests::atomic_write_lands_content_without_leftovers ... ok
#24 88.95 test tests::publish_lands_files_read_only ... ok
#24 88.95 test tests::publish_refuses_an_existing_dest ... ok
#24 88.96 test tests::atomic_write_preserves_the_destinations_mode ... ok
#24 88.96 test tests::atomic_write_with_mode_lands_exact_permissions ... ok
#24 88.97 test tests::publish_cross_filesystem_preserves_modes ... ok
#24 89.05 test persistence_model::atomic_file_link_and_tree_publication_are_ordered_at_every_cut ... ok
#24 89.93 test tests::writes_stay_on_the_pinned_inode_under_parent_swap ... ok
#24 89.93 
#24 89.93 test result: ok. 16 passed; 0 failed; 0 ignored; 0 measured; 0 filtered out; finished in 1.00s
#24 89.93 
#24 89.93      Running unittests src/lib.rs (target/debug/deps/gripsack_fuzz-0f122c708a689938)
#24 89.93 
#24 89.93 running 0 tests
#24 89.93 
#24 89.93 test result: ok. 0 passed; 0 failed; 0 ignored; 0 measured; 0 filtered out; finished in 0.00s
#24 89.93 
#24 89.93      Running unittests src/bin/replay.rs (target/debug/deps/replay-1f13ce946a243307)
#24 89.94 
#24 89.94 running 0 tests
#24 89.94 
#24 89.94 test result: ok. 0 passed; 0 failed; 0 ignored; 0 measured; 0 filtered out; finished in 0.00s
#24 89.94 
#24 89.94      Running unittests src/lib.rs (target/debug/deps/gripsack_ir-3b19633ffcb5d796)
#24 89.94 
#24 89.94 running 68 tests
#24 89.94 test host_name::tests::rejects_path_shaped_hosts_before_they_can_name_files ... ok
#24 89.94 test sema::contract_tests::unknown_fields_are_parse_errors_now ... ok
#24 89.94 test sema::destinations::case_tests::case_variant_destinations_fold_on_every_host ... ok
#24 89.94 test sema::destinations::tests::step_entries_obey_destination_rules ... ok
#24 89.94 test sema::steps::tests::single_fetch_step_pins_multiple_refused ... ok
#24 89.94 test sema::placeholders::tests::the_known_set_passes_clean ... ok
#24 89.94 test sema::placeholders::tests::a_typo_is_an_error_with_a_span_and_a_suggestion ... ok
#24 89.94 test sema::tests::malformed_json_is_e000 ... ok
#24 89.94 test sema::tests::dotfiles_only_module_needs_no_source ... ok
#24 89.95 test sema::tests::spanless_nodes_still_render ... ok
#24 89.95 test sema::tests::destination_shaped_verify_path_is_e109 ... ok
#24 89.95 test sema::tests::legacy_ir_is_rejected_before_decoding_renamed_fields ... ok
#24 89.95 test sema::resources::tests::resources_require_an_action_that_actually_acquires_them ... ok
#24 89.95 test sema::tests::rejects_wrong_version ... ok
#24 89.95 test sema::tests::merge_and_template_modes_pass_sema_with_vars_and_marker ... ok
#24 89.95 test sema::tests::declared_and_builtin_resources_pass ... ok
#24 89.95 test sema::tests::run_action_parses_with_outputs ... ok
#24 89.95 test sema::tests::unknown_edge_kind_is_span_labeled_e122 ... ok
#24 89.95 test sema::tests::explicit_steps_validate ... ok
#24 89.95 test sema::tests::collects_multiple_diagnostics ... ok
#24 89.95 test sema::tests::steps_plus_declarative_fields_is_e103 ... ok
#24 89.95 test sema::tests::undeclared_resource_is_e107 ... ok
#24 89.95 test sema::tests::cross_module_ref_into_declarative_module ... ok
#24 89.95 test sema::tests::unknown_dependency_carries_span_and_code ... ok
#24 89.95 test sema::workspace::destinations::tests::duplicate_profile_destinations_label_every_declaration ... ok
#24 89.95 test sema::workspace::destinations::tests::mixed_policies_over_one_path_still_collide ... ok
#24 89.95 test sema::tests::duplicate_and_reserved_step_ids_are_e106 ... ok
#24 89.95 test sema::workspace::cycles::tests::validation_edges_never_close_a_cycle ... ok
#24 89.95 test sema::workspace::cycles::tests::production_cycles_label_every_member ... ok
#24 89.95 test sema::tests::external_done_barrier_is_valid_but_self_barrier_is_rejected ... ok
#24 89.95 test sema::workspace::cycles::tests::task_dependency_cycles_are_rejected ... ok
#24 89.95 test sema::workspace::names::tests::duplicate_output_names_label_both_spans ... ok
#24 89.95 test sema::workspace::policy::tests::omitted_required_validation_and_producer_fail_closed_with_both_sites ... ok
#24 89.96 test sema::workspace::destinations::tests::distinct_markers_over_one_host_file_coexist_but_one_marker_is_one_owner ... ok
#24 89.96 test sema::workspace::destinations::tests::same_destination_across_profiles_rejects_and_equal_names_coexist ... ok
#24 89.96 test sema::tests::parses_and_validates_example ... ok
#24 89.96 test sema::workspace::policy::tests::catalog_index_corruption_rejects_before_closure ... ok
#24 89.96 test sema::workspace::policy::tests::omitted_build_input_and_runtime_edges_fail_admission ... ok
#24 89.96 test sema::workspace::refs::tests::check_subject_must_resolve_to_an_output ... ok
#24 89.96 test sema::workspace::tests::envelope_shape_is_version_dispatched ... ok
#24 89.96 test sema::workspace::policy::tests::adjacent_local_steps_lower_to_ordering_not_build_edges ... ok
#24 89.96 test sema::workspace::refs::tests::selection_target_mismatch_labels_both_sites ... ok
#24 89.96 test sema::workspace::policy::tests::production_closure_excludes_runtime_and_preserves_validation ... ok
#24 89.96 test workspace::platform::tests::target_floor_and_abi_admit_only_compatible_consumers ... ok
#24 89.96 test sema::workspace::tests::profile_with_literal_file_needs_no_synthetic_package ... ok
#24 89.96 test sema::workspace::policy::tests::projected_kind_or_binding_reclassification_fails_closed ... ok
#24 89.96 test sema::workspace::span_value::tests::decoded_bash_interpolation_rejects_at_original_script_line ... ok
#24 89.96 test sema::paths::tests::path_shape_rules ... ok
#24 89.96 test sema::workspace::span_value::tests::incompatible_abi_and_unsafe_prefix_label_the_declaration ... ok
#24 89.96 test sema::workspace::refs::tests::artifact_references_reject_non_artifact_kinds ... ok
#24 89.96 test sema::workspace::tests::package_and_recipe_workspace_admits ... ok
#24 89.96 test sema::workspace::tests::provider_backed_package_needs_no_recipe_output ... ok
#24 89.96 test sema::workspace::tests::unknown_workspace_fields_label_the_declaring_span ... ok
#24 89.96 test sema::workspace::span_value::tests::invalid_nested_command_coordinates_remain_source_labeled ... ok
#24 89.96 test sema::workspace::span_value::tests::file_content_requires_source_unless_literal ... ok
#24 89.96 test sema::workspace::refs::tests::producer_target_mismatch_labels_both_sites ... ok
#24 89.96 test sema::workspace::refs::tests::invalid_references_are_rejected ... ok
#24 89.96 test sema::workspace::policy::tests::projected_reference_site_substitution_fails_closed ... ok
#24 89.96 test sema::workspace::span_value::tests::degenerate_spans_and_values_are_rejected ... ok
#24 89.96 test sema::workspace::tests::provider_fetch_fields_never_drop_silently ... ok
#24 89.96 test sema::workspace::tests::unknown_workspace_fields_never_drop_silently ... ok
#24 89.96 test sema::workspace::refs::tests::fixed_prefix_packages_cannot_be_selected_without_prefix ... ok
#24 89.96 test sema::workspace::policy::tests::substituted_graph_references_fail_closed_at_declaration ... ok
#24 89.96 test sema::workspace::context::tests::command_references_and_contexts_are_admitted ... ok
#24 89.96 test sema::workspace::span_value::tests::escaping_profile_file_destinations_reject_at_the_declaration ... ok
#24 89.96 test sema::workspace::span_value::tests::decoded_repo_file_origin_rejects_paths_outside_the_captured_repository ... ok
#24 89.96 test sema::workspace::refs::tests::task_schedule_profile_image_refs_are_typed ... ok
#24 89.97 test sema::workspace::refs::tests::artifact_selectors_must_be_normalized_relative_paths ... ok
#24 89.97 
#24 89.97 test result: ok. 68 passed; 0 failed; 0 ignored; 0 measured; 0 filtered out; finished in 0.03s
#24 89.97 
#24 89.97      Running tests/schema_acceptance.rs (target/debug/deps/schema_acceptance-1a169573e71c6ca0)
#24 89.97 
#24 89.97 running 3 tests
#24 90.01 test schema_pattern_assertions_execute ... ok
#24 90.01 test valid_documents_are_admitted_by_both_sides ... ok
#24 90.01 test rejected_documents_fail_both_sides ... ok
#24 90.01 
#24 90.01 test result: ok. 3 passed; 0 failed; 0 ignored; 0 measured; 0 filtered out; finished in 0.04s
#24 90.01 
#24 90.01      Running tests/workspace_admission.rs (target/debug/deps/workspace_admission-69161928380216ad)
#24 90.02 
#24 90.02 running 3 tests
#24 90.02 test provider_backed_package_lists_as_single_output ... ok
#24 90.02 test admitted_workspace_exposes_named_outputs ... ok
#24 90.02 test serialization_preserves_each_version_envelope ... ok
#24 90.02 
#24 90.02 test result: ok. 3 passed; 0 failed; 0 ignored; 0 measured; 0 filtered out; finished in 0.00s
#24 90.02 
#24 90.02      Running tests/workspace_v4_compat.rs (target/debug/deps/workspace_v4_compat-b35fac2a52f57c5d)
#24 90.03 
#24 90.03 running 3 tests
#24 90.03 test versions_reject_each_others_fields_and_bad_refs ... ok
#24 90.06 test historical_recipe_execution_and_fixed_layout_never_gain_new_policy ... ok
#24 90.06 test historical_schema_and_reader_preserve_opaque_platform_strings ... ok
#24 90.06 
#24 90.06 test result: ok. 3 passed; 0 failed; 0 ignored; 0 measured; 0 filtered out; finished in 0.04s
#24 90.06 
#24 90.06      Running tests/workspace_v5_acceptance.rs (target/debug/deps/workspace_v5_acceptance-33fcbef4cdc72330)
#24 90.07 
#24 90.07 running 5 tests
#24 90.18 test version_dispatch_asymmetry ... ok
#24 90.20 test schema_authored_constraints_execute ... ok
#24 90.20 test valid_documents_are_admitted_by_both_sides ... ok
#24 90.21 test rejected_documents_fail_both_sides ... ok
#24 90.22 test each_output_kind_rejects_undeclared_authority_with_its_own_span ... ok
#24 90.22 
#24 90.22 test result: ok. 5 passed; 0 failed; 0 ignored; 0 measured; 0 filtered out; finished in 0.15s
#24 90.22 
#24 90.22      Running unittests src/lib.rs (target/debug/deps/gripsack_lint-d09e6b982dea07ba)
#24 90.22 
#24 90.22 running 8 tests
#24 90.23 test exchange::tests::missing_response_retains_only_last_three_stderr_lines ... ok
#24 90.23 test exchange::tests::severity_coercion_and_crash_codes ... ok
#24 90.23 test exchange::tests::spawn_failure_is_e01 ... ok
#24 90.23 test exchange::tests::valid_diagnostics_survive_nonzero_exit ... ok
#24 90.24 test exchange::tests::output_failure_after_response_keeps_diagnostics_and_adds_e02 ... ok
#24 90.25 test exchange::tests::pressure_before_input_and_response_before_input_completion ... ok
#24 90.31 test exchange::tests::input_limit_is_not_a_success ... ok
#24 94.75 test exchange::tests::silence_and_response_then_linger_are_deadline_failures ... ok
#24 94.75 
#24 94.75 test result: ok. 8 passed; 0 failed; 0 ignored; 0 measured; 0 filtered out; finished in 4.52s
#24 94.75 
#24 94.75      Running unittests src/lib.rs (target/debug/deps/gripsack_policy-6fb76687af620f0e)
#24 94.75 
#24 94.75 running 0 tests
#24 94.75 
#24 94.75 test result: ok. 0 passed; 0 failed; 0 ignored; 0 measured; 0 filtered out; finished in 0.00s
#24 94.75 
#24 94.75      Running tests/name_index.rs (target/debug/deps/name_index-b8d7482da2a86275)
#24 94.75 
#24 94.75 running 1 test
#24 94.75 test catalog_indices_cannot_bind_another_name_or_escape_the_catalog ... ok
#24 94.75 
#24 94.75 test result: ok. 1 passed; 0 failed; 0 ignored; 0 measured; 0 filtered out; finished in 0.00s
#24 94.75 
#24 94.75      Running tests/retention.rs (target/debug/deps/retention-f5332f07ee7f6f7c)
#24 94.76 
#24 94.76 running 2 tests
#24 94.76 test exact_pruning_boundaries_preserve_current_without_shifting_the_prefix ... ok
#24 94.76 test inventory_admits_only_strictly_ascending_identities ... ok
#24 94.76 
#24 94.76 test result: ok. 2 passed; 0 failed; 0 ignored; 0 measured; 0 filtered out; finished in 0.00s
#24 94.76 
#24 94.76      Running tests/schedule_smoke.rs (target/debug/deps/schedule_smoke-94fdc3e3d650f21b)
#24 94.76 
#24 94.76 running 2 tests
#24 94.76 test pure_scheduler_latches_on_failure ... ok
#24 94.76 test pure_scheduler_runs_a_diamond ... ok
#24 94.76 
#24 94.76 test result: ok. 2 passed; 0 failed; 0 ignored; 0 measured; 0 filtered out; finished in 0.00s
#24 94.76 
#24 94.76      Running unittests src/lib.rs (target/debug/deps/gripsack_process-528b04977d62ae27)
#24 94.76 
#24 94.76 running 33 tests
#24 94.77 test deadline::tests::an_unfillable_wait_stops_later_admission ... ok
#24 94.77 test deadline::tests::clock_observations_cannot_extend_or_revive_admission ... ok
#24 94.77 test input::tests::rejected_append_preserves_the_admitted_request ... ok
#24 94.77 test tests::expired_operation_rejects_spawn_without_overriding_input_failure ... ok
#24 94.77 test tests::input_rejected_before_spawn ... ok
#24 94.77 test lifecycle::tests::reaped_leader_cannot_reauthorize_group_signals ... ok
#24 94.77 test tests::empty_input_is_closed_immediately ... ok
#24 94.77 test tests::lifecycle::completed_cleanup_cannot_erase_an_expired_operation ... ok
#24 94.77 test tests::lifecycle::no_response_is_a_normal_exit ... ok
#24 94.77 test tests::framing_and_input_eof ... ok
#24 94.77 test tests::exact_line_limit_and_empty_lines ... ok
#24 94.78 test tests::lifecycle::callback_panic_kills_and_reaps_the_leader ... ok
#24 94.80 test tests::spawn_error_and_zero_budget ... ok
#24 94.80 test tests::native::spawn_failure_keeps_the_kernel_error_and_does_not_report_success ... ok
#24 94.80 test tests::pressure::response_still_sends_input_and_preserves_exit_failure ... ok
#24 94.80 test tests::lifecycle::inherited_pipes_are_killed_on_leader_exit_not_after_a_linger ... ok
#24 94.80 test tests::tail_is_exact_and_can_be_disabled ... ok
#24 94.80 test tests::pressure::binary_stderr_tail_is_exact_across_pipe_chunks ... ok
#24 94.80 test tests::lifecycle::exit_and_signal_status_are_not_routing_policy ... ok
#24 94.81 test tests::pressure::simultaneous_input_and_output_pressure ... ok
#24 94.81 test tests::native::raw_bytes_have_no_line_limit_but_keep_the_total_output_limit ... ok
#24 94.81 test tests::pressure::huge_unterminated_line_is_stopped_incrementally ... ok
#24 94.81 test tests::native::legacy_descriptor_sweep_hides_inherited_canary ... ok
#24 94.81 test tests::native::legacy_memfd_flag_support_keeps_sealed_execution ... ok
#24 94.81 test tests::native::native_child_cannot_read_ungranted_environment_or_inherited_descriptor ... ok
#24 94.81 test tests::native::selected_script_survives_source_replacement_and_stale_approval_refuses ... ok
#24 94.82 test tests::native::retained_authority_survives_closed_standard_descriptors ... ok
#24 94.83 test tests::pressure::stdout_and_stderr_floods_are_cumulative ... ok
#24 94.83 test tests::pressure::response_does_not_disable_any_output_bound ... ok
#24 94.90 test tests::pressure::early_stdin_close_is_not_an_io_error ... ok
#24 96.29 test tests::operation_and_exchange_deadlines_each_bound_cleanup ... ok
#24 97.78 test tests::lifecycle::silent_process_with_closed_pipes_still_has_a_deadline ... ok
#24 97.78 test tests::pressure::blocked_input_does_not_block_response_or_deadline ... ok
#24 97.78 
#24 97.78 test result: ok. 33 passed; 0 failed; 0 ignored; 0 measured; 0 filtered out; finished in 3.01s
#24 97.78 
#24 97.78      Running unittests src/lib.rs (target/debug/deps/gripsack_store-c709deae1aa62709)
#24 97.78 
#24 97.78 running 73 tests
#24 97.78 test hash::tests::the_two_identity_domains_never_collide ... ok
#24 97.78 test journal::marker::repeated_model::ambiguous_current_retains_partial_journal_without_touching_destinations ... ok
#24 97.78 test journal::admission_tests::required_marker_fields_never_default_to_fresh_state ... ok
#24 97.78 test journal::marker::repeated_model::partial_restore_then_second_crash_keeps_new_edit_and_restores_other_dest ... ok
#24 97.79 test journal::admission_tests::marker_scalar_boundaries_roundtrip_without_identity_loss ... ok
#24 97.79 test journal::admission_tests::marker_wrong_types_duplicates_and_overflow_do_not_admit_facts ... ok
#24 97.79 test journal::model::tests::every_schedule_satisfies_the_oracle ... ok
#24 97.79 test journal::tests::cross_variant_identities_never_compare_equal ... ok
#24 97.79 test journal::admission_tests::truncation_and_invalid_framing_never_admit_partial_records ... ok
#24 97.79 test hash::tests::canonical_hash_covers_symlink_target ... ok
#24 97.80 test journal::admission_tests::entry_versions_and_distinct_prior_states_roundtrip ... ok
#24 97.80 test hash::tests::tree_hash_is_deterministic_and_content_sensitive ... ok
#24 97.80 test journal::marker::repeated_model::numeric_commit_mutant_fails_the_identical_oracle ... ok
#24 97.80 test hash::tests::overlay_hash_matches_materialized_staging ... ok
#24 97.80 test hash::tests::overlay_hash_of_dir_source_matches_staged_tree ... ok
#24 97.80 test journal::admission_tests::entry_missing_duplicate_version_and_scalar_bytes_are_rejected ... ok
#24 97.81 test hash::tests::canonical_hash_ignores_mtime_but_not_exec_bit ... ok
#24 97.81 test hash::reference_vector::pinned_tree_vector ... ok
#24 97.84 test generations::tests::manifests_are_strictly_validated ... ok
#24 97.84 test generations::tests::manifest_roundtrip_and_listing ... ok
#24 97.84 test journal::tests::wire_admission_rejects_legacy_versions_and_malformed ... ok
#24 97.84 test ownership::tests::workspace_markers_cannot_be_reinterpreted_as_legacy_module_names ... ok
#24 97.84 test paths::tests::canonical_dest_refuses_parent_traversal ... ok
#24 97.84 test paths::tests::canonical_dest_collapses_spelling_aliases ... ok
#24 97.84 test paths::tests::generation_layout ... ok
#24 97.84 test paths::tests::hash_is_stable_and_input_sensitive ... ok
#24 97.84 test paths::tests::home_resolution ... ok
#24 97.84 test paths::tests::store_path_format ... ok
#24 97.84 test journal::tests::non_utf8_link_targets_are_refused_not_lossy_compared ... ok
#24 97.84 test prior::tests::historical_prior_wire_admits_only_hashes_and_permission_bits ... ok
#24 97.84 test paths::tests::canonical_dest_resolves_a_symlinked_ancestor ... ok
#24 97.87 test journal::tests::malformed_entries_fail_closed_into_quarantine ... ok
#24 97.87 test journal::tests::legacy_untagged_entries_fail_closed_with_evidence_kept ... ok
#24 97.89 test journal::tests::non_utf8_destinations_are_refused_before_capture ... ok
#24 97.89 test trust::audit::tests::provenance_never_retains_credentials_query_or_fragment ... ok
#24 97.89 test trust::audit::tests::timestamps_follow_calendar_boundaries ... ok
#24 97.90 test source_bundle::tests::diagnostic_urls_keep_original_spelling_without_exposing_capture_paths ... ok
#24 97.90 test source_bundle::tests::live_edits_and_link_retargets_cannot_change_captured_code_or_pin ... ok
#24 97.91 test source_bundle::tests::metadata_length_and_closed_inventory_admission_are_independent_of_digests ... ok
#24 97.92 test prior::tests::captured_blob_is_private_and_corrupt_bytes_cannot_restore ... ok
#24 97.92 test source_bundle::tests::excluded_state_escape_cycles_and_special_files_never_become_source ... ok
#24 97.92 test journal::tests::tagged_entries_round_trip_through_the_wire ... ok
#24 97.92 test journal::protocol_tests::changed_destination_cannot_gain_a_mutation_permit ... ok
#24 97.93 test journal::protocol_tests::permitted_mutation_uses_the_captured_parent ... ok
#24 97.93 test journal::tests::recovery_cleanup_keeps_the_pinned_journal_after_a_directory_replacement ... ok
#24 97.93 test journal::marker::repeated_model::exhaustive_independent_destinations_and_two_crashes ... ok
#24 97.93 test journal::tests::unsafe_metadata_symlinks_never_read_or_chmod_their_referents ... ok
#24 97.94 test journal::tests::post_crash_edit_beats_the_landed_mutation ... ok
#24 97.96 test journal::tests::a_retained_v1_entry_recovers_without_inventing_an_intermediate_state ... ok
#24 97.96 test journal::tests::absent_prior_and_symlink_prior_recover ... ok
#24 97.98 test journal::tests::post_crash_sentinel_symlink_is_kept ... ok
#24 97.98 test generations::tests::publish_is_atomic_and_allocation_monotonic ... ok
#24 97.99 test journal::tests::crash_after_write_restores_prior_bytes ... ok
#24 97.99 test journal::protocol_tests::unfinished_mutation_cannot_end_the_run ... ok
#24 98.00 test journal::tests::an_intervening_foreign_edit_cannot_extend_a_journaled_chain ... ok
#24 98.00 test journal::tests::user_edit_after_crash_wins ... ok
#24 98.01 test journal::tests::crash_before_flip_restores ... ok
#24 98.01 test trust::tests::contracts::emitted_source_and_approval_shapes_reject_unknown_versions_fields_and_units ... ok
#24 98.01 test trust::tests::missing_corrupt_or_redirected_inventory_cannot_authorize_source ... ok
#24 98.01 test journal::tests::crash_between_record_and_write_restores_prior ... ok
#24 98.01 test generations::tests::flip_and_current ... ok
#24 98.02 test journal::tests::recovery_restores_the_exact_mode ... ok
#24 98.03 test trust::tests::contracts::persisted_receipt_admission_checks_shape_and_bound_execution_not_just_json ... ok
#24 98.03 test journal::tests::commit_run_clears_the_window ... ok
#24 98.03 test trust::tests::legacy_records_are_visible_but_never_invent_source_authority ... ok
#24 98.04 test journal::protocol_tests::mutation_error_retains_evidence_and_recovers_the_original ... ok
#24 98.04 test journal::tests::crash_after_flip_but_before_cleanup_reads_committed ... ok
#24 98.05 test trust::tests::concurrent_source_approvals_preserve_both_repositories ... ok
#24 98.05 test journal::tests::completed_rollback_reads_committed ... ok
#24 98.06 test journal::tests::crashed_rollback_restores_priors ... ok
#24 98.07 test trust::tests::source_or_native_policy_change_requires_explicit_renewal ... ok
#24 98.19 test journal::tests::repeated_destination_mutations_restore_the_run_original_at_both_crash_windows ... ok
#24 101.0 test journal::admission_tests::rejected_metadata_cannot_reach_destination_effects ... ok
#24 101.0 
#24 101.0 test result: ok. 73 passed; 0 failed; 0 ignored; 0 measured; 0 filtered out; finished in 3.22s
#24 101.0 
#24 101.0      Running unittests src/lib.rs (target/debug/deps/gripsack_trace-adf3c7eb5bc778d3)
#24 101.0 
#24 101.0 running 0 tests
#24 101.0 
#24 101.0 test result: ok. 0 passed; 0 failed; 0 ignored; 0 measured; 0 filtered out; finished in 0.00s
#24 101.0 
#24 101.0    Doc-tests griplint
#24 101.1 
#24 101.1 running 0 tests
#24 101.1 
#24 101.1 test result: ok. 0 passed; 0 failed; 0 ignored; 0 measured; 0 filtered out; finished in 0.00s
#24 101.1 
#24 101.1    Doc-tests gripsack_buildkit
#24 101.2 
#24 101.2 running 0 tests
#24 101.2 
#24 101.2 test result: ok. 0 passed; 0 failed; 0 ignored; 0 measured; 0 filtered out; finished in 0.00s
#24 101.2 
#24 101.2    Doc-tests gripsack_config
#24 101.2 
#24 101.2 running 0 tests
#24 101.2 
#24 101.2 test result: ok. 0 passed; 0 failed; 0 ignored; 0 measured; 0 filtered out; finished in 0.00s
#24 101.2 
#24 101.3    Doc-tests gripsack_exec
#24 101.4 
#24 101.4 running 0 tests
#24 101.4 
#24 101.4 test result: ok. 0 passed; 0 failed; 0 ignored; 0 measured; 0 filtered out; finished in 0.00s
#24 101.4 
#24 101.4    Doc-tests gripsack_fetch
#24 101.6 
#24 101.6 running 0 tests
#24 101.6 
#24 101.6 test result: ok. 0 passed; 0 failed; 0 ignored; 0 measured; 0 filtered out; finished in 0.00s
#24 101.6 
#24 101.6    Doc-tests gripsack_fs
#24 101.6 
#24 101.6 running 0 tests
#24 101.6 
#24 101.6 test result: ok. 0 passed; 0 failed; 0 ignored; 0 measured; 0 filtered out; finished in 0.00s
#24 101.6 
#24 101.6    Doc-tests gripsack_fuzz
#24 101.7 
#24 101.7 running 0 tests
#24 101.7 
#24 101.7 test result: ok. 0 passed; 0 failed; 0 ignored; 0 measured; 0 filtered out; finished in 0.00s
#24 101.7 
#24 101.7    Doc-tests gripsack_ir
#24 102.0 
#24 102.0 running 0 tests
#24 102.0 
#24 102.0 test result: ok. 0 passed; 0 failed; 0 ignored; 0 measured; 0 filtered out; finished in 0.00s
#24 102.0 
#24 102.0    Doc-tests gripsack_lint
#24 102.1 
#24 102.1 running 0 tests
#24 102.1 
#24 102.1 test result: ok. 0 passed; 0 failed; 0 ignored; 0 measured; 0 filtered out; finished in 0.00s
#24 102.1 
#24 102.1    Doc-tests gripsack_policy
#24 102.4 
#24 102.4 running 1 test
#24 102.5 test crates/gripsack-policy/src/generation.rs - generation::GenerationInventory (line 56) - compile fail ... ok
#24 102.5 
#24 102.5 test result: ok. 1 passed; 0 failed; 0 ignored; 0 measured; 0 filtered out; finished in 0.08s
#24 102.5 
#24 102.5    Doc-tests gripsack_process
#24 102.6 
#24 102.6 running 0 tests
#24 102.6 
#24 102.6 test result: ok. 0 passed; 0 failed; 0 ignored; 0 measured; 0 filtered out; finished in 0.00s
#24 102.6 
#24 102.6    Doc-tests gripsack_store
#24 102.9 
#24 102.9 running 0 tests
#24 102.9 
#24 102.9 test result: ok. 0 passed; 0 failed; 0 ignored; 0 measured; 0 filtered out; finished in 0.00s
#24 102.9 
#24 102.9    Doc-tests gripsack_trace
#24 102.9 
#24 102.9 running 0 tests
#24 102.9 
#24 102.9 test result: ok. 0 passed; 0 failed; 0 ignored; 0 measured; 0 filtered out; finished in 0.00s
#24 102.9 
#24 DONE 103.0s

#25 [test 2/2] RUN apk add --no-cache python3     && cargo package --list -p gripsack-exec | grep -q "embedded_frontend.rs"     && python3 scripts/gen_diagnostic_registry.py --check     && python3 scripts/gen_diagnostic_registry.py --self-check     && python3 scripts/gen_frontend_embed.py --check     && python3 scripts/check_scheduler_loom.py     && python3 scripts/check_journal_admission.py     && python3 scripts/check_journal_protocol.py     && python3 scripts/check_gc_roots.py     && python3 scripts/check_rate_admission.py     && python3 scripts/check_http_budget.py     && python3 scripts/check_process_bounds.py     && python3 scripts/check_update_survey.py
#25 0.851 ( 1/13) Installing libbz2 (1.0.8-r6)
#25 0.862 ( 2/13) Installing libffi (3.5.2-r1)
#25 0.871 ( 3/13) Installing gdbm (1.26-r0)
#25 0.882 ( 4/13) Installing mpdecimal (4.0.1-r0)
#25 0.896 ( 5/13) Installing ncurses-terminfo-base (6.6_p20260516-r0)
#25 0.916 ( 6/13) Installing libncursesw (6.6_p20260516-r0)
#25 0.936 ( 7/13) Installing libpanelw (6.6_p20260516-r0)
#25 0.943 ( 8/13) Installing readline (8.3.3-r1)
#25 0.962 ( 9/13) Installing sqlite-libs (3.53.4-r0)
#25 1.002 (10/13) Installing python3 (3.14.7-r1)
#25 1.402 (11/13) Installing python3-pycache-pyc0 (3.14.7-r1)
#25 1.717 (12/13) Installing pyc (3.14.7-r1)
#25 1.717 (13/13) Installing python3-pyc (3.14.7-r1)
#25 1.717 Executing busybox-1.37.0-r31.trigger
#25 1.727 OK: 246.6 MiB in 58 packages
#25 1.853 diagnostic registry: 39 unique core codes, 5 frontend allocations; generated files fresh
#25 1.875 calibration: invalid registry version rejected on its named property
#25 1.875 calibration: duplicate diagnostic code rejected on its named property
#25 1.875 calibration: duplicate frontend diagnostic name rejected on its named property
#25 1.875 diagnostic registry calibration: 3 named mutants rejected
#25 1.903 embedded_frontend.rs: fresh (31 files)
#25 2.213 RUNNER_COMMAND=cargo test --locked -p gripsack-exec --features loom-tests --lib schedule::coordination::model::
#25 37.69    Compiling proc-macro2 v1.0.107
#25 37.69    Compiling quote v1.0.47
#25 37.69    Compiling unicode-ident v1.0.24
#25 37.69    Compiling libc v0.2.189
#25 37.69    Compiling shlex v2.0.1
#25 37.69    Compiling find-msvc-tools v0.1.11
#25 37.69    Compiling cfg-if v1.0.4
#25 37.69    Compiling stable_deref_trait v1.2.1
#25 37.69    Compiling serde_core v1.0.229
#25 37.69    Compiling once_cell v1.21.4
#25 37.69    Compiling pkg-config v0.3.34
#25 37.69    Compiling rustix v1.1.4
#25 37.69    Compiling smallvec v1.15.2
#25 37.69    Compiling bitflags v2.13.1
#25 37.69    Compiling linux-raw-sys v0.12.1
#25 37.69    Compiling verus_prettyplease v0.0.0-2026-09-06-0133
#25 37.69    Compiling writeable v0.6.4
#25 37.69    Compiling litemap v0.8.3
#25 37.69    Compiling hashbrown v0.17.1
#25 37.69    Compiling equivalent v1.0.2
#25 37.69    Compiling log v0.4.34
#25 37.69    Compiling icu_normalizer_data v2.3.0
#25 37.69    Compiling icu_properties_data v2.3.0
#25 37.69    Compiling utf8_iter v1.0.4
#25 37.69    Compiling zmij v1.0.23
#25 37.69    Compiling typenum v1.20.1
#25 37.69    Compiling io-lifetimes v2.0.4
#25 37.69    Compiling zeroize v1.9.0
#25 37.69    Compiling vstd v0.0.0-2026-09-06-0133
#25 37.69    Compiling io-lifetimes v3.0.1
#25 37.69    Compiling convert_case v0.4.0
#25 37.69    Compiling serde v1.0.229
#25 37.69    Compiling memchr v2.8.3
#25 37.69    Compiling io-extras v0.19.0
#25 37.69    Compiling serde_json v1.0.151
#25 37.69    Compiling verus_builtin v0.0.0-2026-09-06-0133
#25 37.69    Compiling itoa v1.0.18
#25 37.69    Compiling rustversion v1.0.23
#25 37.69    Compiling thiserror v2.0.20
#25 37.69    Compiling winnow v1.0.4
#25 37.69    Compiling cap-primitives v4.0.3
#25 37.69    Compiling crc32fast v1.5.1
#25 37.69    Compiling tracing-core v0.1.36
#25 37.69    Compiling getrandom v0.4.3
#25 37.69    Compiling toml_writer v1.1.2+spec-1.1.0
#25 37.69    Compiling rustls-pki-types v1.15.1
#25 37.69    Compiling percent-encoding v2.3.2
#25 37.69    Compiling cap-std v4.0.3
#25 37.69    Compiling zstd-safe v7.2.4
#25 37.69    Compiling untrusted v0.9.0
#25 37.69    Compiling maybe-owned v0.3.4
#25 37.69    Compiling ambient-authority v0.0.2
#25 37.69    Compiling const-oid v0.10.2
#25 37.69    Compiling simd-adler32 v0.3.10
#25 37.69    Compiling ipnet v2.12.1
#25 37.69    Compiling form_urlencoded v1.2.2
#25 37.69    Compiling pin-project-lite v0.2.17
#25 37.69    Compiling rustls v0.23.45
#25 37.69    Compiling adler2 v2.0.1
#25 37.69    Compiling regex-syntax v0.8.11
#25 37.69    Compiling parking_lot_core v0.9.12
#25 37.69    Compiling cpufeatures v0.3.0
#25 37.69    Compiling libbz2-rs-sys v0.2.5
#25 37.69    Compiling zlib-rs v0.6.7
#25 37.69    Compiling fastrand v2.5.0
#25 37.69    Compiling lazy_static v1.5.0
#25 37.69    Compiling scopeguard v1.2.0
#25 37.69    Compiling bumpalo v3.20.3
#25 37.69    Compiling winnow v0.7.15
#25 37.69    Compiling subtle v2.6.1
#25 37.69    Compiling toml_parser v1.1.3+spec-1.1.0
#25 37.69    Compiling lock_api v0.4.14
#25 37.69    Compiling miniz_oxide v0.8.9
#25 37.69    Compiling webpki-roots v1.0.9
#25 37.69    Compiling sharded-slab v0.1.7
#25 37.69    Compiling thread_local v1.1.10
#25 37.69    Compiling base64 v0.22.1
#25 37.69    Compiling tracing-log v0.2.0
#25 37.69    Compiling nu-ansi-term v0.50.3
#25 37.69    Compiling openssl-probe v0.2.1
#25 37.69    Compiling typed-path v0.12.3
#25 37.69    Compiling scoped-tls v1.0.1
#25 37.69    Compiling indexmap v2.14.0
#25 37.69    Compiling webpki-roots v0.26.11
#25 37.69    Compiling zopfli v0.8.3
#25 37.69    Compiling rustls-native-certs v0.8.4
#25 37.69    Compiling httpdate v1.0.3
#25 37.69    Compiling bzip2 v0.6.1
#25 37.69    Compiling hybrid-array v0.4.14
#25 37.69    Compiling syn v2.0.119
#25 37.69    Compiling syn v3.0.4
#25 37.69    Compiling verus_syn v0.0.0-2026-09-06-0133
#25 37.69    Compiling jobserver v0.1.35
#25 37.69    Compiling getrandom v0.2.17
#25 37.69    Compiling filetime v0.2.29
#25 37.69    Compiling block-buffer v0.12.1
#25 37.69    Compiling crypto-common v0.2.2
#25 37.69    Compiling parking_lot v0.12.5
#25 37.69    Compiling regex-automata v0.4.18
#25 37.69    Compiling cc v1.4.4
#25 37.69    Compiling digest v0.11.3
#25 37.69    Compiling sha2 v0.11.0
#25 37.69    Compiling serde_spanned v1.1.1
#25 37.69    Compiling toml_datetime v0.7.5+spec-1.1.0
#25 37.69    Compiling toml_datetime v1.1.1+spec-1.1.0
#25 37.69    Compiling toml v1.1.4+spec-1.1.0
#25 37.69    Compiling toml v0.9.12+spec-1.1.0
#25 37.69    Compiling flate2 v1.1.9
#25 37.69    Compiling zstd-sys v2.0.16+zstd.1.5.7
#25 37.69    Compiling ring v0.17.14
#25 37.69    Compiling lzma-sys v0.1.20
#25 37.69    Compiling generator v0.8.10
#25 37.69    Compiling matchers v0.2.0
#25 37.69    Compiling rustix-linux-procfs v0.1.1
#25 37.69    Compiling fs-set-times v0.20.3
#25 37.69    Compiling tempfile v3.27.0
#25 37.69    Compiling xattr v1.6.1
#25 37.69    Compiling tar v0.4.46
#25 37.69    Compiling xz2 v0.1.7
#25 37.69    Compiling zerovec-derive v0.11.6
#25 37.69    Compiling displaydoc v0.2.7
#25 37.69    Compiling serde_derive v1.0.229
#25 37.69    Compiling thiserror-impl v2.0.20
#25 37.69    Compiling gripsack-fs v0.42.0 (/tmp/gripsack-loom-vklosi_g/source/crates/gripsack-fs)
#25 37.69    Compiling synstructure v0.13.2
#25 37.69    Compiling rustls-webpki v0.103.15
#25 37.69    Compiling zerofrom-derive v0.1.7
#25 37.69    Compiling yoke-derive v0.8.2
#25 37.69    Compiling tracing-attributes v0.1.31
#25 37.69    Compiling zstd v0.13.3
#25 37.69    Compiling zip v8.6.0
#25 37.69    Compiling zerofrom v0.1.8
#25 37.69    Compiling tracing v0.1.44
#25 37.69    Compiling yoke v0.8.3
#25 37.69    Compiling tracing-subscriber v0.3.23
#25 37.69    Compiling zerovec v0.11.8
#25 37.69    Compiling zerotrie v0.2.5
#25 37.69    Compiling verus_state_machines_macros v0.0.0-2026-09-06-0133
#25 37.69    Compiling verus_builtin_macros v0.0.0-2026-09-06-0133
#25 37.69    Compiling tinystr v0.8.4
#25 37.69    Compiling potential_utf v0.1.6
#25 37.69    Compiling icu_collections v2.3.0
#25 37.69    Compiling icu_locale_core v2.3.0
#25 37.69    Compiling loom v0.7.2
#25 37.69    Compiling icu_provider v2.3.1
#25 37.69    Compiling icu_properties v2.3.0
#25 37.69    Compiling icu_normalizer v2.3.0
#25 37.69    Compiling idna_adapter v1.2.2
#25 37.69    Compiling idna v1.1.0
#25 37.69    Compiling url v2.5.8
#25 37.69    Compiling ureq v2.12.1
#25 37.69    Compiling gripsack-policy v0.42.0 (/tmp/gripsack-loom-vklosi_g/source/crates/gripsack-policy)
#25 37.69    Compiling gripsack-ir v0.42.0 (/tmp/gripsack-loom-vklosi_g/source/crates/gripsack-ir)
#25 37.69    Compiling gripsack-process v0.42.0 (/tmp/gripsack-loom-vklosi_g/source/crates/gripsack-process)
#25 37.69    Compiling gripsack-store v0.42.0 (/tmp/gripsack-loom-vklosi_g/source/crates/gripsack-store)
#25 37.69    Compiling gripsack-config v0.42.0 (/tmp/gripsack-loom-vklosi_g/source/crates/gripsack-config)
#25 37.69    Compiling gripsack-fetch v0.42.0 (/tmp/gripsack-loom-vklosi_g/source/crates/gripsack-fetch)
#25 37.69    Compiling gripsack-exec v0.42.0 (/tmp/gripsack-loom-vklosi_g/source/crates/gripsack-exec)
#25 37.69     Finished `test` profile [unoptimized + debuginfo] target(s) in 35.43s
#25 37.69      Running unittests src/lib.rs (/tmp/gripsack-loom-vklosi_g/target/debug/deps/gripsack_exec-b5c03b2be470c107)
#25 37.69 
#25 37.69 running 3 tests
#25 37.69 test schedule::coordination::model::failure_latches_and_drains_without_lost_notification ... ok
#25 37.69 test schedule::coordination::model::panic_completes_once_and_wakes_waiters ... ok
#25 37.69 test schedule::coordination::model::diamond_completion_wakes_waiters_and_publishes_dependencies ... ok
#25 37.69 
#25 37.69 test result: ok. 3 passed; 0 failed; 0 ignored; 0 measured; 56 filtered out; finished in 0.06s
#25 37.69 
#25 37.69 
#25 37.69 LOOM_SCHEDULER=3
#25 37.69 RUNNER_COMMAND=cargo test --locked -p gripsack-exec --features loom-tests --lib schedule::coordination::model::diamond_completion_wakes_waiters_and_publishes_dependencies
#25 41.41    Compiling gripsack-exec v0.42.0 (/tmp/gripsack-loom-vklosi_g/source/crates/gripsack-exec)
#25 41.41     Finished `test` profile [unoptimized + debuginfo] target(s) in 3.50s
#25 41.41      Running unittests src/lib.rs (/tmp/gripsack-loom-vklosi_g/target/debug/deps/gripsack_exec-b5c03b2be470c107)
#25 41.41 
#25 41.41 running 1 test
#25 41.41 
#25 41.41 thread 'schedule::coordination::model::diamond_completion_wakes_waiters_and_publishes_dependencies' (4268) panicked at /usr/local/cargo/registry/src/index.crates.io-1949cf8c6b5b557f/loom-0.7.2/src/rt/execution.rs:216:13:
#25 41.41 deadlock; threads = [(Id(0), Blocked(Location(None))), (Id(1), Terminated), (Id(2), Blocked(Location(None)))]
#25 41.41 note: run with `RUST_BACKTRACE=1` environment variable to display a backtrace
#25 41.41 
#25 41.41 thread 'schedule::coordination::model::diamond_completion_wakes_waiters_and_publishes_dependencies' (4268) panicked at /usr/local/cargo/registry/src/index.crates.io-1949cf8c6b5b557f/loom-0.7.2/src/rt/thread.rs:276:39:
#25 41.41 called `Option::unwrap()` on a `None` value
#25 41.41 stack backtrace:
#25 41.41    0:     0x71a066797381 - std[f4f322d5fb81df6e]::backtrace_rs::backtrace::libunwind::trace
#25 41.41                                at /rustc/88d9e12ae178fab0fb5cc050a94da85685d449ea/library/std/src/../../backtrace/src/backtrace/libunwind.rs:117:9
#25 41.41    1:     0x71a066797381 - std[f4f322d5fb81df6e]::backtrace_rs::backtrace::trace_unsynchronized::<std[f4f322d5fb81df6e]::sys::backtrace::_print_fmt::{closure#1}>
#25 41.41                                at /rustc/88d9e12ae178fab0fb5cc050a94da85685d449ea/library/std/src/../../backtrace/src/backtrace/mod.rs:66:14
#25 41.41    2:     0x71a066797381 - std[f4f322d5fb81df6e]::sys::backtrace::_print_fmt
#25 41.41                                at /rustc/88d9e12ae178fab0fb5cc050a94da85685d449ea/library/std/src/sys/backtrace.rs:74:9
#25 41.41    3:     0x71a066797381 - <<std[f4f322d5fb81df6e]::sys::backtrace::BacktraceLock>::print::DisplayBacktrace as core[5d33459993e3d723]::fmt::Display>::fmt
#25 41.41                                at /rustc/88d9e12ae178fab0fb5cc050a94da85685d449ea/library/std/src/sys/backtrace.rs:44:26
#25 41.41    4:     0x71a0667cc72a - <core[5d33459993e3d723]::fmt::rt::Argument>::fmt
#25 41.41                                at /rustc/88d9e12ae178fab0fb5cc050a94da85685d449ea/library/core/src/fmt/rt.rs:152:76
#25 41.41    5:     0x71a0667cc72a - core[5d33459993e3d723]::fmt::write
#25 41.41    6:     0x71a06679cdcc - std[f4f322d5fb81df6e]::io::default_write_fmt::<alloc[f3282932177de6b4]::vec::Vec<u8>>
#25 41.41                                at /rustc/88d9e12ae178fab0fb5cc050a94da85685d449ea/library/std/src/io/mod.rs:626:11
#25 41.41    7:     0x71a06679cdcc - <alloc[f3282932177de6b4]::vec::Vec<u8> as std[f4f322d5fb81df6e]::io::Write>::write_fmt
#25 41.41                                at /rustc/88d9e12ae178fab0fb5cc050a94da85685d449ea/library/std/src/io/mod.rs:1730:13
#25 41.41    8:     0x71a066771b62 - <std[f4f322d5fb81df6e]::sys::backtrace::BacktraceLock>::print
#25 41.41                                at /rustc/88d9e12ae178fab0fb5cc050a94da85685d449ea/library/std/src/sys/backtrace.rs:47:9
#25 41.41    9:     0x71a066771b62 - std[f4f322d5fb81df6e]::panicking::default_hook::{closure#0}
#25 41.41                                at /rustc/88d9e12ae178fab0fb5cc050a94da85685d449ea/library/std/src/panicking.rs:292:27
#25 41.41   10:     0x71a06678d814 - std[f4f322d5fb81df6e]::panicking::default_hook
#25 41.41                                at /rustc/88d9e12ae178fab0fb5cc050a94da85685d449ea/library/std/src/panicking.rs:316:9
#25 41.41   11:     0x71a065e06680 - <alloc[f3282932177de6b4]::boxed::Box<dyn for<'a, 'b> core[5d33459993e3d723]::ops::function::Fn<(&'a std[f4f322d5fb81df6e]::panic::PanicHookInfo<'b>,), Output = ()> + core[5d33459993e3d723]::marker::Send + core[5d33459993e3d723]::marker::Sync> as core[5d33459993e3d723]::ops::function::Fn<(&std[f4f322d5fb81df6e]::panic::PanicHookInfo,)>>::call
#25 41.41                                at /rustc/88d9e12ae178fab0fb5cc050a94da85685d449ea/library/alloc/src/boxed.rs:2333:9
#25 41.41   12:     0x71a065e06680 - test[4256d8fa28ac835e]::test_main_inner::<test[4256d8fa28ac835e]::test_main_static::{closure#0}>::{closure#0}
#25 41.41                                at /rustc/88d9e12ae178fab0fb5cc050a94da85685d449ea/library/test/src/lib.rs:155:21
#25 41.41   13:     0x71a065e89de3 - <alloc[f3282932177de6b4]::boxed::Box<dyn for<'a, 'b> core[5d33459993e3d723]::ops::function::Fn<(&'a std[f4f322d5fb81df6e]::panic::PanicHookInfo<'b>,), Output = ()> + core[5d33459993e3d723]::marker::Send + core[5d33459993e3d723]::marker::Sync> as core[5d33459993e3d723]::ops::function::Fn<(&std[f4f322d5fb81df6e]::panic::PanicHookInfo,)>>::call
#25 41.41                                at /rustc/88d9e12ae178fab0fb5cc050a94da85685d449ea/library/alloc/src/boxed.rs:2333:9
#25 41.41   14:     0x71a065e853b4 - generator[87b94d97073f9995]::detail::gen::catch_unwind_filter::<generator[87b94d97073f9995]::detail::gen::gen_init_impl::{closure#0}, ()>::{closure#0}::{closure#0}
#25 41.41                                at /usr/local/cargo/registry/src/index.crates.io-1949cf8c6b5b557f/generator-0.8.10/src/detail/gen.rs:19:13
#25 41.41   15:     0x71a06678db42 - <alloc[f3282932177de6b4]::boxed::Box<dyn for<'a, 'b> core[5d33459993e3d723]::ops::function::Fn<(&'a std[f4f322d5fb81df6e]::panic::PanicHookInfo<'b>,), Output = ()> + core[5d33459993e3d723]::marker::Send + core[5d33459993e3d723]::marker::Sync> as core[5d33459993e3d723]::ops::function::Fn<(&std[f4f322d5fb81df6e]::panic::PanicHookInfo,)>>::call
#25 41.41                                at /rustc/88d9e12ae178fab0fb5cc050a94da85685d449ea/library/alloc/src/boxed.rs:2333:9
#25 41.41   16:     0x71a06678db42 - std[f4f322d5fb81df6e]::panicking::panic_with_hook
#25 41.41                                at /rustc/88d9e12ae178fab0fb5cc050a94da85685d449ea/library/std/src/panicking.rs:823:13
#25 41.41   17:     0x71a066771c44 - std[f4f322d5fb81df6e]::panicking::panic_handler::{closure#0}
#25 41.41                                at /rustc/88d9e12ae178fab0fb5cc050a94da85685d449ea/library/std/src/panicking.rs:681:13
#25 41.41   18:     0x71a066769049 - std[f4f322d5fb81df6e]::sys::backtrace::__rust_end_short_backtrace::<std[f4f322d5fb81df6e]::panicking::panic_handler::{closure#0}, !>
#25 41.41                                at /rustc/88d9e12ae178fab0fb5cc050a94da85685d449ea/library/std/src/sys/backtrace.rs:182:18
#25 41.41   19:     0x71a066772d1d - __rustc[4b1ee1ef74718a7b]::rust_begin_unwind
#25 41.41                                at /rustc/88d9e12ae178fab0fb5cc050a94da85685d449ea/library/std/src/panicking.rs:679:5
#25 41.41   20:     0x71a065c45bac - core[5d33459993e3d723]::panicking::panic_fmt
#25 41.41                                at /rustc/88d9e12ae178fab0fb5cc050a94da85685d449ea/library/core/src/panicking.rs:80:14
#25 41.41   21:     0x71a065c45b72 - core[5d33459993e3d723]::panicking::panic
#25 41.41                                at /rustc/88d9e12ae178fab0fb5cc050a94da85685d449ea/library/core/src/panicking.rs:150:5
#25 41.41   22:     0x71a065c45899 - core[5d33459993e3d723]::option::unwrap_failed
#25 41.41                                at /rustc/88d9e12ae178fab0fb5cc050a94da85685d449ea/library/core/src/option.rs:2251:5
#25 41.41   23:     0x71a065e5d8dd - <core[5d33459993e3d723]::option::Option<usize>>::unwrap
#25 41.41                                at /rustc/88d9e12ae178fab0fb5cc050a94da85685d449ea/library/core/src/option.rs:1014:21
#25 41.41   24:     0x71a065e5d8dd - <loom[c97bddb326b4e68f]::rt::thread::Set>::active_mut
#25 41.41                                at /usr/local/cargo/registry/src/index.crates.io-1949cf8c6b5b557f/loom-0.7.2/src/rt/thread.rs:276:39
#25 41.41   25:     0x71a065e69965 - <loom[c97bddb326b4e68f]::rt::object::Ref<loom[c97bddb326b4e68f]::rt::arc::State>>::set_action
#25 41.41                                at /usr/local/cargo/registry/src/index.crates.io-1949cf8c6b5b557f/loom-0.7.2/src/rt/object.rs:387:27
#25 41.41   26:     0x71a065e67458 - <loom[c97bddb326b4e68f]::rt::object::Ref<loom[c97bddb326b4e68f]::rt::arc::State>>::branch_action::<loom[c97bddb326b4e68f]::rt::arc::Action>::{closure#0}
#25 41.41                                at /usr/local/cargo/registry/src/index.crates.io-1949cf8c6b5b557f/loom-0.7.2/src/rt/object.rs:354:18
#25 41.41   27:     0x71a065e41f8c - loom[c97bddb326b4e68f]::rt::branch::<<loom[c97bddb326b4e68f]::rt::object::Ref<loom[c97bddb326b4e68f]::rt::arc::State>>::branch_action<loom[c97bddb326b4e68f]::rt::arc::Action>::{closure#0}, ()>::{closure#0}
#25 41.41                                at /usr/local/cargo/registry/src/index.crates.io-1949cf8c6b5b557f/loom-0.7.2/src/rt/mod.rs:122:19
#25 41.41   28:     0x71a065e3da01 - <loom[c97bddb326b4e68f]::rt::scheduler::Scheduler>::with_execution::<loom[c97bddb326b4e68f]::rt::branch<<loom[c97bddb326b4e68f]::rt::object::Ref<loom[c97bddb326b4e68f]::rt::arc::State>>::branch_action<loom[c97bddb326b4e68f]::rt::arc::Action>::{closure#0}, ()>::{closure#0}, ((), bool)>::{closure#0}
#25 41.41                                at /usr/local/cargo/registry/src/index.crates.io-1949cf8c6b5b557f/loom-0.7.2/src/rt/scheduler.rs:43:34
#25 41.41   29:     0x71a065e3ba9e - <loom[c97bddb326b4e68f]::rt::scheduler::Scheduler>::with_state::<<loom[c97bddb326b4e68f]::rt::scheduler::Scheduler>::with_execution<loom[c97bddb326b4e68f]::rt::branch<<loom[c97bddb326b4e68f]::rt::object::Ref<loom[c97bddb326b4e68f]::rt::arc::State>>::branch_action<loom[c97bddb326b4e68f]::rt::arc::Action>::{closure#0}, ()>::{closure#0}, ((), bool)>::{closure#0}, ((), bool)>::{closure#0}
#25 41.41                                at /usr/local/cargo/registry/src/index.crates.io-1949cf8c6b5b557f/loom-0.7.2/src/rt/scheduler.rs:131:28
#25 41.41   30:     0x71a065e3e8f1 - <scoped_tls[87e03fecbc1fc0b7]::ScopedKey<core[5d33459993e3d723]::cell::RefCell<loom[c97bddb326b4e68f]::rt::scheduler::State>>>::with::<<loom[c97bddb326b4e68f]::rt::scheduler::Scheduler>::with_state<<loom[c97bddb326b4e68f]::rt::scheduler::Scheduler>::with_execution<loom[c97bddb326b4e68f]::rt::branch<<loom[c97bddb326b4e68f]::rt::object::Ref<loom[c97bddb326b4e68f]::rt::arc::State>>::branch_action<loom[c97bddb326b4e68f]::rt::arc::Action>::{closure#0}, ()>::{closure#0}, ((), bool)>::{closure#0}, ((), bool)>::{closure#0}, ((), bool)>
#25 41.41                                at /usr/local/cargo/registry/src/index.crates.io-1949cf8c6b5b557f/scoped-tls-1.0.1/src/lib.rs:171:13
#25 41.41   31:     0x71a065e39f4e - <loom[c97bddb326b4e68f]::rt::scheduler::Scheduler>::with_state::<<loom[c97bddb326b4e68f]::rt::scheduler::Scheduler>::with_execution<loom[c97bddb326b4e68f]::rt::branch<<loom[c97bddb326b4e68f]::rt::object::Ref<loom[c97bddb326b4e68f]::rt::arc::State>>::branch_action<loom[c97bddb326b4e68f]::rt::arc::Action>::{closure#0}, ()>::{closure#0}, ((), bool)>::{closure#0}, ((), bool)>
#25 41.41                                at /usr/local/cargo/registry/src/index.crates.io-1949cf8c6b5b557f/loom-0.7.2/src/rt/scheduler.rs:131:15
#25 41.41   32:     0x71a065e3b486 - <loom[c97bddb326b4e68f]::rt::scheduler::Scheduler>::with_execution::<loom[c97bddb326b4e68f]::rt::branch<<loom[c97bddb326b4e68f]::rt::object::Ref<loom[c97bddb326b4e68f]::rt::arc::State>>::branch_action<loom[c97bddb326b4e68f]::rt::arc::Action>::{closure#0}, ()>::{closure#0}, ((), bool)>
#25 41.41                                at /usr/local/cargo/registry/src/index.crates.io-1949cf8c6b5b557f/loom-0.7.2/src/rt/scheduler.rs:43:9
#25 41.41   33:     0x71a065e41326 - loom[c97bddb326b4e68f]::rt::execution::<loom[c97bddb326b4e68f]::rt::branch<<loom[c97bddb326b4e68f]::rt::object::Ref<loom[c97bddb326b4e68f]::rt::arc::State>>::branch_action<loom[c97bddb326b4e68f]::rt::arc::Action>::{closure#0}, ()>::{closure#0}, ((), bool)>
#25 41.41                                at /usr/local/cargo/registry/src/index.crates.io-1949cf8c6b5b557f/loom-0.7.2/src/rt/mod.rs:174:5
#25 41.41   34:     0x71a065e41029 - loom[c97bddb326b4e68f]::rt::branch::<<loom[c97bddb326b4e68f]::rt::object::Ref<loom[c97bddb326b4e68f]::rt::arc::State>>::branch_action<loom[c97bddb326b4e68f]::rt::arc::Action>::{closure#0}, ()>
#25 41.41                                at /usr/local/cargo/registry/src/index.crates.io-1949cf8c6b5b557f/loom-0.7.2/src/rt/mod.rs:121:25
#25 41.41   35:     0x71a065e66d38 - <loom[c97bddb326b4e68f]::rt::object::Ref<loom[c97bddb326b4e68f]::rt::arc::State>>::branch_action::<loom[c97bddb326b4e68f]::rt::arc::Action>
#25 41.41                                at /usr/local/cargo/registry/src/index.crates.io-1949cf8c6b5b557f/loom-0.7.2/src/rt/object.rs:351:9
#25 41.41   36:     0x71a065e64c50 - <loom[c97bddb326b4e68f]::rt::arc::Arc>::branch
#25 41.41                                at /usr/local/cargo/registry/src/index.crates.io-1949cf8c6b5b557f/loom-0.7.2/src/rt/arc.rs:160:11
#25 41.41   37:     0x71a065e64cf2 - <loom[c97bddb326b4e68f]::rt::arc::Arc>::ref_dec
#25 41.41                                at /usr/local/cargo/registry/src/index.crates.io-1949cf8c6b5b557f/loom-0.7.2/src/rt/arc.rs:113:14
#25 41.41   38:     0x71a065d35e78 - <loom[c97bddb326b4e68f]::sync::arc::Arc<alloc[f3282932177de6b4]::vec::Vec<loom[c97bddb326b4e68f]::sync::atomic::int::AtomicUsize>> as core[5d33459993e3d723]::ops::drop::Drop>::drop
#25 41.41                                at /usr/local/cargo/registry/src/index.crates.io-1949cf8c6b5b557f/loom-0.7.2/src/sync/arc.rs:247:21
#25 41.41   39:     0x71a065d2e60a - core[5d33459993e3d723]::ptr::drop_glue::<loom[c97bddb326b4e68f]::sync::arc::Arc<alloc[f3282932177de6b4]::vec::Vec<loom[c97bddb326b4e68f]::sync::atomic::int::AtomicUsize>>>
#25 41.41                                at /rustc/88d9e12ae178fab0fb5cc050a94da85685d449ea/library/core/src/ptr/mod.rs:823:1
#25 41.41   40:     0x71a065d0681b - gripsack_exec[2b27a96b1f1bbee9]::schedule::coordination::model::explore::{closure#0}
#25 41.41                                at /tmp/gripsack-loom-vklosi_g/source/crates/gripsack-exec/src/schedule/coordination_model.rs:87:5
#25 41.41   41:     0x71a065d1d391 - <loom[c97bddb326b4e68f]::model::Builder>::check::<gripsack_exec[2b27a96b1f1bbee9]::schedule::coordination::model::explore::{closure#0}>::{closure#0}
#25 41.41                                at /usr/local/cargo/registry/src/index.crates.io-1949cf8c6b5b557f/loom-0.7.2/src/model.rs:194:17
#25 41.41   42:     0x71a065d32161 - <<loom[c97bddb326b4e68f]::model::Builder>::check<gripsack_exec[2b27a96b1f1bbee9]::schedule::coordination::model::explore::{closure#0}>::{closure#0} as core[5d33459993e3d723]::ops::function::FnOnce<()>>::call_once::{shim:vtable#0}
#25 41.41                                at /rustc/88d9e12ae178fab0fb5cc050a94da85685d449ea/library/core/src/ops/function.rs:250:5
#25 41.41   43:     0x71a065e50788 - <alloc[f3282932177de6b4]::boxed::Box<dyn core[5d33459993e3d723]::ops::function::FnOnce<(), Output = ()>> as core[5d33459993e3d723]::ops::function::FnOnce<()>>::call_once
#25 41.41                                at /rustc/88d9e12ae178fab0fb5cc050a94da85685d449ea/library/alloc/src/boxed.rs:2319:9
#25 41.41   44:     0x71a065e3e08b - loom[c97bddb326b4e68f]::rt::scheduler::spawn_thread::{closure#0}
#25 41.41                                at /usr/local/cargo/registry/src/index.crates.io-1949cf8c6b5b557f/loom-0.7.2/src/rt/scheduler.rs:142:17
#25 41.41   45:     0x71a065e5681e - <loom[c97bddb326b4e68f]::rt::scheduler::spawn_thread::{closure#0} as core[5d33459993e3d723]::ops::function::FnOnce<()>>::call_once
#25 41.41                                at /rustc/88d9e12ae178fab0fb5cc050a94da85685d449ea/library/core/src/ops/function.rs:250:5
#25 41.41   46:     0x71a065e52fc2 - <generator[87b94d97073f9995]::gen_impl::GeneratorImpl<core[5d33459993e3d723]::option::Option<alloc[f3282932177de6b4]::boxed::Box<dyn core[5d33459993e3d723]::ops::function::FnOnce<(), Output = ()>>>, ()>>::init_code::<loom[c97bddb326b4e68f]::rt::scheduler::spawn_thread::{closure#0}>::{closure#0}
#25 41.41                                at /usr/local/cargo/registry/src/index.crates.io-1949cf8c6b5b557f/generator-0.8.10/src/gen_impl.rs:357:21
#25 41.41   47:     0x71a065e477e1 - <generator[87b94d97073f9995]::stack::StackBox<<generator[87b94d97073f9995]::gen_impl::GeneratorImpl<core[5d33459993e3d723]::option::Option<alloc[f3282932177de6b4]::boxed::Box<dyn core[5d33459993e3d723]::ops::function::FnOnce<(), Output = ()>>>, ()>>::init_code<loom[c97bddb326b4e68f]::rt::scheduler::spawn_thread::{closure#0}>::{closure#0}>>::call_once
#25 41.41                                at /usr/local/cargo/registry/src/index.crates.io-1949cf8c6b5b557f/generator-0.8.10/src/stack/mod.rs:137:13
#25 41.41   48:     0x71a065e86f1d - <generator[87b94d97073f9995]::stack::Func>::call_once
#25 41.41                                at /usr/local/cargo/registry/src/index.crates.io-1949cf8c6b5b557f/generator-0.8.10/src/stack/mod.rs:119:9
#25 41.41   49:     0x71a065e8550e - generator[87b94d97073f9995]::detail::gen::gen_init_impl::{closure#0}
#25 41.41                                at /usr/local/cargo/registry/src/index.crates.io-1949cf8c6b5b557f/generator-0.8.10/src/detail/gen.rs:35:14
#25 41.41   50:     0x71a065e89f53 - <generator[87b94d97073f9995]::detail::gen::gen_init_impl::{closure#0} as core[5d33459993e3d723]::ops::function::FnOnce<()>>::call_once
#25 41.41                                at /rustc/88d9e12ae178fab0fb5cc050a94da85685d449ea/library/core/src/ops/function.rs:250:5
#25 41.41   51:     0x71a065e85035 - std[f4f322d5fb81df6e]::panicking::catch_unwind::do_call::<generator[87b94d97073f9995]::detail::gen::gen_init_impl::{closure#0}, ()>
#25 41.41                                at /rustc/88d9e12ae178fab0fb5cc050a94da85685d449ea/library/std/src/panicking.rs:576:43
#25 41.41   52:     0x71a065e8a11b - __rust_try
#25 41.41   53:     0x71a065e84516 - std[f4f322d5fb81df6e]::panicking::catch_unwind::<(), generator[87b94d97073f9995]::detail::gen::gen_init_impl::{closure#0}>
#25 41.41                                at /rustc/88d9e12ae178fab0fb5cc050a94da85685d449ea/library/std/src/panicking.rs:544:19
#25 41.41   54:     0x71a065e84516 - std[f4f322d5fb81df6e]::panic::catch_unwind::<generator[87b94d97073f9995]::detail::gen::gen_init_impl::{closure#0}, ()>
#25 41.41                                at /rustc/88d9e12ae178fab0fb5cc050a94da85685d449ea/library/std/src/panic.rs:359:14
#25 41.41   55:     0x71a065e84d3d - generator[87b94d97073f9995]::detail::gen::catch_unwind_filter::<generator[87b94d97073f9995]::detail::gen::gen_init_impl::{closure#0}, ()>
#25 41.41                                at /usr/local/cargo/registry/src/index.crates.io-1949cf8c6b5b557f/generator-0.8.10/src/detail/gen.rs:23:5
#25 41.41   56:     0x71a065e87e17 - generator[87b94d97073f9995]::detail::gen::gen_init_impl
#25 41.41                                at /usr/local/cargo/registry/src/index.crates.io-1949cf8c6b5b557f/generator-0.8.10/src/detail/gen.rs:50:25
#25 41.41   57:     0x71a065e87de3 - generator[87b94d97073f9995]::detail::asm::gen_init
#25 41.41                                at /usr/local/cargo/registry/src/index.crates.io-1949cf8c6b5b557f/generator-0.8.10/src/detail/x86_64_unix.rs:8:5
#25 41.41 
#25 41.41 thread 'schedule::coordination::model::diamond_completion_wakes_waiters_and_publishes_dependencies' (4268) panicked at /rustc/88d9e12ae178fab0fb5cc050a94da85685d449ea/library/core/src/panicking.rs:233:5:
#25 41.41 panic in a destructor during cleanup
#25 41.41 thread caused non-unwinding panic. aborting.
#25 41.41 error: test failed, to rerun pass `-p gripsack-exec --lib`
#25 41.41 
#25 41.41 Caused by:
#25 41.41   process didn't exit successfully: `/tmp/gripsack-loom-vklosi_g/target/debug/deps/gripsack_exec-b5c03b2be470c107 'schedule::coordination::model::diamond_completion_wakes_waiters_and_publishes_dependencies'` (signal: 6, SIGABRT: process abort signal)
#25 41.41 
#25 41.41 calibration: missing-notification rejected by Loom waiter deadlock
#25 41.41 RUNNER_COMMAND=cargo test --locked -p gripsack-exec --features loom-tests --lib schedule::coordination::model::diamond_completion_wakes_waiters_and_publishes_dependencies
#25 44.91    Compiling gripsack-exec v0.42.0 (/tmp/gripsack-loom-vklosi_g/source/crates/gripsack-exec)
#25 44.91     Finished `test` profile [unoptimized + debuginfo] target(s) in 3.32s
#25 44.91      Running unittests src/lib.rs (/tmp/gripsack-loom-vklosi_g/target/debug/deps/gripsack_exec-b5c03b2be470c107)
#25 44.91 
#25 44.91 running 1 test
#25 44.91 
#25 44.91 thread 'schedule::coordination::model::diamond_completion_wakes_waiters_and_publishes_dependencies' (4547) panicked at /usr/local/cargo/registry/src/index.crates.io-1949cf8c6b5b557f/loom-0.7.2/src/rt/execution.rs:216:13:
#25 44.91 deadlock; threads = [(Id(0), Blocked(Location(None))), (Id(1), Blocked(Location(None))), (Id(2), Blocked(Location(None)))]
#25 44.91 note: run with `RUST_BACKTRACE=1` environment variable to display a backtrace
#25 44.91 
#25 44.91 thread 'schedule::coordination::model::diamond_completion_wakes_waiters_and_publishes_dependencies' (4547) panicked at /usr/local/cargo/registry/src/index.crates.io-1949cf8c6b5b557f/loom-0.7.2/src/rt/thread.rs:276:39:
#25 44.91 called `Option::unwrap()` on a `None` value
#25 44.91 stack backtrace:
#25 44.91    0:     0x7ab97cb71a81 - std[f4f322d5fb81df6e]::backtrace_rs::backtrace::libunwind::trace
#25 44.91                                at /rustc/88d9e12ae178fab0fb5cc050a94da85685d449ea/library/std/src/../../backtrace/src/backtrace/libunwind.rs:117:9
#25 44.91    1:     0x7ab97cb71a81 - std[f4f322d5fb81df6e]::backtrace_rs::backtrace::trace_unsynchronized::<std[f4f322d5fb81df6e]::sys::backtrace::_print_fmt::{closure#1}>
#25 44.91                                at /rustc/88d9e12ae178fab0fb5cc050a94da85685d449ea/library/std/src/../../backtrace/src/backtrace/mod.rs:66:14
#25 44.91    2:     0x7ab97cb71a81 - std[f4f322d5fb81df6e]::sys::backtrace::_print_fmt
#25 44.91                                at /rustc/88d9e12ae178fab0fb5cc050a94da85685d449ea/library/std/src/sys/backtrace.rs:74:9
#25 44.91    3:     0x7ab97cb71a81 - <<std[f4f322d5fb81df6e]::sys::backtrace::BacktraceLock>::print::DisplayBacktrace as core[5d33459993e3d723]::fmt::Display>::fmt
#25 44.91                                at /rustc/88d9e12ae178fab0fb5cc050a94da85685d449ea/library/std/src/sys/backtrace.rs:44:26
#25 44.91    4:     0x7ab97cba6e2a - <core[5d33459993e3d723]::fmt::rt::Argument>::fmt
#25 44.91                                at /rustc/88d9e12ae178fab0fb5cc050a94da85685d449ea/library/core/src/fmt/rt.rs:152:76
#25 44.91    5:     0x7ab97cba6e2a - core[5d33459993e3d723]::fmt::write
#25 44.91    6:     0x7ab97cb774cc - std[f4f322d5fb81df6e]::io::default_write_fmt::<alloc[f3282932177de6b4]::vec::Vec<u8>>
#25 44.91                                at /rustc/88d9e12ae178fab0fb5cc050a94da85685d449ea/library/std/src/io/mod.rs:626:11
#25 44.91    7:     0x7ab97cb774cc - <alloc[f3282932177de6b4]::vec::Vec<u8> as std[f4f322d5fb81df6e]::io::Write>::write_fmt
#25 44.91                                at /rustc/88d9e12ae178fab0fb5cc050a94da85685d449ea/library/std/src/io/mod.rs:1730:13
#25 44.91    8:     0x7ab97cb4c262 - <std[f4f322d5fb81df6e]::sys::backtrace::BacktraceLock>::print
#25 44.91                                at /rustc/88d9e12ae178fab0fb5cc050a94da85685d449ea/library/std/src/sys/backtrace.rs:47:9
#25 44.91    9:     0x7ab97cb4c262 - std[f4f322d5fb81df6e]::panicking::default_hook::{closure#0}
#25 44.91                                at /rustc/88d9e12ae178fab0fb5cc050a94da85685d449ea/library/std/src/panicking.rs:292:27
#25 44.91   10:     0x7ab97cb67f14 - std[f4f322d5fb81df6e]::panicking::default_hook
#25 44.91                                at /rustc/88d9e12ae178fab0fb5cc050a94da85685d449ea/library/std/src/panicking.rs:316:9
#25 44.91   11:     0x7ab97c1de640 - <alloc[f3282932177de6b4]::boxed::Box<dyn for<'a, 'b> core[5d33459993e3d723]::ops::function::Fn<(&'a std[f4f322d5fb81df6e]::panic::PanicHookInfo<'b>,), Output = ()> + core[5d33459993e3d723]::marker::Send + core[5d33459993e3d723]::marker::Sync> as core[5d33459993e3d723]::ops::function::Fn<(&std[f4f322d5fb81df6e]::panic::PanicHookInfo,)>>::call
#25 44.91                                at /rustc/88d9e12ae178fab0fb5cc050a94da85685d449ea/library/alloc/src/boxed.rs:2333:9
#25 44.91   12:     0x7ab97c1de640 - test[4256d8fa28ac835e]::test_main_inner::<test[4256d8fa28ac835e]::test_main_static::{closure#0}>::{closure#0}
#25 44.91                                at /rustc/88d9e12ae178fab0fb5cc050a94da85685d449ea/library/test/src/lib.rs:155:21
#25 44.91   13:     0x7ab97c2644c3 - <alloc[f3282932177de6b4]::boxed::Box<dyn for<'a, 'b> core[5d33459993e3d723]::ops::function::Fn<(&'a std[f4f322d5fb81df6e]::panic::PanicHookInfo<'b>,), Output = ()> + core[5d33459993e3d723]::marker::Send + core[5d33459993e3d723]::marker::Sync> as core[5d33459993e3d723]::ops::function::Fn<(&std[f4f322d5fb81df6e]::panic::PanicHookInfo,)>>::call
#25 44.91                                at /rustc/88d9e12ae178fab0fb5cc050a94da85685d449ea/library/alloc/src/boxed.rs:2333:9
#25 44.91   14:     0x7ab97c25fa94 - generator[87b94d97073f9995]::detail::gen::catch_unwind_filter::<generator[87b94d97073f9995]::detail::gen::gen_init_impl::{closure#0}, ()>::{closure#0}::{closure#0}
#25 44.91                                at /usr/local/cargo/registry/src/index.crates.io-1949cf8c6b5b557f/generator-0.8.10/src/detail/gen.rs:19:13
#25 44.91   15:     0x7ab97cb68242 - <alloc[f3282932177de6b4]::boxed::Box<dyn for<'a, 'b> core[5d33459993e3d723]::ops::function::Fn<(&'a std[f4f322d5fb81df6e]::panic::PanicHookInfo<'b>,), Output = ()> + core[5d33459993e3d723]::marker::Send + core[5d33459993e3d723]::marker::Sync> as core[5d33459993e3d723]::ops::function::Fn<(&std[f4f322d5fb81df6e]::panic::PanicHookInfo,)>>::call
#25 44.91                                at /rustc/88d9e12ae178fab0fb5cc050a94da85685d449ea/library/alloc/src/boxed.rs:2333:9
#25 44.91   16:     0x7ab97cb68242 - std[f4f322d5fb81df6e]::panicking::panic_with_hook
#25 44.91                                at /rustc/88d9e12ae178fab0fb5cc050a94da85685d449ea/library/std/src/panicking.rs:823:13
#25 44.91   17:     0x7ab97cb4c344 - std[f4f322d5fb81df6e]::panicking::panic_handler::{closure#0}
#25 44.91                                at /rustc/88d9e12ae178fab0fb5cc050a94da85685d449ea/library/std/src/panicking.rs:681:13
#25 44.91   18:     0x7ab97cb43749 - std[f4f322d5fb81df6e]::sys::backtrace::__rust_end_short_backtrace::<std[f4f322d5fb81df6e]::panicking::panic_handler::{closure#0}, !>
#25 44.91                                at /rustc/88d9e12ae178fab0fb5cc050a94da85685d449ea/library/std/src/sys/backtrace.rs:182:18
#25 44.91   19:     0x7ab97cb4d41d - __rustc[4b1ee1ef74718a7b]::rust_begin_unwind
#25 44.91                                at /rustc/88d9e12ae178fab0fb5cc050a94da85685d449ea/library/std/src/panicking.rs:679:5
#25 44.91   20:     0x7ab97c01dbac - core[5d33459993e3d723]::panicking::panic_fmt
#25 44.91                                at /rustc/88d9e12ae178fab0fb5cc050a94da85685d449ea/library/core/src/panicking.rs:80:14
#25 44.91   21:     0x7ab97c01db72 - core[5d33459993e3d723]::panicking::panic
#25 44.91                                at /rustc/88d9e12ae178fab0fb5cc050a94da85685d449ea/library/core/src/panicking.rs:150:5
#25 44.91   22:     0x7ab97c01d899 - core[5d33459993e3d723]::option::unwrap_failed
#25 44.91                                at /rustc/88d9e12ae178fab0fb5cc050a94da85685d449ea/library/core/src/option.rs:2251:5
#25 44.91   23:     0x7ab97c237c1d - <core[5d33459993e3d723]::option::Option<usize>>::unwrap
#25 44.91                                at /rustc/88d9e12ae178fab0fb5cc050a94da85685d449ea/library/core/src/option.rs:1014:21
#25 44.91   24:     0x7ab97c237c1d - <loom[c97bddb326b4e68f]::rt::thread::Set>::active_mut
#25 44.91                                at /usr/local/cargo/registry/src/index.crates.io-1949cf8c6b5b557f/loom-0.7.2/src/rt/thread.rs:276:39
#25 44.91   25:     0x7ab97c243de5 - <loom[c97bddb326b4e68f]::rt::object::Ref<loom[c97bddb326b4e68f]::rt::arc::State>>::set_action
#25 44.91                                at /usr/local/cargo/registry/src/index.crates.io-1949cf8c6b5b557f/loom-0.7.2/src/rt/object.rs:387:27
#25 44.91   26:     0x7ab97c2418d8 - <loom[c97bddb326b4e68f]::rt::object::Ref<loom[c97bddb326b4e68f]::rt::arc::State>>::branch_action::<loom[c97bddb326b4e68f]::rt::arc::Action>::{closure#0}
#25 44.91                                at /usr/local/cargo/registry/src/index.crates.io-1949cf8c6b5b557f/loom-0.7.2/src/rt/object.rs:354:18
#25 44.91   27:     0x7ab97c21a55c - loom[c97bddb326b4e68f]::rt::branch::<<loom[c97bddb326b4e68f]::rt::object::Ref<loom[c97bddb326b4e68f]::rt::arc::State>>::branch_action<loom[c97bddb326b4e68f]::rt::arc::Action>::{closure#0}, ()>::{closure#0}
#25 44.91                                at /usr/local/cargo/registry/src/index.crates.io-1949cf8c6b5b557f/loom-0.7.2/src/rt/mod.rs:122:19
#25 44.91   28:     0x7ab97c215d11 - <loom[c97bddb326b4e68f]::rt::scheduler::Scheduler>::with_execution::<loom[c97bddb326b4e68f]::rt::branch<<loom[c97bddb326b4e68f]::rt::object::Ref<loom[c97bddb326b4e68f]::rt::arc::State>>::branch_action<loom[c97bddb326b4e68f]::rt::arc::Action>::{closure#0}, ()>::{closure#0}, ((), bool)>::{closure#0}
#25 44.91                                at /usr/local/cargo/registry/src/index.crates.io-1949cf8c6b5b557f/loom-0.7.2/src/rt/scheduler.rs:43:34
#25 44.91   29:     0x7ab97c213bbe - <loom[c97bddb326b4e68f]::rt::scheduler::Scheduler>::with_state::<<loom[c97bddb326b4e68f]::rt::scheduler::Scheduler>::with_execution<loom[c97bddb326b4e68f]::rt::branch<<loom[c97bddb326b4e68f]::rt::object::Ref<loom[c97bddb326b4e68f]::rt::arc::State>>::branch_action<loom[c97bddb326b4e68f]::rt::arc::Action>::{closure#0}, ()>::{closure#0}, ((), bool)>::{closure#0}, ((), bool)>::{closure#0}
#25 44.91                                at /usr/local/cargo/registry/src/index.crates.io-1949cf8c6b5b557f/loom-0.7.2/src/rt/scheduler.rs:131:28
#25 44.91   30:     0x7ab97c216c41 - <scoped_tls[87e03fecbc1fc0b7]::ScopedKey<core[5d33459993e3d723]::cell::RefCell<loom[c97bddb326b4e68f]::rt::scheduler::State>>>::with::<<loom[c97bddb326b4e68f]::rt::scheduler::Scheduler>::with_state<<loom[c97bddb326b4e68f]::rt::scheduler::Scheduler>::with_execution<loom[c97bddb326b4e68f]::rt::branch<<loom[c97bddb326b4e68f]::rt::object::Ref<loom[c97bddb326b4e68f]::rt::arc::State>>::branch_action<loom[c97bddb326b4e68f]::rt::arc::Action>::{closure#0}, ()>::{closure#0}, ((), bool)>::{closure#0}, ((), bool)>::{closure#0}, ((), bool)>
#25 44.91                                at /usr/local/cargo/registry/src/index.crates.io-1949cf8c6b5b557f/scoped-tls-1.0.1/src/lib.rs:171:13
#25 44.91   31:     0x7ab97c211f0e - <loom[c97bddb326b4e68f]::rt::scheduler::Scheduler>::with_state::<<loom[c97bddb326b4e68f]::rt::scheduler::Scheduler>::with_execution<loom[c97bddb326b4e68f]::rt::branch<<loom[c97bddb326b4e68f]::rt::object::Ref<loom[c97bddb326b4e68f]::rt::arc::State>>::branch_action<loom[c97bddb326b4e68f]::rt::arc::Action>::{closure#0}, ()>::{closure#0}, ((), bool)>::{closure#0}, ((), bool)>
#25 44.91                                at /usr/local/cargo/registry/src/index.crates.io-1949cf8c6b5b557f/loom-0.7.2/src/rt/scheduler.rs:131:15
#25 44.91   32:     0x7ab97c213586 - <loom[c97bddb326b4e68f]::rt::scheduler::Scheduler>::with_execution::<loom[c97bddb326b4e68f]::rt::branch<<loom[c97bddb326b4e68f]::rt::object::Ref<loom[c97bddb326b4e68f]::rt::arc::State>>::branch_action<loom[c97bddb326b4e68f]::rt::arc::Action>::{closure#0}, ()>::{closure#0}, ((), bool)>
#25 44.91                                at /usr/local/cargo/registry/src/index.crates.io-1949cf8c6b5b557f/loom-0.7.2/src/rt/scheduler.rs:43:9
#25 44.91   33:     0x7ab97c2198d6 - loom[c97bddb326b4e68f]::rt::execution::<loom[c97bddb326b4e68f]::rt::branch<<loom[c97bddb326b4e68f]::rt::object::Ref<loom[c97bddb326b4e68f]::rt::arc::State>>::branch_action<loom[c97bddb326b4e68f]::rt::arc::Action>::{closure#0}, ()>::{closure#0}, ((), bool)>
#25 44.91                                at /usr/local/cargo/registry/src/index.crates.io-1949cf8c6b5b557f/loom-0.7.2/src/rt/mod.rs:174:5
#25 44.91   34:     0x7ab97c2195d9 - loom[c97bddb326b4e68f]::rt::branch::<<loom[c97bddb326b4e68f]::rt::object::Ref<loom[c97bddb326b4e68f]::rt::arc::State>>::branch_action<loom[c97bddb326b4e68f]::rt::arc::Action>::{closure#0}, ()>
#25 44.91                                at /usr/local/cargo/registry/src/index.crates.io-1949cf8c6b5b557f/loom-0.7.2/src/rt/mod.rs:121:25
#25 44.91   35:     0x7ab97c2411b8 - <loom[c97bddb326b4e68f]::rt::object::Ref<loom[c97bddb326b4e68f]::rt::arc::State>>::branch_action::<loom[c97bddb326b4e68f]::rt::arc::Action>
#25 44.91                                at /usr/local/cargo/registry/src/index.crates.io-1949cf8c6b5b557f/loom-0.7.2/src/rt/object.rs:351:9
#25 44.91   36:     0x7ab97c23f0d0 - <loom[c97bddb326b4e68f]::rt::arc::Arc>::branch
#25 44.91                                at /usr/local/cargo/registry/src/index.crates.io-1949cf8c6b5b557f/loom-0.7.2/src/rt/arc.rs:160:11
#25 44.91   37:     0x7ab97c23f172 - <loom[c97bddb326b4e68f]::rt::arc::Arc>::ref_dec
#25 44.91                                at /usr/local/cargo/registry/src/index.crates.io-1949cf8c6b5b557f/loom-0.7.2/src/rt/arc.rs:113:14
#25 44.91   38:     0x7ab97c10df68 - <loom[c97bddb326b4e68f]::sync::arc::Arc<gripsack_exec[2b27a96b1f1bbee9]::schedule::coordination::Coordinator<alloc[f3282932177de6b4]::vec::Vec<core[5d33459993e3d723]::option::Option<gripsack_exec[2b27a96b1f1bbee9]::schedule::coordination::model::ResultKind>>>> as core[5d33459993e3d723]::ops::drop::Drop>::drop
#25 44.91                                at /usr/local/cargo/registry/src/index.crates.io-1949cf8c6b5b557f/loom-0.7.2/src/sync/arc.rs:247:21
#25 44.91   39:     0x7ab97c10669a - core[5d33459993e3d723]::ptr::drop_glue::<loom[c97bddb326b4e68f]::sync::arc::Arc<gripsack_exec[2b27a96b1f1bbee9]::schedule::coordination::Coordinator<alloc[f3282932177de6b4]::vec::Vec<core[5d33459993e3d723]::option::Option<gripsack_exec[2b27a96b1f1bbee9]::schedule::coordination::model::ResultKind>>>>>
#25 44.91                                at /rustc/88d9e12ae178fab0fb5cc050a94da85685d449ea/library/core/src/ptr/mod.rs:823:1
#25 44.91   40:     0x7ab97c107777 - core[5d33459993e3d723]::ptr::drop_glue::<gripsack_exec[2b27a96b1f1bbee9]::schedule::coordination::model::explore::{closure#0}::{closure#1}>
#25 44.91                                at /rustc/88d9e12ae178fab0fb5cc050a94da85685d449ea/library/core/src/ptr/mod.rs:823:1
#25 44.91   41:     0x7ab97c0de558 - gripsack_exec[2b27a96b1f1bbee9]::schedule::coordination::model::explore::{closure#0}::{closure#1}
#25 44.91                                at /tmp/gripsack-loom-vklosi_g/source/crates/gripsack-exec/src/schedule/coordination_model.rs:64:13
#25 44.91   42:     0x7ab97c0d4c1e - loom[c97bddb326b4e68f]::thread::spawn_internal::<gripsack_exec[2b27a96b1f1bbee9]::schedule::coordination::model::explore::{closure#0}::{closure#1}, ()>::{closure#0}
#25 44.91                                at /usr/local/cargo/registry/src/index.crates.io-1949cf8c6b5b557f/loom-0.7.2/src/thread.rs:168:47
#25 44.91   43:     0x7ab97c066c40 - loom[c97bddb326b4e68f]::rt::spawn::<loom[c97bddb326b4e68f]::thread::spawn_internal<gripsack_exec[2b27a96b1f1bbee9]::schedule::coordination::model::explore::{closure#0}::{closure#1}, ()>::{closure#0}>::{closure#1}
#25 44.91                                at /usr/local/cargo/registry/src/index.crates.io-1949cf8c6b5b557f/loom-0.7.2/src/rt/mod.rs:78:13
#25 44.91   44:     0x7ab97c10a2ae - <loom[c97bddb326b4e68f]::rt::spawn<loom[c97bddb326b4e68f]::thread::spawn_internal<gripsack_exec[2b27a96b1f1bbee9]::schedule::coordination::model::explore::{closure#0}::{closure#1}, ()>::{closure#0}>::{closure#1} as core[5d33459993e3d723]::ops::function::FnOnce<()>>::call_once::{shim:vtable#0}
#25 44.91                                at /rustc/88d9e12ae178fab0fb5cc050a94da85685d449ea/library/core/src/ops/function.rs:250:5
#25 44.91   45:     0x7ab97c22a118 - <alloc[f3282932177de6b4]::boxed::Box<dyn core[5d33459993e3d723]::ops::function::FnOnce<(), Output = ()>> as core[5d33459993e3d723]::ops::function::FnOnce<()>>::call_once
#25 44.91                                at /rustc/88d9e12ae178fab0fb5cc050a94da85685d449ea/library/alloc/src/boxed.rs:2319:9
#25 44.91   46:     0x7ab97c2163db - loom[c97bddb326b4e68f]::rt::scheduler::spawn_thread::{closure#0}
#25 44.91                                at /usr/local/cargo/registry/src/index.crates.io-1949cf8c6b5b557f/loom-0.7.2/src/rt/scheduler.rs:142:17
#25 44.91   47:     0x7ab97c2301ce - <loom[c97bddb326b4e68f]::rt::scheduler::spawn_thread::{closure#0} as core[5d33459993e3d723]::ops::function::FnOnce<()>>::call_once
#25 44.91                                at /rustc/88d9e12ae178fab0fb5cc050a94da85685d449ea/library/core/src/ops/function.rs:250:5
#25 44.91   48:     0x7ab97c22c972 - <generator[87b94d97073f9995]::gen_impl::GeneratorImpl<core[5d33459993e3d723]::option::Option<alloc[f3282932177de6b4]::boxed::Box<dyn core[5d33459993e3d723]::ops::function::FnOnce<(), Output = ()>>>, ()>>::init_code::<loom[c97bddb326b4e68f]::rt::scheduler::spawn_thread::{closure#0}>::{closure#0}
#25 44.91                                at /usr/local/cargo/registry/src/index.crates.io-1949cf8c6b5b557f/generator-0.8.10/src/gen_impl.rs:357:21
#25 44.91   49:     0x7ab97c21fdb1 - <generator[87b94d97073f9995]::stack::StackBox<<generator[87b94d97073f9995]::gen_impl::GeneratorImpl<core[5d33459993e3d723]::option::Option<alloc[f3282932177de6b4]::boxed::Box<dyn core[5d33459993e3d723]::ops::function::FnOnce<(), Output = ()>>>, ()>>::init_code<loom[c97bddb326b4e68f]::rt::scheduler::spawn_thread::{closure#0}>::{closure#0}>>::call_once
#25 44.91                                at /usr/local/cargo/registry/src/index.crates.io-1949cf8c6b5b557f/generator-0.8.10/src/stack/mod.rs:137:13
#25 44.91   50:     0x7ab97c2615fd - <generator[87b94d97073f9995]::stack::Func>::call_once
#25 44.91                                at /usr/local/cargo/registry/src/index.crates.io-1949cf8c6b5b557f/generator-0.8.10/src/stack/mod.rs:119:9
#25 44.91   51:     0x7ab97c25fbee - generator[87b94d97073f9995]::detail::gen::gen_init_impl::{closure#0}
#25 44.91                                at /usr/local/cargo/registry/src/index.crates.io-1949cf8c6b5b557f/generator-0.8.10/src/detail/gen.rs:35:14
#25 44.91   52:     0x7ab97c264633 - <generator[87b94d97073f9995]::detail::gen::gen_init_impl::{closure#0} as core[5d33459993e3d723]::ops::function::FnOnce<()>>::call_once
#25 44.91                                at /rustc/88d9e12ae178fab0fb5cc050a94da85685d449ea/library/core/src/ops/function.rs:250:5
#25 44.91   53:     0x7ab97c25f715 - std[f4f322d5fb81df6e]::panicking::catch_unwind::do_call::<generator[87b94d97073f9995]::detail::gen::gen_init_impl::{closure#0}, ()>
#25 44.91                                at /rustc/88d9e12ae178fab0fb5cc050a94da85685d449ea/library/std/src/panicking.rs:576:43
#25 44.91   54:     0x7ab97c2647fb - __rust_try
#25 44.91   55:     0x7ab97c25ebf6 - std[f4f322d5fb81df6e]::panicking::catch_unwind::<(), generator[87b94d97073f9995]::detail::gen::gen_init_impl::{closure#0}>
#25 44.91                                at /rustc/88d9e12ae178fab0fb5cc050a94da85685d449ea/library/std/src/panicking.rs:544:19
#25 44.91   56:     0x7ab97c25ebf6 - std[f4f322d5fb81df6e]::panic::catch_unwind::<generator[87b94d97073f9995]::detail::gen::gen_init_impl::{closure#0}, ()>
#25 44.91                                at /rustc/88d9e12ae178fab0fb5cc050a94da85685d449ea/library/std/src/panic.rs:359:14
#25 44.91   57:     0x7ab97c25f41d - generator[87b94d97073f9995]::detail::gen::catch_unwind_filter::<generator[87b94d97073f9995]::detail::gen::gen_init_impl::{closure#0}, ()>
#25 44.91                                at /usr/local/cargo/registry/src/index.crates.io-1949cf8c6b5b557f/generator-0.8.10/src/detail/gen.rs:23:5
#25 44.91   58:     0x7ab97c2624f7 - generator[87b94d97073f9995]::detail::gen::gen_init_impl
#25 44.91                                at /usr/local/cargo/registry/src/index.crates.io-1949cf8c6b5b557f/generator-0.8.10/src/detail/gen.rs:50:25
#25 44.91   59:     0x7ab97c2624c3 - generator[87b94d97073f9995]::detail::asm::gen_init
#25 44.91                                at /usr/local/cargo/registry/src/index.crates.io-1949cf8c6b5b557f/generator-0.8.10/src/detail/x86_64_unix.rs:8:5
#25 44.91 
#25 44.91 thread 'schedule::coordination::model::diamond_completion_wakes_waiters_and_publishes_dependencies' (4547) panicked at /usr/local/cargo/registry/src/index.crates.io-1949cf8c6b5b557f/loom-0.7.2/src/rt/thread.rs:276:39:
#25 44.91 called `Option::unwrap()` on a `None` value
#25 44.91 stack backtrace:
#25 44.91    0:     0x7ab97cb71a81 - std[f4f322d5fb81df6e]::backtrace_rs::backtrace::libunwind::trace
#25 44.91                                at /rustc/88d9e12ae178fab0fb5cc050a94da85685d449ea/library/std/src/../../backtrace/src/backtrace/libunwind.rs:117:9
#25 44.91    1:     0x7ab97cb71a81 - std[f4f322d5fb81df6e]::backtrace_rs::backtrace::trace_unsynchronized::<std[f4f322d5fb81df6e]::sys::backtrace::_print_fmt::{closure#1}>
#25 44.91                                at /rustc/88d9e12ae178fab0fb5cc050a94da85685d449ea/library/std/src/../../backtrace/src/backtrace/mod.rs:66:14
#25 44.91    2:     0x7ab97cb71a81 - std[f4f322d5fb81df6e]::sys::backtrace::_print_fmt
#25 44.91                                at /rustc/88d9e12ae178fab0fb5cc050a94da85685d449ea/library/std/src/sys/backtrace.rs:74:9
#25 44.91    3:     0x7ab97cb71a81 - <<std[f4f322d5fb81df6e]::sys::backtrace::BacktraceLock>::print::DisplayBacktrace as core[5d33459993e3d723]::fmt::Display>::fmt
#25 44.91                                at /rustc/88d9e12ae178fab0fb5cc050a94da85685d449ea/library/std/src/sys/backtrace.rs:44:26
#25 44.91    4:     0x7ab97cba6e2a - <core[5d33459993e3d723]::fmt::rt::Argument>::fmt
#25 44.91                                at /rustc/88d9e12ae178fab0fb5cc050a94da85685d449ea/library/core/src/fmt/rt.rs:152:76
#25 44.91    5:     0x7ab97cba6e2a - core[5d33459993e3d723]::fmt::write
#25 44.91    6:     0x7ab97cb774cc - std[f4f322d5fb81df6e]::io::default_write_fmt::<alloc[f3282932177de6b4]::vec::Vec<u8>>
#25 44.91                                at /rustc/88d9e12ae178fab0fb5cc050a94da85685d449ea/library/std/src/io/mod.rs:626:11
#25 44.91    7:     0x7ab97cb774cc - <alloc[f3282932177de6b4]::vec::Vec<u8> as std[f4f322d5fb81df6e]::io::Write>::write_fmt
#25 44.91                                at /rustc/88d9e12ae178fab0fb5cc050a94da85685d449ea/library/std/src/io/mod.rs:1730:13
#25 44.91    8:     0x7ab97cb4c262 - <std[f4f322d5fb81df6e]::sys::backtrace::BacktraceLock>::print
#25 44.91                                at /rustc/88d9e12ae178fab0fb5cc050a94da85685d449ea/library/std/src/sys/backtrace.rs:47:9
#25 44.91    9:     0x7ab97cb4c262 - std[f4f322d5fb81df6e]::panicking::default_hook::{closure#0}
#25 44.91                                at /rustc/88d9e12ae178fab0fb5cc050a94da85685d449ea/library/std/src/panicking.rs:292:27
#25 44.91   10:     0x7ab97cb67f14 - std[f4f322d5fb81df6e]::panicking::default_hook
#25 44.91                                at /rustc/88d9e12ae178fab0fb5cc050a94da85685d449ea/library/std/src/panicking.rs:316:9
#25 44.91   11:     0x7ab97c1de640 - <alloc[f3282932177de6b4]::boxed::Box<dyn for<'a, 'b> core[5d33459993e3d723]::ops::function::Fn<(&'a std[f4f322d5fb81df6e]::panic::PanicHookInfo<'b>,), Output = ()> + core[5d33459993e3d723]::marker::Send + core[5d33459993e3d723]::marker::Sync> as core[5d33459993e3d723]::ops::function::Fn<(&std[f4f322d5fb81df6e]::panic::PanicHookInfo,)>>::call
#25 44.91                                at /rustc/88d9e12ae178fab0fb5cc050a94da85685d449ea/library/alloc/src/boxed.rs:2333:9
#25 44.91   12:     0x7ab97c1de640 - test[4256d8fa28ac835e]::test_main_inner::<test[4256d8fa28ac835e]::test_main_static::{closure#0}>::{closure#0}
#25 44.91                                at /rustc/88d9e12ae178fab0fb5cc050a94da85685d449ea/library/test/src/lib.rs:155:21
#25 44.91   13:     0x7ab97c2644c3 - <alloc[f3282932177de6b4]::boxed::Box<dyn for<'a, 'b> core[5d33459993e3d723]::ops::function::Fn<(&'a std[f4f322d5fb81df6e]::panic::PanicHookInfo<'b>,), Output = ()> + core[5d33459993e3d723]::marker::Send + core[5d33459993e3d723]::marker::Sync> as core[5d33459993e3d723]::ops::function::Fn<(&std[f4f322d5fb81df6e]::panic::PanicHookInfo,)>>::call
#25 44.91                                at /rustc/88d9e12ae178fab0fb5cc050a94da85685d449ea/library/alloc/src/boxed.rs:2333:9
#25 44.91   14:     0x7ab97c25fa94 - generator[87b94d97073f9995]::detail::gen::catch_unwind_filter::<generator[87b94d97073f9995]::detail::gen::gen_init_impl::{closure#0}, ()>::{closure#0}::{closure#0}
#25 44.91                                at /usr/local/cargo/registry/src/index.crates.io-1949cf8c6b5b557f/generator-0.8.10/src/detail/gen.rs:19:13
#25 44.91   15:     0x7ab97cb68242 - <alloc[f3282932177de6b4]::boxed::Box<dyn for<'a, 'b> core[5d33459993e3d723]::ops::function::Fn<(&'a std[f4f322d5fb81df6e]::panic::PanicHookInfo<'b>,), Output = ()> + core[5d33459993e3d723]::marker::Send + core[5d33459993e3d723]::marker::Sync> as core[5d33459993e3d723]::ops::function::Fn<(&std[f4f322d5fb81df6e]::panic::PanicHookInfo,)>>::call
#25 44.91                                at /rustc/88d9e12ae178fab0fb5cc050a94da85685d449ea/library/alloc/src/boxed.rs:2333:9
#25 44.91   16:     0x7ab97cb68242 - std[f4f322d5fb81df6e]::panicking::panic_with_hook
#25 44.91                                at /rustc/88d9e12ae178fab0fb5cc050a94da85685d449ea/library/std/src/panicking.rs:823:13
#25 44.91   17:     0x7ab97cb4c344 - std[f4f322d5fb81df6e]::panicking::panic_handler::{closure#0}
#25 44.91                                at /rustc/88d9e12ae178fab0fb5cc050a94da85685d449ea/library/std/src/panicking.rs:681:13
#25 44.91   18:     0x7ab97cb43749 - std[f4f322d5fb81df6e]::sys::backtrace::__rust_end_short_backtrace::<std[f4f322d5fb81df6e]::panicking::panic_handler::{closure#0}, !>
#25 44.91                                at /rustc/88d9e12ae178fab0fb5cc050a94da85685d449ea/library/std/src/sys/backtrace.rs:182:18
#25 44.91   19:     0x7ab97cb4d41d - __rustc[4b1ee1ef74718a7b]::rust_begin_unwind
#25 44.91                                at /rustc/88d9e12ae178fab0fb5cc050a94da85685d449ea/library/std/src/panicking.rs:679:5
#25 44.91   20:     0x7ab97c01dbac - core[5d33459993e3d723]::panicking::panic_fmt
#25 44.91                                at /rustc/88d9e12ae178fab0fb5cc050a94da85685d449ea/library/core/src/panicking.rs:80:14
#25 44.91   21:     0x7ab97c01db72 - core[5d33459993e3d723]::panicking::panic
#25 44.91                                at /rustc/88d9e12ae178fab0fb5cc050a94da85685d449ea/library/core/src/panicking.rs:150:5
#25 44.91   22:     0x7ab97c01d899 - core[5d33459993e3d723]::option::unwrap_failed
#25 44.91                                at /rustc/88d9e12ae178fab0fb5cc050a94da85685d449ea/library/core/src/option.rs:2251:5
#25 44.91   23:     0x7ab97c237c1d - <core[5d33459993e3d723]::option::Option<usize>>::unwrap
#25 44.91                                at /rustc/88d9e12ae178fab0fb5cc050a94da85685d449ea/library/core/src/option.rs:1014:21
#25 44.91   24:     0x7ab97c237c1d - <loom[c97bddb326b4e68f]::rt::thread::Set>::active_mut
#25 44.91                                at /usr/local/cargo/registry/src/index.crates.io-1949cf8c6b5b557f/loom-0.7.2/src/rt/thread.rs:276:39
#25 44.91   25:     0x7ab97c243de5 - <loom[c97bddb326b4e68f]::rt::object::Ref<loom[c97bddb326b4e68f]::rt::arc::State>>::set_action
#25 44.91                                at /usr/local/cargo/registry/src/index.crates.io-1949cf8c6b5b557f/loom-0.7.2/src/rt/object.rs:387:27
#25 44.91   26:     0x7ab97c2418d8 - <loom[c97bddb326b4e68f]::rt::object::Ref<loom[c97bddb326b4e68f]::rt::arc::State>>::branch_action::<loom[c97bddb326b4e68f]::rt::arc::Action>::{closure#0}
#25 44.91                                at /usr/local/cargo/registry/src/index.crates.io-1949cf8c6b5b557f/loom-0.7.2/src/rt/object.rs:354:18
#25 44.91   27:     0x7ab97c21a55c - loom[c97bddb326b4e68f]::rt::branch::<<loom[c97bddb326b4e68f]::rt::object::Ref<loom[c97bddb326b4e68f]::rt::arc::State>>::branch_action<loom[c97bddb326b4e68f]::rt::arc::Action>::{closure#0}, ()>::{closure#0}
#25 44.91                                at /usr/local/cargo/registry/src/index.crates.io-1949cf8c6b5b557f/loom-0.7.2/src/rt/mod.rs:122:19
#25 44.91   28:     0x7ab97c215d11 - <loom[c97bddb326b4e68f]::rt::scheduler::Scheduler>::with_execution::<loom[c97bddb326b4e68f]::rt::branch<<loom[c97bddb326b4e68f]::rt::object::Ref<loom[c97bddb326b4e68f]::rt::arc::State>>::branch_action<loom[c97bddb326b4e68f]::rt::arc::Action>::{closure#0}, ()>::{closure#0}, ((), bool)>::{closure#0}
#25 44.91                                at /usr/local/cargo/registry/src/index.crates.io-1949cf8c6b5b557f/loom-0.7.2/src/rt/scheduler.rs:43:34
#25 44.91   29:     0x7ab97c213bbe - <loom[c97bddb326b4e68f]::rt::scheduler::Scheduler>::with_state::<<loom[c97bddb326b4e68f]::rt::scheduler::Scheduler>::with_execution<loom[c97bddb326b4e68f]::rt::branch<<loom[c97bddb326b4e68f]::rt::object::Ref<loom[c97bddb326b4e68f]::rt::arc::State>>::branch_action<loom[c97bddb326b4e68f]::rt::arc::Action>::{closure#0}, ()>::{closure#0}, ((), bool)>::{closure#0}, ((), bool)>::{closure#0}
#25 44.91                                at /usr/local/cargo/registry/src/index.crates.io-1949cf8c6b5b557f/loom-0.7.2/src/rt/scheduler.rs:131:28
#25 44.91   30:     0x7ab97c216c41 - <scoped_tls[87e03fecbc1fc0b7]::ScopedKey<core[5d33459993e3d723]::cell::RefCell<loom[c97bddb326b4e68f]::rt::scheduler::State>>>::with::<<loom[c97bddb326b4e68f]::rt::scheduler::Scheduler>::with_state<<loom[c97bddb326b4e68f]::rt::scheduler::Scheduler>::with_execution<loom[c97bddb326b4e68f]::rt::branch<<loom[c97bddb326b4e68f]::rt::object::Ref<loom[c97bddb326b4e68f]::rt::arc::State>>::branch_action<loom[c97bddb326b4e68f]::rt::arc::Action>::{closure#0}, ()>::{closure#0}, ((), bool)>::{closure#0}, ((), bool)>::{closure#0}, ((), bool)>
#25 44.91                                at /usr/local/cargo/registry/src/index.crates.io-1949cf8c6b5b557f/scoped-tls-1.0.1/src/lib.rs:171:13
#25 44.91   31:     0x7ab97c211f0e - <loom[c97bddb326b4e68f]::rt::scheduler::Scheduler>::with_state::<<loom[c97bddb326b4e68f]::rt::scheduler::Scheduler>::with_execution<loom[c97bddb326b4e68f]::rt::branch<<loom[c97bddb326b4e68f]::rt::object::Ref<loom[c97bddb326b4e68f]::rt::arc::State>>::branch_action<loom[c97bddb326b4e68f]::rt::arc::Action>::{closure#0}, ()>::{closure#0}, ((), bool)>::{closure#0}, ((), bool)>
#25 44.91                                at /usr/local/cargo/registry/src/index.crates.io-1949cf8c6b5b557f/loom-0.7.2/src/rt/scheduler.rs:131:15
#25 44.91   32:     0x7ab97c213586 - <loom[c97bddb326b4e68f]::rt::scheduler::Scheduler>::with_execution::<loom[c97bddb326b4e68f]::rt::branch<<loom[c97bddb326b4e68f]::rt::object::Ref<loom[c97bddb326b4e68f]::rt::arc::State>>::branch_action<loom[c97bddb326b4e68f]::rt::arc::Action>::{closure#0}, ()>::{closure#0}, ((), bool)>
#25 44.91                                at /usr/local/cargo/registry/src/index.crates.io-1949cf8c6b5b557f/loom-0.7.2/src/rt/scheduler.rs:43:9
#25 44.91   33:     0x7ab97c2198d6 - loom[c97bddb326b4e68f]::rt::execution::<loom[c97bddb326b4e68f]::rt::branch<<loom[c97bddb326b4e68f]::rt::object::Ref<loom[c97bddb326b4e68f]::rt::arc::State>>::branch_action<loom[c97bddb326b4e68f]::rt::arc::Action>::{closure#0}, ()>::{closure#0}, ((), bool)>
#25 44.91                                at /usr/local/cargo/registry/src/index.crates.io-1949cf8c6b5b557f/loom-0.7.2/src/rt/mod.rs:174:5
#25 44.91   34:     0x7ab97c2195d9 - loom[c97bddb326b4e68f]::rt::branch::<<loom[c97bddb326b4e68f]::rt::object::Ref<loom[c97bddb326b4e68f]::rt::arc::State>>::branch_action<loom[c97bddb326b4e68f]::rt::arc::Action>::{closure#0}, ()>
#25 44.91                                at /usr/local/cargo/registry/src/index.crates.io-1949cf8c6b5b557f/loom-0.7.2/src/rt/mod.rs:121:25
#25 44.91   35:     0x7ab97c2411b8 - <loom[c97bddb326b4e68f]::rt::object::Ref<loom[c97bddb326b4e68f]::rt::arc::State>>::branch_action::<loom[c97bddb326b4e68f]::rt::arc::Action>
#25 44.91                                at /usr/local/cargo/registry/src/index.crates.io-1949cf8c6b5b557f/loom-0.7.2/src/rt/object.rs:351:9
#25 44.91   36:     0x7ab97c23f0d0 - <loom[c97bddb326b4e68f]::rt::arc::Arc>::branch
#25 44.91                                at /usr/local/cargo/registry/src/index.crates.io-1949cf8c6b5b557f/loom-0.7.2/src/rt/arc.rs:160:11
#25 44.91   37:     0x7ab97c23f172 - <loom[c97bddb326b4e68f]::rt::arc::Arc>::ref_dec
#25 44.91                                at /usr/local/cargo/registry/src/index.crates.io-1949cf8c6b5b557f/loom-0.7.2/src/rt/arc.rs:113:14
#25 44.91   38:     0x7ab97c10de78 - <loom[c97bddb326b4e68f]::sync::arc::Arc<alloc[f3282932177de6b4]::vec::Vec<loom[c97bddb326b4e68f]::sync::atomic::int::AtomicUsize>> as core[5d33459993e3d723]::ops::drop::Drop>::drop
#25 44.91                                at /usr/local/cargo/registry/src/index.crates.io-1949cf8c6b5b557f/loom-0.7.2/src/sync/arc.rs:247:21
#25 44.91   39:     0x7ab97c10660a - core[5d33459993e3d723]::ptr::drop_glue::<loom[c97bddb326b4e68f]::sync::arc::Arc<alloc[f3282932177de6b4]::vec::Vec<loom[c97bddb326b4e68f]::sync::atomic::int::AtomicUsize>>>
#25 44.91                                at /rustc/88d9e12ae178fab0fb5cc050a94da85685d449ea/library/core/src/ptr/mod.rs:823:1
#25 44.91   40:     0x7ab97c1077b7 - core[5d33459993e3d723]::ptr::drop_glue::<gripsack_exec[2b27a96b1f1bbee9]::schedule::coordination::model::explore::{closure#0}::{closure#1}>
#25 44.91                                at /rustc/88d9e12ae178fab0fb5cc050a94da85685d449ea/library/core/src/ptr/mod.rs:823:1
#25 44.91   41:     0x7ab97c0de558 - gripsack_exec[2b27a96b1f1bbee9]::schedule::coordination::model::explore::{closure#0}::{closure#1}
#25 44.91                                at /tmp/gripsack-loom-vklosi_g/source/crates/gripsack-exec/src/schedule/coordination_model.rs:64:13
#25 44.91   42:     0x7ab97c0d4c1e - loom[c97bddb326b4e68f]::thread::spawn_internal::<gripsack_exec[2b27a96b1f1bbee9]::schedule::coordination::model::explore::{closure#0}::{closure#1}, ()>::{closure#0}
#25 44.91                                at /usr/local/cargo/registry/src/index.crates.io-1949cf8c6b5b557f/loom-0.7.2/src/thread.rs:168:47
#25 44.91   43:     0x7ab97c066c40 - loom[c97bddb326b4e68f]::rt::spawn::<loom[c97bddb326b4e68f]::thread::spawn_internal<gripsack_exec[2b27a96b1f1bbee9]::schedule::coordination::model::explore::{closure#0}::{closure#1}, ()>::{closure#0}>::{closure#1}
#25 44.91                                at /usr/local/cargo/registry/src/index.crates.io-1949cf8c6b5b557f/loom-0.7.2/src/rt/mod.rs:78:13
#25 44.91   44:     0x7ab97c10a2ae - <loom[c97bddb326b4e68f]::rt::spawn<loom[c97bddb326b4e68f]::thread::spawn_internal<gripsack_exec[2b27a96b1f1bbee9]::schedule::coordination::model::explore::{closure#0}::{closure#1}, ()>::{closure#0}>::{closure#1} as core[5d33459993e3d723]::ops::function::FnOnce<()>>::call_once::{shim:vtable#0}
#25 44.91                                at /rustc/88d9e12ae178fab0fb5cc050a94da85685d449ea/library/core/src/ops/function.rs:250:5
#25 44.91   45:     0x7ab97c22a118 - <alloc[f3282932177de6b4]::boxed::Box<dyn core[5d33459993e3d723]::ops::function::FnOnce<(), Output = ()>> as core[5d33459993e3d723]::ops::function::FnOnce<()>>::call_once
#25 44.91                                at /rustc/88d9e12ae178fab0fb5cc050a94da85685d449ea/library/alloc/src/boxed.rs:2319:9
#25 44.91   46:     0x7ab97c2163db - loom[c97bddb326b4e68f]::rt::scheduler::spawn_thread::{closure#0}
#25 44.91                                at /usr/local/cargo/registry/src/index.crates.io-1949cf8c6b5b557f/loom-0.7.2/src/rt/scheduler.rs:142:17
#25 44.91   47:     0x7ab97c2301ce - <loom[c97bddb326b4e68f]::rt::scheduler::spawn_thread::{closure#0} as core[5d33459993e3d723]::ops::function::FnOnce<()>>::call_once
#25 44.91                                at /rustc/88d9e12ae178fab0fb5cc050a94da85685d449ea/library/core/src/ops/function.rs:250:5
#25 44.91   48:     0x7ab97c22c972 - <generator[87b94d97073f9995]::gen_impl::GeneratorImpl<core[5d33459993e3d723]::option::Option<alloc[f3282932177de6b4]::boxed::Box<dyn core[5d33459993e3d723]::ops::function::FnOnce<(), Output = ()>>>, ()>>::init_code::<loom[c97bddb326b4e68f]::rt::scheduler::spawn_thread::{closure#0}>::{closure#0}
#25 44.91                                at /usr/local/cargo/registry/src/index.crates.io-1949cf8c6b5b557f/generator-0.8.10/src/gen_impl.rs:357:21
#25 44.91   49:     0x7ab97c21fdb1 - <generator[87b94d97073f9995]::stack::StackBox<<generator[87b94d97073f9995]::gen_impl::GeneratorImpl<core[5d33459993e3d723]::option::Option<alloc[f3282932177de6b4]::boxed::Box<dyn core[5d33459993e3d723]::ops::function::FnOnce<(), Output = ()>>>, ()>>::init_code<loom[c97bddb326b4e68f]::rt::scheduler::spawn_thread::{closure#0}>::{closure#0}>>::call_once
#25 44.91                                at /usr/local/cargo/registry/src/index.crates.io-1949cf8c6b5b557f/generator-0.8.10/src/stack/mod.rs:137:13
#25 44.91   50:     0x7ab97c2615fd - <generator[87b94d97073f9995]::stack::Func>::call_once
#25 44.91                                at /usr/local/cargo/registry/src/index.crates.io-1949cf8c6b5b557f/generator-0.8.10/src/stack/mod.rs:119:9
#25 44.91   51:     0x7ab97c25fbee - generator[87b94d97073f9995]::detail::gen::gen_init_impl::{closure#0}
#25 44.91                                at /usr/local/cargo/registry/src/index.crates.io-1949cf8c6b5b557f/generator-0.8.10/src/detail/gen.rs:35:14
#25 44.91   52:     0x7ab97c264633 - <generator[87b94d97073f9995]::detail::gen::gen_init_impl::{closure#0} as core[5d33459993e3d723]::ops::function::FnOnce<()>>::call_once
#25 44.91                                at /rustc/88d9e12ae178fab0fb5cc050a94da85685d449ea/library/core/src/ops/function.rs:250:5
#25 44.91   53:     0x7ab97c25f715 - std[f4f322d5fb81df6e]::panicking::catch_unwind::do_call::<generator[87b94d97073f9995]::detail::gen::gen_init_impl::{closure#0}, ()>
#25 44.91                                at /rustc/88d9e12ae178fab0fb5cc050a94da85685d449ea/library/std/src/panicking.rs:576:43
#25 44.91   54:     0x7ab97c2647fb - __rust_try
#25 44.91   55:     0x7ab97c25ebf6 - std[f4f322d5fb81df6e]::panicking::catch_unwind::<(), generator[87b94d97073f9995]::detail::gen::gen_init_impl::{closure#0}>
#25 44.91                                at /rustc/88d9e12ae178fab0fb5cc050a94da85685d449ea/library/std/src/panicking.rs:544:19
#25 44.91   56:     0x7ab97c25ebf6 - std[f4f322d5fb81df6e]::panic::catch_unwind::<generator[87b94d97073f9995]::detail::gen::gen_init_impl::{closure#0}, ()>
#25 44.91                                at /rustc/88d9e12ae178fab0fb5cc050a94da85685d449ea/library/std/src/panic.rs:359:14
#25 44.91   57:     0x7ab97c25f41d - generator[87b94d97073f9995]::detail::gen::catch_unwind_filter::<generator[87b94d97073f9995]::detail::gen::gen_init_impl::{closure#0}, ()>
#25 44.91                                at /usr/local/cargo/registry/src/index.crates.io-1949cf8c6b5b557f/generator-0.8.10/src/detail/gen.rs:23:5
#25 44.91   58:     0x7ab97c2624f7 - generator[87b94d97073f9995]::detail::gen::gen_init_impl
#25 44.91                                at /usr/local/cargo/registry/src/index.crates.io-1949cf8c6b5b557f/generator-0.8.10/src/detail/gen.rs:50:25
#25 44.91   59:     0x7ab97c2624c3 - generator[87b94d97073f9995]::detail::asm::gen_init
#25 44.91                                at /usr/local/cargo/registry/src/index.crates.io-1949cf8c6b5b557f/generator-0.8.10/src/detail/x86_64_unix.rs:8:5
#25 44.91 
#25 44.91 thread 'schedule::coordination::model::diamond_completion_wakes_waiters_and_publishes_dependencies' (4547) panicked at /rustc/88d9e12ae178fab0fb5cc050a94da85685d449ea/library/core/src/panicking.rs:233:5:
#25 44.91 panic in a destructor during cleanup
#25 44.91 thread caused non-unwinding panic. aborting.
#25 44.91 error: test failed, to rerun pass `-p gripsack-exec --lib`
#25 44.91 
#25 44.91 Caused by:
#25 44.91   process didn't exit successfully: `/tmp/gripsack-loom-vklosi_g/target/debug/deps/gripsack_exec-b5c03b2be470c107 'schedule::coordination::model::diamond_completion_wakes_waiters_and_publishes_dependencies'` (signal: 6, SIGABRT: process abort signal)
#25 44.91 
#25 44.91 calibration: missing-completion rejected by Loom waiter deadlock
#25 44.91 LOOM_SCHEDULER_MUTANTS=2
#25 45.45 RUNNER_COMMAND=cargo test --locked -p gripsack-store --lib journal::admission_tests:: -- --show-output
#25 83.96    Compiling proc-macro2 v1.0.107
#25 83.96    Compiling quote v1.0.47
#25 83.96    Compiling unicode-ident v1.0.24
#25 83.96    Compiling serde_core v1.0.229
#25 83.96    Compiling stable_deref_trait v1.2.1
#25 83.96    Compiling libc v0.2.189
#25 83.96    Compiling autocfg v1.5.1
#25 83.96    Compiling cfg-if v1.0.4
#25 83.96    Compiling serde v1.0.229
#25 83.96    Compiling memchr v2.8.3
#25 83.96    Compiling once_cell v1.21.4
#25 83.96    Compiling equivalent v1.0.2
#25 83.96    Compiling rustix v1.1.4
#25 83.96    Compiling smallvec v1.15.2
#25 83.96    Compiling linux-raw-sys v0.12.1
#25 83.96    Compiling bitflags v2.13.1
#25 83.96    Compiling zmij v1.0.23
#25 83.96    Compiling litemap v0.8.3
#25 83.96    Compiling verus_prettyplease v0.0.0-2026-09-06-0133
#25 83.96    Compiling writeable v0.6.4
#25 83.96    Compiling io-lifetimes v2.0.4
#25 83.96    Compiling icu_properties_data v2.3.0
#25 83.96    Compiling typenum v1.20.1
#25 83.96    Compiling utf8_iter v1.0.4
#25 83.96    Compiling icu_normalizer_data v2.3.0
#25 83.96    Compiling version_check v0.9.5
#25 83.96    Compiling hashbrown v0.17.1
#25 83.96    Compiling io-lifetimes v3.0.1
#25 83.96    Compiling zerocopy v0.8.56
#25 83.96    Compiling getrandom v0.3.4
#25 83.96    Compiling serde_json v1.0.151
#25 83.96    Compiling io-extras v0.19.0
#25 83.96    Compiling ref-cast v1.0.27
#25 83.96    Compiling vstd v0.0.0-2026-09-06-0133
#25 83.96    Compiling regex-syntax v0.8.11
#25 83.96    Compiling parking_lot_core v0.9.12
#25 83.96    Compiling convert_case v0.4.0
#25 83.96    Compiling itoa v1.0.18
#25 83.96    Compiling percent-encoding v2.3.2
#25 83.96    Compiling cap-primitives v4.0.3
#25 83.96    Compiling verus_builtin v0.0.0-2026-09-06-0133
#25 83.96    Compiling scopeguard v1.2.0
#25 83.96    Compiling thiserror v2.0.20
#25 83.96    Compiling maybe-owned v0.3.4
#25 83.96    Compiling lock_api v0.4.14
#25 83.96    Compiling bit-vec v0.8.0
#25 83.96    Compiling ipnet v2.12.1
#25 83.96    Compiling unicode-general-category v1.1.0
#25 83.96    Compiling const-oid v0.10.2
#25 83.96    Compiling cap-std v4.0.3
#25 83.96    Compiling getrandom v0.4.3
#25 83.96    Compiling num-traits v0.2.19
#25 83.96    Compiling heck v0.5.0
#25 83.96    Compiling foldhash v0.2.0
#25 83.96    Compiling allocator-api2 v0.2.21
#25 83.96    Compiling ambient-authority v0.0.2
#25 83.96    Compiling ahash v0.8.12
#25 83.96    Compiling borrow-or-share v0.2.4
#25 83.96    Compiling num-cmp v0.1.0
#25 83.96    Compiling bytecount v0.6.9
#25 83.96    Compiling micromap v0.3.0
#25 83.96    Compiling vsimd v0.8.0
#25 83.96    Compiling outref v0.5.2
#25 83.96    Compiling cpufeatures v0.3.0
#25 83.96    Compiling aho-corasick v1.1.5
#25 83.96    Compiling bit-set v0.8.0
#25 83.96    Compiling winnow v1.0.4
#25 83.96    Compiling form_urlencoded v1.2.2
#25 83.96    Compiling data-encoding v2.11.1
#25 83.96    Compiling winnow v0.7.15
#25 83.96    Compiling toml_writer v1.1.2+spec-1.1.0
#25 83.96    Compiling fastrand v2.5.0
#25 83.96    Compiling indexmap v2.14.0
#25 83.96    Compiling toml_parser v1.1.3+spec-1.1.0
#25 83.96    Compiling uuid-simd v0.8.0
#25 83.96    Compiling hybrid-array v0.4.14
#25 83.96    Compiling syn v3.0.4
#25 83.96    Compiling syn v2.0.119
#25 83.96    Compiling verus_syn v0.0.0-2026-09-06-0133
#25 83.96    Compiling parking_lot v0.12.5
#25 83.96    Compiling num-integer v0.1.47
#25 83.96    Compiling num-complex v0.4.6
#25 83.96    Compiling block-buffer v0.12.1
#25 83.96    Compiling crypto-common v0.2.2
#25 83.96    Compiling num-bigint v0.4.8
#25 83.96    Compiling num-iter v0.1.46
#25 83.96    Compiling regex-automata v0.4.18
#25 83.96    Compiling jsonschema-regex v0.55.0
#25 83.96    Compiling digest v0.11.3
#25 83.96    Compiling sha2 v0.11.0
#25 83.96    Compiling num-rational v0.4.2
#25 83.96    Compiling serde_spanned v1.1.1
#25 83.96    Compiling toml_datetime v0.7.5+spec-1.1.0
#25 83.96    Compiling toml v0.9.12+spec-1.1.0
#25 83.96    Compiling num v0.4.3
#25 83.96    Compiling fraction v0.17.0
#25 83.96    Compiling fs-set-times v0.20.3
#25 83.96    Compiling rustix-linux-procfs v0.1.1
#25 83.96    Compiling tempfile v3.27.0
#25 83.96    Compiling zerovec-derive v0.11.6
#25 83.96    Compiling displaydoc v0.2.7
#25 83.96    Compiling serde_derive v1.0.229
#25 83.96    Compiling ref-cast-impl v1.0.27
#25 83.96    Compiling thiserror-impl v2.0.20
#25 83.96    Compiling gripsack-fs v0.42.0 (/tmp/gripsack-journal-admission-ev3gxyh9/source/crates/gripsack-fs)
#25 83.96    Compiling regex v1.13.1
#25 83.96    Compiling fancy-regex v0.19.1
#25 83.96    Compiling synstructure v0.13.2
#25 83.96    Compiling zerofrom-derive v0.1.7
#25 83.96    Compiling yoke-derive v0.8.2
#25 83.96    Compiling strum_macros v0.28.0
#25 83.96    Compiling fluent-uri v0.4.1
#25 83.96    Compiling email_address v0.2.9
#25 83.96    Compiling zerofrom v0.1.8
#25 83.96    Compiling yoke v0.8.3
#25 83.96    Compiling jsonschema-value v0.55.0
#25 83.96    Compiling zerovec v0.11.8
#25 83.96    Compiling zerotrie v0.2.5
#25 83.96    Compiling verus_state_machines_macros v0.0.0-2026-09-06-0133
#25 83.96    Compiling verus_builtin_macros v0.0.0-2026-09-06-0133
#25 83.96    Compiling referencing v0.55.0
#25 83.96    Compiling strum v0.28.0
#25 83.96    Compiling tinystr v0.8.4
#25 83.96    Compiling potential_utf v0.1.6
#25 83.96    Compiling icu_collections v2.3.0
#25 83.96    Compiling icu_locale_core v2.3.0
#25 83.96    Compiling jsonschema v0.55.0
#25 83.96    Compiling icu_provider v2.3.1
#25 83.96    Compiling icu_normalizer v2.3.0
#25 83.96    Compiling icu_properties v2.3.0
#25 83.96    Compiling idna_adapter v1.2.2
#25 83.96    Compiling idna v1.1.0
#25 83.96    Compiling url v2.5.8
#25 83.96    Compiling gripsack-policy v0.42.0 (/tmp/gripsack-journal-admission-ev3gxyh9/source/crates/gripsack-policy)
#25 83.96    Compiling gripsack-ir v0.42.0 (/tmp/gripsack-journal-admission-ev3gxyh9/source/crates/gripsack-ir)
#25 83.96    Compiling gripsack-process v0.42.0 (/tmp/gripsack-journal-admission-ev3gxyh9/source/crates/gripsack-process)
#25 83.96    Compiling gripsack-store v0.42.0 (/tmp/gripsack-journal-admission-ev3gxyh9/source/crates/gripsack-store)
#25 83.96     Finished `test` profile [unoptimized + debuginfo] target(s) in 35.60s
#25 83.96      Running unittests src/lib.rs (/tmp/gripsack-journal-admission-ev3gxyh9/target/debug/deps/gripsack_store-4e94cf2f2c23b1b2)
#25 83.96 
#25 83.96 running 7 tests
#25 83.96 test journal::admission_tests::required_marker_fields_never_default_to_fresh_state ... ok
#25 83.96 test journal::admission_tests::marker_wrong_types_duplicates_and_overflow_do_not_admit_facts ... ok
#25 83.96 test journal::admission_tests::marker_scalar_boundaries_roundtrip_without_identity_loss ... ok
#25 83.96 test journal::admission_tests::truncation_and_invalid_framing_never_admit_partial_records ... ok
#25 83.96 test journal::admission_tests::entry_versions_and_distinct_prior_states_roundtrip ... ok
#25 83.96 test journal::admission_tests::entry_missing_duplicate_version_and_scalar_bytes_are_rejected ... ok
#25 83.96 test journal::admission_tests::rejected_metadata_cannot_reach_destination_effects ... ok
#25 83.96 
#25 83.96 successes:
#25 83.96 
#25 83.96 ---- journal::admission_tests::required_marker_fields_never_default_to_fresh_state stdout ----
#25 83.96 JOURNAL_REQUIRED_MARKER_FIELDS=3
#25 83.96 
#25 83.96 ---- journal::admission_tests::marker_wrong_types_duplicates_and_overflow_do_not_admit_facts stdout ----
#25 83.96 JOURNAL_MARKER_REJECTIONS=69
#25 83.96 
#25 83.96 ---- journal::admission_tests::marker_scalar_boundaries_roundtrip_without_identity_loss stdout ----
#25 83.96 JOURNAL_MARKER_ROUNDTRIPS=42
#25 83.96 
#25 83.96 ---- journal::admission_tests::truncation_and_invalid_framing_never_admit_partial_records stdout ----
#25 83.96 JOURNAL_TRUNCATED_PREFIXES=173
#25 83.96 
#25 83.96 ---- journal::admission_tests::entry_versions_and_distinct_prior_states_roundtrip stdout ----
#25 83.96 JOURNAL_ENTRY_ROUNDTRIPS=20
#25 83.96 
#25 83.96 ---- journal::admission_tests::entry_missing_duplicate_version_and_scalar_bytes_are_rejected stdout ----
#25 83.96 JOURNAL_ENTRY_REJECTIONS=110
#25 83.96 
#25 83.96 ---- journal::admission_tests::rejected_metadata_cannot_reach_destination_effects stdout ----
#25 83.96 JOURNAL_EFFECT_REJECTIONS=179
#25 83.96 
#25 83.96 
#25 83.96 successes:
#25 83.96     journal::admission_tests::entry_missing_duplicate_version_and_scalar_bytes_are_rejected
#25 83.96     journal::admission_tests::entry_versions_and_distinct_prior_states_roundtrip
#25 83.96     journal::admission_tests::marker_scalar_boundaries_roundtrip_without_identity_loss
#25 83.96     journal::admission_tests::marker_wrong_types_duplicates_and_overflow_do_not_admit_facts
#25 83.96     journal::admission_tests::rejected_metadata_cannot_reach_destination_effects
#25 83.96     journal::admission_tests::required_marker_fields_never_default_to_fresh_state
#25 83.96     journal::admission_tests::truncation_and_invalid_framing_never_admit_partial_records
#25 83.96 
#25 83.96 test result: ok. 7 passed; 0 failed; 0 ignored; 0 measured; 66 filtered out; finished in 2.91s
#25 83.96 
#25 83.96 
#25 83.96 JOURNAL_ADMISSION_PROPERTIES=7
#25 83.96 RUNNER_COMMAND=cargo test --locked -p gripsack-store --lib journal::admission_tests::rejected_metadata_cannot_reach_destination_effects -- --show-output --exact
#25 87.27    Compiling gripsack-store v0.42.0 (/tmp/gripsack-journal-admission-ev3gxyh9/source/crates/gripsack-store)
#25 87.27     Finished `test` profile [unoptimized + debuginfo] target(s) in 3.23s
#25 87.27      Running unittests src/lib.rs (/tmp/gripsack-journal-admission-ev3gxyh9/target/debug/deps/gripsack_store-4e94cf2f2c23b1b2)
#25 87.27 
#25 87.27 running 1 test
#25 87.27 test journal::admission_tests::rejected_metadata_cannot_reach_destination_effects ... FAILED
#25 87.27 
#25 87.27 successes:
#25 87.27 
#25 87.27 successes:
#25 87.27 
#25 87.27 failures:
#25 87.27 
#25 87.27 ---- journal::admission_tests::rejected_metadata_cannot_reach_destination_effects stdout ----
#25 87.27 
#25 87.27 thread 'journal::admission_tests::rejected_metadata_cannot_reach_destination_effects' (7534) panicked at crates/gripsack-store/src/journal/admission_tests.rs:581:9:
#25 87.27 recovery_admitted_invalid_marker: missing_previous_generation
#25 87.27 note: run with `RUST_BACKTRACE=1` environment variable to display a backtrace
#25 87.27 
#25 87.27 
#25 87.27 failures:
#25 87.27     journal::admission_tests::rejected_metadata_cannot_reach_destination_effects
#25 87.27 
#25 87.27 test result: FAILED. 0 passed; 1 failed; 0 ignored; 0 measured; 72 filtered out; finished in 0.04s
#25 87.27 
#25 87.27 error: test failed, to rerun pass `-p gripsack-store --lib`
#25 87.27 
#25 87.27 calibration: missing-previous-defaulted-to-null rejected by real recovery effects
#25 87.27 JOURNAL_ADMISSION_MUTANTS=1
#25 87.27 journal admission gate: OK
#25 87.52 JOURNAL_PROTOCOL_SOURCE_SHA256={"crates/gripsack-fs/src/persistence_model.rs": "7f72618f3a4e206610a237b89110e29456bd893fdf25f714f5f854d7c3d8c779", "crates/gripsack-fs/src/publication.rs": "262e0f2f2a8400f52b1deeced298113bed6aeded2613816a6bbf433e20fb93aa", "crates/gripsack-policy/src/journal_protocol.rs": "4dc22e4e69da4788db0a1d7fb9ce33d6e5cd696fa11fec5728148339febd3acb", "crates/gripsack-store/src/journal/marker.rs": "419219876d7bd376eb7e3a6f6c15ea00c87519865f78b7cd20522f830ea2d5fe", "crates/gripsack-store/src/journal/mutation.rs": "86112b82f1807a1c873f68e968937f069bd387e8d99b7d2d6f55a90e3c55ffd6", "crates/gripsack-store/src/journal/protocol_tests.rs": "d34b1135e24d499f255a35819e4cf6ff07b7b260ec786435eb4389e2569cf4b4", "crates/gripsack-store/src/journal/recover.rs": "e37d18d082e36f0324eb54508ae59c0efd05368a9c12907ff474f1044caa4f66", "crates/gripsack-store/src/journal/storage.rs": "c8e2ffcae4620dfcdc4ead9ae81b1715ec1ede3df1f8ab81173296cbbe9d6fc4"}
#25 87.78 RUNNER_COMMAND=cargo test --locked -p gripsack-store --lib journal::protocol_tests:: -- --show-output
#25 122.4    Compiling proc-macro2 v1.0.107
#25 122.4    Compiling quote v1.0.47
#25 122.4    Compiling unicode-ident v1.0.24
#25 122.4    Compiling serde_core v1.0.229
#25 122.4    Compiling stable_deref_trait v1.2.1
#25 122.4    Compiling libc v0.2.189
#25 122.4    Compiling autocfg v1.5.1
#25 122.4    Compiling cfg-if v1.0.4
#25 122.4    Compiling serde v1.0.229
#25 122.4    Compiling equivalent v1.0.2
#25 122.4    Compiling once_cell v1.21.4
#25 122.4    Compiling memchr v2.8.3
#25 122.4    Compiling rustix v1.1.4
#25 122.4    Compiling smallvec v1.15.2
#25 122.4    Compiling verus_prettyplease v0.0.0-2026-09-06-0133
#25 122.4    Compiling litemap v0.8.3
#25 122.4    Compiling writeable v0.6.4
#25 122.4    Compiling bitflags v2.13.1
#25 122.4    Compiling zmij v1.0.23
#25 122.4    Compiling linux-raw-sys v0.12.1
#25 122.4    Compiling utf8_iter v1.0.4
#25 122.4    Compiling zerocopy v0.8.56
#25 122.4    Compiling getrandom v0.3.4
#25 122.4    Compiling hashbrown v0.17.1
#25 122.4    Compiling io-lifetimes v2.0.4
#25 122.4    Compiling version_check v0.9.5
#25 122.4    Compiling typenum v1.20.1
#25 122.4    Compiling io-lifetimes v3.0.1
#25 122.4    Compiling icu_properties_data v2.3.0
#25 122.4    Compiling serde_json v1.0.151
#25 122.4    Compiling icu_normalizer_data v2.3.0
#25 122.4    Compiling ref-cast v1.0.27
#25 122.4    Compiling io-extras v0.19.0
#25 122.4    Compiling parking_lot_core v0.9.12
#25 122.4    Compiling regex-syntax v0.8.11
#25 122.4    Compiling convert_case v0.4.0
#25 122.4    Compiling vstd v0.0.0-2026-09-06-0133
#25 122.4    Compiling itoa v1.0.18
#25 122.4    Compiling scopeguard v1.2.0
#25 122.4    Compiling cap-primitives v4.0.3
#25 122.4    Compiling verus_builtin v0.0.0-2026-09-06-0133
#25 122.4    Compiling percent-encoding v2.3.2
#25 122.4    Compiling lock_api v0.4.14
#25 122.4    Compiling ipnet v2.12.1
#25 122.4    Compiling thiserror v2.0.20
#25 122.4    Compiling foldhash v0.2.0
#25 122.4    Compiling const-oid v0.10.2
#25 122.4    Compiling getrandom v0.4.3
#25 122.4    Compiling borrow-or-share v0.2.4
#25 122.4    Compiling bit-vec v0.8.0
#25 122.4    Compiling num-traits v0.2.19
#25 122.4    Compiling unicode-general-category v1.1.0
#25 122.4    Compiling cap-std v4.0.3
#25 122.4    Compiling ambient-authority v0.0.2
#25 122.4    Compiling heck v0.5.0
#25 122.4    Compiling ahash v0.8.12
#25 122.4    Compiling allocator-api2 v0.2.21
#25 122.4    Compiling maybe-owned v0.3.4
#25 122.4    Compiling cpufeatures v0.3.0
#25 122.4    Compiling winnow v1.0.4
#25 122.4    Compiling bytecount v0.6.9
#25 122.4    Compiling outref v0.5.2
#25 122.4    Compiling num-cmp v0.1.0
#25 122.4    Compiling micromap v0.3.0
#25 122.4    Compiling vsimd v0.8.0
#25 122.4    Compiling form_urlencoded v1.2.2
#25 122.4    Compiling toml_writer v1.1.2+spec-1.1.0
#25 122.4    Compiling fastrand v2.5.0
#25 122.4    Compiling aho-corasick v1.1.5
#25 122.4    Compiling bit-set v0.8.0
#25 122.4    Compiling winnow v0.7.15
#25 122.4    Compiling data-encoding v2.11.1
#25 122.4    Compiling indexmap v2.14.0
#25 122.4    Compiling toml_parser v1.1.3+spec-1.1.0
#25 122.4    Compiling uuid-simd v0.8.0
#25 122.4    Compiling hybrid-array v0.4.14
#25 122.4    Compiling syn v3.0.4
#25 122.4    Compiling syn v2.0.119
#25 122.4    Compiling verus_syn v0.0.0-2026-09-06-0133
#25 122.4    Compiling num-integer v0.1.47
#25 122.4    Compiling num-complex v0.4.6
#25 122.4    Compiling crypto-common v0.2.2
#25 122.4    Compiling block-buffer v0.12.1
#25 122.4    Compiling parking_lot v0.12.5
#25 122.4    Compiling num-bigint v0.4.8
#25 122.4    Compiling num-iter v0.1.46
#25 122.4    Compiling regex-automata v0.4.18
#25 122.4    Compiling jsonschema-regex v0.55.0
#25 122.4    Compiling digest v0.11.3
#25 122.4    Compiling sha2 v0.11.0
#25 122.4    Compiling toml_datetime v0.7.5+spec-1.1.0
#25 122.4    Compiling serde_spanned v1.1.1
#25 122.4    Compiling num-rational v0.4.2
#25 122.4    Compiling toml v0.9.12+spec-1.1.0
#25 122.4    Compiling num v0.4.3
#25 122.4    Compiling fraction v0.17.0
#25 122.4    Compiling fs-set-times v0.20.3
#25 122.4    Compiling rustix-linux-procfs v0.1.1
#25 122.4    Compiling tempfile v3.27.0
#25 122.4    Compiling zerovec-derive v0.11.6
#25 122.4    Compiling displaydoc v0.2.7
#25 122.4    Compiling serde_derive v1.0.229
#25 122.4    Compiling ref-cast-impl v1.0.27
#25 122.4    Compiling thiserror-impl v2.0.20
#25 122.4    Compiling gripsack-fs v0.42.0 (/tmp/gripsack-journal-protocol-s62fpzq0/source/crates/gripsack-fs)
#25 122.4    Compiling fancy-regex v0.19.1
#25 122.4    Compiling regex v1.13.1
#25 122.4    Compiling synstructure v0.13.2
#25 122.4    Compiling zerofrom-derive v0.1.7
#25 122.4    Compiling yoke-derive v0.8.2
#25 122.4    Compiling strum_macros v0.28.0
#25 122.4    Compiling zerofrom v0.1.8
#25 122.4    Compiling yoke v0.8.3
#25 122.4    Compiling fluent-uri v0.4.1
#25 122.4    Compiling email_address v0.2.9
#25 122.4    Compiling verus_state_machines_macros v0.0.0-2026-09-06-0133
#25 122.4    Compiling verus_builtin_macros v0.0.0-2026-09-06-0133
#25 122.4    Compiling zerovec v0.11.8
#25 122.4    Compiling zerotrie v0.2.5
#25 122.4    Compiling jsonschema-value v0.55.0
#25 122.4    Compiling referencing v0.55.0
#25 122.4    Compiling tinystr v0.8.4
#25 122.4    Compiling potential_utf v0.1.6
#25 122.4    Compiling icu_collections v2.3.0
#25 122.4    Compiling icu_locale_core v2.3.0
#25 122.4    Compiling strum v0.28.0
#25 122.4    Compiling jsonschema v0.55.0
#25 122.4    Compiling icu_provider v2.3.1
#25 122.4    Compiling icu_properties v2.3.0
#25 122.4    Compiling icu_normalizer v2.3.0
#25 122.4    Compiling idna_adapter v1.2.2
#25 122.4    Compiling idna v1.1.0
#25 122.4    Compiling url v2.5.8
#25 122.4    Compiling gripsack-policy v0.42.0 (/tmp/gripsack-journal-protocol-s62fpzq0/source/crates/gripsack-policy)
#25 122.4    Compiling gripsack-process v0.42.0 (/tmp/gripsack-journal-protocol-s62fpzq0/source/crates/gripsack-process)
#25 122.4    Compiling gripsack-ir v0.42.0 (/tmp/gripsack-journal-protocol-s62fpzq0/source/crates/gripsack-ir)
#25 122.4    Compiling gripsack-store v0.42.0 (/tmp/gripsack-journal-protocol-s62fpzq0/source/crates/gripsack-store)
#25 122.4     Finished `test` profile [unoptimized + debuginfo] target(s) in 34.54s
#25 122.4      Running unittests src/lib.rs (/tmp/gripsack-journal-protocol-s62fpzq0/target/debug/deps/gripsack_store-4e94cf2f2c23b1b2)
#25 122.4 
#25 122.4 running 4 tests
#25 122.4 test journal::protocol_tests::changed_destination_cannot_gain_a_mutation_permit ... ok
#25 122.4 test journal::protocol_tests::permitted_mutation_uses_the_captured_parent ... ok
#25 122.4 test journal::protocol_tests::unfinished_mutation_cannot_end_the_run ... ok
#25 122.4 test journal::protocol_tests::mutation_error_retains_evidence_and_recovers_the_original ... ok
#25 122.4 
#25 122.4 successes:
#25 122.4 
#25 122.4 successes:
#25 122.4     journal::protocol_tests::changed_destination_cannot_gain_a_mutation_permit
#25 122.4     journal::protocol_tests::mutation_error_retains_evidence_and_recovers_the_original
#25 122.4     journal::protocol_tests::permitted_mutation_uses_the_captured_parent
#25 122.4     journal::protocol_tests::unfinished_mutation_cannot_end_the_run
#25 122.4 
#25 122.4 test result: ok. 4 passed; 0 failed; 0 ignored; 0 measured; 69 filtered out; finished in 0.12s
#25 122.4 
#25 122.4 
#25 122.4 RUNNER_COMMAND=cargo test --locked -p gripsack-fs --lib persistence_model::atomic_file_link_and_tree_publication_are_ordered_at_every_cut -- --show-output --exact
#25 123.8    Compiling gripsack-fs v0.42.0 (/tmp/gripsack-journal-protocol-s62fpzq0/source/crates/gripsack-fs)
#25 123.8     Finished `test` profile [unoptimized + debuginfo] target(s) in 1.27s
#25 123.8      Running unittests src/lib.rs (/tmp/gripsack-journal-protocol-s62fpzq0/target/debug/deps/gripsack_fs-269bf90eee70c137)
#25 123.8 
#25 123.8 running 1 test
#25 123.8 test persistence_model::atomic_file_link_and_tree_publication_are_ordered_at_every_cut ... ok
#25 123.8 
#25 123.8 successes:
#25 123.8 
#25 123.8 successes:
#25 123.8     persistence_model::atomic_file_link_and_tree_publication_are_ordered_at_every_cut
#25 123.8 
#25 123.8 test result: ok. 1 passed; 0 failed; 0 ignored; 0 measured; 15 filtered out; finished in 0.04s
#25 123.8 
#25 123.8 
#25 123.8 JOURNAL_PROTOCOL_PROPERTIES=5
#25 123.8 RUNNER_COMMAND=cargo test --locked -p gripsack-store --lib journal::protocol_tests::changed_destination_cannot_gain_a_mutation_permit -- --show-output --exact
#25 127.2    Compiling gripsack-store v0.42.0 (/tmp/gripsack-journal-protocol-s62fpzq0/source/crates/gripsack-store)
#25 127.2     Finished `test` profile [unoptimized + debuginfo] target(s) in 3.34s
#25 127.2      Running unittests src/lib.rs (/tmp/gripsack-journal-protocol-s62fpzq0/target/debug/deps/gripsack_store-4e94cf2f2c23b1b2)
#25 127.2 
#25 127.2 running 1 test
#25 127.2 test journal::protocol_tests::changed_destination_cannot_gain_a_mutation_permit ... FAILED
#25 127.2 
#25 127.2 successes:
#25 127.2 
#25 127.2 successes:
#25 127.2 
#25 127.2 failures:
#25 127.2 
#25 127.2 ---- journal::protocol_tests::changed_destination_cannot_gain_a_mutation_permit stdout ----
#25 127.2 
#25 127.2 thread 'journal::protocol_tests::changed_destination_cannot_gain_a_mutation_permit' (10704) panicked at crates/gripsack-store/src/journal/protocol_tests.rs:47:5:
#25 127.2 changed_destination_gained_mutation_authority
#25 127.2 note: run with `RUST_BACKTRACE=1` environment variable to display a backtrace
#25 127.2 
#25 127.2 
#25 127.2 failures:
#25 127.2     journal::protocol_tests::changed_destination_cannot_gain_a_mutation_permit
#25 127.2 
#25 127.2 test result: FAILED. 0 passed; 1 failed; 0 ignored; 0 measured; 72 filtered out; finished in 0.05s
#25 127.2 
#25 127.2 error: test failed, to rerun pass `-p gripsack-store --lib`
#25 127.2 
#25 127.2 calibration: capture-observation rejected by journal::protocol_tests::changed_destination_cannot_gain_a_mutation_permit
#25 127.2 RUNNER_COMMAND=cargo test --locked -p gripsack-store --lib journal::protocol_tests::permitted_mutation_uses_the_captured_parent -- --show-output --exact
#25 130.6    Compiling gripsack-store v0.42.0 (/tmp/gripsack-journal-protocol-s62fpzq0/source/crates/gripsack-store)
#25 130.6     Finished `test` profile [unoptimized + debuginfo] target(s) in 3.33s
#25 130.6      Running unittests src/lib.rs (/tmp/gripsack-journal-protocol-s62fpzq0/target/debug/deps/gripsack_store-4e94cf2f2c23b1b2)
#25 130.6 
#25 130.6 running 1 test
#25 130.6 test journal::protocol_tests::permitted_mutation_uses_the_captured_parent ... FAILED
#25 130.6 
#25 130.6 successes:
#25 130.6 
#25 130.6 successes:
#25 130.6 
#25 130.6 failures:
#25 130.6 
#25 130.6 ---- journal::protocol_tests::permitted_mutation_uses_the_captured_parent stdout ----
#25 130.6 
#25 130.6 thread 'journal::protocol_tests::permitted_mutation_uses_the_captured_parent' (10983) panicked at crates/gripsack-store/src/journal/protocol_tests.rs:82:5:
#25 130.6 captured_parent_lost_mutation_authority: Err(Custom { kind: Other, error: "/tmp/.tmpUA9iT4/parent/destination did not reach its intended state (expected file 519865245fa54614480b1df87fbbfd79f22951fc34a2a965ddbbaa2f60c3fd97, found file 7c4a87b72a813b1d2d607021bc7b46b325ec06d06dcbacd6dffc8718e1a7fe04)" })
#25 130.6 note: run with `RUST_BACKTRACE=1` environment variable to display a backtrace
#25 130.6 
#25 130.6 
#25 130.6 failures:
#25 130.6     journal::protocol_tests::permitted_mutation_uses_the_captured_parent
#25 130.6 
#25 130.6 test result: FAILED. 0 passed; 1 failed; 0 ignored; 0 measured; 72 filtered out; finished in 0.05s
#25 130.6 
#25 130.6 error: test failed, to rerun pass `-p gripsack-store --lib`
#25 130.6 
#25 130.6 calibration: captured-parent-effect rejected by journal::protocol_tests::permitted_mutation_uses_the_captured_parent
#25 130.6 RUNNER_COMMAND=cargo test --locked -p gripsack-store --lib journal::protocol_tests::mutation_error_retains_evidence_and_recovers_the_original -- --show-output --exact
#25 134.9    Compiling gripsack-store v0.42.0 (/tmp/gripsack-journal-protocol-s62fpzq0/source/crates/gripsack-store)
#25 134.9     Finished `test` profile [unoptimized + debuginfo] target(s) in 4.24s
#25 134.9      Running unittests src/lib.rs (/tmp/gripsack-journal-protocol-s62fpzq0/target/debug/deps/gripsack_store-4e94cf2f2c23b1b2)
#25 134.9 
#25 134.9 running 1 test
#25 134.9 test journal::protocol_tests::mutation_error_retains_evidence_and_recovers_the_original ... FAILED
#25 134.9 
#25 134.9 successes:
#25 134.9 
#25 134.9 successes:
#25 134.9 
#25 134.9 failures:
#25 134.9 
#25 134.9 ---- journal::protocol_tests::mutation_error_retains_evidence_and_recovers_the_original stdout ----
#25 134.9 
#25 134.9 thread 'journal::protocol_tests::mutation_error_retains_evidence_and_recovers_the_original' (11262) panicked at crates/gripsack-store/src/journal/protocol_tests.rs:119:5:
#25 134.9 mutation_error_was_lost: Ok(())
#25 134.9 note: run with `RUST_BACKTRACE=1` environment variable to display a backtrace
#25 134.9 
#25 134.9 
#25 134.9 failures:
#25 134.9     journal::protocol_tests::mutation_error_retains_evidence_and_recovers_the_original
#25 134.9 
#25 134.9 test result: FAILED. 0 passed; 1 failed; 0 ignored; 0 measured; 72 filtered out; finished in 0.07s
#25 134.9 
#25 134.9 error: test failed, to rerun pass `-p gripsack-store --lib`
#25 134.9 
#25 134.9 calibration: mutation-error-precedence rejected by journal::protocol_tests::mutation_error_retains_evidence_and_recovers_the_original
#25 134.9 RUNNER_COMMAND=cargo test --locked -p gripsack-store --lib journal::protocol_tests::unfinished_mutation_cannot_end_the_run -- --show-output --exact
#25 138.4    Compiling gripsack-store v0.42.0 (/tmp/gripsack-journal-protocol-s62fpzq0/source/crates/gripsack-store)
#25 138.4     Finished `test` profile [unoptimized + debuginfo] target(s) in 3.38s
#25 138.4      Running unittests src/lib.rs (/tmp/gripsack-journal-protocol-s62fpzq0/target/debug/deps/gripsack_store-4e94cf2f2c23b1b2)
#25 138.4 
#25 138.4 running 1 test
#25 138.4 test journal::protocol_tests::unfinished_mutation_cannot_end_the_run ... FAILED
#25 138.4 
#25 138.4 successes:
#25 138.4 
#25 138.4 successes:
#25 138.4 
#25 138.4 failures:
#25 138.4 
#25 138.4 ---- journal::protocol_tests::unfinished_mutation_cannot_end_the_run stdout ----
#25 138.4 
#25 138.4 thread 'journal::protocol_tests::unfinished_mutation_cannot_end_the_run' (11541) panicked at crates/gripsack-store/src/journal/protocol_tests.rs:151:5:
#25 138.4 unfinished_mutation_lost_its_run_marker
#25 138.4 note: run with `RUST_BACKTRACE=1` environment variable to display a backtrace
#25 138.4 
#25 138.4 
#25 138.4 failures:
#25 138.4     journal::protocol_tests::unfinished_mutation_cannot_end_the_run
#25 138.4 
#25 138.4 test result: FAILED. 0 passed; 1 failed; 0 ignored; 0 measured; 72 filtered out; finished in 0.06s
#25 138.4 
#25 138.4 error: test failed, to rerun pass `-p gripsack-store --lib`
#25 138.4 
#25 138.4 calibration: unfinished-run-cleanup rejected by journal::protocol_tests::unfinished_mutation_cannot_end_the_run
#25 138.4 RUNNER_COMMAND=cargo test --locked -p gripsack-fs --lib persistence_model::atomic_file_link_and_tree_publication_are_ordered_at_every_cut -- --show-output --exact
#25 139.1    Compiling gripsack-fs v0.42.0 (/tmp/gripsack-journal-protocol-s62fpzq0/source/crates/gripsack-fs)
#25 139.1     Finished `test` profile [unoptimized + debuginfo] target(s) in 0.65s
#25 139.1      Running unittests src/lib.rs (/tmp/gripsack-journal-protocol-s62fpzq0/target/debug/deps/gripsack_fs-269bf90eee70c137)
#25 139.1 
#25 139.1 running 1 test
#25 139.1 test persistence_model::atomic_file_link_and_tree_publication_are_ordered_at_every_cut ... FAILED
#25 139.1 
#25 139.1 successes:
#25 139.1 
#25 139.1 successes:
#25 139.1 
#25 139.1 failures:
#25 139.1 
#25 139.1 ---- persistence_model::atomic_file_link_and_tree_publication_are_ordered_at_every_cut stdout ----
#25 139.1 
#25 139.1 thread 'persistence_model::atomic_file_link_and_tree_publication_are_ordered_at_every_cut' (11727) panicked at crates/gripsack-fs/src/persistence_model.rs:66:37:
#25 139.1 called `Result::unwrap()` on an `Err` value: "publish before file durability: {\"nested/file\"}"
#25 139.1 note: run with `RUST_BACKTRACE=1` environment variable to display a backtrace
#25 139.1 
#25 139.1 
#25 139.1 failures:
#25 139.1     persistence_model::atomic_file_link_and_tree_publication_are_ordered_at_every_cut
#25 139.1 
#25 139.1 test result: FAILED. 0 passed; 1 failed; 0 ignored; 0 measured; 15 filtered out; finished in 0.01s
#25 139.1 
#25 139.1 error: test failed, to rerun pass `-p gripsack-fs --lib`
#25 139.1 
#25 139.1 calibration: publication-file-barrier rejected by persistence_model::atomic_file_link_and_tree_publication_are_ordered_at_every_cut
#25 139.1 RUNNER_COMMAND=cargo test --locked -p gripsack-fs --lib persistence_model::atomic_file_link_and_tree_publication_are_ordered_at_every_cut -- --show-output --exact
#25 139.8    Compiling gripsack-fs v0.42.0 (/tmp/gripsack-journal-protocol-s62fpzq0/source/crates/gripsack-fs)
#25 139.8 warning: unused import: `fsync_dir`
#25 139.8  --> crates/gripsack-fs/src/publication.rs:3:49
#25 139.8   |
#25 139.8 3 |     Boundary, Dir, create_dir_all, create_temp, fsync_dir, operation, parent_rel, remove_file,
#25 139.8   |                                                 ^^^^^^^^^
#25 139.8   |
#25 139.8   = note: `#[warn(unused_imports)]` (part of `#[warn(unused)]`) on by default
#25 139.8 
#25 139.8 warning: `gripsack-fs` (lib test) generated 1 warning (run `cargo fix --lib -p gripsack-fs --tests` to apply 1 suggestion)
#25 139.8     Finished `test` profile [unoptimized + debuginfo] target(s) in 0.66s
#25 139.8      Running unittests src/lib.rs (/tmp/gripsack-journal-protocol-s62fpzq0/target/debug/deps/gripsack_fs-269bf90eee70c137)
#25 139.8 
#25 139.8 running 1 test
#25 139.8 test persistence_model::atomic_file_link_and_tree_publication_are_ordered_at_every_cut ... FAILED
#25 139.8 
#25 139.8 successes:
#25 139.8 
#25 139.8 successes:
#25 139.8 
#25 139.8 failures:
#25 139.8 
#25 139.8 ---- persistence_model::atomic_file_link_and_tree_publication_are_ordered_at_every_cut stdout ----
#25 139.8 
#25 139.8 thread 'persistence_model::atomic_file_link_and_tree_publication_are_ordered_at_every_cut' (11913) panicked at crates/gripsack-fs/src/persistence_model.rs:68:24:
#25 139.8 called `Result::unwrap()` on an `Err` value: "primitive returned before durability: files={}, dirs={\"nested\"}"
#25 139.8 note: run with `RUST_BACKTRACE=1` environment variable to display a backtrace
#25 139.8 
#25 139.8 
#25 139.8 failures:
#25 139.8     persistence_model::atomic_file_link_and_tree_publication_are_ordered_at_every_cut
#25 139.8 
#25 139.8 test result: FAILED. 0 passed; 1 failed; 0 ignored; 0 measured; 15 filtered out; finished in 0.01s
#25 139.8 
#25 139.8 error: test failed, to rerun pass `-p gripsack-fs --lib`
#25 139.8 
#25 139.8 calibration: publication-namespace-barrier rejected by persistence_model::atomic_file_link_and_tree_publication_are_ordered_at_every_cut
#25 139.8 JOURNAL_PROTOCOL_MUTANTS=6
#25 139.8 journal protocol gate: OK
#25 140.3 RUNNER_COMMAND=cargo test --locked -p gripsack-exec --lib gc::root_model:: -- --nocapture
#25 176.3    Compiling proc-macro2 v1.0.107
#25 176.3    Compiling unicode-ident v1.0.24
#25 176.3    Compiling quote v1.0.47
#25 176.3    Compiling libc v0.2.189
#25 176.3    Compiling find-msvc-tools v0.1.11
#25 176.3    Compiling shlex v2.0.1
#25 176.3    Compiling cfg-if v1.0.4
#25 176.3    Compiling stable_deref_trait v1.2.1
#25 176.3    Compiling serde_core v1.0.229
#25 176.3    Compiling once_cell v1.21.4
#25 176.3    Compiling pkg-config v0.3.34
#25 176.3    Compiling rustix v1.1.4
#25 176.3    Compiling smallvec v1.15.2
#25 176.3    Compiling linux-raw-sys v0.12.1
#25 176.3    Compiling bitflags v2.13.1
#25 176.3    Compiling verus_prettyplease v0.0.0-2026-09-06-0133
#25 176.3    Compiling equivalent v1.0.2
#25 176.3    Compiling litemap v0.8.3
#25 176.3    Compiling writeable v0.6.4
#25 176.3    Compiling hashbrown v0.17.1
#25 176.3    Compiling icu_normalizer_data v2.3.0
#25 176.3    Compiling log v0.4.34
#25 176.3    Compiling utf8_iter v1.0.4
#25 176.3    Compiling icu_properties_data v2.3.0
#25 176.3    Compiling convert_case v0.4.0
#25 176.3    Compiling vstd v0.0.0-2026-09-06-0133
#25 176.3    Compiling io-lifetimes v2.0.4
#25 176.3    Compiling typenum v1.20.1
#25 176.3    Compiling io-lifetimes v3.0.1
#25 176.3    Compiling zeroize v1.9.0
#25 176.3    Compiling zmij v1.0.23
#25 176.3    Compiling serde v1.0.229
#25 176.3    Compiling io-extras v0.19.0
#25 176.3    Compiling verus_builtin v0.0.0-2026-09-06-0133
#25 176.3    Compiling memchr v2.8.3
#25 176.3    Compiling serde_json v1.0.151
#25 176.3    Compiling cap-primitives v4.0.3
#25 176.3    Compiling itoa v1.0.18
#25 176.3    Compiling thiserror v2.0.20
#25 176.3    Compiling crc32fast v1.5.1
#25 176.3    Compiling winnow v1.0.4
#25 176.3    Compiling rustversion v1.0.23
#25 176.3    Compiling rustls-pki-types v1.15.1
#25 176.3    Compiling tracing-core v0.1.36
#25 176.3    Compiling ipnet v2.12.1
#25 176.3    Compiling toml_writer v1.1.2+spec-1.1.0
#25 176.3    Compiling maybe-owned v0.3.4
#25 176.3    Compiling simd-adler32 v0.3.10
#25 176.3    Compiling ambient-authority v0.0.2
#25 176.3    Compiling cap-std v4.0.3
#25 176.3    Compiling zstd-safe v7.2.4
#25 176.3    Compiling getrandom v0.4.3
#25 176.3    Compiling percent-encoding v2.3.2
#25 176.3    Compiling untrusted v0.9.0
#25 176.3    Compiling const-oid v0.10.2
#25 176.3    Compiling pin-project-lite v0.2.17
#25 176.3    Compiling rustls v0.23.45
#25 176.3    Compiling parking_lot_core v0.9.12
#25 176.3    Compiling form_urlencoded v1.2.2
#25 176.3    Compiling adler2 v2.0.1
#25 176.3    Compiling cpufeatures v0.3.0
#25 176.3    Compiling regex-syntax v0.8.11
#25 176.3    Compiling zlib-rs v0.6.7
#25 176.3    Compiling lazy_static v1.5.0
#25 176.3    Compiling fastrand v2.5.0
#25 176.3    Compiling winnow v0.7.15
#25 176.3    Compiling miniz_oxide v0.8.9
#25 176.3    Compiling bumpalo v3.20.3
#25 176.3    Compiling subtle v2.6.1
#25 176.3    Compiling webpki-roots v1.0.9
#25 176.3    Compiling scopeguard v1.2.0
#25 176.3    Compiling libbz2-rs-sys v0.2.5
#25 176.3    Compiling toml_parser v1.1.3+spec-1.1.0
#25 176.3    Compiling webpki-roots v0.26.11
#25 176.3    Compiling lock_api v0.4.14
#25 176.3    Compiling sharded-slab v0.1.7
#25 176.3    Compiling thread_local v1.1.10
#25 176.3    Compiling indexmap v2.14.0
#25 176.3    Compiling base64 v0.22.1
#25 176.3    Compiling nu-ansi-term v0.50.3
#25 176.3    Compiling typed-path v0.12.3
#25 176.3    Compiling openssl-probe v0.2.1
#25 176.3    Compiling scoped-tls v1.0.1
#25 176.3    Compiling httpdate v1.0.3
#25 176.3    Compiling tracing-log v0.2.0
#25 176.3    Compiling rustls-native-certs v0.8.4
#25 176.3    Compiling zopfli v0.8.3
#25 176.3    Compiling bzip2 v0.6.1
#25 176.3    Compiling hybrid-array v0.4.14
#25 176.3    Compiling syn v2.0.119
#25 176.3    Compiling syn v3.0.4
#25 176.3    Compiling verus_syn v0.0.0-2026-09-06-0133
#25 176.3    Compiling jobserver v0.1.35
#25 176.3    Compiling getrandom v0.2.17
#25 176.3    Compiling filetime v0.2.29
#25 176.3    Compiling crypto-common v0.2.2
#25 176.3    Compiling block-buffer v0.12.1
#25 176.3    Compiling parking_lot v0.12.5
#25 176.3    Compiling cc v1.4.4
#25 176.3    Compiling regex-automata v0.4.18
#25 176.3    Compiling digest v0.11.3
#25 176.3    Compiling sha2 v0.11.0
#25 176.3    Compiling serde_spanned v1.1.1
#25 176.3    Compiling toml_datetime v0.7.5+spec-1.1.0
#25 176.3    Compiling toml_datetime v1.1.1+spec-1.1.0
#25 176.3    Compiling toml v0.9.12+spec-1.1.0
#25 176.3    Compiling toml v1.1.4+spec-1.1.0
#25 176.3    Compiling ring v0.17.14
#25 176.3    Compiling zstd-sys v2.0.16+zstd.1.5.7
#25 176.3    Compiling lzma-sys v0.1.20
#25 176.3    Compiling generator v0.8.10
#25 176.3    Compiling flate2 v1.1.9
#25 176.3    Compiling rustix-linux-procfs v0.1.1
#25 176.3    Compiling fs-set-times v0.20.3
#25 176.3    Compiling xattr v1.6.1
#25 176.3    Compiling tempfile v3.27.0
#25 176.3    Compiling matchers v0.2.0
#25 176.3    Compiling tar v0.4.46
#25 176.3    Compiling zerovec-derive v0.11.6
#25 176.3    Compiling displaydoc v0.2.7
#25 176.3    Compiling serde_derive v1.0.229
#25 176.3    Compiling thiserror-impl v2.0.20
#25 176.3    Compiling gripsack-fs v0.42.0 (/tmp/gripsack-gc-roots-w502iipm/source/crates/gripsack-fs)
#25 176.3    Compiling xz2 v0.1.7
#25 176.3    Compiling synstructure v0.13.2
#25 176.3    Compiling rustls-webpki v0.103.15
#25 176.3    Compiling zstd v0.13.3
#25 176.3    Compiling zerofrom-derive v0.1.7
#25 176.3    Compiling yoke-derive v0.8.2
#25 176.3    Compiling tracing-attributes v0.1.31
#25 176.3    Compiling zip v8.6.0
#25 176.3    Compiling zerofrom v0.1.8
#25 176.3    Compiling tracing v0.1.44
#25 176.3    Compiling yoke v0.8.3
#25 176.3    Compiling tracing-subscriber v0.3.23
#25 176.3    Compiling zerovec v0.11.8
#25 176.3    Compiling zerotrie v0.2.5
#25 176.3    Compiling verus_state_machines_macros v0.0.0-2026-09-06-0133
#25 176.3    Compiling verus_builtin_macros v0.0.0-2026-09-06-0133
#25 176.3    Compiling tinystr v0.8.4
#25 176.3    Compiling potential_utf v0.1.6
#25 176.3    Compiling icu_collections v2.3.0
#25 176.3    Compiling icu_locale_core v2.3.0
#25 176.3    Compiling loom v0.7.2
#25 176.3    Compiling icu_provider v2.3.1
#25 176.3    Compiling icu_normalizer v2.3.0
#25 176.3    Compiling icu_properties v2.3.0
#25 176.3    Compiling idna_adapter v1.2.2
#25 176.3    Compiling idna v1.1.0
#25 176.3    Compiling url v2.5.8
#25 176.3    Compiling ureq v2.12.1
#25 176.3    Compiling gripsack-policy v0.42.0 (/tmp/gripsack-gc-roots-w502iipm/source/crates/gripsack-policy)
#25 176.3    Compiling gripsack-ir v0.42.0 (/tmp/gripsack-gc-roots-w502iipm/source/crates/gripsack-ir)
#25 176.3    Compiling gripsack-process v0.42.0 (/tmp/gripsack-gc-roots-w502iipm/source/crates/gripsack-process)
#25 176.3    Compiling gripsack-store v0.42.0 (/tmp/gripsack-gc-roots-w502iipm/source/crates/gripsack-store)
#25 176.3    Compiling gripsack-config v0.42.0 (/tmp/gripsack-gc-roots-w502iipm/source/crates/gripsack-config)
#25 176.3    Compiling gripsack-fetch v0.42.0 (/tmp/gripsack-gc-roots-w502iipm/source/crates/gripsack-fetch)
#25 176.3    Compiling gripsack-exec v0.42.0 (/tmp/gripsack-gc-roots-w502iipm/source/crates/gripsack-exec)
#25 176.3     Finished `test` profile [unoptimized + debuginfo] target(s) in 35.24s
#25 176.3      Running unittests src/lib.rs (/tmp/gripsack-gc-roots-w502iipm/target/debug/deps/gripsack_exec-0966ca665b49150b)
#25 176.3 
#25 176.3 running 3 tests
#25 176.3 GC_PINNED_ROOT_REPLACEMENTS=1
#25 176.3 test gc::root_model::pinned_collection_survives_root_replacement ... ok
#25 176.3 GC_RECOVERY_ADMISSIONS=8
#25 176.3 test gc::root_model::unfinished_recovery_preserves_every_history_object ... ok
#25 176.3 GC_RETAINED_HISTORIES=7
#25 176.3 test gc::root_model::retained_histories_protect_complete_roots ... ok
#25 176.3 
#25 176.3 test result: ok. 3 passed; 0 failed; 0 ignored; 0 measured; 53 filtered out; finished in 0.79s
#25 176.3 
#25 176.3 
#25 176.3 GC_ROOT_PROPERTIES=3
#25 176.3 RUNNER_COMMAND=cargo test --locked -p gripsack-exec --lib gc::root_model::retained_histories_protect_complete_roots -- --nocapture --exact
#25 179.5    Compiling gripsack-exec v0.42.0 (/tmp/gripsack-gc-roots-w502iipm/source/crates/gripsack-exec)
#25 179.5     Finished `test` profile [unoptimized + debuginfo] target(s) in 3.02s
#25 179.5      Running unittests src/lib.rs (/tmp/gripsack-gc-roots-w502iipm/target/debug/deps/gripsack_exec-0966ca665b49150b)
#25 179.5 
#25 179.5 running 1 test
#25 179.5 
#25 179.5 thread 'gc::root_model::retained_histories_protect_complete_roots' (16160) panicked at crates/gripsack-exec/src/gc/root_model.rs:85:13:
#25 179.5 assertion `left == right` failed: retained_history_root_missing: old-compiler
#25 179.5   left: None
#25 179.5  right: Some([111, 108, 100, 45, 99, 111, 109, 112, 105, 108, 101, 114])
#25 179.5 note: run with `RUST_BACKTRACE=1` environment variable to display a backtrace
#25 179.5 test gc::root_model::retained_histories_protect_complete_roots ... FAILED
#25 179.5 
#25 179.5 failures:
#25 179.5 
#25 179.5 failures:
#25 179.5     gc::root_model::retained_histories_protect_complete_roots
#25 179.5 
#25 179.5 test result: FAILED. 0 passed; 1 failed; 0 ignored; 0 measured; 55 filtered out; finished in 0.06s
#25 179.5 
#25 179.5 error: test failed, to rerun pass `-p gripsack-exec --lib`
#25 179.5 
#25 179.5 calibration: dropped-build-closure-root rejected by real retained history
#25 179.5 GC_ROOT_MUTANTS=1
#25 179.5 GC root gate: OK
#25 180.0 RATE_ADMISSION_INPUT_SHA256={"Cargo.lock": "73e2057d91135452505530923d38da4494aa8c0d1541dcc6a27803e891fc5f4c", "Cargo.toml": "2acc969d77f3274d49f33666d81d20fcf845e7f1546ecea1a1e8e5cd2db79bd4", "crates/gripsack-fetch/src/throttle.rs": "c959fbf3950d1940574b673c66a16a6792b1cea20b5bfed7854eb95fdc88cb03", "crates/gripsack-fetch/src/throttle/persistence.rs": "37e43597aac113ffc40f48c210d84d6aa3dcb1cbbf69cc20c496f384226a2787", "crates/gripsack-policy/src/rate_limit.rs": "ff45ea5a84d3b77a986fa06a20aa1831966e80b844bd866036fbe7a3f53f2693", "crates/gripsack-policy/src/rate_limit/binary_rate.rs": "f1da73f94383dcf8d5398895c0dc2cf5d29b7514ebbc9f6aaf45db4726bbddd9", "crates/gripsack-policy/src/rate_limit/credit_balance.rs": "d4f97853cf4b39b2475796f9922ae574d36093edd6f05deba774c9aa7e2b4911", "crates/gripsack-policy/src/rate_limit/credit_balance/credit_words.rs": "d0ada0324dab077cd6373f3843f8e033c635f2bb4c18de26a715f27bc29b51df", "crates/gripsack-policy/src/rate_limit/legacy_credits.rs": "2ee73c7cd6dc76806f2d68ee0cfb671d78bdf7f37f8dd21a764b232ec91de90f"}
#25 180.0 RUNNER_COMMAND=cargo test --locked -p gripsack-fetch --lib throttle:: -- --nocapture
#25 220.9    Compiling proc-macro2 v1.0.107
#25 220.9    Compiling quote v1.0.47
#25 220.9    Compiling unicode-ident v1.0.24
#25 220.9    Compiling libc v0.2.189
#25 220.9    Compiling shlex v2.0.1
#25 220.9    Compiling find-msvc-tools v0.1.11
#25 220.9    Compiling cfg-if v1.0.4
#25 220.9    Compiling stable_deref_trait v1.2.1
#25 220.9    Compiling rustix v1.1.4
#25 220.9    Compiling serde_core v1.0.229
#25 220.9    Compiling pkg-config v0.3.34
#25 220.9    Compiling linux-raw-sys v0.12.1
#25 220.9    Compiling bitflags v2.13.1
#25 220.9    Compiling once_cell v1.21.4
#25 220.9    Compiling writeable v0.6.4
#25 220.9    Compiling litemap v0.8.3
#25 220.9    Compiling utf8_iter v1.0.4
#25 220.9    Compiling icu_properties_data v2.3.0
#25 220.9    Compiling equivalent v1.0.2
#25 220.9    Compiling verus_prettyplease v0.0.0-2026-09-06-0133
#25 220.9    Compiling icu_normalizer_data v2.3.0
#25 220.9    Compiling hashbrown v0.17.1
#25 220.9    Compiling smallvec v1.15.2
#25 220.9    Compiling typenum v1.20.1
#25 220.9    Compiling io-lifetimes v3.0.1
#25 220.9    Compiling zeroize v1.9.0
#25 220.9    Compiling io-lifetimes v2.0.4
#25 220.9    Compiling convert_case v0.4.0
#25 220.9    Compiling serde v1.0.229
#25 220.9    Compiling io-extras v0.19.0
#25 220.9    Compiling zmij v1.0.23
#25 220.9    Compiling vstd v0.0.0-2026-09-06-0133
#25 220.9    Compiling verus_builtin v0.0.0-2026-09-06-0133
#25 220.9    Compiling memchr v2.8.3
#25 220.9    Compiling cap-primitives v4.0.3
#25 220.9    Compiling crc32fast v1.5.1
#25 220.9    Compiling serde_json v1.0.151
#25 220.9    Compiling percent-encoding v2.3.2
#25 220.9    Compiling log v0.4.34
#25 220.9    Compiling ipnet v2.12.1
#25 220.9    Compiling untrusted v0.9.0
#25 220.9    Compiling rustls-pki-types v1.15.1
#25 220.9    Compiling getrandom v0.4.3
#25 220.9    Compiling zstd-safe v7.2.4
#25 220.9    Compiling itoa v1.0.18
#25 220.9    Compiling ambient-authority v0.0.2
#25 220.9    Compiling maybe-owned v0.3.4
#25 220.9    Compiling simd-adler32 v0.3.10
#25 220.9    Compiling thiserror v2.0.20
#25 220.9    Compiling const-oid v0.10.2
#25 220.9    Compiling cap-std v4.0.3
#25 220.9    Compiling form_urlencoded v1.2.2
#25 220.9    Compiling winnow v1.0.4
#25 220.9    Compiling adler2 v2.0.1
#25 220.9    Compiling cpufeatures v0.3.0
#25 220.9    Compiling rustls v0.23.45
#25 220.9    Compiling parking_lot_core v0.9.12
#25 220.9    Compiling bumpalo v3.20.3
#25 220.9    Compiling fastrand v2.5.0
#25 220.9    Compiling toml_writer v1.1.2+spec-1.1.0
#25 220.9    Compiling subtle v2.6.1
#25 220.9    Compiling zlib-rs v0.6.7
#25 220.9    Compiling scopeguard v1.2.0
#25 220.9    Compiling miniz_oxide v0.8.9
#25 220.9    Compiling libbz2-rs-sys v0.2.5
#25 220.9    Compiling winnow v0.7.15
#25 220.9    Compiling tracing-core v0.1.36
#25 220.9    Compiling typed-path v0.12.3
#25 220.9    Compiling lock_api v0.4.14
#25 220.9    Compiling base64 v0.22.1
#25 220.9    Compiling pin-project-lite v0.2.17
#25 220.9    Compiling openssl-probe v0.2.1
#25 220.9    Compiling httpdate v1.0.3
#25 220.9    Compiling webpki-roots v1.0.9
#25 220.9    Compiling rustls-native-certs v0.8.4
#25 220.9    Compiling webpki-roots v0.26.11
#25 220.9    Compiling toml_parser v1.1.3+spec-1.1.0
#25 220.9    Compiling indexmap v2.14.0
#25 220.9    Compiling zopfli v0.8.3
#25 220.9    Compiling bzip2 v0.6.1
#25 220.9    Compiling hybrid-array v0.4.14
#25 220.9    Compiling syn v2.0.119
#25 220.9    Compiling syn v3.0.4
#25 220.9    Compiling verus_syn v0.0.0-2026-09-06-0133
#25 220.9    Compiling jobserver v0.1.35
#25 220.9    Compiling getrandom v0.2.17
#25 220.9    Compiling filetime v0.2.29
#25 220.9    Compiling crypto-common v0.2.2
#25 220.9    Compiling block-buffer v0.12.1
#25 220.9    Compiling parking_lot v0.12.5
#25 220.9    Compiling cc v1.4.4
#25 220.9    Compiling digest v0.11.3
#25 220.9    Compiling sha2 v0.11.0
#25 220.9    Compiling toml_datetime v0.7.5+spec-1.1.0
#25 220.9    Compiling serde_spanned v1.1.1
#25 220.9    Compiling zstd-sys v2.0.16+zstd.1.5.7
#25 220.9    Compiling ring v0.17.14
#25 220.9    Compiling lzma-sys v0.1.20
#25 220.9    Compiling toml v0.9.12+spec-1.1.0
#25 220.9    Compiling flate2 v1.1.9
#25 220.9    Compiling fs-set-times v0.20.3
#25 220.9    Compiling rustix-linux-procfs v0.1.1
#25 220.9    Compiling tempfile v3.27.0
#25 220.9    Compiling xattr v1.6.1
#25 220.9    Compiling tar v0.4.46
#25 220.9    Compiling xz2 v0.1.7
#25 220.9    Compiling zerovec-derive v0.11.6
#25 220.9    Compiling displaydoc v0.2.7
#25 220.9    Compiling serde_derive v1.0.229
#25 220.9    Compiling thiserror-impl v2.0.20
#25 220.9    Compiling gripsack-fs v0.42.0 (/tmp/gripsack-rate-admission-oe75vl0j/source/crates/gripsack-fs)
#25 220.9    Compiling synstructure v0.13.2
#25 220.9    Compiling rustls-webpki v0.103.15
#25 220.9    Compiling zstd v0.13.3
#25 220.9    Compiling zip v8.6.0
#25 220.9    Compiling zerofrom-derive v0.1.7
#25 220.9    Compiling yoke-derive v0.8.2
#25 220.9    Compiling tracing-attributes v0.1.31
#25 220.9    Compiling verus_state_machines_macros v0.0.0-2026-09-06-0133
#25 220.9    Compiling verus_builtin_macros v0.0.0-2026-09-06-0133
#25 220.9    Compiling zerofrom v0.1.8
#25 220.9    Compiling tracing v0.1.44
#25 220.9    Compiling yoke v0.8.3
#25 220.9    Compiling zerovec v0.11.8
#25 220.9    Compiling zerotrie v0.2.5
#25 220.9    Compiling tinystr v0.8.4
#25 220.9    Compiling potential_utf v0.1.6
#25 220.9    Compiling icu_collections v2.3.0
#25 220.9    Compiling icu_locale_core v2.3.0
#25 220.9    Compiling icu_provider v2.3.1
#25 220.9    Compiling icu_normalizer v2.3.0
#25 220.9    Compiling icu_properties v2.3.0
#25 220.9    Compiling idna_adapter v1.2.2
#25 220.9    Compiling idna v1.1.0
#25 220.9    Compiling url v2.5.8
#25 220.9    Compiling ureq v2.12.1
#25 220.9    Compiling gripsack-policy v0.42.0 (/tmp/gripsack-rate-admission-oe75vl0j/source/crates/gripsack-policy)
#25 220.9    Compiling gripsack-process v0.42.0 (/tmp/gripsack-rate-admission-oe75vl0j/source/crates/gripsack-process)
#25 220.9    Compiling gripsack-ir v0.42.0 (/tmp/gripsack-rate-admission-oe75vl0j/source/crates/gripsack-ir)
#25 220.9    Compiling gripsack-store v0.42.0 (/tmp/gripsack-rate-admission-oe75vl0j/source/crates/gripsack-store)
#25 220.9    Compiling gripsack-fetch v0.42.0 (/tmp/gripsack-rate-admission-oe75vl0j/source/crates/gripsack-fetch)
#25 220.9     Finished `test` profile [unoptimized + debuginfo] target(s) in 40.60s
#25 220.9      Running unittests src/lib.rs (/tmp/gripsack-rate-admission-oe75vl0j/target/debug/deps/gripsack_fetch-6bfd0305c876a2f7)
#25 220.9 
#25 220.9 running 13 tests
#25 220.9 test throttle::tests::a_backward_wall_clock_does_not_refill_the_same_interval_twice ... ok
#25 220.9 test throttle::tests::fractional_declarations_retain_their_exact_refill_boundary ... ok
#25 220.9 test throttle::tests::plugin_declaration_replaces_builtin_default ... ok
#25 220.9 test throttle::tests::rate_admission_rejects_nonfinite_and_unfillable_buckets ... ok
#25 220.9 test throttle::tests::token_wait_cannot_outlive_or_reset_an_operation_deadline ... ok
#25 220.9 test throttle::tests::url_host_extraction ... ok
#25 220.9 test throttle::tests::user_override_beats_plugin_declaration ... ok
#25 220.9 test throttle::tests::persisted_token_and_time_bounds_cannot_panic_or_mint_extra_tokens ... ok
#25 220.9 test throttle::tests::capability_registration_consumes_the_same_contended_deadline ... ok
#25 220.9 test throttle::persistence::tests::changed_period_preserves_a_saved_partial_token_instead_of_resetting_the_burst ... ok
#25 220.9 test throttle::persistence::tests::a_saved_fractional_timestamp_cannot_refill_an_already_accounted_interval ... ok
#25 220.9 test throttle::tests::mutex_contention_cannot_outlive_or_grant_after_the_original_deadline ... ok
#25 220.9 test throttle::tests::bucket_enforces_the_budget ... ok
#25 220.9 
#25 220.9 test result: ok. 13 passed; 0 failed; 0 ignored; 0 measured; 65 filtered out; finished in 0.25s
#25 220.9 
#25 220.9 
#25 220.9 RATE_ADMISSION_PROPERTIES=13
#25 220.9 RUNNER_COMMAND=cargo test --locked -p gripsack-fetch --lib throttle::tests::rate_admission_rejects_nonfinite_and_unfillable_buckets -- --nocapture --exact
#25 224.6    Compiling gripsack-fetch v0.42.0 (/tmp/gripsack-rate-admission-oe75vl0j/source/crates/gripsack-fetch)
#25 224.6     Finished `test` profile [unoptimized + debuginfo] target(s) in 3.71s
#25 224.6      Running unittests src/lib.rs (/tmp/gripsack-rate-admission-oe75vl0j/target/debug/deps/gripsack_fetch-6bfd0305c876a2f7)
#25 224.6 
#25 224.6 running 1 test
#25 224.6 
#25 224.6 thread 'throttle::tests::rate_admission_rejects_nonfinite_and_unfillable_buckets' (19872) panicked at crates/gripsack-fetch/src/throttle.rs:328:13:
#25 224.6 assertion `left == right` failed: invalid_rate_admitted: NaN/s
#25 224.6   left: Some(BinaryTokenRate { significand: 4503599627370496, shift: 0, period: Second })
#25 224.6  right: None
#25 224.6 note: run with `RUST_BACKTRACE=1` environment variable to display a backtrace
#25 224.6 test throttle::tests::rate_admission_rejects_nonfinite_and_unfillable_buckets ... FAILED
#25 224.6 
#25 224.6 failures:
#25 224.6 
#25 224.6 failures:
#25 224.6     throttle::tests::rate_admission_rejects_nonfinite_and_unfillable_buckets
#25 224.6 
#25 224.6 test result: FAILED. 0 passed; 1 failed; 0 ignored; 0 measured; 77 filtered out; finished in 0.00s
#25 224.6 
#25 224.6 error: test failed, to rerun pass `-p gripsack-fetch --lib`
#25 224.6 
#25 224.6 calibration: invalid-observation-normalized rejected by throttle::tests::rate_admission_rejects_nonfinite_and_unfillable_buckets
#25 224.6 RUNNER_COMMAND=cargo test --locked -p gripsack-fetch --lib throttle::tests::fractional_declarations_retain_their_exact_refill_boundary -- --nocapture --exact
#25 228.3    Compiling gripsack-fetch v0.42.0 (/tmp/gripsack-rate-admission-oe75vl0j/source/crates/gripsack-fetch)
#25 228.3     Finished `test` profile [unoptimized + debuginfo] target(s) in 3.66s
#25 228.3      Running unittests src/lib.rs (/tmp/gripsack-rate-admission-oe75vl0j/target/debug/deps/gripsack_fetch-6bfd0305c876a2f7)
#25 228.3 
#25 228.3 running 1 test
#25 228.3 
#25 228.3 thread 'throttle::tests::fractional_declarations_retain_their_exact_refill_boundary' (20151) panicked at crates/gripsack-fetch/src/throttle.rs:412:13:
#25 228.3 assertion `left == right` failed: declared_period_was_changed
#25 228.3   left: Wait { nanoseconds: 333333334 }
#25 228.3  right: Wait { nanoseconds: 20000000000 }
#25 228.3 note: run with `RUST_BACKTRACE=1` environment variable to display a backtrace
#25 228.3 test throttle::tests::fractional_declarations_retain_their_exact_refill_boundary ... FAILED
#25 228.3 
#25 228.3 failures:
#25 228.3 
#25 228.3 failures:
#25 228.3     throttle::tests::fractional_declarations_retain_their_exact_refill_boundary
#25 228.3 
#25 228.3 test result: FAILED. 0 passed; 1 failed; 0 ignored; 0 measured; 77 filtered out; finished in 0.00s
#25 228.3 
#25 228.3 error: test failed, to rerun pass `-p gripsack-fetch --lib`
#25 228.3 
#25 228.3 calibration: declared-period-substitution rejected by throttle::tests::fractional_declarations_retain_their_exact_refill_boundary
#25 228.3 RUNNER_COMMAND=cargo test --locked -p gripsack-fetch --lib throttle::tests::mutex_contention_cannot_outlive_or_grant_after_the_original_deadline -- --nocapture --exact
#25 233.3    Compiling gripsack-fetch v0.42.0 (/tmp/gripsack-rate-admission-oe75vl0j/source/crates/gripsack-fetch)
#25 233.3     Finished `test` profile [unoptimized + debuginfo] target(s) in 2.92s
#25 233.3      Running unittests src/lib.rs (/tmp/gripsack-rate-admission-oe75vl0j/target/debug/deps/gripsack_fetch-6bfd0305c876a2f7)
#25 233.3 
#25 233.3 running 1 test
#25 233.3 
#25 233.3 thread 'throttle::tests::mutex_contention_cannot_outlive_or_grant_after_the_original_deadline' (20430) panicked at crates/gripsack-fetch/src/throttle.rs:369:28:
#25 233.3 deadline_blocked_by_throttle_lock: Timeout
#25 233.3 note: run with `RUST_BACKTRACE=1` environment variable to display a backtrace
#25 233.3 test throttle::tests::mutex_contention_cannot_outlive_or_grant_after_the_original_deadline ... FAILED
#25 233.3 
#25 233.3 failures:
#25 233.3 
#25 233.3 failures:
#25 233.3     throttle::tests::mutex_contention_cannot_outlive_or_grant_after_the_original_deadline
#25 233.3 
#25 233.3 test result: FAILED. 0 passed; 1 failed; 0 ignored; 0 measured; 77 filtered out; finished in 2.00s
#25 233.3 
#25 233.3 error: test failed, to rerun pass `-p gripsack-fetch --lib`
#25 233.3 
#25 233.3 calibration: mutex-deadline-extension rejected by throttle::tests::mutex_contention_cannot_outlive_or_grant_after_the_original_deadline
#25 233.3 RUNNER_COMMAND=cargo test --locked -p gripsack-fetch --lib throttle::tests::a_backward_wall_clock_does_not_refill_the_same_interval_twice -- --nocapture --exact
#25 236.4    Compiling gripsack-fetch v0.42.0 (/tmp/gripsack-rate-admission-oe75vl0j/source/crates/gripsack-fetch)
#25 236.4     Finished `test` profile [unoptimized + debuginfo] target(s) in 3.14s
#25 236.4      Running unittests src/lib.rs (/tmp/gripsack-rate-admission-oe75vl0j/target/debug/deps/gripsack_fetch-6bfd0305c876a2f7)
#25 236.4 
#25 236.4 running 1 test
#25 236.4 
#25 236.4 thread 'throttle::tests::a_backward_wall_clock_does_not_refill_the_same_interval_twice' (20710) panicked at crates/gripsack-fetch/src/throttle.rs:435:9:
#25 236.4 assertion `left == right` failed: wall_clock_interval_reused
#25 236.4   left: Wait { nanoseconds: 250000000 }

#25 236.4  right: Wait { nanoseconds: 500000000 }
#25 236.4 note: run with `RUST_BACKTRACE=1` environment variable to display a backtrace
#25 236.4 test throttle::tests::a_backward_wall_clock_does_not_refill_the_same_interval_twice ... FAILED
#25 236.4 
#25 236.4 failures:
#25 236.4 
#25 236.4 failures:
#25 236.4     throttle::tests::a_backward_wall_clock_does_not_refill_the_same_interval_twice
#25 236.4 
#25 236.4 test result: FAILED. 0 passed; 1 failed; 0 ignored; 0 measured; 77 filtered out; finished in 0.00s
#25 236.4 
#25 236.4 error: test failed, to rerun pass `-p gripsack-fetch --lib`
#25 236.4 
#25 236.4 calibration: backward-clock-refill-reuse rejected by throttle::tests::a_backward_wall_clock_does_not_refill_the_same_interval_twice
#25 236.4 RUNNER_COMMAND=cargo test --locked -p gripsack-fetch --lib throttle::persistence::tests::a_saved_fractional_timestamp_cannot_refill_an_already_accounted_interval -- --nocapture --exact
#25 239.6    Compiling gripsack-fetch v0.42.0 (/tmp/gripsack-rate-admission-oe75vl0j/source/crates/gripsack-fetch)
#25 239.6     Finished `test` profile [unoptimized + debuginfo] target(s) in 3.11s
#25 239.6      Running unittests src/lib.rs (/tmp/gripsack-rate-admission-oe75vl0j/target/debug/deps/gripsack_fetch-6bfd0305c876a2f7)
#25 239.6 
#25 239.6 running 1 test
#25 239.6 
#25 239.6 thread 'throttle::persistence::tests::a_saved_fractional_timestamp_cannot_refill_an_already_accounted_interval' (20989) panicked at crates/gripsack-fetch/src/throttle/persistence.rs:150:9:
#25 239.6 assertion `left == right` failed: persisted_timestamp_refilled_consumed_interval
#25 239.6   left: Granted
#25 239.6  right: Wait { nanoseconds: 500000000 }
#25 239.6 note: run with `RUST_BACKTRACE=1` environment variable to display a backtrace
#25 239.6 test throttle::persistence::tests::a_saved_fractional_timestamp_cannot_refill_an_already_accounted_interval ... FAILED
#25 239.6 
#25 239.6 failures:
#25 239.6 
#25 239.6 failures:
#25 239.6     throttle::persistence::tests::a_saved_fractional_timestamp_cannot_refill_an_already_accounted_interval
#25 239.6 
#25 239.6 test result: FAILED. 0 passed; 1 failed; 0 ignored; 0 measured; 77 filtered out; finished in 0.01s
#25 239.6 
#25 239.6 error: test failed, to rerun pass `-p gripsack-fetch --lib`
#25 239.6 
#25 239.6 calibration: persisted-time-truncation rejected by throttle::persistence::tests::a_saved_fractional_timestamp_cannot_refill_an_already_accounted_interval
#25 239.6 RUNNER_COMMAND=cargo test --locked -p gripsack-fetch --lib throttle::persistence::tests::changed_period_preserves_a_saved_partial_token_instead_of_resetting_the_burst -- --nocapture --exact
#25 242.5    Compiling gripsack-fetch v0.42.0 (/tmp/gripsack-rate-admission-oe75vl0j/source/crates/gripsack-fetch)
#25 242.5     Finished `test` profile [unoptimized + debuginfo] target(s) in 2.84s
#25 242.5      Running unittests src/lib.rs (/tmp/gripsack-rate-admission-oe75vl0j/target/debug/deps/gripsack_fetch-6bfd0305c876a2f7)
#25 242.5 
#25 242.5 running 1 test
#25 242.5 
#25 242.5 thread 'throttle::persistence::tests::changed_period_preserves_a_saved_partial_token_instead_of_resetting_the_burst' (21268) panicked at crates/gripsack-fetch/src/throttle/persistence.rs:181:9:
#25 242.5 assertion `left == right` failed: persisted_period_reset_burst
#25 242.5   left: Granted
#25 242.5  right: DeadlineExpired
#25 242.5 note: run with `RUST_BACKTRACE=1` environment variable to display a backtrace
#25 242.5 test throttle::persistence::tests::changed_period_preserves_a_saved_partial_token_instead_of_resetting_the_burst ... FAILED
#25 242.5 
#25 242.5 failures:
#25 242.5 
#25 242.5 failures:
#25 242.5     throttle::persistence::tests::changed_period_preserves_a_saved_partial_token_instead_of_resetting_the_burst
#25 242.5 
#25 242.5 test result: FAILED. 0 passed; 1 failed; 0 ignored; 0 measured; 77 filtered out; finished in 0.01s
#25 242.5 
#25 242.5 error: test failed, to rerun pass `-p gripsack-fetch --lib`
#25 242.5 
#25 242.5 calibration: persisted-period-substitution rejected by throttle::persistence::tests::changed_period_preserves_a_saved_partial_token_instead_of_resetting_the_burst
#25 242.5 RATE_ADMISSION_MUTANTS=6
#25 242.5 rate admission gate: OK
#25 243.1 HTTP_BUDGET_INPUT_SHA256={"Cargo.lock": "73e2057d91135452505530923d38da4494aa8c0d1541dcc6a27803e891fc5f4c", "Cargo.toml": "2acc969d77f3274d49f33666d81d20fcf845e7f1546ecea1a1e8e5cd2db79bd4", "crates/gripsack-fetch/src/http.rs": "c7594b7c9824d87bb1bb466a527f06b0127c76d5c1037538a1e93550d6b22218", "crates/gripsack-fetch/src/http/body.rs": "bcf931f408006472f948cdd00e60204c60e8ad8d8ab49deb6ee72f46e062cbda", "crates/gripsack-fetch/src/http/failure.rs": "bc9c19f178e9b6fcdac81526f7a4fdaf7db982262ba14c9b713549267b0d7a90", "crates/gripsack-fetch/src/http/request.rs": "a89166745081532b6bb69f2d0b1ab642467d40d05d883acdf0c759eef569deab", "crates/gripsack-fetch/src/http/retry.rs": "d552a27cf578f55193d8414c52687c84e8f366eb326c999ce848b99127b80e32", "crates/gripsack-policy/src/operation_budget.rs": "dbff4366394bd32d505442a264449529fddda59639df7e312ef9366a9b83278a", "crates/gripsack-policy/src/retry_budget.rs": "02c14f4d532cb7fd2c9f91f4bd7d85560c71df33f2886028e55d5b57c1f536db"}
#25 243.1 RUNNER_COMMAND=cargo test --locked -p gripsack-fetch --lib http:: -- --nocapture
#25 286.8    Compiling proc-macro2 v1.0.107
#25 286.8    Compiling unicode-ident v1.0.24
#25 286.8    Compiling quote v1.0.47
#25 286.8    Compiling libc v0.2.189
#25 286.8    Compiling find-msvc-tools v0.1.11
#25 286.8    Compiling shlex v2.0.1
#25 286.8    Compiling cfg-if v1.0.4
#25 286.8    Compiling stable_deref_trait v1.2.1
#25 286.8    Compiling serde_core v1.0.229
#25 286.8    Compiling rustix v1.1.4
#25 286.8    Compiling pkg-config v0.3.34
#25 286.8    Compiling bitflags v2.13.1
#25 286.8    Compiling once_cell v1.21.4
#25 286.8    Compiling linux-raw-sys v0.12.1
#25 286.8    Compiling writeable v0.6.4
#25 286.8    Compiling litemap v0.8.3
#25 286.8    Compiling hashbrown v0.17.1
#25 286.8    Compiling utf8_iter v1.0.4
#25 286.8    Compiling verus_prettyplease v0.0.0-2026-09-06-0133
#25 286.8    Compiling icu_properties_data v2.3.0
#25 286.8    Compiling smallvec v1.15.2
#25 286.8    Compiling icu_normalizer_data v2.3.0
#25 286.8    Compiling equivalent v1.0.2
#25 286.8    Compiling zeroize v1.9.0
#25 286.8    Compiling io-lifetimes v3.0.1
#25 286.8    Compiling io-lifetimes v2.0.4
#25 286.8    Compiling typenum v1.20.1
#25 286.8    Compiling zmij v1.0.23
#25 286.8    Compiling convert_case v0.4.0
#25 286.8    Compiling serde v1.0.229
#25 286.8    Compiling vstd v0.0.0-2026-09-06-0133
#25 286.8    Compiling io-extras v0.19.0
#25 286.8    Compiling verus_builtin v0.0.0-2026-09-06-0133
#25 286.8    Compiling memchr v2.8.3
#25 286.8    Compiling cap-primitives v4.0.3
#25 286.8    Compiling serde_json v1.0.151
#25 286.8    Compiling crc32fast v1.5.1
#25 286.8    Compiling itoa v1.0.18
#25 286.8    Compiling ipnet v2.12.1
#25 286.8    Compiling simd-adler32 v0.3.10
#25 286.8    Compiling cap-std v4.0.3
#25 286.8    Compiling rustls-pki-types v1.15.1
#25 286.8    Compiling const-oid v0.10.2
#25 286.8    Compiling maybe-owned v0.3.4
#25 286.8    Compiling thiserror v2.0.20
#25 286.8    Compiling ambient-authority v0.0.2
#25 286.8    Compiling log v0.4.34
#25 286.8    Compiling zstd-safe v7.2.4
#25 286.8    Compiling getrandom v0.4.3
#25 286.8    Compiling untrusted v0.9.0
#25 286.8    Compiling percent-encoding v2.3.2
#25 286.8    Compiling parking_lot_core v0.9.12
#25 286.8    Compiling cpufeatures v0.3.0
#25 286.8    Compiling adler2 v2.0.1
#25 286.8    Compiling rustls v0.23.45
#25 286.8    Compiling winnow v1.0.4
#25 286.8    Compiling winnow v0.7.15
#25 286.8    Compiling bumpalo v3.20.3
#25 286.8    Compiling miniz_oxide v0.8.9
#25 286.8    Compiling libbz2-rs-sys v0.2.5
#25 286.8    Compiling form_urlencoded v1.2.2
#25 286.8    Compiling toml_writer v1.1.2+spec-1.1.0
#25 286.8    Compiling subtle v2.6.1
#25 286.8    Compiling scopeguard v1.2.0
#25 286.8    Compiling zlib-rs v0.6.7
#25 286.8    Compiling fastrand v2.5.0
#25 286.8    Compiling tracing-core v0.1.36
#25 286.8    Compiling typed-path v0.12.3
#25 286.8    Compiling openssl-probe v0.2.1
#25 286.8    Compiling lock_api v0.4.14
#25 286.8    Compiling base64 v0.22.1
#25 286.8    Compiling pin-project-lite v0.2.17
#25 286.8    Compiling httpdate v1.0.3
#25 286.8    Compiling webpki-roots v1.0.9
#25 286.8    Compiling zopfli v0.8.3
#25 286.8    Compiling rustls-native-certs v0.8.4
#25 286.8    Compiling webpki-roots v0.26.11
#25 286.8    Compiling indexmap v2.14.0
#25 286.8    Compiling toml_parser v1.1.3+spec-1.1.0
#25 286.8    Compiling bzip2 v0.6.1
#25 286.8    Compiling hybrid-array v0.4.14
#25 286.8    Compiling syn v2.0.119
#25 286.8    Compiling syn v3.0.4
#25 286.8    Compiling verus_syn v0.0.0-2026-09-06-0133
#25 286.8    Compiling jobserver v0.1.35
#25 286.8    Compiling getrandom v0.2.17
#25 286.8    Compiling filetime v0.2.29
#25 286.8    Compiling block-buffer v0.12.1
#25 286.8    Compiling crypto-common v0.2.2
#25 286.8    Compiling parking_lot v0.12.5
#25 286.8    Compiling cc v1.4.4
#25 286.8    Compiling digest v0.11.3
#25 286.8    Compiling sha2 v0.11.0
#25 286.8    Compiling toml_datetime v0.7.5+spec-1.1.0
#25 286.8    Compiling serde_spanned v1.1.1
#25 286.8    Compiling ring v0.17.14
#25 286.8    Compiling zstd-sys v2.0.16+zstd.1.5.7
#25 286.8    Compiling lzma-sys v0.1.20
#25 286.8    Compiling toml v0.9.12+spec-1.1.0
#25 286.8    Compiling flate2 v1.1.9
#25 286.8    Compiling fs-set-times v0.20.3
#25 286.8    Compiling rustix-linux-procfs v0.1.1
#25 286.8    Compiling xattr v1.6.1
#25 286.8    Compiling tempfile v3.27.0
#25 286.8    Compiling tar v0.4.46
#25 286.8    Compiling xz2 v0.1.7
#25 286.8    Compiling zerovec-derive v0.11.6
#25 286.8    Compiling displaydoc v0.2.7
#25 286.8    Compiling serde_derive v1.0.229
#25 286.8    Compiling thiserror-impl v2.0.20
#25 286.8    Compiling gripsack-fs v0.42.0 (/tmp/gripsack-http-budget-fw_5psak/source/crates/gripsack-fs)
#25 286.8    Compiling synstructure v0.13.2
#25 286.8    Compiling zstd v0.13.3
#25 286.8    Compiling zip v8.6.0
#25 286.8    Compiling rustls-webpki v0.103.15
#25 286.8    Compiling zerofrom-derive v0.1.7
#25 286.8    Compiling yoke-derive v0.8.2
#25 286.8    Compiling tracing-attributes v0.1.31
#25 286.8    Compiling zerofrom v0.1.8
#25 286.8    Compiling yoke v0.8.3
#25 286.8    Compiling tracing v0.1.44
#25 286.8    Compiling verus_builtin_macros v0.0.0-2026-09-06-0133
#25 286.8    Compiling verus_state_machines_macros v0.0.0-2026-09-06-0133
#25 286.8    Compiling zerovec v0.11.8
#25 286.8    Compiling zerotrie v0.2.5
#25 286.8    Compiling tinystr v0.8.4
#25 286.8    Compiling potential_utf v0.1.6
#25 286.8    Compiling icu_collections v2.3.0
#25 286.8    Compiling icu_locale_core v2.3.0
#25 286.8    Compiling icu_provider v2.3.1
#25 286.8    Compiling icu_properties v2.3.0
#25 286.8    Compiling icu_normalizer v2.3.0
#25 286.8    Compiling idna_adapter v1.2.2
#25 286.8    Compiling idna v1.1.0
#25 286.8    Compiling url v2.5.8
#25 286.8    Compiling ureq v2.12.1
#25 286.8    Compiling gripsack-policy v0.42.0 (/tmp/gripsack-http-budget-fw_5psak/source/crates/gripsack-policy)
#25 286.8    Compiling gripsack-ir v0.42.0 (/tmp/gripsack-http-budget-fw_5psak/source/crates/gripsack-ir)
#25 286.8    Compiling gripsack-process v0.42.0 (/tmp/gripsack-http-budget-fw_5psak/source/crates/gripsack-process)
#25 286.8    Compiling gripsack-store v0.42.0 (/tmp/gripsack-http-budget-fw_5psak/source/crates/gripsack-store)
#25 286.8    Compiling gripsack-fetch v0.42.0 (/tmp/gripsack-http-budget-fw_5psak/source/crates/gripsack-fetch)
#25 286.8     Finished `test` profile [unoptimized + debuginfo] target(s) in 42.57s
#25 286.8      Running unittests src/lib.rs (/tmp/gripsack-http-budget-fw_5psak/target/debug/deps/gripsack_fetch-6bfd0305c876a2f7)
#25 286.8 
#25 286.8 running 12 tests
#25 286.8 test http::body::tests::a_new_attempt_cannot_reset_consumed_transfer_bytes ... ok
#25 286.8 test http::failure::tests::certificate_failures_are_not_transient_connections ... ok
#25 286.8 test http::failure::tests::failure_locations_redact_credentials_and_queries ... ok
#25 286.8 test http::retry::tests::an_expired_clock_observation_cannot_admit_an_attempt ... ok
#25 286.8 test http::retry::tests::real_retry_policy_has_fixed_deadline_and_bounded_attempts ... ok
#25 286.8 test http::retry::tests::terminal_classes_and_upstream_cooldowns_never_get_fast_replays ... ok
#25 286.8 test http::tests::bound_credentials_require_tls_and_registry_artifact_refuses_cleartext ... ok
#25 286.8 test http::tests::host_binding_survives_url_normalization ... ok
#25 286.8 test http::tests::credential_routing_model_uses_actual_host_selector ... ok
#25 286.8 test http::tests::proxy_bypass_preserves_domain_and_port_boundaries ... ok
#25 286.8 test http::request::tests::cooldown_contention_cannot_extend_the_original_operation_deadline ... ok
#25 286.8 test http::request::tests::a_successful_body_consumer_cannot_complete_after_the_operation_deadline ... ok
#25 286.8 
#25 286.8 test result: ok. 12 passed; 0 failed; 0 ignored; 0 measured; 66 filtered out; finished in 0.59s
#25 286.8 
#25 286.8 
#25 286.8 HTTP_BUDGET_PROPERTIES=12
#25 286.9 RUNNER_COMMAND=cargo test --locked -p gripsack-fetch --lib http::request::tests::a_successful_body_consumer_cannot_complete_after_the_operation_deadline -- --nocapture --exact
#25 291.3    Compiling gripsack-fetch v0.42.0 (/tmp/gripsack-http-budget-fw_5psak/source/crates/gripsack-fetch)
#25 291.3     Finished `test` profile [unoptimized + debuginfo] target(s) in 3.78s
#25 291.3      Running unittests src/lib.rs (/tmp/gripsack-http-budget-fw_5psak/target/debug/deps/gripsack_fetch-6bfd0305c876a2f7)
#25 291.3 
#25 291.3 running 1 test
#25 291.3 
#25 291.3 thread 'http::request::tests::a_successful_body_consumer_cannot_complete_after_the_operation_deadline' (24978) panicked at crates/gripsack-fetch/src/http/request.rs:514:13:
#25 291.3 late_http_consumer_was_reported_successfully: Ok("body")
#25 291.3 note: run with `RUST_BACKTRACE=1` environment variable to display a backtrace
#25 291.3 test http::request::tests::a_successful_body_consumer_cannot_complete_after_the_operation_deadline ... FAILED
#25 291.3 
#25 291.3 failures:
#25 291.3 
#25 291.3 failures:
#25 291.3     http::request::tests::a_successful_body_consumer_cannot_complete_after_the_operation_deadline
#25 291.3 
#25 291.3 test result: FAILED. 0 passed; 1 failed; 0 ignored; 0 measured; 77 filtered out; finished in 0.55s
#25 291.3 
#25 291.3 error: test failed, to rerun pass `-p gripsack-fetch --lib`
#25 291.3 
#25 291.3 calibration: late-body-success rejected by http::request::tests::a_successful_body_consumer_cannot_complete_after_the_operation_deadline
#25 291.3 RUNNER_COMMAND=cargo test --locked -p gripsack-fetch --lib http::retry::tests::an_expired_clock_observation_cannot_admit_an_attempt -- --nocapture --exact
#25 294.9    Compiling gripsack-fetch v0.42.0 (/tmp/gripsack-http-budget-fw_5psak/source/crates/gripsack-fetch)
#25 294.9 warning: variable `now` is assigned to, but never used
#25 294.9   --> crates/gripsack-fetch/src/http/retry.rs:86:29
#25 294.9    |
#25 294.9 86 |     pub fn begin(&mut self, mut now: Instant) -> Result<Duration, RetryStopReason> {
#25 294.9    |                             ^^^^^^^
#25 294.9    |
#25 294.9    = note: consider using `_now` instead
#25 294.9    = note: `#[warn(unused_variables)]` (part of `#[warn(unused)]`) on by default
#25 294.9 
#25 294.9 warning: value assigned to `now` is never read
#25 294.9   --> crates/gripsack-fetch/src/http/retry.rs:97:21
#25 294.9    |
#25 294.9 97 |                     now = Instant::now();
#25 294.9    |                     ^^^^^^^^^^^^^^^^^^^^
#25 294.9    |
#25 294.9    = help: maybe it is overwritten before being read?
#25 294.9    = note: `#[warn(unused_assignments)]` (part of `#[warn(unused)]`) on by default
#25 294.9 
#25 294.9 warning: `gripsack-fetch` (lib test) generated 2 warnings
#25 294.9     Finished `test` profile [unoptimized + debuginfo] target(s) in 3.62s
#25 294.9      Running unittests src/lib.rs (/tmp/gripsack-http-budget-fw_5psak/target/debug/deps/gripsack_fetch-6bfd0305c876a2f7)
#25 294.9 
#25 294.9 running 1 test
#25 294.9 
#25 294.9 thread 'http::retry::tests::an_expired_clock_observation_cannot_admit_an_attempt' (25258) panicked at crates/gripsack-fetch/src/http/retry.rs:141:9:
#25 294.9 assertion `left == right` failed: expired_http_attempt_admitted
#25 294.9   left: Ok(600s)
#25 294.9  right: Err(Deadline)
#25 294.9 note: run with `RUST_BACKTRACE=1` environment variable to display a backtrace
#25 294.9 test http::retry::tests::an_expired_clock_observation_cannot_admit_an_attempt ... FAILED
#25 294.9 
#25 294.9 failures:
#25 294.9 
#25 294.9 failures:
#25 294.9     http::retry::tests::an_expired_clock_observation_cannot_admit_an_attempt
#25 294.9 
#25 294.9 test result: FAILED. 0 passed; 1 failed; 0 ignored; 0 measured; 77 filtered out; finished in 0.00s
#25 294.9 
#25 294.9 error: test failed, to rerun pass `-p gripsack-fetch --lib`
#25 294.9 
#25 294.9 calibration: ignored-clock-observation rejected by http::retry::tests::an_expired_clock_observation_cannot_admit_an_attempt
#25 294.9 RUNNER_COMMAND=cargo test --locked -p gripsack-fetch --lib http::retry::tests::terminal_classes_and_upstream_cooldowns_never_get_fast_replays -- --nocapture --exact
#25 297.8    Compiling gripsack-fetch v0.42.0 (/tmp/gripsack-http-budget-fw_5psak/source/crates/gripsack-fetch)
#25 297.8     Finished `test` profile [unoptimized + debuginfo] target(s) in 2.86s
#25 297.8      Running unittests src/lib.rs (/tmp/gripsack-http-budget-fw_5psak/target/debug/deps/gripsack_fetch-6bfd0305c876a2f7)
#25 297.8 
#25 297.8 running 1 test
#25 297.8 
#25 297.8 thread 'http::retry::tests::terminal_classes_and_upstream_cooldowns_never_get_fast_replays' (25537) panicked at crates/gripsack-fetch/src/http/retry.rs:182:13:
#25 297.8 assertion `left == right` failed: nonretryable_http_failure_replayed
#25 297.8   left: RetryAfter(1s)
#25 297.8  right: Stop(NonRetryable)
#25 297.8 note: run with `RUST_BACKTRACE=1` environment variable to display a backtrace
#25 297.8 test http::retry::tests::terminal_classes_and_upstream_cooldowns_never_get_fast_replays ... FAILED
#25 297.8 
#25 297.8 failures:
#25 297.8 
#25 297.8 failures:
#25 297.8     http::retry::tests::terminal_classes_and_upstream_cooldowns_never_get_fast_replays
#25 297.8 
#25 297.8 test result: FAILED. 0 passed; 1 failed; 0 ignored; 0 measured; 77 filtered out; finished in 0.00s
#25 297.8 
#25 297.8 error: test failed, to rerun pass `-p gripsack-fetch --lib`
#25 297.8 
#25 297.8 calibration: terminal-classification-replayed rejected by http::retry::tests::terminal_classes_and_upstream_cooldowns_never_get_fast_replays
#25 297.8 RUNNER_COMMAND=cargo test --locked -p gripsack-fetch --lib http::request::tests::cooldown_contention_cannot_extend_the_original_operation_deadline -- --nocapture --exact
#25 304.9    Compiling gripsack-fetch v0.42.0 (/tmp/gripsack-http-budget-fw_5psak/source/crates/gripsack-fetch)
#25 304.9     Finished `test` profile [unoptimized + debuginfo] target(s) in 4.30s
#25 304.9      Running unittests src/lib.rs (/tmp/gripsack-http-budget-fw_5psak/target/debug/deps/gripsack_fetch-6bfd0305c876a2f7)
#25 304.9 
#25 304.9 running 1 test
#25 304.9 
#25 304.9 thread 'http::request::tests::cooldown_contention_cannot_extend_the_original_operation_deadline' (25816) panicked at crates/gripsack-fetch/src/http/request.rs:545:33:
#25 304.9 deadline_blocked_by_http_cooldown_lock: Timeout
#25 304.9 note: run with `RUST_BACKTRACE=1` environment variable to display a backtrace
#25 304.9 test http::request::tests::cooldown_contention_cannot_extend_the_original_operation_deadline ... FAILED
#25 304.9 
#25 304.9 failures:
#25 304.9 
#25 304.9 failures:
#25 304.9     http::request::tests::cooldown_contention_cannot_extend_the_original_operation_deadline
#25 304.9 
#25 304.9 test result: FAILED. 0 passed; 1 failed; 0 ignored; 0 measured; 77 filtered out; finished in 2.00s
#25 304.9 
#25 304.9 error: test failed, to rerun pass `-p gripsack-fetch --lib`
#25 304.9 
#25 305.0 calibration: cooldown-deadline-extension rejected by http::request::tests::cooldown_contention_cannot_extend_the_original_operation_deadline
#25 305.0 HTTP_BUDGET_MUTANTS=4
#25 305.0 HTTP budget gate: OK
#25 306.2 PROCESS_BOUNDS_INPUT_SHA256={"Cargo.lock": "73e2057d91135452505530923d38da4494aa8c0d1541dcc6a27803e891fc5f4c", "Cargo.toml": "2acc969d77f3274d49f33666d81d20fcf845e7f1546ecea1a1e8e5cd2db79bd4", "crates/gripsack-policy/src/operation_budget.rs": "dbff4366394bd32d505442a264449529fddda59639df7e312ef9366a9b83278a", "crates/gripsack-policy/src/process_budget.rs": "635e72caf6f262753bab21418af54f00d6b9d26716ebfa3b6b14fb16bb916487", "crates/gripsack-policy/src/process_budget/frame.rs": "b4eda7e3fabe7fbabc5c8d07a472011ab460e8d8680c4a79519ae4b0e37c6637", "crates/gripsack-policy/src/process_budget/input.rs": "6625b0e18cc89d56752cf3c1e9b83367f57a26608a66ce4c178b1f9b84049f38", "crates/gripsack-policy/src/process_budget/lifecycle.rs": "5dbb50b78ee3ce3834fa0ae7ed8a8ec608579c1991c214890de16022c123da43", "crates/gripsack-policy/src/process_budget/output.rs": "8288c74d2c0ebfd119f28dc5b599654d0ea0bf4877376f45fa30232289e06624", "crates/gripsack-policy/src/process_budget/tail.rs": "964ac4ce3d6aa5e9ef7a5737787df9503946e8a9f1f88d2d39d082820344e8c8", "crates/gripsack-policy/src/process_budget/transfer.rs": "ffc48f900504e11a89a5353fa8f394d1789d8f4194dc935f3b3d7a3d49f43e38", "crates/gripsack-process/src/deadline.rs": "76c8c8611779cec7fb98e86e77e921aa680aef2f6fa5e476138ceafac7bdec2e", "crates/gripsack-process/src/descriptors.rs": "22be8e43fb4faf8f05396d6048a2cdb303657edf60d1e101338ab74918726492", "crates/gripsack-process/src/descriptors/linux.rs": "43c5f25606ea50cf10743a1c1e008c77a541e170698ed7efb4137ec4abfde341", "crates/gripsack-process/src/digest.rs": "bfcf8a854b076c8b588425780602d279f349eb576313761bb29433a3663226ae", "crates/gripsack-process/src/environment.rs": "8bc0c3a7efb28b81b61cfb654124f15f321efa4e6265132ec69097391d634e18", "crates/gripsack-process/src/error.rs": "c8a282fc82ef62751dd2c65ee44b9e2d5b574a5eff38d8a37aec783f01c355d7", "crates/gripsack-process/src/exchange.rs": "09a4024aaefacf713c50bb7d9d8d365e35557c40dd0b26a70f00d029cd7bcdcc", "crates/gripsack-process/src/exec_payload.rs": "96974426638acc2e0c969ee37c887c6bb1b33892f8ba7144b4eda6d638ce81da", "crates/gripsack-process/src/image.rs": "bffd922603f8668c99fc67e520fc65d5301aa2afef779c8eb24956c868190e2c", "crates/gripsack-process/src/input.rs": "ef9dd551cdf4bc396a5407a228a94f6458626ba84bed9d312bc462fc98aac603", "crates/gripsack-process/src/invocation.rs": "6f8ee1bd589b925ef9e4e278d8250498b017cee129f73b50b9744885a73919bd", "crates/gripsack-process/src/lib.rs": "b8e9ab71c259fe7b48461127664a6309d694be4260fface8d14a24ffc360673a", "crates/gripsack-process/src/lifecycle.rs": "f49272ade99951232e6a72cd30153cc6e130419c93d40010b191ec222595c76c", "crates/gripsack-process/src/receipt.rs": "5668eaf6760196edf8aa50e923a2956a0b7bedd5713fa8607011437beb7d8bfa", "crates/gripsack-process/src/sys.rs": "fb342419ddf7136c5df0752ff888f307c35217b930063dece5936c9040aa46a7", "crates/gripsack-process/src/sys/macos.rs": "b8a2071eadf65a8e4ce2ab2159e39e006579e9c34c6e7851fc20595173159406", "crates/gripsack-process/src/terminal.rs": "bd1ce9d488f08f8298ca0427715e930adeb9ad0048d77e026a7fd1e21fa0171c", "crates/gripsack-process/src/tests/fixtures/signal_denial.rs": "22198f48cc2e90b90ff941faa760f7383d6ef6e5e1c61c67228c9babe02e9226", "crates/gripsack-process/src/tests/lifecycle.rs": "95a510bf90f834539fa8c6a1bf01521c42324484e019c58e28b789e288f796ea", "crates/gripsack-process/src/tests/mod.rs": "be946b3cdf29df81fd7ecbfb923e4f9a1315b6aa436e55e12fb71691d57114db", "crates/gripsack-process/src/tests/native.rs": "78ab7f24a826f6442071c104d48a7d64d98a16993e298c325744dfe0e58e12e2", "crates/gripsack-process/src/tests/pressure.rs": "e7d5e1e041cd9967c424cea5cc6a7cbcd2bbecc2e325bf7825298ffb47118266"}
#25 306.2 RUNNER_COMMAND=cargo test --locked -p gripsack-process --lib -- --nocapture
#25 328.7    Compiling proc-macro2 v1.0.107
#25 328.7    Compiling quote v1.0.47
#25 328.7    Compiling unicode-ident v1.0.24
#25 328.7    Compiling verus_prettyplease v0.0.0-2026-09-06-0133
#25 328.7    Compiling typenum v1.20.1
#25 328.7    Compiling libc v0.2.189
#25 328.7    Compiling equivalent v1.0.2
#25 328.7    Compiling hashbrown v0.17.1
#25 328.7    Compiling cfg-if v1.0.4
#25 328.7    Compiling getrandom v0.4.3
#25 328.7    Compiling convert_case v0.4.0
#25 328.7    Compiling vstd v0.0.0-2026-09-06-0133
#25 328.7    Compiling serde_core v1.0.229
#25 328.7    Compiling rustix v1.1.4
#25 328.7    Compiling linux-raw-sys v0.12.1
#25 328.7    Compiling bitflags v2.13.1
#25 328.7    Compiling const-oid v0.10.2
#25 328.7    Compiling serde v1.0.229
#25 328.7    Compiling verus_builtin v0.0.0-2026-09-06-0133
#25 328.7    Compiling once_cell v1.21.4
#25 328.7    Compiling fastrand v2.5.0
#25 328.7    Compiling cpufeatures v0.3.0
#25 328.7    Compiling indexmap v2.14.0
#25 328.7    Compiling hybrid-array v0.4.14
#25 328.7    Compiling verus_syn v0.0.0-2026-09-06-0133
#25 328.7    Compiling syn v2.0.119
#25 328.7    Compiling syn v3.0.4
#25 328.7    Compiling block-buffer v0.12.1
#25 328.7    Compiling crypto-common v0.2.2
#25 328.7    Compiling digest v0.11.3
#25 328.7    Compiling sha2 v0.11.0
#25 328.7    Compiling tempfile v3.27.0
#25 328.7    Compiling serde_derive v1.0.229
#25 328.7    Compiling synstructure v0.13.2
#25 328.7    Compiling verus_state_machines_macros v0.0.0-2026-09-06-0133
#25 328.7    Compiling verus_builtin_macros v0.0.0-2026-09-06-0133
#25 328.7    Compiling gripsack-policy v0.42.0 (/tmp/gripsack-process-bounds-tnr1pmol/source/crates/gripsack-policy)
#25 328.7    Compiling gripsack-process v0.42.0 (/tmp/gripsack-process-bounds-tnr1pmol/source/crates/gripsack-process)
#25 328.7     Finished `test` profile [unoptimized + debuginfo] target(s) in 19.38s
#25 328.7      Running unittests src/lib.rs (/tmp/gripsack-process-bounds-tnr1pmol/target/debug/deps/gripsack_process-f50df9aa2ff20052)
#25 328.7 
#25 328.7 running 33 tests
#25 328.7 test deadline::tests::an_unfillable_wait_stops_later_admission ... ok
#25 328.7 test deadline::tests::clock_observations_cannot_extend_or_revive_admission ... ok
#25 328.7 test input::tests::rejected_append_preserves_the_admitted_request ... ok
#25 328.7 test tests::expired_operation_rejects_spawn_without_overriding_input_failure ... ok
#25 328.7 test tests::input_rejected_before_spawn ... ok
#25 328.7 test lifecycle::tests::reaped_leader_cannot_reauthorize_group_signals ... ok
#25 328.7 
#25 328.7 thread 'tests::lifecycle::callback_panic_kills_and_reaps_the_leader' (26672) panicked at crates/gripsack-process/src/tests/lifecycle.rs:67:17:
#25 328.7 intentional callback panic
#25 328.7 note: run with `RUST_BACKTRACE=1` environment variable to display a backtrace
#25 328.7 test tests::empty_input_is_closed_immediately ... ok
#25 328.7 test tests::framing_and_input_eof ... ok
#25 328.7 test tests::lifecycle::callback_panic_kills_and_reaps_the_leader ... ok
#25 328.7 test tests::lifecycle::completed_cleanup_cannot_erase_an_expired_operation ... ok
#25 328.7 test tests::lifecycle::no_response_is_a_normal_exit ... ok
#25 328.7 test tests::exact_line_limit_and_empty_lines ... ok
#25 328.7 test tests::pressure::response_still_sends_input_and_preserves_exit_failure ... ok
#25 328.7 test tests::spawn_error_and_zero_budget ... ok
#25 328.7 test tests::lifecycle::exit_and_signal_status_are_not_routing_policy ... ok
#25 328.7 test tests::tail_is_exact_and_can_be_disabled ... ok
#25 328.7 test tests::pressure::simultaneous_input_and_output_pressure ... ok
#25 328.7 test tests::native::selected_script_survives_source_replacement_and_stale_approval_refuses ... ok
#25 328.7 test tests::lifecycle::inherited_pipes_are_killed_on_leader_exit_not_after_a_linger ... ok
#25 328.7 test tests::native::legacy_memfd_flag_support_keeps_sealed_execution ... ok
#25 328.7 test tests::native::legacy_descriptor_sweep_hides_inherited_canary ... ok
#25 328.7 test tests::native::raw_bytes_have_no_line_limit_but_keep_the_total_output_limit ... ok
#25 328.7 test tests::native::retained_authority_survives_closed_standard_descriptors ... ok
#25 328.7 test tests::pressure::stdout_and_stderr_floods_are_cumulative ... ok
#25 328.7 test tests::native::spawn_failure_keeps_the_kernel_error_and_does_not_report_success ... ok
#25 328.7 test tests::pressure::binary_stderr_tail_is_exact_across_pipe_chunks ... ok
#25 328.7 test tests::pressure::response_does_not_disable_any_output_bound ... ok
#25 328.7 test tests::pressure::huge_unterminated_line_is_stopped_incrementally ... ok
#25 328.7 test tests::native::native_child_cannot_read_ungranted_environment_or_inherited_descriptor ... ok
#25 328.7 test tests::pressure::early_stdin_close_is_not_an_io_error ... ok
#25 328.7 test tests::operation_and_exchange_deadlines_each_bound_cleanup ... ok
#25 328.7 test tests::lifecycle::silent_process_with_closed_pipes_still_has_a_deadline ... ok
#25 328.7 test tests::pressure::blocked_input_does_not_block_response_or_deadline ... ok
#25 328.7 
#25 328.7 test result: ok. 33 passed; 0 failed; 0 ignored; 0 measured; 0 filtered out; finished in 3.01s
#25 328.7 
#25 328.7 
#25 328.7 RUNNER_COMMAND=cargo build --locked -p gripsack-process --example signal_denial
#25 330.2    Compiling gripsack-process v0.42.0 (/tmp/gripsack-process-bounds-tnr1pmol/source/crates/gripsack-process)
#25 330.2     Finished `dev` profile [unoptimized + debuginfo] target(s) in 1.49s
#25 330.2 
#25 330.3 SIGNAL_FIXTURE_BINARY_SHA256=e7a2116db1b8f5e51b0328a3036820cb0185176fef0e8efa6e0477a8e3f2c9a8
#25 330.3 RUNNER_COMMAND=/tmp/gripsack-process-bounds-tnr1pmol/target/debug/examples/signal_denial
#25 330.3 SIGNAL_DENIAL_OUTCOME=Outcome { status: Some(ExitStatus(unix_wait_status(0))), reason: Cleanup { cause: Io(Os { code: 1, kind: PermissionDenied, message: "Operation not permitted" }), error: Os { code: 1, kind: PermissionDenied, message: "Operation not permitted" } }, stderr: [], stderr_truncated: false }
#25 330.3 SIGNAL_DENIAL_PROPERTY=passed live=false
#25 330.3 
#25 330.3 RUNNER_COMMAND=cargo build --locked -p gripsack-process --example signal_denial
#25 330.4     Finished `dev` profile [unoptimized + debuginfo] target(s) in 0.09s
#25 330.4 
#25 330.4 SIGNAL_FIXTURE_BINARY_SHA256=e7a2116db1b8f5e51b0328a3036820cb0185176fef0e8efa6e0477a8e3f2c9a8
#25 330.4 RUNNER_COMMAND=/tmp/gripsack-process-bounds-tnr1pmol/target/debug/examples/signal_denial --live-credential-change
#25 338.4 SIGNAL_DENIAL_OUTCOME=Outcome { status: None, reason: Cleanup { cause: Deadline, error: Os { code: 1, kind: PermissionDenied, message: "Operation not permitted" } }, stderr: [], stderr_truncated: false }
#25 338.4 SIGNAL_DENIAL_PROPERTY=passed live=true
#25 338.4 
#25 338.4 PROCESS_BOUNDS_PROPERTIES=35
#25 338.4 RUNNER_COMMAND=cargo test --locked -p gripsack-process --lib input::tests::rejected_append_preserves_the_admitted_request -- --nocapture --exact
#25 339.1    Compiling gripsack-process v0.42.0 (/tmp/gripsack-process-bounds-tnr1pmol/source/crates/gripsack-process)
#25 339.1     Finished `test` profile [unoptimized + debuginfo] target(s) in 0.63s
#25 339.1      Running unittests src/lib.rs (/tmp/gripsack-process-bounds-tnr1pmol/target/debug/deps/gripsack_process-f50df9aa2ff20052)
#25 339.1 
#25 339.1 running 1 test
#25 339.1 
#25 339.1 thread 'input::tests::rejected_append_preserves_the_admitted_request' (27209) panicked at crates/gripsack-process/src/input.rs:59:14:
#25 339.1 serializer_excess_was_admitted: ()
#25 339.1 note: run with `RUST_BACKTRACE=1` environment variable to display a backtrace
#25 339.1 test input::tests::rejected_append_preserves_the_admitted_request ... FAILED
#25 339.1 
#25 339.1 failures:
#25 339.1 
#25 339.1 failures:
#25 339.1     input::tests::rejected_append_preserves_the_admitted_request
#25 339.1 
#25 339.1 test result: FAILED. 0 passed; 1 failed; 0 ignored; 0 measured; 32 filtered out; finished in 0.00s
#25 339.1 
#25 339.1 error: test failed, to rerun pass `-p gripsack-process --lib`
#25 339.1 
#25 339.1 calibration: serializer-input-observer rejected by input::tests::rejected_append_preserves_the_admitted_request
#25 339.1 RUNNER_COMMAND=cargo test --locked -p gripsack-process --lib tests::pressure::stdout_and_stderr_floods_are_cumulative -- --nocapture --exact
#25 343.6    Compiling gripsack-process v0.42.0 (/tmp/gripsack-process-bounds-tnr1pmol/source/crates/gripsack-process)
#25 343.6     Finished `test` profile [unoptimized + debuginfo] target(s) in 0.65s
#25 343.6      Running unittests src/lib.rs (/tmp/gripsack-process-bounds-tnr1pmol/target/debug/deps/gripsack_process-f50df9aa2ff20052)
#25 343.6 
#25 343.6 running 1 test
#25 343.6 
#25 343.6 thread 'tests::pressure::stdout_and_stderr_floods_are_cumulative' (27402) panicked at crates/gripsack-process/src/tests/pressure.rs:69:5:
#25 343.6 stdout_total_was_not_enforced: Outcome { status: Some(ExitStatus(unix_wait_status(9))), reason: Deadline, stderr: [], stderr_truncated: false }
#25 343.6 note: run with `RUST_BACKTRACE=1` environment variable to display a backtrace
#25 343.6 test tests::pressure::stdout_and_stderr_floods_are_cumulative ... FAILED
#25 343.6 
#25 343.6 failures:
#25 343.6 
#25 343.6 failures:
#25 343.6     tests::pressure::stdout_and_stderr_floods_are_cumulative
#25 343.6 
#25 343.6 test result: FAILED. 0 passed; 1 failed; 0 ignored; 0 measured; 32 filtered out; finished in 3.92s
#25 343.6 
#25 343.6 error: test failed, to rerun pass `-p gripsack-process --lib`
#25 343.6 
#25 343.6 calibration: stdout-byte-observer rejected by tests::pressure::stdout_and_stderr_floods_are_cumulative
#25 343.6 RUNNER_COMMAND=cargo test --locked -p gripsack-process --lib tests::pressure::stdout_and_stderr_floods_are_cumulative -- --nocapture --exact
#25 347.7    Compiling gripsack-process v0.42.0 (/tmp/gripsack-process-bounds-tnr1pmol/source/crates/gripsack-process)
#25 347.7     Finished `test` profile [unoptimized + debuginfo] target(s) in 1.03s
#25 347.7      Running unittests src/lib.rs (/tmp/gripsack-process-bounds-tnr1pmol/target/debug/deps/gripsack_process-f50df9aa2ff20052)
#25 347.7 
#25 347.7 running 1 test
#25 347.7 
#25 347.7 thread 'tests::pressure::stdout_and_stderr_floods_are_cumulative' (27596) panicked at crates/gripsack-process/src/tests/pressure.rs:82:5:
#25 347.7 stderr_total_was_not_enforced: Outcome { status: Some(ExitStatus(unix_wait_status(9))), reason: Deadline, stderr: [99, 10, 100, 105, 97, 103, 110, 111, 115, 116, 105, 99, 10, 100, 105, 97, 103, 110, 111, 115, 116, 105, 99, 10, 100, 105, 97, 103, 110, 111, 115, 116, 105, 99, 10, 100, 105, 97, 103, 110, 111, 115, 116, 105, 99, 10, 100, 105, 97, 103, 110, 111, 115, 116, 105, 99, 10, 100, 105, 97, 103, 110, 111, 115, 116, 105, 99, 10, 100, 105, 97, 103, 110, 111, 115, 116, 105, 99, 10, 100, 105, 97, 103, 110, 111, 115, 116, 105, 99, 10, 100, 105, 97, 103, 110, 111, 115, 116, 105, 99, 10, 100, 105, 97, 103, 110, 111, 115, 116, 105, 99, 10, 100, 105, 97, 103, 110, 111, 115, 116, 105, 99, 10, 100, 105, 97, 103, 110, 111, 115, 116, 105, 99, 10, 100, 105, 97, 103, 110, 111, 115, 116, 105, 99, 10, 100, 105, 97, 103, 110, 111, 115, 116, 105, 99, 10, 100, 105, 97, 103, 110, 111, 115, 116, 105, 99, 10, 100, 105, 97, 103, 110, 111, 115, 116, 105, 99, 10, 100, 105, 97, 103, 110, 111, 115, 116, 105, 99, 10, 100, 105, 97, 103, 110, 111, 115, 116, 105, 99, 10, 100, 105, 97, 103, 110, 111, 115, 116, 105, 99, 10, 100, 105, 97, 103, 110, 111, 115, 116, 105, 99, 10, 100, 105, 97, 103, 110, 111, 115, 116, 105, 99, 10, 100, 105, 97, 103, 110, 111, 115, 116, 105, 99, 10, 100, 105, 97, 103, 110, 111, 115, 116, 105, 99, 10, 100, 105, 97, 103, 110, 111, 115, 116, 105, 99, 10, 100, 105, 97, 103, 110, 111, 115, 116, 105, 99, 10, 100, 105, 97, 103, 110, 111, 115, 116, 105, 99, 10, 100, 105, 97, 103, 110, 111, 115, 116, 105, 99, 10, 100, 105, 97, 103, 110, 111, 115, 116, 105, 99, 10, 100, 105, 97, 103, 110, 111, 115, 116, 105, 99, 10, 100, 105, 97, 103, 110, 111, 115, 116, 105, 99, 10, 100, 105, 97, 103, 110, 111, 115, 116, 105, 99, 10, 100, 105, 97, 103, 110, 111, 115, 116, 105, 99, 10, 100, 105, 97, 103, 110, 111, 115, 116, 105, 99, 10, 100, 105, 97, 103, 110, 111, 115, 116, 105, 99, 10, 100, 105, 97, 103, 110, 111, 115, 116, 105, 99, 10, 100, 105, 97, 103, 110, 111, 115, 116, 105, 99, 10, 100, 105, 97, 103, 110, 111, 115, 116, 105, 99, 10, 100, 105, 97, 103, 110, 111, 115, 116, 105, 99, 10, 100, 105, 97, 103, 110, 111, 115, 116, 105, 99, 10, 100, 105, 97, 103, 110, 111, 115, 116, 105, 99, 10, 100, 105, 97, 103, 110, 111, 115, 116, 105, 99, 10, 100, 105, 97, 103, 110, 111, 115, 116, 105, 99, 10, 100, 105, 97, 103, 110, 111, 115, 116, 105, 99, 10, 100, 105, 97, 103, 110, 111, 115, 116, 105, 99, 10, 100, 105, 97, 103, 110, 111, 115, 116, 105, 99, 10, 100, 105, 97, 103, 110, 111, 115, 116, 105, 99, 10, 100, 105, 97, 103, 110, 111, 115, 116, 105, 99, 10, 100, 105, 97, 103, 110, 111, 115, 116, 105, 99, 10, 100, 105, 97, 103, 110, 111, 115, 116, 105, 99, 10, 100, 105, 97, 103, 110, 111, 115, 116, 105, 99, 10, 100, 105, 97, 103, 110, 111, 115, 116, 105, 99, 10, 100, 105, 97, 103, 110, 111, 115, 116, 105, 99, 10, 100, 105, 97, 103, 110, 111, 115, 116, 105, 99, 10, 100, 105, 97, 103, 110, 111, 115, 116, 105, 99, 10, 100, 105, 97, 103, 110, 111, 115, 116, 105, 99, 10, 100, 105, 97, 103, 110, 111, 115, 116, 105, 99, 10, 100, 105, 97, 103, 110, 111, 115, 116, 105, 99, 10, 100, 105, 97, 103, 110, 111, 115, 116, 105, 99, 10, 100, 105, 97, 103, 110, 111, 115, 116, 105, 99, 10, 100, 105, 97, 103, 110, 111, 115, 116, 105, 99, 10, 100, 105, 97, 103, 110, 111, 115, 116, 105, 99, 10, 100, 105, 97, 103, 110, 111, 115, 116, 105, 99, 10, 100, 105, 97, 103, 110, 111, 115, 116, 105, 99, 10, 100, 105, 97, 103, 110, 111, 115, 116, 105, 99, 10, 100, 105, 97, 103, 110, 111, 115, 116, 105, 99, 10, 100, 105, 97, 103, 110, 111, 115, 116, 105, 99, 10, 100, 105, 97, 103, 110, 111, 115, 116, 105, 99, 10, 100, 105, 97, 103, 110, 111, 115, 116, 105, 99, 10, 100, 105, 97, 103, 110, 111, 115, 116, 105, 99, 10, 100, 105, 97, 103, 110, 111, 115, 116, 105, 99, 10, 100, 105, 97, 103, 110, 111, 115, 116, 105, 99, 10, 100, 105, 97, 103, 110, 111, 115, 116, 105, 99, 10, 100, 105, 97, 103, 110, 111, 115, 116, 105, 99, 10, 100, 105, 97, 103, 110, 111, 115, 116, 105, 99, 10, 100, 105, 97, 103, 110, 111, 115, 116, 105, 99, 10, 100, 105, 97, 103, 110, 111, 115, 116, 105, 99, 10, 100, 105, 97, 103, 110, 111, 115, 116, 105, 99, 10, 100, 105, 97, 103, 110, 111, 115, 116, 105, 99, 10, 100, 105, 97, 103, 110, 111, 115, 116, 105, 99, 10, 100, 105, 97, 103, 110, 111, 115, 116, 105, 99, 10, 100, 105, 97, 103, 110, 111, 115, 116, 105, 99, 10, 100, 105, 97, 103, 110, 111, 115, 116, 105, 99, 10, 100, 105, 97, 103, 110, 111, 115, 116, 105, 99, 10, 100, 105, 97, 103, 110, 111, 115, 116, 105, 99, 10, 100, 105, 97, 103, 110, 111, 115, 116, 105, 99, 10, 100, 105, 97, 103, 110, 111, 115, 116, 105, 99, 10, 100, 105, 97, 103, 110, 111, 115, 116, 105, 99, 10, 100, 105, 97, 103, 110, 111, 115, 116, 105, 99, 10, 100, 105, 97, 103, 110, 111, 115, 116, 105, 99, 10, 100, 105, 97, 103, 110, 111, 115, 116, 105, 99, 10, 100, 105, 97, 103, 110, 111, 115, 116, 105, 99, 10, 100, 105, 97, 103, 110, 111, 115, 116, 105, 99, 10, 100, 105, 97, 103, 110, 111, 115, 116, 105, 99], stderr_truncated: false }
#25 347.7 note: run with `RUST_BACKTRACE=1` environment variable to display a backtrace
#25 347.7 test tests::pressure::stdout_and_stderr_floods_are_cumulative ... FAILED
#25 347.7 
#25 347.7 failures:
#25 347.7 
#25 347.7 failures:
#25 347.7     tests::pressure::stdout_and_stderr_floods_are_cumulative
#25 347.7 
#25 347.7 test result: FAILED. 0 passed; 1 failed; 0 ignored; 0 measured; 32 filtered out; finished in 3.02s
#25 347.7 
#25 347.7 error: test failed, to rerun pass `-p gripsack-process --lib`
#25 347.7 
#25 347.7 calibration: stderr-byte-observer rejected by tests::pressure::stdout_and_stderr_floods_are_cumulative
#25 347.7 RUNNER_COMMAND=cargo test --locked -p gripsack-process --lib tests::pressure::huge_unterminated_line_is_stopped_incrementally -- --nocapture --exact
#25 348.9    Compiling gripsack-process v0.42.0 (/tmp/gripsack-process-bounds-tnr1pmol/source/crates/gripsack-process)
#25 348.9     Finished `test` profile [unoptimized + debuginfo] target(s) in 1.05s
#25 348.9      Running unittests src/lib.rs (/tmp/gripsack-process-bounds-tnr1pmol/target/debug/deps/gripsack_process-f50df9aa2ff20052)
#25 348.9 
#25 348.9 running 1 test
#25 348.9 
#25 348.9 thread 'tests::pressure::huge_unterminated_line_is_stopped_incrementally' (27791) panicked at crates/gripsack-process/src/tests/pressure.rs:51:5:
#25 348.9 frame_limit_was_not_enforced: Outcome { status: Some(ExitStatus(unix_wait_status(0))), reason: Exited, stderr: [], stderr_truncated: false }
#25 348.9 note: run with `RUST_BACKTRACE=1` environment variable to display a backtrace
#25 348.9 test tests::pressure::huge_unterminated_line_is_stopped_incrementally ... FAILED
#25 348.9 
#25 348.9 failures:
#25 348.9 
#25 348.9 failures:
#25 348.9     tests::pressure::huge_unterminated_line_is_stopped_incrementally
#25 348.9 
#25 348.9 test result: FAILED. 0 passed; 1 failed; 0 ignored; 0 measured; 32 filtered out; finished in 0.07s
#25 348.9 
#25 348.9 error: test failed, to rerun pass `-p gripsack-process --lib`
#25 348.9 
#25 348.9 calibration: dropped-frame-admission rejected by tests::pressure::huge_unterminated_line_is_stopped_incrementally
#25 348.9 RUNNER_COMMAND=cargo test --locked -p gripsack-process --lib tests::pressure::binary_stderr_tail_is_exact_across_pipe_chunks -- --nocapture --exact
#25 350.0    Compiling gripsack-process v0.42.0 (/tmp/gripsack-process-bounds-tnr1pmol/source/crates/gripsack-process)
#25 350.0     Finished `test` profile [unoptimized + debuginfo] target(s) in 1.11s
#25 350.0      Running unittests src/lib.rs (/tmp/gripsack-process-bounds-tnr1pmol/target/debug/deps/gripsack_process-f50df9aa2ff20052)
#25 350.0 
#25 350.0 running 1 test
#25 350.0 
#25 350.0 thread 'tests::pressure::binary_stderr_tail_is_exact_across_pipe_chunks' (27985) panicked at crates/gripsack-process/src/tests/pressure.rs:182:9:
#25 350.0 assertion `left == right` failed: stderr_tail_lost_exact_suffix
#25 350.0   left: [229, 230, 231, 232, 233, 234, 235, 236, 237, 238, 239, 240, 241]
#25 350.0  right: [233, 234, 235, 236, 237, 238, 239, 240, 241, 242, 243, 244, 245]
#25 350.0 note: run with `RUST_BACKTRACE=1` environment variable to display a backtrace
#25 350.0 test tests::pressure::binary_stderr_tail_is_exact_across_pipe_chunks ... FAILED
#25 350.0 
#25 350.0 failures:
#25 350.0 
#25 350.0 failures:
#25 350.0     tests::pressure::binary_stderr_tail_is_exact_across_pipe_chunks
#25 350.0 
#25 350.0 test result: FAILED. 0 passed; 1 failed; 0 ignored; 0 measured; 32 filtered out; finished in 0.00s
#25 350.0 
#25 350.0 error: test failed, to rerun pass `-p gripsack-process --lib`
#25 350.0 
#25 350.0 calibration: stderr-tail-effect rejected by tests::pressure::binary_stderr_tail_is_exact_across_pipe_chunks
#25 350.0 RUNNER_COMMAND=cargo test --locked -p gripsack-process --lib tests::pressure::binary_stderr_tail_is_exact_across_pipe_chunks -- --nocapture --exact
#25 351.2    Compiling gripsack-process v0.42.0 (/tmp/gripsack-process-bounds-tnr1pmol/source/crates/gripsack-process)
#25 351.2     Finished `test` profile [unoptimized + debuginfo] target(s) in 1.08s
#25 351.2      Running unittests src/lib.rs (/tmp/gripsack-process-bounds-tnr1pmol/target/debug/deps/gripsack_process-f50df9aa2ff20052)
#25 351.2 
#25 351.2 running 1 test
#25 351.2 
#25 351.2 thread 'tests::pressure::binary_stderr_tail_is_exact_across_pipe_chunks' (28179) panicked at crates/gripsack-process/src/tests/pressure.rs:182:9:
#25 351.2 assertion `left == right` failed: stderr_tail_lost_exact_suffix
#25 351.2   left: [4, 5, 6, 7, 8, 9, 10, 11, 12, 13, 14, 15, 16]
#25 351.2  right: [233, 234, 235, 236, 237, 238, 239, 240, 241, 242, 243, 244, 245]
#25 351.2 note: run with `RUST_BACKTRACE=1` environment variable to display a backtrace
#25 351.2 test tests::pressure::binary_stderr_tail_is_exact_across_pipe_chunks ... FAILED
#25 351.2 
#25 351.2 failures:
#25 351.2 
#25 351.2 failures:
#25 351.2     tests::pressure::binary_stderr_tail_is_exact_across_pipe_chunks
#25 351.2 
#25 351.2 test result: FAILED. 0 passed; 1 failed; 0 ignored; 0 measured; 32 filtered out; finished in 0.00s
#25 351.2 
#25 351.2 error: test failed, to rerun pass `-p gripsack-process --lib`
#25 351.2 
#25 351.2 calibration: input-window-effect rejected by tests::pressure::binary_stderr_tail_is_exact_across_pipe_chunks
#25 351.2 RUNNER_COMMAND=cargo test --locked -p gripsack-process --lib tests::lifecycle::completed_cleanup_cannot_erase_an_expired_operation -- --nocapture --exact
#25 352.4    Compiling gripsack-process v0.42.0 (/tmp/gripsack-process-bounds-tnr1pmol/source/crates/gripsack-process)
#25 352.4     Finished `test` profile [unoptimized + debuginfo] target(s) in 1.23s
#25 352.4      Running unittests src/lib.rs (/tmp/gripsack-process-bounds-tnr1pmol/target/debug/deps/gripsack_process-f50df9aa2ff20052)
#25 352.4 
#25 352.4 running 1 test
#25 352.4 
#25 352.4 thread 'tests::lifecycle::completed_cleanup_cannot_erase_an_expired_operation' (28373) panicked at crates/gripsack-process/src/tests/lifecycle.rs:98:5:
#25 352.4 expired_cleanup_was_reported_successfully: None
#25 352.4 note: run with `RUST_BACKTRACE=1` environment variable to display a backtrace
#25 352.4 test tests::lifecycle::completed_cleanup_cannot_erase_an_expired_operation ... FAILED
#25 352.4 
#25 352.4 failures:
#25 352.4 
#25 352.4 failures:
#25 352.4     tests::lifecycle::completed_cleanup_cannot_erase_an_expired_operation
#25 352.4 
#25 352.4 test result: FAILED. 0 passed; 1 failed; 0 ignored; 0 measured; 32 filtered out; finished in 0.00s
#25 352.4 
#25 352.4 error: test failed, to rerun pass `-p gripsack-process --lib`
#25 352.4 
#25 352.4 calibration: cleanup-deadline-observer rejected by tests::lifecycle::completed_cleanup_cannot_erase_an_expired_operation
#25 352.4 RUNNER_COMMAND=cargo test --locked -p gripsack-process --lib lifecycle::tests::reaped_leader_cannot_reauthorize_group_signals -- --nocapture --exact
#25 353.6    Compiling gripsack-process v0.42.0 (/tmp/gripsack-process-bounds-tnr1pmol/source/crates/gripsack-process)
#25 353.6     Finished `test` profile [unoptimized + debuginfo] target(s) in 1.09s
#25 353.6      Running unittests src/lib.rs (/tmp/gripsack-process-bounds-tnr1pmol/target/debug/deps/gripsack_process-f50df9aa2ff20052)
#25 353.6 
#25 353.6 running 1 test
#25 353.6 
#25 353.6 thread 'lifecycle::tests::reaped_leader_cannot_reauthorize_group_signals' (28567) panicked at crates/gripsack-process/src/lifecycle.rs:230:18:
#25 353.6 reaped_leader_regained_signal_authority: ()
#25 353.6 note: run with `RUST_BACKTRACE=1` environment variable to display a backtrace
#25 353.6 test lifecycle::tests::reaped_leader_cannot_reauthorize_group_signals ... FAILED
#25 353.6 
#25 353.6 failures:
#25 353.6 
#25 353.6 failures:
#25 353.6     lifecycle::tests::reaped_leader_cannot_reauthorize_group_signals
#25 353.6 
#25 353.6 test result: FAILED. 0 passed; 1 failed; 0 ignored; 0 measured; 32 filtered out; finished in 0.00s
#25 353.6 
#25 353.6 error: test failed, to rerun pass `-p gripsack-process --lib`
#25 353.6 
#25 353.6 calibration: reap-result-authority rejected by lifecycle::tests::reaped_leader_cannot_reauthorize_group_signals
#25 353.6 RUNNER_COMMAND=cargo build --locked -p gripsack-process --example signal_denial
#25 354.5    Compiling gripsack-process v0.42.0 (/tmp/gripsack-process-bounds-tnr1pmol/source/crates/gripsack-process)
#25 354.5     Finished `dev` profile [unoptimized + debuginfo] target(s) in 0.95s
#25 354.5 
#25 354.6 SIGNAL_FIXTURE_BINARY_SHA256=9321dfe41c8daabcc1845c6587cead0af75340f4843f1ed57a47078ab0c09381
#25 354.6 RUNNER_COMMAND=/tmp/gripsack-process-bounds-tnr1pmol/target/debug/examples/signal_denial
#25 354.6 SIGNAL_DENIAL_OUTCOME=Outcome { status: Some(ExitStatus(unix_wait_status(0))), reason: Exited, stderr: [], stderr_truncated: false }
#25 354.6 
#25 354.6 thread 'main' (28817) panicked at crates/gripsack-process/examples/signal_denial.rs:77:14:
#25 354.6 denied_group_signal_was_reported_successfully: Outcome { status: Some(ExitStatus(unix_wait_status(0))), reason: Exited, stderr: [], stderr_truncated: false }
#25 354.6 note: run with `RUST_BACKTRACE=1` environment variable to display a backtrace
#25 354.6 
#25 354.6 calibration: signal-error-classification rejected by permission
#25 354.6 RUNNER_COMMAND=cargo build --locked -p gripsack-process --example signal_denial
#25 355.4    Compiling gripsack-process v0.42.0 (/tmp/gripsack-process-bounds-tnr1pmol/source/crates/gripsack-process)
#25 355.4     Finished `dev` profile [unoptimized + debuginfo] target(s) in 0.78s
#25 355.4 
#25 355.4 SIGNAL_FIXTURE_BINARY_SHA256=b6ffceacce082e56d89d38f0186b226be268f21384dadc9f49b582aa3b4d5db4
#25 355.4 RUNNER_COMMAND=/tmp/gripsack-process-bounds-tnr1pmol/target/debug/examples/signal_denial
#25 355.4 SIGNAL_DENIAL_OUTCOME=Outcome { status: Some(ExitStatus(unix_wait_status(0))), reason: Cleanup { cause: Io(Os { code: 1, kind: PermissionDenied, message: "Operation not permitted" }), error: Custom { kind: PermissionDenied, error: "Operation not permitted (os error 1)" } }, stderr: [], stderr_truncated: false }
#25 355.4 
#25 355.4 thread 'main' (29067) panicked at crates/gripsack-process/examples/signal_denial.rs:67:13:
#25 355.4 assertion `left == right` failed: cleanup_errno_was_lost
#25 355.4   left: None
#25 355.4  right: Some(1)
#25 355.4 note: run with `RUST_BACKTRACE=1` environment variable to display a backtrace
#25 355.4 
#25 355.4 calibration: signal-errno-receipt rejected by permission
#25 355.4 PROCESS_BOUNDS_MUTANTS=10
#25 355.4 Process bounds gate: OK
#25 356.3 UPDATE_SURVEY_INPUT_SHA256={"Cargo.lock": "73e2057d91135452505530923d38da4494aa8c0d1541dcc6a27803e891fc5f4c", "Cargo.toml": "2acc969d77f3274d49f33666d81d20fcf845e7f1546ecea1a1e8e5cd2db79bd4", "crates/gripsack-exec/src/report.rs": "2606e96209270ca58a4fec364bcd0e1ea983cf32200c744a861690f81a82d8c0", "crates/gripsack-exec/src/source/preflight.rs": "c97691e6030880ee3f848aeb19754a84a9f707bcdd706d7813a9aefcdd45b712", "crates/gripsack-exec/src/update.rs": "13b505e3e96eabc6a2fe663671249e15b1f852df2bdf84f7364bd7d3b6d1bf42", "crates/gripsack-exec/src/update/prepare.rs": "a48ae6e22e9e52a2ed18709353e3c5ccaa834dd510cedb933c4c29c19f45b4a7", "crates/gripsack-exec/src/update/tests.rs": "67eab24b41c7331bc97b059bf7adbcafdbd75ffa79e9592595fbdb17668b0599", "crates/gripsack-exec/src/workspace/mod.rs": "2ecf575a9c7c9cb8fc51b66e7c48bbe8b7d61e0417d155fbf993059adb54191d", "crates/gripsack-policy/src/update_survey.rs": "091f57d737e4ac9d77f1dcd8a4b9e8f0424f52d6bcd6f6a9c61cdfd06d06e61a"}
#25 356.3 RUNNER_COMMAND=cargo test --locked -p gripsack-exec --lib report::update_model::every_survey_order_preserves_error_over_change_precedence -- --exact --nocapture
#25 394.3    Compiling proc-macro2 v1.0.107
#25 394.3    Compiling quote v1.0.47
#25 394.3    Compiling unicode-ident v1.0.24
#25 394.3    Compiling libc v0.2.189
#25 394.3    Compiling find-msvc-tools v0.1.11
#25 394.3    Compiling shlex v2.0.1
#25 394.3    Compiling cfg-if v1.0.4
#25 394.3    Compiling stable_deref_trait v1.2.1
#25 394.3    Compiling serde_core v1.0.229
#25 394.3    Compiling once_cell v1.21.4
#25 394.3    Compiling pkg-config v0.3.34
#25 394.3    Compiling rustix v1.1.4
#25 394.3    Compiling linux-raw-sys v0.12.1
#25 394.3    Compiling smallvec v1.15.2
#25 394.3    Compiling bitflags v2.13.1
#25 394.3    Compiling litemap v0.8.3
#25 394.3    Compiling hashbrown v0.17.1
#25 394.3    Compiling verus_prettyplease v0.0.0-2026-09-06-0133
#25 394.3    Compiling writeable v0.6.4
#25 394.3    Compiling equivalent v1.0.2
#25 394.3    Compiling utf8_iter v1.0.4
#25 394.3    Compiling icu_normalizer_data v2.3.0
#25 394.3    Compiling log v0.4.34
#25 394.3    Compiling icu_properties_data v2.3.0
#25 394.3    Compiling zmij v1.0.23
#25 394.3    Compiling io-lifetimes v3.0.1
#25 394.3    Compiling vstd v0.0.0-2026-09-06-0133
#25 394.3    Compiling zeroize v1.9.0
#25 394.3    Compiling serde v1.0.229
#25 394.3    Compiling typenum v1.20.1
#25 394.3    Compiling io-lifetimes v2.0.4
#25 394.3    Compiling convert_case v0.4.0
#25 394.3    Compiling memchr v2.8.3
#25 394.3    Compiling verus_builtin v0.0.0-2026-09-06-0133
#25 394.3    Compiling serde_json v1.0.151
#25 394.3    Compiling io-extras v0.19.0
#25 394.3    Compiling itoa v1.0.18
#25 394.3    Compiling cap-primitives v4.0.3
#25 394.3    Compiling thiserror v2.0.20
#25 394.3    Compiling winnow v1.0.4
#25 394.3    Compiling rustversion v1.0.23
#25 394.3    Compiling crc32fast v1.5.1
#25 394.3    Compiling tracing-core v0.1.36
#25 394.3    Compiling untrusted v0.9.0
#25 394.3    Compiling rustls-pki-types v1.15.1
#25 394.3    Compiling simd-adler32 v0.3.10
#25 394.3    Compiling getrandom v0.4.3
#25 394.3    Compiling ipnet v2.12.1
#25 394.3    Compiling zstd-safe v7.2.4
#25 394.3    Compiling ambient-authority v0.0.2
#25 394.3    Compiling maybe-owned v0.3.4
#25 394.3    Compiling cap-std v4.0.3
#25 394.3    Compiling const-oid v0.10.2
#25 394.3    Compiling toml_writer v1.1.2+spec-1.1.0
#25 394.3    Compiling percent-encoding v2.3.2
#25 394.3    Compiling pin-project-lite v0.2.17
#25 394.3    Compiling parking_lot_core v0.9.12
#25 394.3    Compiling adler2 v2.0.1
#25 394.3    Compiling form_urlencoded v1.2.2
#25 394.3    Compiling rustls v0.23.45
#25 394.3    Compiling cpufeatures v0.3.0
#25 394.3    Compiling regex-syntax v0.8.11
#25 394.3    Compiling scopeguard v1.2.0
#25 394.3    Compiling libbz2-rs-sys v0.2.5
#25 394.3    Compiling winnow v0.7.15
#25 394.3    Compiling miniz_oxide v0.8.9
#25 394.3    Compiling bumpalo v3.20.3
#25 394.3    Compiling subtle v2.6.1
#25 394.3    Compiling lazy_static v1.5.0
#25 394.3    Compiling fastrand v2.5.0
#25 394.3    Compiling zlib-rs v0.6.7
#25 394.3    Compiling lock_api v0.4.14
#25 394.3    Compiling thread_local v1.1.10
#25 394.3    Compiling webpki-roots v1.0.9
#25 394.3    Compiling sharded-slab v0.1.7
#25 394.3    Compiling toml_parser v1.1.3+spec-1.1.0
#25 394.3    Compiling typed-path v0.12.3
#25 394.3    Compiling base64 v0.22.1
#25 394.3    Compiling nu-ansi-term v0.50.3
#25 394.3    Compiling openssl-probe v0.2.1
#25 394.3    Compiling indexmap v2.14.0
#25 394.3    Compiling webpki-roots v0.26.11
#25 394.3    Compiling tracing-log v0.2.0
#25 394.3    Compiling httpdate v1.0.3
#25 394.3    Compiling scoped-tls v1.0.1
#25 394.3    Compiling zopfli v0.8.3
#25 394.3    Compiling rustls-native-certs v0.8.4
#25 394.3    Compiling bzip2 v0.6.1
#25 394.3    Compiling syn v2.0.119
#25 394.3    Compiling syn v3.0.4
#25 394.3    Compiling verus_syn v0.0.0-2026-09-06-0133
#25 394.3    Compiling hybrid-array v0.4.14
#25 394.3    Compiling jobserver v0.1.35
#25 394.3    Compiling getrandom v0.2.17
#25 394.3    Compiling filetime v0.2.29
#25 394.3    Compiling parking_lot v0.12.5
#25 394.3    Compiling cc v1.4.4
#25 394.3    Compiling block-buffer v0.12.1
#25 394.3    Compiling crypto-common v0.2.2
#25 394.3    Compiling regex-automata v0.4.18
#25 394.3    Compiling digest v0.11.3
#25 394.3    Compiling sha2 v0.11.0
#25 394.3    Compiling ring v0.17.14
#25 394.3    Compiling zstd-sys v2.0.16+zstd.1.5.7
#25 394.3    Compiling lzma-sys v0.1.20
#25 394.3    Compiling generator v0.8.10
#25 394.3    Compiling serde_spanned v1.1.1
#25 394.3    Compiling toml_datetime v0.7.5+spec-1.1.0
#25 394.3    Compiling toml_datetime v1.1.1+spec-1.1.0
#25 394.3    Compiling toml v0.9.12+spec-1.1.0
#25 394.3    Compiling toml v1.1.4+spec-1.1.0
#25 394.3    Compiling flate2 v1.1.9
#25 394.3    Compiling matchers v0.2.0
#25 394.3    Compiling zerovec-derive v0.11.6
#25 394.3    Compiling displaydoc v0.2.7
#25 394.3    Compiling serde_derive v1.0.229
#25 394.3    Compiling thiserror-impl v2.0.20
#25 394.3    Compiling rustix-linux-procfs v0.1.1
#25 394.3    Compiling fs-set-times v0.20.3
#25 394.3    Compiling xattr v1.6.1
#25 394.3    Compiling tempfile v3.27.0
#25 394.3    Compiling xz2 v0.1.7
#25 394.3    Compiling tar v0.4.46
#25 394.3    Compiling gripsack-fs v0.42.0 (/tmp/gripsack-update-survey-4_3x3z1r/source/crates/gripsack-fs)
#25 394.3    Compiling synstructure v0.13.2
#25 394.3    Compiling rustls-webpki v0.103.15
#25 394.3    Compiling zstd v0.13.3
#25 394.3    Compiling zip v8.6.0
#25 394.3    Compiling zerofrom-derive v0.1.7
#25 394.3    Compiling yoke-derive v0.8.2
#25 394.3    Compiling tracing-attributes v0.1.31
#25 394.3    Compiling zerofrom v0.1.8
#25 394.3    Compiling yoke v0.8.3
#25 394.3    Compiling tracing v0.1.44
#25 394.3    Compiling zerovec v0.11.8
#25 394.3    Compiling zerotrie v0.2.5
#25 394.3    Compiling tracing-subscriber v0.3.23
#25 394.3    Compiling verus_state_machines_macros v0.0.0-2026-09-06-0133
#25 394.3    Compiling verus_builtin_macros v0.0.0-2026-09-06-0133
#25 394.3    Compiling tinystr v0.8.4
#25 394.3    Compiling potential_utf v0.1.6
#25 394.3    Compiling icu_collections v2.3.0
#25 394.3    Compiling icu_locale_core v2.3.0
#25 394.3    Compiling loom v0.7.2
#25 394.3    Compiling icu_provider v2.3.1
#25 394.3    Compiling icu_properties v2.3.0
#25 394.3    Compiling icu_normalizer v2.3.0
#25 394.3    Compiling idna_adapter v1.2.2
#25 394.3    Compiling idna v1.1.0
#25 394.3    Compiling url v2.5.8
#25 394.3    Compiling ureq v2.12.1
#25 394.3    Compiling gripsack-policy v0.42.0 (/tmp/gripsack-update-survey-4_3x3z1r/source/crates/gripsack-policy)
#25 394.3    Compiling gripsack-ir v0.42.0 (/tmp/gripsack-update-survey-4_3x3z1r/source/crates/gripsack-ir)
#25 394.3    Compiling gripsack-process v0.42.0 (/tmp/gripsack-update-survey-4_3x3z1r/source/crates/gripsack-process)
#25 394.3    Compiling gripsack-store v0.42.0 (/tmp/gripsack-update-survey-4_3x3z1r/source/crates/gripsack-store)
#25 394.3    Compiling gripsack-config v0.42.0 (/tmp/gripsack-update-survey-4_3x3z1r/source/crates/gripsack-config)
#25 394.3    Compiling gripsack-fetch v0.42.0 (/tmp/gripsack-update-survey-4_3x3z1r/source/crates/gripsack-fetch)
#25 394.3    Compiling gripsack-exec v0.42.0 (/tmp/gripsack-update-survey-4_3x3z1r/source/crates/gripsack-exec)
#25 394.3     Finished `test` profile [unoptimized + debuginfo] target(s) in 37.96s
#25 394.3      Running unittests src/lib.rs (/tmp/gripsack-update-survey-4_3x3z1r/target/debug/deps/gripsack_exec-0966ca665b49150b)
#25 394.3 
#25 394.3 running 1 test
#25 394.3 test report::update_model::every_survey_order_preserves_error_over_change_precedence ... ok
#25 394.3 
#25 394.3 test result: ok. 1 passed; 0 failed; 0 ignored; 0 measured; 55 filtered out; finished in 0.00s
#25 394.3 
#25 394.3 
#25 394.3 RUNNER_COMMAND=cargo test --locked -p gripsack-exec --lib update::tests::check_and_publish_agree_on_metadata_only_pin_changes -- --exact --nocapture
#25 394.6     Finished `test` profile [unoptimized + debuginfo] target(s) in 0.21s
#25 394.6      Running unittests src/lib.rs (/tmp/gripsack-update-survey-4_3x3z1r/target/debug/deps/gripsack_exec-0966ca665b49150b)
#25 394.6 
#25 394.6 running 1 test
#25 394.6 test update::tests::check_and_publish_agree_on_metadata_only_pin_changes ... ok
#25 394.6 
#25 394.6 test result: ok. 1 passed; 0 failed; 0 ignored; 0 measured; 55 filtered out; finished in 0.11s
#25 394.6 
#25 394.6 
#25 394.6 RUNNER_COMMAND=cargo test --locked -p gripsack-exec --lib update::tests::selected_survey_preserves_every_result_and_only_complete_publish_changes_lock -- --exact --nocapture
#25 394.9     Finished `test` profile [unoptimized + debuginfo] target(s) in 0.19s
#25 394.9      Running unittests src/lib.rs (/tmp/gripsack-update-survey-4_3x3z1r/target/debug/deps/gripsack_exec-0966ca665b49150b)
#25 394.9 
#25 394.9 running 1 test
#25 394.9 test update::tests::selected_survey_preserves_every_result_and_only_complete_publish_changes_lock ... ok
#25 394.9 
#25 394.9 test result: ok. 1 passed; 0 failed; 0 ignored; 0 measured; 55 filtered out; finished in 0.06s
#25 394.9 
#25 394.9 
#25 394.9 UPDATE_SURVEY_PROPERTIES=3
#25 394.9 RUNNER_COMMAND=cargo test --locked -p gripsack-exec --lib update::tests::selected_survey_preserves_every_result_and_only_complete_publish_changes_lock -- --exact --nocapture
#25 398.7    Compiling gripsack-exec v0.42.0 (/tmp/gripsack-update-survey-4_3x3z1r/source/crates/gripsack-exec)
#25 398.7     Finished `test` profile [unoptimized + debuginfo] target(s) in 3.68s
#25 398.7      Running unittests src/lib.rs (/tmp/gripsack-update-survey-4_3x3z1r/target/debug/deps/gripsack_exec-0966ca665b49150b)
#25 398.7 
#25 398.7 running 1 test
#25 398.7 
#25 398.7 thread 'update::tests::selected_survey_preserves_every_result_and_only_complete_publish_changes_lock' (33338) panicked at crates/gripsack-exec/src/update/tests.rs:127:10:
#25 398.7 selected_survey_did_not_account_for_all_modules: Step { module: "*", step: "survey", detail: "update report accounting does not match the selected entries" }
#25 398.7 note: run with `RUST_BACKTRACE=1` environment variable to display a backtrace
#25 398.7 test update::tests::selected_survey_preserves_every_result_and_only_complete_publish_changes_lock ... FAILED
#25 398.7 
#25 398.7 failures:
#25 398.7 
#25 398.7 failures:
#25 398.7     update::tests::selected_survey_preserves_every_result_and_only_complete_publish_changes_lock
#25 398.7 
#25 398.7 test result: FAILED. 0 passed; 1 failed; 0 ignored; 0 measured; 55 filtered out; finished in 0.03s
#25 398.7 
#25 398.7 error: test failed, to rerun pass `-p gripsack-exec --lib`
#25 398.7 
#25 398.7 calibration: missing-selected-observation rejected by update::tests::selected_survey_preserves_every_result_and_only_complete_publish_changes_lock
#25 398.7 RUNNER_COMMAND=cargo test --locked -p gripsack-exec --lib update::tests::selected_survey_preserves_every_result_and_only_complete_publish_changes_lock -- --exact --nocapture
#25 401.9    Compiling gripsack-exec v0.42.0 (/tmp/gripsack-update-survey-4_3x3z1r/source/crates/gripsack-exec)
#25 401.9     Finished `test` profile [unoptimized + debuginfo] target(s) in 3.20s
#25 401.9      Running unittests src/lib.rs (/tmp/gripsack-update-survey-4_3x3z1r/target/debug/deps/gripsack_exec-0966ca665b49150b)
#25 401.9 
#25 401.9 running 1 test
#25 401.9 
#25 401.9 thread 'update::tests::selected_survey_preserves_every_result_and_only_complete_publish_changes_lock' (33617) panicked at crates/gripsack-exec/src/update/tests.rs:153:5:
#25 401.9 assertion `left == right` failed: survey_disposition_counts_misclassified
#25 401.9   left: (0, 3, 1, 0)
#25 401.9  right: (0, 1, 1, 2)
#25 401.9 note: run with `RUST_BACKTRACE=1` environment variable to display a backtrace
#25 401.9 test update::tests::selected_survey_preserves_every_result_and_only_complete_publish_changes_lock ... FAILED
#25 401.9 
#25 401.9 failures:
#25 401.9 
#25 401.9 failures:
#25 401.9     update::tests::selected_survey_preserves_every_result_and_only_complete_publish_changes_lock
#25 401.9 
#25 401.9 test result: FAILED. 0 passed; 1 failed; 0 ignored; 0 measured; 55 filtered out; finished in 0.04s
#25 401.9 
#25 401.9 error: test failed, to rerun pass `-p gripsack-exec --lib`
#25 401.9 
#25 401.9 calibration: failure-status-projection rejected by update::tests::selected_survey_preserves_every_result_and_only_complete_publish_changes_lock
#25 401.9 RUNNER_COMMAND=cargo test --locked -p gripsack-exec --lib update::tests::check_and_publish_agree_on_metadata_only_pin_changes -- --exact --nocapture
#25 405.2    Compiling gripsack-exec v0.42.0 (/tmp/gripsack-update-survey-4_3x3z1r/source/crates/gripsack-exec)
#25 405.2     Finished `test` profile [unoptimized + debuginfo] target(s) in 3.22s
#25 405.2      Running unittests src/lib.rs (/tmp/gripsack-update-survey-4_3x3z1r/target/debug/deps/gripsack_exec-0966ca665b49150b)
#25 405.2 
#25 405.2 running 1 test
#25 405.2 
#25 405.2 thread 'update::tests::check_and_publish_agree_on_metadata_only_pin_changes' (33896) panicked at crates/gripsack-exec/src/update/tests.rs:47:5:
#25 405.2 check_full_entry_change_was_missed
#25 405.2 note: run with `RUST_BACKTRACE=1` environment variable to display a backtrace
#25 405.2 test update::tests::check_and_publish_agree_on_metadata_only_pin_changes ... FAILED
#25 405.2 
#25 405.2 failures:
#25 405.2 
#25 405.2 failures:
#25 405.2     update::tests::check_and_publish_agree_on_metadata_only_pin_changes
#25 405.2 
#25 405.2 test result: FAILED. 0 passed; 1 failed; 0 ignored; 0 measured; 55 filtered out; finished in 0.03s
#25 405.2 
#25 405.2 error: test failed, to rerun pass `-p gripsack-exec --lib`
#25 405.2 
#25 405.2 calibration: partial-entry-equality rejected by update::tests::check_and_publish_agree_on_metadata_only_pin_changes
#25 405.2 RUNNER_COMMAND=cargo test --locked -p gripsack-exec --lib update::tests::selected_survey_preserves_every_result_and_only_complete_publish_changes_lock -- --exact --nocapture
#25 408.4    Compiling gripsack-exec v0.42.0 (/tmp/gripsack-update-survey-4_3x3z1r/source/crates/gripsack-exec)
#25 408.4     Finished `test` profile [unoptimized + debuginfo] target(s) in 3.08s
#25 408.4      Running unittests src/lib.rs (/tmp/gripsack-update-survey-4_3x3z1r/target/debug/deps/gripsack_exec-0966ca665b49150b)
#25 408.4 
#25 408.4 running 1 test
#25 408.4 
#25 408.4 thread 'update::tests::selected_survey_preserves_every_result_and_only_complete_publish_changes_lock' (34175) panicked at crates/gripsack-exec/src/update/tests.rs:170:5:
#25 408.4 assertion `left == right` failed: check_published_source_cache
#25 408.4   left: PayloadHash("f5caba56691572a5fb1ae6f27fa365af3aa0b1928c6b3804813345205328e34a")
#25 408.4  right: PayloadHash("4ab4c083757af63e626a888fc72794e648034449e5d08f444b2427bd6d8dd26a")
#25 408.4 note: run with `RUST_BACKTRACE=1` environment variable to display a backtrace
#25 408.4 test update::tests::selected_survey_preserves_every_result_and_only_complete_publish_changes_lock ... FAILED
#25 408.4 
#25 408.4 failures:
#25 408.4 
#25 408.4 failures:
#25 408.4     update::tests::selected_survey_preserves_every_result_and_only_complete_publish_changes_lock
#25 408.4 
#25 408.4 test result: FAILED. 0 passed; 1 failed; 0 ignored; 0 measured; 55 filtered out; finished in 0.05s
#25 408.4 
#25 408.4 error: test failed, to rerun pass `-p gripsack-exec --lib`
#25 408.4 
#25 408.4 calibration: check-source-publication rejected by update::tests::selected_survey_preserves_every_result_and_only_complete_publish_changes_lock
#25 408.4 RUNNER_COMMAND=cargo test --locked -p gripsack-exec --lib update::tests::check_and_publish_agree_on_metadata_only_pin_changes -- --exact --nocapture
#25 411.4    Compiling gripsack-exec v0.42.0 (/tmp/gripsack-update-survey-4_3x3z1r/source/crates/gripsack-exec)
#25 411.4     Finished `test` profile [unoptimized + debuginfo] target(s) in 2.93s
#25 411.4      Running unittests src/lib.rs (/tmp/gripsack-update-survey-4_3x3z1r/target/debug/deps/gripsack_exec-0966ca665b49150b)
#25 411.4 
#25 411.4 running 1 test
#25 411.4 
#25 411.4 thread 'update::tests::check_and_publish_agree_on_metadata_only_pin_changes' (34454) panicked at crates/gripsack-exec/src/update/tests.rs:56:5:
#25 411.4 assertion `left == right` failed: check_published_lock
#25 411.4   left: 3274552
#25 411.4  right: 3274553
#25 411.4 note: run with `RUST_BACKTRACE=1` environment variable to display a backtrace
#25 411.4 test update::tests::check_and_publish_agree_on_metadata_only_pin_changes ... FAILED
#25 411.4 
#25 411.4 failures:
#25 411.4 
#25 411.4 failures:
#25 411.4     update::tests::check_and_publish_agree_on_metadata_only_pin_changes
#25 411.4 
#25 411.4 test result: FAILED. 0 passed; 1 failed; 0 ignored; 0 measured; 55 filtered out; finished in 0.04s
#25 411.4 
#25 411.4 error: test failed, to rerun pass `-p gripsack-exec --lib`
#25 411.4 
#25 411.4 calibration: check-lock-publication rejected by update::tests::check_and_publish_agree_on_metadata_only_pin_changes
#25 411.4 RUNNER_COMMAND=cargo test --locked -p gripsack-exec --lib update::tests::check_and_publish_agree_on_metadata_only_pin_changes -- --exact --nocapture
#25 414.3    Compiling gripsack-exec v0.42.0 (/tmp/gripsack-update-survey-4_3x3z1r/source/crates/gripsack-exec)
#25 414.3     Finished `test` profile [unoptimized + debuginfo] target(s) in 2.89s
#25 414.3      Running unittests src/lib.rs (/tmp/gripsack-update-survey-4_3x3z1r/target/debug/deps/gripsack_exec-0966ca665b49150b)
#25 414.3 
#25 414.3 running 1 test
#25 414.3 
#25 414.3 thread 'update::tests::check_and_publish_agree_on_metadata_only_pin_changes' (34733) panicked at crates/gripsack-exec/src/update/tests.rs:33:9:
#25 414.3 published lock missing
#25 414.3 note: run with `RUST_BACKTRACE=1` environment variable to display a backtrace
#25 414.3 test update::tests::check_and_publish_agree_on_metadata_only_pin_changes ... FAILED
#25 414.3 
#25 414.3 failures:
#25 414.3 
#25 414.3 failures:
#25 414.3     update::tests::check_and_publish_agree_on_metadata_only_pin_changes
#25 414.3 
#25 414.3 test result: FAILED. 0 passed; 1 failed; 0 ignored; 0 measured; 55 filtered out; finished in 0.01s
#25 414.3 
#25 414.3 error: test failed, to rerun pass `-p gripsack-exec --lib`
#25 414.3 
#25 414.3 calibration: dropped-lock-effect rejected by update::tests::check_and_publish_agree_on_metadata_only_pin_changes
#25 414.3 RUNNER_COMMAND=cargo test --locked -p gripsack-exec --lib update::tests::selected_survey_preserves_every_result_and_only_complete_publish_changes_lock -- --exact --nocapture
#25 417.3    Compiling gripsack-exec v0.42.0 (/tmp/gripsack-update-survey-4_3x3z1r/source/crates/gripsack-exec)
#25 417.3     Finished `test` profile [unoptimized + debuginfo] target(s) in 2.90s
#25 417.3      Running unittests src/lib.rs (/tmp/gripsack-update-survey-4_3x3z1r/target/debug/deps/gripsack_exec-0966ca665b49150b)
#25 417.3 
#25 417.3 running 1 test
#25 417.3 
#25 417.3 thread 'update::tests::selected_survey_preserves_every_result_and_only_complete_publish_changes_lock' (35012) panicked at crates/gripsack-exec/src/update/tests.rs:177:5:
#25 417.3 assertion `left == right` failed: failed_update_partially_published_lock
#25 417.3   left: [123, 10, 32, 32, 34, 109, 111, 100, 117, 108, 101, 115, 34, 58, 32, 123, 10, 32, 32, 32, 32, 34, 97, 108, 112, 104, 97, 34, 58, 32, 123, 10, 32, 32, 32, 32, 32, 32, 34, 102, 101, 116, 99, 104, 34, 58, 32, 123, 10, 32, 32, 32, 32, 32, 32, 32, 32, 34, 107, 105, 110, 100, 34, 58, 32, 34, 102, 105, 108, 101, 34, 44, 10, 32, 32, 32, 32, 32, 32, 32, 32, 34, 112, 97, 116, 104, 34, 58, 32, 34, 47, 116, 109, 112, 47, 46, 116, 109, 112, 65, 51, 67, 98, 71, 105, 47, 114, 101, 112, 111, 47, 115, 111, 117, 114, 99, 101, 46, 116, 120, 116, 34, 10, 32, 32, 32, 32, 32, 32, 125, 44, 10, 32, 32, 32, 32, 32, 32, 34, 114, 101, 115, 111, 108, 118, 101, 100, 34, 58, 32, 123, 10, 32, 32, 32, 32, 32, 32, 32, 32, 34, 115, 104, 97, 50, 53, 54, 34, 58, 32, 34, 48, 98, 48, 55, 100, 101, 54, 50, 100, 56, 49, 100, 56, 99, 100, 54, 50, 48, 51, 101, 97, 102, 51, 49, 97, 99, 98, 52, 102, 48, 54, 52, 50, 57, 102, 48, 53, 55, 98, 53, 57, 101, 57, 99, 50, 102, 56, 56, 101, 97, 101, 50, 102, 102, 53, 57, 97, 52, 55, 98, 50, 53, 48, 100, 34, 44, 10, 32, 32, 32, 32, 32, 32, 32, 32, 34, 116, 114, 101, 101, 50, 53, 54, 34, 58, 32, 34, 49, 99, 50, 98, 100, 98, 101, 49, 55, 102, 100, 52, 54, 50, 50, 53, 52, 54, 50, 50, 48, 98, 55, 54, 50, 53, 55, 48, 98, 50, 52, 100, 51, 56, 54, 55, 55, 52, 55, 56, 54, 49, 97, 102, 57, 100, 100, 50, 97, 50, 56, 98, 56, 49, 53, 53, 54, 51, 49, 48, 55, 101, 97, 97, 34, 10, 32, 32, 32, 32, 32, 32, 125, 10, 32, 32, 32, 32, 125, 10, 32, 32, 125, 10, 125]
#25 417.3  right: [123, 10, 32, 32, 34, 109, 111, 100, 117, 108, 101, 115, 34, 58, 32, 123, 10, 32, 32, 32, 32, 34, 97, 108, 112, 104, 97, 34, 58, 32, 123, 10, 32, 32, 32, 32, 32, 32, 34, 102, 101, 116, 99, 104, 34, 58, 32, 123, 10, 32, 32, 32, 32, 32, 32, 32, 32, 34, 107, 105, 110, 100, 34, 58, 32, 34, 102, 105, 108, 101, 34, 44, 10, 32, 32, 32, 32, 32, 32, 32, 32, 34, 112, 97, 116, 104, 34, 58, 32, 34, 47, 116, 109, 112, 47, 46, 116, 109, 112, 65, 51, 67, 98, 71, 105, 47, 114, 101, 112, 111, 47, 115, 111, 117, 114, 99, 101, 46, 116, 120, 116, 34, 10, 32, 32, 32, 32, 32, 32, 125, 44, 10, 32, 32, 32, 32, 32, 32, 34, 114, 101, 115, 111, 108, 118, 101, 100, 34, 58, 32, 123, 10, 32, 32, 32, 32, 32, 32, 32, 32, 34, 115, 104, 97, 50, 53, 54, 34, 58, 32, 34, 97, 53, 56, 101, 99, 55, 51, 54, 49, 54, 48, 100, 48, 99, 49, 49, 50, 102, 99, 99, 102, 50, 51, 53, 98, 56, 48, 100, 57, 56, 54, 50, 55, 98, 57, 102, 52, 51, 56, 52, 51, 99, 98, 48, 51, 97, 100, 53, 48, 100, 57, 55, 101, 99, 51, 53, 52, 101, 97, 101, 102, 49, 50, 102, 34, 44, 10, 32, 32, 32, 32, 32, 32, 32, 32, 34, 116, 114, 101, 101, 50, 53, 54, 34, 58, 32, 34, 50, 51, 97, 51, 55, 57, 51, 56, 48, 49, 97, 49, 57, 101, 48, 48, 54, 56, 52, 100, 48, 52, 52, 49, 97, 57, 51, 102, 97, 100, 99, 50, 57, 100, 56, 99, 98, 56, 57, 100, 48, 101, 56, 101, 48, 100, 53, 97, 51, 99, 54, 98, 53, 50, 97, 51, 48, 56, 55, 50, 53, 102, 98, 101, 34, 10, 32, 32, 32, 32, 32, 32, 125, 10, 32, 32, 32, 32, 125, 10, 32, 32, 125, 10, 125]
#25 417.3 note: run with `RUST_BACKTRACE=1` environment variable to display a backtrace
#25 417.3 test update::tests::selected_survey_preserves_every_result_and_only_complete_publish_changes_lock ... FAILED
#25 417.3 
#25 417.3 failures:
#25 417.3 
#25 417.3 failures:
#25 417.3     update::tests::selected_survey_preserves_every_result_and_only_complete_publish_changes_lock
#25 417.3 
#25 417.3 test result: FAILED. 0 passed; 1 failed; 0 ignored; 0 measured; 55 filtered out; finished in 0.04s
#25 417.3 
#25 417.3 error: test failed, to rerun pass `-p gripsack-exec --lib`
#25 417.3 
#25 417.3 calibration: premature-lock-effect rejected by update::tests::selected_survey_preserves_every_result_and_only_complete_publish_changes_lock
#25 417.3 UPDATE_SURVEY_MUTANTS=7
#25 417.3 Update survey gate: OK
#25 DONE 417.6s

#26 exporting to image
#26 exporting layers
#26 exporting layers 70.7s done
#26 exporting manifest sha256:dff53462c7fd017be4ea48b06b6ee45e0abb67f461e1207cc3ffaab375ecbc89 0.0s done
#26 exporting config sha256:b007342377a74eb6104ccc64d93ae201d71d7593623001947307d1f9b7475416 0.0s done
#26 exporting attestation manifest sha256:5381924b713145b6243f11b96b091e2bbeb0d321ee3def2588324e34c9830cbe 0.0s done
#26 exporting manifest list sha256:df6a5769225df8589b1058255cae403eca299bdd802007a6e01355082c83e731 0.0s done
#26 naming to docker.io/library/gripsack-test:latest done
#26 unpacking to docker.io/library/gripsack-test:latest
#26 unpacking to docker.io/library/gripsack-test:latest 16.2s done
#26 DONE 87.0s

#27 resolving provenance for metadata file
#27 DONE 0.0s
 Image gripsack-test Built 
 Container gripsack-test-run-66aa969dd85d Creating 
 Container gripsack-test-run-66aa969dd85d Created 
gate passed: fmt + clippy -D warnings + cargo test


=== Tool artifact 962 ===
 Image gripsack-ts-test Building 
#1 [internal] load local bake definitions
#1 reading from stdin 545B done
#1 DONE 0.0s

#2 [internal] load build definition from Dockerfile
#2 transferring dockerfile:
#2 transferring dockerfile: 11.37kB done
#2 DONE 0.0s

#3 resolve image config for docker-image://docker.io/docker/dockerfile:1
#3 DONE 0.5s

#4 docker-image://docker.io/docker/dockerfile:1@sha256:ecfaec9ed6d810b56388c508f4121597bfbba70d41a6dfeee4d8cad5f295fc32
#4 resolve docker.io/docker/dockerfile:1@sha256:ecfaec9ed6d810b56388c508f4121597bfbba70d41a6dfeee4d8cad5f295fc32 0.0s done
#4 CACHED

#5 [internal] load metadata for docker.io/denoland/deno:2.9.6@sha256:2014dc167ece617ef7e7ba40631ac2234c59e75ce693e7cc2dc2602b3c87859d
#5 DONE 0.7s

#6 [internal] load .dockerignore
#6 transferring context: 139B done
#6 DONE 0.1s

#7 [internal] load build context
#7 DONE 0.0s

#8 [ts-test 1/5] FROM docker.io/denoland/deno:2.9.6@sha256:2014dc167ece617ef7e7ba40631ac2234c59e75ce693e7cc2dc2602b3c87859d
#8 resolve docker.io/denoland/deno:2.9.6@sha256:2014dc167ece617ef7e7ba40631ac2234c59e75ce693e7cc2dc2602b3c87859d 0.0s done
#8 DONE 0.0s

#7 [internal] load build context
#7 transferring context: 264.24kB 0.0s done
#7 DONE 0.1s

#9 [ts-test 2/5] WORKDIR /app
#9 CACHED

#10 [ts-test 3/5] COPY typescript ./typescript
#10 DONE 0.1s

#11 [ts-test 4/5] COPY examples ./examples
#11 DONE 0.1s

#12 [ts-test 5/5] RUN cd typescript && deno install && deno task test     && deno run --cached-only --no-remote --allow-all node_modules/typescript/bin/tsc        --project tsconfig.examples.json --noEmit
#12 0.347 Seeded deno.lock from /app/typescript/package-lock.json
#12 0.351 [0m[32mDownload[0m https://registry.npmjs.org/typescript
#12 0.351 [0m[32mDownload[0m https://registry.npmjs.org/@types%2fnode
#12 2.343 [0m[32mDownload[0m https://registry.npmjs.org/undici-types
#12 3.254 [0m[32mDownload[0m https://registry.npmjs.org/@typescript%2ftypescript-aix-ppc64
#12 3.254 [0m[32mDownload[0m https://registry.npmjs.org/@typescript%2ftypescript-darwin-arm64
#12 3.254 [0m[32mDownload[0m https://registry.npmjs.org/@typescript%2ftypescript-darwin-x64
#12 3.254 [0m[32mDownload[0m https://registry.npmjs.org/@typescript%2ftypescript-freebsd-arm64
#12 3.254 [0m[32mDownload[0m https://registry.npmjs.org/@typescript%2ftypescript-freebsd-x64
#12 3.254 [0m[32mDownload[0m https://registry.npmjs.org/@typescript%2ftypescript-linux-arm
#12 3.254 [0m[32mDownload[0m https://registry.npmjs.org/@typescript%2ftypescript-linux-arm64
#12 3.254 [0m[32mDownload[0m https://registry.npmjs.org/@typescript%2ftypescript-linux-loong64
#12 3.254 [0m[32mDownload[0m https://registry.npmjs.org/@typescript%2ftypescript-linux-mips64el
#12 3.254 [0m[32mDownload[0m https://registry.npmjs.org/@typescript%2ftypescript-linux-ppc64
#12 3.254 [0m[32mDownload[0m https://registry.npmjs.org/@typescript%2ftypescript-linux-riscv64
#12 3.254 [0m[32mDownload[0m https://registry.npmjs.org/@typescript%2ftypescript-linux-s390x
#12 3.254 [0m[32mDownload[0m https://registry.npmjs.org/@typescript%2ftypescript-linux-x64
#12 3.254 [0m[32mDownload[0m https://registry.npmjs.org/@typescript%2ftypescript-netbsd-arm64
#12 3.254 [0m[32mDownload[0m https://registry.npmjs.org/@typescript%2ftypescript-netbsd-x64
#12 3.254 [0m[32mDownload[0m https://registry.npmjs.org/@typescript%2ftypescript-openbsd-arm64
#12 3.254 [0m[32mDownload[0m https://registry.npmjs.org/@typescript%2ftypescript-openbsd-x64
#12 3.254 [0m[32mDownload[0m https://registry.npmjs.org/@typescript%2ftypescript-sunos-x64
#12 3.254 [0m[32mDownload[0m https://registry.npmjs.org/@typescript%2ftypescript-win32-arm64
#12 3.254 [0m[32mDownload[0m https://registry.npmjs.org/@typescript%2ftypescript-win32-x64
#12 3.693 [0m[32mDownload[0m https://registry.npmjs.org/typescript/-/typescript-7.0.2.tgz
#12 3.693 [0m[32mDownload[0m https://registry.npmjs.org/@types/node/-/node-26.2.0.tgz
#12 3.693 [0m[32mDownload[0m https://registry.npmjs.org/@typescript/typescript-linux-x64/-/typescript-linux-x64-7.0.2.tgz
#12 3.693 [0m[32mDownload[0m https://registry.npmjs.org/undici-types/-/undici-types-8.3.0.tgz
#12 3.757 [0m[32mInitialize[0m undici-types@8.3.0
#12 4.618 [0m[32mInitialize[0m typescript@7.0.2
#12 4.726 [0m[32mInitialize[0m @types/node@26.2.0
#12 10.23 [0m[32mInitialize[0m @typescript/typescript-linux-x64@7.0.2
#12 10.24 [0m[38;5;245mInstalled[0m 4 [0m[38;5;245mpackages[0m [0m[38;5;245min[0m 9s
#12 10.24 [0m[38;5;245mReused[0m 0 [0m[38;5;245mpackages from cache[0m
#12 10.24 [0m[38;5;245mDownloaded[0m 0 [0m[38;5;245mpackages from JSR[0m
#12 10.24 [0m[38;5;245mDownloaded[0m 4 [0m[38;5;245mpackages from npm[0m
#12 10.24 [0m[32m++++[0m
#12 10.25 [0m[36mDev dependencies:[0m
#12 10.25 [0m[32m+[0m [0m[38;5;245mnpm:[0m@types/node [0m[38;5;245m26.2.0[0m
#12 10.25 [0m[32m+[0m [0m[38;5;245mnpm:[0mtypescript [0m[38;5;245m7.0.2[0m
#12 10.28 [0m[32mTask[0m [0m[36mtest[0m deno test --allow-read --allow-write --allow-run --allow-env test/
#12 10.30 [0m[32mCheck[0m test/driver.test.ts
#12 10.30 [0m[32mCheck[0m test/index.test.ts
#12 10.30 [0m[32mCheck[0m test/workspace.test.ts
#12 10.30 [0m[32mCheck[0m test/workspace_graph.test.ts
#12 12.46 [0m[38;5;245mrunning 12 tests from ./test/driver.test.ts[0m
#12 12.46 driver evaluates a host into an envelope under the sandbox flags ... [0m[32mok[0m [0m[38;5;245m(216ms)[0m
#12 12.67 bound probes answer without new requests (stage 2 fixpoint) ... [0m[32mok[0m [0m[38;5;245m(189ms)[0m
#12 12.86 a missing host file lists the available hosts ... [0m[32mok[0m [0m[38;5;245m(85ms)[0m
#12 12.95 a host without a defineEnv default export errors clearly ... [0m[32mok[0m [0m[38;5;245m(77ms)[0m
#12 13.03 duplicate module names surface the frontend error ... [0m[32mok[0m [0m[38;5;245m(88ms)[0m
#12 13.11 the repo's pinned @gripsack/core wins (deliberate pin) ... [0m[32mok[0m [0m[38;5;245m(91ms)[0m
#12 13.21 a src-only pinned package resolves through its types entry (0.40 fallback) ... [0m[32mok[0m [0m[38;5;245m(101ms)[0m
#12 13.31 a stale pin predating defineEnv errors with the fix ... [0m[32mok[0m [0m[38;5;245m(77ms)[0m
#12 13.39 driver evaluates a root gripsack.ts workspace with no fake host ... [0m[32mok[0m [0m[38;5;245m(169ms)[0m
#12 13.55 a root gripsack.ts wins over hosts/<host>.ts ... [0m[32mok[0m [0m[38;5;245m(79ms)[0m
#12 13.63 a gripsack.ts without a defineWorkspace default export errors clearly ... [0m[32mok[0m [0m[38;5;245m(74ms)[0m
#12 13.71 a syntax error in gripsack.ts stays a traceback ... [0m[32mok[0m [0m[38;5;245m(73ms)[0m
#12 13.93 [0m[38;5;245mrunning 21 tests from ./test/index.test.ts[0m
#12 13.93 emitIr emits the IR v5 legacy-modules contract ... [0m[32mok[0m [0m[38;5;245m(2ms)[0m
#12 13.93 host facts keep their key order and never leak the hostname ... [0m[32mok[0m [0m[38;5;245m(454µs)[0m
#12 13.93 undetectable libc is omitted from the IR host ... [0m[32mok[0m [0m[38;5;245m(393µs)[0m
#12 13.93 module() captures spans pointing at this file ... [0m[32mok[0m [0m[38;5;245m(471µs)[0m
#12 13.93 falsy module entries drop out of the environment ... [0m[32mok[0m [0m[38;5;245m(763µs)[0m
#12 13.93 dotfiles-only modules emit no source ... [0m[32mok[0m [0m[38;5;245m(373µs)[0m
#12 13.93 explicit steps emit verbatim ... [0m[32mok[0m [0m[38;5;245m(490µs)[0m
#12 13.93 runStep emits structured argv actions with outputs ... [0m[32mok[0m [0m[38;5;245m(367µs)[0m
#12 13.94 dep rejects legacy and misspelled option shapes ... [0m[32mok[0m [0m[38;5;245m(617µs)[0m
#12 13.94 duplicate module names throw at emit with both sites ... [0m[32mok[0m [0m[38;5;245m(494µs)[0m
#12 13.94 stray objects in modules throw with what they are ... [0m[32mok[0m [0m[38;5;245m(251µs)[0m
#12 13.94 declared resources emit and validate ... [0m[32mok[0m [0m[38;5;245m(587µs)[0m
#12 13.94 undeclared resources throw at eval ... [0m[32mok[0m [0m[38;5;245m(253µs)[0m
#12 13.94 builtin resources pass eval ... [0m[32mok[0m [0m[38;5;245m(51µs)[0m
#12 13.94 mergeTags unions entrypoint and CLI tags in order ... [0m[32mok[0m [0m[38;5;245m(59µs)[0m
#12 13.94 when/hasTag evaluate the injected view ... [0m[32mok[0m [0m[38;5;245m(167µs)[0m
#12 13.94 parseInputs accepts the version 1 envelope ... [0m[32mok[0m [0m[38;5;245m(353µs)[0m
#12 13.94 parseInputs fills absent optionals and null libc ... [0m[32mok[0m [0m[38;5;245m(106µs)[0m
#12 13.94 parseInputs rejects malformed envelopes ... [0m[32mok[0m [0m[38;5;245m(474µs)[0m
#12 13.94 probes answer bound values and record unbound requests ... [0m[32mok[0m [0m[38;5;245m(1ms)[0m
#12 13.94 module() rejects unknown fields — a typo never lowers to an empty desired state ... [0m[32mok[0m [0m[38;5;245m(968µs)[0m
#12 14.09 [0m[38;5;245mrunning 26 tests from ./test/workspace.test.ts[0m
#12 14.09 emitWorkspaceIr emits the v5 workspace envelope ... [0m[32mok[0m [0m[38;5;245m(13ms)[0m
#12 14.10 emitIr legacy path emits the v5 modules envelope, never a workspace ... [0m[32mok[0m [0m[38;5;245m(829µs)[0m
#12 14.10 duplicate output names throw at declaration with both sites ... [0m[32mok[0m [0m[38;5;245m(1ms)[0m
#12 14.10 duplicate output names throw at emit for hand-built values ... [0m[32mok[0m [0m[38;5;245m(781µs)[0m
#12 14.11 Bash body interpolation rejects the literal at its source line ... [0m[32mok[0m [0m[38;5;245m(6ms)[0m
#12 14.11 run_bash requires a declared package interpreter ... [0m[32mok[0m [0m[38;5;245m(2ms)[0m
#12 14.12 run_bash maps dedented lines to the original template, not the call ... [0m[32mok[0m [0m[38;5;245m(2ms)[0m
#12 14.12 Bash fluent and object forms normalize without sharing mutable state ... [0m[32mok[0m [0m[38;5;245m(1ms)[0m
#12 14.12 fluent exec and object form emit the same command, preserving branches ... [0m[32mok[0m [0m[38;5;245m(1ms)[0m
#12 14.12 environment names survive cloning even when shadowing a prototype key ... [0m[32mok[0m [0m[38;5;245m(444µs)[0m
#12 14.12 file origin is optional only for literal content ... [0m[32mok[0m [0m[38;5;245m(872µs)[0m
#12 14.12 repository file origins reject path escapes before file admission ... [0m[32mok[0m [0m[38;5;245m(1ms)[0m
#12 14.12 file destinations reject escapes at authoring, not just in decoded IR ... [0m[32mok[0m [0m[38;5;245m(887µs)[0m
#12 14.12 emit rejects unknown output references with the reference span ... [0m[32mok[0m [0m[38;5;245m(723µs)[0m
#12 14.12 emit rejects wrong-kind references naming both sites ... [0m[32mok[0m [0m[38;5;245m(541µs)[0m
#12 14.13 emit rejects package_command refs to unknown commands ... [0m[32mok[0m [0m[38;5;245m(866µs)[0m
#12 14.13 emit rejects task dependency cycles ... [0m[32mok[0m [0m[38;5;245m(1ms)[0m
#12 14.13 emit rejects producer/artifact cycles but admits validation loops ... [0m[32mok[0m [0m[38;5;245m(1ms)[0m
#12 14.13 a provider-backed package needs no synthetic recipe ... [0m[32mok[0m [0m[38;5;245m(862µs)[0m
#12 14.13 no import-order registry: repeated evals in one process emit identical IR ... [0m[32mok[0m [0m[38;5;245m(3ms)[0m
#12 14.13 constructed values are deeply frozen ... [0m[32mok[0m [0m[38;5;245m(3ms)[0m
#12 14.14 stray objects and empty catalogs are rejected ... [0m[32mok[0m [0m[38;5;245m(868µs)[0m
#12 14.14 spans are mandatory: hand-built nodes without one are rejected ... [0m[32mok[0m [0m[38;5;245m(492µs)[0m
#12 14.14 enum and calendar boundaries reject out-of-grammar values ... [0m[32mok[0m [0m[38;5;245m(1ms)[0m
#12 14.14 treeFiles expands a captured repo directory to explicit per-file entries ... [0m[32mok[0m [0m[38;5;245m(18ms)[0m
#12 14.16 treeFiles never follows symlinks or special entries out of the captured tree ... [0m[32mok[0m [0m[38;5;245m(4ms)[0m
#12 14.30 [0m[38;5;245mrunning 8 tests from ./test/workspace_graph.test.ts[0m
#12 14.30 artifact refs require an actual artifact with both sites reported ... [0m[32mok[0m [0m[38;5;245m(6ms)[0m
#12 14.31 check subjects resolve rather than silently becoming opaque names ... [0m[32mok[0m [0m[38;5;245m(1ms)[0m
#12 14.31 artifact selectors cannot escape or use non-canonical path segments ... [0m[32mok[0m [0m[38;5;245m(3ms)[0m
#12 14.31 environment values are data, never package commands ... [0m[32mok[0m [0m[38;5;245m(778µs)[0m
#12 14.31 targets bind ABI and minimum OS requirements, not the current host ... [0m[32mok[0m [0m[38;5;245m(3ms)[0m
#12 14.32 fixed-prefix selection needs a matching environment location ... [0m[32mok[0m [0m[38;5;245m(3ms)[0m
#12 14.32 ABI mismatch and incompatible minimum OS reject with both declarations ... [0m[32mok[0m [0m[38;5;245m(4ms)[0m
#12 14.33 recipe command lists retain local order without task-prerequisite edges ... [0m[32mok[0m [0m[38;5;245m(756µs)[0m
#12 14.34 
#12 14.34 [0m[32mok[0m | 67 passed | 0 failed [0m[38;5;245m(1s)[0m
#12 14.34 
#12 DONE 15.2s

#13 exporting to image
#13 exporting layers
#13 exporting layers 1.9s done
#13 exporting manifest sha256:1e0f465cf54430b6201520dc03b04fefbc526a51644b46c6a1afd5fd52602c1b 0.0s done
#13 exporting config sha256:31e747df1b360e95a840003cd051ab9bc2aa6d154818641bcbeb530f5f1eacc4 0.0s done
#13 exporting attestation manifest sha256:171d107a1fd27e65f555c25e4c922b47e4fbfc2abfe14a1ad21dee808efeb1c4 0.0s done
#13 exporting manifest list sha256:3870ec0e15240fae076c68cde7b4a553ffc057c73fba1ce17c58572497042ed7
#13 exporting manifest list sha256:3870ec0e15240fae076c68cde7b4a553ffc057c73fba1ce17c58572497042ed7 0.0s done
#13 naming to docker.io/library/gripsack-ts-test:latest 0.0s done
#13 unpacking to docker.io/library/gripsack-ts-test:latest
#13 unpacking to docker.io/library/gripsack-ts-test:latest 0.9s done
#13 DONE 3.0s

#14 resolving provenance for metadata file
#14 DONE 0.1s
 Image gripsack-ts-test Built 
 Container gripsack-ts-test-run-2f53876af589 Creating 
 Container gripsack-ts-test-run-2f53876af589 Created 
gate passed: typescript frontend tests (deno test)


=== Tool artifact 961 ===
 Image gripsack-tlaps Building 
#1 [internal] load local bake definitions
#1 reading from stdin 587B done
#1 DONE 0.0s

#2 [internal] load build definition from Dockerfile
#2 transferring dockerfile: 11.37kB done
#2 DONE 0.0s

#3 resolve image config for docker-image://docker.io/docker/dockerfile:1
#3 DONE 0.6s

#4 docker-image://docker.io/docker/dockerfile:1@sha256:ecfaec9ed6d810b56388c508f4121597bfbba70d41a6dfeee4d8cad5f295fc32
#4 resolve docker.io/docker/dockerfile:1@sha256:ecfaec9ed6d810b56388c508f4121597bfbba70d41a6dfeee4d8cad5f295fc32 0.0s done
#4 CACHED

#5 [internal] load metadata for docker.io/library/eclipse-temurin:21-jre@sha256:7a65df4b22d2de92d4e04056e884f3b9122d70b21e2847fd66084278bd0ce037
#5 DONE 0.7s

#6 [internal] load .dockerignore
#6 transferring context: 139B done
#6 DONE 0.1s

#7 [model 2/6] ADD --checksum=sha256:936a262061c914694dfd669a543be24573c45d5aa0ff20a8b96b23d01e050e88 https://github.com/tlaplus/tlaplus/releases/download/v1.7.4/tla2tools.jar /tla/tla2tools.jar
#7 DONE 0.0s

#8 [tlaps 2/5] ADD --checksum=sha256:a2860384bc89c4c5b2c73ec367e29f44d829e4d4a2698ab295139f829219331c https://github.com/tlaplus/tlapm/releases/download/1.6.0-pre/tlapm-1.6.0-pre-x86_64-linux-gnu.tar.gz /tmp/tlapm.tar.gz
#8 DONE 0.0s

#9 [model 1/6] FROM docker.io/library/eclipse-temurin:21-jre@sha256:7a65df4b22d2de92d4e04056e884f3b9122d70b21e2847fd66084278bd0ce037
#9 resolve docker.io/library/eclipse-temurin:21-jre@sha256:7a65df4b22d2de92d4e04056e884f3b9122d70b21e2847fd66084278bd0ce037 0.0s done
#9 DONE 0.0s

#10 [internal] load build context
#10 transferring context: 636.04kB 0.0s done
#10 DONE 0.1s

#11 [model 2/6] ADD --checksum=sha256:936a262061c914694dfd669a543be24573c45d5aa0ff20a8b96b23d01e050e88 https://github.com/tlaplus/tlaplus/releases/download/v1.7.4/tla2tools.jar /tla/tla2tools.jar
#11 CACHED

#12 [model 6/6] RUN sh scripts/check_models.sh /tla/tla2tools.jar
#12 CACHED

#13 [model 4/6] COPY specs ./specs
#13 CACHED

#14 [tlaps 1/5] RUN apt-get update -qq && apt-get install -y -qq --no-install-recommends     python3 libgmp10     && rm -rf /var/lib/apt/lists/*
#14 CACHED

#15 [tlaps 3/5] RUN mkdir -p /opt/tlapm && tar -xzf /tmp/tlapm.tar.gz -C /opt/tlapm --strip-components=1     && rm /tmp/tlapm.tar.gz
#15 CACHED

#16 [tlaps 4/5] COPY scripts/check_tlaps.py scripts/tlaps_evidence.py scripts/tlaps_source.py scripts/tlaps_catalog.py ./scripts/
#16 CACHED

#17 [model 3/6] WORKDIR /work
#17 CACHED

#18 [model 5/6] COPY scripts/check_models.sh ./scripts/check_models.sh
#18 CACHED

#19 [tlaps 2/5] ADD --checksum=sha256:a2860384bc89c4c5b2c73ec367e29f44d829e4d4a2698ab295139f829219331c https://github.com/tlaplus/tlapm/releases/download/1.6.0-pre/tlapm-1.6.0-pre-x86_64-linux-gnu.tar.gz /tmp/tlapm.tar.gz
#19 CACHED

#20 [tlaps 5/5] RUN python3 scripts/check_tlaps.py
#20 CACHED

#21 exporting to image
#21 exporting layers 0.0s done
#21 exporting manifest sha256:1bd9bae0984c42f7b281a3bc73cda8be8857469830c74a5191e98d5ffc1ff127 done
#21 exporting config sha256:1f2178329b3be5aa31d181bd9e1262e3afc96649518fe9fc94455cfef9a0c16a done
#21 exporting attestation manifest sha256:930e9a1de3da16bffd810c0418c3da0a08a733cab6ff7d8f264ae21273814d64
#21 exporting attestation manifest sha256:930e9a1de3da16bffd810c0418c3da0a08a733cab6ff7d8f264ae21273814d64 0.0s done
#21 exporting manifest list sha256:c46701ab6fac381c3ac927dd42196c179b9ca17a844ef595567a0e6f5e61316c 0.0s done
#21 naming to docker.io/library/gripsack-tlaps:latest done
#21 unpacking to docker.io/library/gripsack-tlaps:latest 0.0s done
#21 DONE 0.2s

#22 resolving provenance for metadata file
#22 DONE 0.0s
 Image gripsack-tlaps Built 
 Container gripsack-tlaps-run-22e46b2f09ac Creating 
 Container gripsack-tlaps-run-22e46b2f09ac Created 
gate passed: transaction induction and calibrated TLAPS/TLC failures


=== Tool artifact 999 ===
 Image gripsack-verify Building 
#1 [internal] load local bake definitions
#1 reading from stdin 540B done
#1 DONE 0.0s

#2 [internal] load build definition from Dockerfile
#2 transferring dockerfile:
#2 transferring dockerfile: 11.37kB done
#2 DONE 0.1s

#3 resolve image config for docker-image://docker.io/docker/dockerfile:1
#3 DONE 0.6s

#4 docker-image://docker.io/docker/dockerfile:1@sha256:ecfaec9ed6d810b56388c508f4121597bfbba70d41a6dfeee4d8cad5f295fc32
#4 resolve docker.io/docker/dockerfile:1@sha256:ecfaec9ed6d810b56388c508f4121597bfbba70d41a6dfeee4d8cad5f295fc32 0.0s done
#4 CACHED

#5 [internal] load metadata for docker.io/library/ubuntu:24.04@sha256:224a1869083a311ef3f13648a154ba79832fbef6364d31493642ca03082da254
#5 DONE 0.6s

#6 [internal] load .dockerignore
#6 transferring context: 139B done
#6 DONE 0.0s

#7 [verify  4/11] ADD --checksum=sha256:7288c49a5bd6dbafd7b0b0d1f65956b91672da24b08f09242919af159be3418e https://github.com/Z3Prover/z3/releases/download/z3-4.16.0/z3-4.16.0-x64-glibc-2.39.zip /tmp/z3.zip
#7 DONE 0.0s

#8 [internal] load build context
#8 DONE 0.0s

#9 [verify  3/11] ADD --checksum=sha256:13d01e134c0620c3b29770874707d16c33b3d227c843a489c8ceb744d43c0a16 https://github.com/verus-lang/verus/releases/download/release/0.2026.09.06.8dea4a2/verus-0.2026.09.06.8dea4a2-x86-linux.zip /tmp/verus.zip
#9 DONE 0.0s

#10 [verify  1/11] FROM docker.io/library/ubuntu:24.04@sha256:224a1869083a311ef3f13648a154ba79832fbef6364d31493642ca03082da254
#10 resolve docker.io/library/ubuntu:24.04@sha256:224a1869083a311ef3f13648a154ba79832fbef6364d31493642ca03082da254 0.1s done
#10 DONE 0.1s

#11 [verify  2/11] RUN apt-get update -qq && apt-get install -y -qq --no-install-recommends     curl ca-certificates unzip build-essential python3     && rm -rf /var/lib/apt/lists/*
#11 CACHED

#12 [verify  3/11] ADD --checksum=sha256:13d01e134c0620c3b29770874707d16c33b3d227c843a489c8ceb744d43c0a16 https://github.com/verus-lang/verus/releases/download/release/0.2026.09.06.8dea4a2/verus-0.2026.09.06.8dea4a2-x86-linux.zip /tmp/verus.zip
#12 CACHED

#8 [internal] load build context
#8 transferring context: 854.22kB 0.2s done
#8 DONE 0.2s

#7 [verify  4/11] ADD --checksum=sha256:7288c49a5bd6dbafd7b0b0d1f65956b91672da24b08f09242919af159be3418e https://github.com/Z3Prover/z3/releases/download/z3-4.16.0/z3-4.16.0-x64-glibc-2.39.zip /tmp/z3.zip
#7 DONE 3.9s

#13 [verify  4/11] ADD --checksum=sha256:7288c49a5bd6dbafd7b0b0d1f65956b91672da24b08f09242919af159be3418e https://github.com/Z3Prover/z3/releases/download/z3-4.16.0/z3-4.16.0-x64-glibc-2.39.zip /tmp/z3.zip
#13 DONE 0.1s

#14 [verify  5/11] RUN unzip -q /tmp/verus.zip -d /opt && unzip -q /tmp/z3.zip -d /opt     && rm /tmp/verus.zip /tmp/z3.zip     && curl -fsSL https://sh.rustup.rs | sh -s -- -y --default-toolchain 1.98.0        --component rustc-dev --component llvm-tools --component rustfmt
#14 10.54 info: downloading installer
#14 13.49 info: profile set to default
#14 13.49 info: default host tuple is x86_64-unknown-linux-gnu
#14 13.50 info: syncing channel updates for 1.98.0-x86_64-unknown-linux-gnu
#14 13.83 info: latest update on 2026-08-20 for version 1.98.0 (88d9e12ae 2026-08-18)
#14 13.83 info: downloading 8 components
#14 57.52 info: default toolchain set to 1.98.0-x86_64-unknown-linux-gnu
#14 57.52 
#14 57.64   1.98.0-x86_64-unknown-linux-gnu installed - rustc 1.98.0 (88d9e12ae 2026-08-18)
#14 57.64 
#14 57.64 
#14 57.64 Rust is installed now. Great!
#14 57.64 
#14 57.64 To get started you may need to restart your current shell.
#14 57.64 This would reload your PATH environment variable to include
#14 57.64 Cargo's bin directory ($HOME/.cargo/bin).
#14 57.64 
#14 57.64 To configure your current shell, you need to source the
#14 57.64 corresponding env file under $HOME/.cargo.
#14 57.64 
#14 57.64 Consider running the right command for your shell (note the leading DOT):
#14 57.64 . "$HOME/.cargo/env" # For sh/ash/dash/pdksh/bash
#14 57.64 cargo:rerun-if-env-changed=CC_x86_64-unknown-linux-gnu
#14 57.64 CC_x86_64-unknown-linux-gnu = None
#14 57.64 cargo:rerun-if-env-changed=CC_x86_64_unknown_linux_gnu
#14 57.64 CC_x86_64_unknown_linux_gnu = None
#14 57.64 cargo:rerun-if-env-changed=HOST_CC
#14 57.64 HOST_CC = None
#14 57.64 cargo:rerun-if-env-changed=CC
#14 57.64 CC = None
#14 57.65 cargo:rerun-if-env-changed=CC_ENABLE_DEBUG_OUTPUT
#14 57.69 cargo:rerun-if-env-changed=CRATE_CC_NO_DEFAULTS
#14 57.69 CRATE_CC_NO_DEFAULTS = None
#14 57.69 cargo:rerun-if-env-changed=CFLAGS
#14 57.69 CFLAGS = None
#14 57.69 cargo:rerun-if-env-changed=HOST_CFLAGS
#14 57.69 HOST_CFLAGS = None
#14 57.69 cargo:rerun-if-env-changed=CFLAGS_x86_64_unknown_linux_gnu
#14 57.69 CFLAGS_x86_64_unknown_linux_gnu = None
#14 57.69 cargo:rerun-if-env-changed=CFLAGS_x86_64-unknown-linux-gnu
#14 57.69 CFLAGS_x86_64-unknown-linux-gnu = None
#14 DONE 58.0s

#15 [verify  6/11] WORKDIR /app
#15 DONE 0.6s

#16 [verify  7/11] COPY Cargo.toml Cargo.lock ./
#16 DONE 0.1s

#17 [verify  8/11] COPY crates ./crates
#17 DONE 0.6s

#18 [verify  9/11] COPY fuzz ./fuzz
#18 DONE 0.1s

#19 [verify 10/11] COPY scripts/check_verus.sh scripts/check_verus.py scripts/verus_evidence.py ./scripts/
#19 DONE 0.1s

#20 [verify 11/11] RUN sh scripts/check_verus.sh
#20 0.491 VERUS_GATE_NEGATIVES=16
#20 0.492 RUNNER_COMMAND=cargo verus verify --manifest-path /app/crates/gripsack-policy/Cargo.toml -p gripsack-policy --locked --message-format=json -- --output-json --time-expanded
#20 81.83 VERUS_RESULT={"encountered-error": false, "encountered-vir-error": false, "errors": 0, "is-verifying-entire-crate": true, "success": true, "verified": 333}
#20 81.83 positive: verification results:: 333 verified, 0 errors
#20 81.83 VERUS_FAMILY=recovery checked=7 functions=selection::TransactionId::from_bytes,selection::TransactionId::as_bytes,selection::SelectionIdentity::legacy,selection::SelectionIdentity::transaction,selection::SelectionIdentity::generation,selection::SelectionIdentity::transaction_id,selection::classify
#20 81.83 VERUS_FAMILY=activation checked=8 functions=activation::AttemptNumber::admit,activation::AttemptNumber::first,activation::AttemptNumber::value,activation::AttemptNumber::checked_next,activation::IntentState::attempt,activation::next_attempt,activation::finish_attempt,activation::supersede
#20 81.83 VERUS_FAMILY=ownership checked=2 functions=ownership::plan_copy,ownership::plan_link
#20 81.83 VERUS_FAMILY=retention checked=7 functions=retention::admit_gc,retention::contains_generation,retention::contains_identity,retention::plan_prune,retention::plan_delete,retention::lemma_delete_monotone,retention::lemma_delete_monotone_prefix
#20 81.83 VERUS_FAMILY=generation-inventory checked=8 functions=generation::GenerationId::new,generation::GenerationId::value,generation::GenerationId::checked_next,generation::GenerationId::checked_previous,generation::GenerationInventory::new,generation::GenerationInventory::as_slice,generation::GenerationList::new,generation::GenerationList::inventory
#20 81.83 VERUS_FAMILY=merge checked=6 functions=merge::splice_bytes,merge::lemma_rest_is_gaps,merge::lemma_splice_canonical,merge::lemma_splice_identity,merge::lemma_gaps_end_with_tail,merge::lemma_splice_preserves_edges
#20 81.83 VERUS_FAMILY=merge-scanner checked=5 functions=merge::scanner::span_text,merge::scanner::lemma_ascii_successor,merge::scanner::next_line_end,merge::scanner::scan_admits_splice,merge::scanner::scan
#20 81.83 VERUS_FAMILY=graph checked=3 functions=graph::build_closure,graph::build_only_members,graph::lemma_reachable_visited
#20 81.83 VERUS_FAMILY=graph-roles checked=2 functions=graph::roles::project_graph_roles,graph::roles::GraphRole::is_dependency
#20 81.83 VERUS_FAMILY=graph-name-index checked=3 functions=graph::name_index::bind_output_index,graph::name_index::BoundOutputIndex::position,graph::name_index::distinct_names_have_distinct_indices
#20 81.83 VERUS_FAMILY=target checked=2 functions=target::release_at_most,target::supports_target
#20 81.83 VERUS_FAMILY=scheduler checked=11 functions=schedule::PureScheduler::new,schedule::PureScheduler::start_next,schedule::PureScheduler::finish_ok,schedule::PureScheduler::finish_fail,schedule::PureScheduler::failed,schedule::lemma_unfinished_count_zero,schedule::lemma_unfinished_count_zero_reverse,schedule::lemma_unfinished_count_decrement,schedule::lemma_unfinished_count_none_finished,schedule::lemma_fresh_entry,schedule::lemma_cast_collapse
#20 81.83 VERUS_FAMILY=rate-admission checked=7 functions=rate_limit::binary_rate::admit_binary_rate,rate_limit::binary_rate::RatePeriod::nanoseconds,rate_limit::binary_rate::BinaryTokenRate::components,rate_limit::legacy_credits::admit_legacy_credits,rate_limit::TokenBucket::from_legacy,rate_limit::TokenBucket::restored,rate_limit::TokenBucket::reconfigure
#20 81.83 VERUS_FAMILY=token-transitions checked=6 functions=rate_limit::capacity_for,rate_limit::deficit_wait,rate_limit::rate_bounds,rate_limit::TokenBucket::full,rate_limit::TokenBucket::refill,rate_limit::TokenBucket::take
#20 81.83 VERUS_FAMILY=credit-encoding checked=1 functions=rate_limit::credit_balance::three_word_encoding
#20 81.83 VERUS_FAMILY=credit-arithmetic checked=15 functions=rate_limit::credit_balance::CreditBalance::from_small,rate_limit::credit_balance::CreditBalance::from_shifted,rate_limit::credit_balance::CreditBalance::to_small,rate_limit::credit_balance::CreditBalance::compare,rate_limit::credit_balance::CreditBalance::clamp,rate_limit::credit_balance::CreditBalance::add_capped,rate_limit::credit_balance::CreditBalance::rescale_capped,rate_limit::credit_balance::CreditBalance::add_assign,rate_limit::credit_balance::CreditBalance::multiply_assign,rate_limit::credit_balance::CreditBalance::subtract_assign,rate_limit::credit_balance::CreditBalance::divide_assign,rate_limit::credit_balance::credit_words::add_word,rate_limit::credit_balance::credit_words::subtract_word,rate_limit::credit_balance::credit_words::multiply_word,rate_limit::credit_balance::credit_words::divide_word
#20 81.83 VERUS_FAMILY=operation-deadline checked=5 functions=operation_budget::RemainingTime::nanoseconds,operation_budget::OperationBudget::new,operation_budget::OperationBudget::observe,operation_budget::OperationBudget::admit_wait,operation_budget::OperationBudget::stop
#20 81.83 VERUS_FAMILY=http-attempt-budget checked=7 functions=retry_budget::RetryBudget::new,retry_budget::RetryBudget::attempt_count,retry_budget::RetryBudget::waited_nanoseconds,retry_budget::RetryBudget::stop,retry_budget::RetryBudget::begin,retry_budget::RetryBudget::decide,retry_budget::RetryBudget::complete
#20 81.83 VERUS_FAMILY=process-input checked=4 functions=process_budget::input::InputByteLimit::new,process_budget::input::InputByteLimit::bytes,process_budget::input::InputAppend::reserve_additional,process_budget::input::admit_input_append
#20 81.83 VERUS_FAMILY=process-input-transfer checked=7 functions=process_budget::transfer::InputTransfer::admit,process_budget::transfer::InputTransfer::begin,process_budget::transfer::InputTransfer::complete,process_budget::transfer::InputTransfer::retry,process_budget::transfer::InputTransfer::close,process_budget::transfer::InputTransfer::is_closed,process_budget::transfer::InputChunk::range
#20 81.83 VERUS_FAMILY=process-framing checked=5 functions=process_budget::frame::FrameByteLimit::new,process_budget::frame::FrameByteLimit::bytes,process_budget::frame::FrameBudget::new,process_budget::frame::FrameBudget::observe,process_budget::frame::FrameBudget::finish
#20 81.83 VERUS_FAMILY=process-output-bytes checked=13 functions=process_budget::output::StdoutByteLimit::new,process_budget::output::StdoutByteLimit::bytes,process_budget::output::StderrByteLimit::new,process_budget::output::StderrByteLimit::bytes,process_budget::output::RetainedStderrLimit::new,process_budget::output::RetainedStderrLimit::bytes,process_budget::output::ObservedBytes::zero,process_budget::output::ObservedBytes::record,process_budget::output::StdoutBudget::new,process_budget::output::StdoutBudget::observe,process_budget::output::StderrBudget::new,process_budget::output::StderrBudget::observe,process_budget::output::StderrBudget::truncated
#20 81.83 VERUS_FAMILY=process-retained-tail checked=3 functions=process_budget::tail::retain_tail,process_budget::tail::TailAppend::discard_bytes,process_budget::tail::TailAppend::skip_bytes
#20 81.83 VERUS_FAMILY=process-lifecycle checked=13 functions=process_budget::lifecycle::ChildLifecycle::new,process_budget::lifecycle::ChildLifecycle::observe_action,process_budget::lifecycle::ChildLifecycle::observe_exit,process_budget::lifecycle::ChildLifecycle::lose_ownership,process_budget::lifecycle::ChildLifecycle::signal_action,process_budget::lifecycle::ChildLifecycle::signal_succeeded,process_budget::lifecycle::ChildLifecycle::needs_termination,process_budget::lifecycle::ChildLifecycle::should_observe_for_reap,process_budget::lifecycle::ChildLifecycle::begin_reap,process_budget::lifecycle::ChildLifecycle::observe_reap,process_budget::lifecycle::ChildLifecycle::cleanup_decision,process_budget::lifecycle::ChildLifecycle::finish,process_budget::lifecycle::ChildLifecycle::is_finished
#20 81.83 VERUS_FAMILY=update-survey checked=12 functions=update_survey::SurveyProgress::new,update_survey::SurveyProgress::counted_reports,update_survey::SurveyProgress::selected_count,update_survey::SurveyProgress::record,update_survey::SurveyProgress::finish,update_survey::UpdateSummary::selected,update_survey::UpdateSummary::unchanged,update_survey::UpdateSummary::changed,update_survey::UpdateSummary::skipped,update_survey::UpdateSummary::failed,update_survey::UpdateSummary::outcome,update_survey::UpdateSummary::publishes_lock
#20 81.83 VERUS_FAMILY=journal-publication checked=4 functions=journal_protocol::RecordPublication::new,journal_protocol::RecordPublication::action,journal_protocol::RecordPublication::acknowledge,journal_protocol::RecordPublication::finish
#20 81.83 VERUS_FAMILY=journal-mutation-authority checked=1 functions=journal_protocol::admit_mutation
#20 81.83 VERUS_FAMILY=journal-cleanup checked=3 functions=journal_protocol::CleanupProgress::new,journal_protocol::CleanupProgress::action,journal_protocol::CleanupProgress::acknowledge
#20 82.25 RUNNER_COMMAND=cargo verus verify --manifest-path /tmp/gripsack-verus-w4wp5f06/classifier/crates/gripsack-policy/Cargo.toml -p gripsack-policy --locked --message-format=json -- --output-json --time-expanded
#20 150.2 VERUS_RESULT={"encountered-error": true, "encountered-vir-error": false, "errors": 1, "is-verifying-entire-crate": true, "success": false, "verified": 332}
#20 150.2 VERUS_DIAGNOSTIC={"$message_type": "diagnostic", "children": [], "code": null, "level": "error", "message": "postcondition not satisfied", "rendered": "error: postcondition not satisfied\n   --> crates/gripsack-policy/src/selection.rs:96:9\n    |\n 96 |           (result == Classification::Committed) <==> facts.current == Some(facts.target),\n    |           ^^^^^^^^^^^^^^^^^^^^^^^^^^^^^^^^^^^^^^^^^^^^^^^^^^^^^^^^^^^^^^^^^^^^^^^^^^^^^^ failed this postcondition\n...\n108 | /     match (facts.previous, facts.current) {\n109 | |         (Some(_), Some(current)) if current == facts.target => Classification::Committed,\n110 | |         (Some(previous), Some(current)) if current == previous => Classification::Uncommitted,\n111 | |         (Some(_), _) => Classification::Committed,\n...   |\n114 | |         (None, Some(_)) => Classification::Ambiguous,\n115 | |     }\n    | |_____- at the end of the function body\n\n", "spans": [{"byte_end": 4095, "byte_start": 3620, "column_end": 6, "column_start": 5, "expansion": null, "file_name": "crates/gripsack-policy/src/selection.rs", "is_primary": false, "label": "at the end of the function body", "line_end": 115, "line_start": 108, "suggested_replacement": null, "suggestion_applicability": null, "text": [{"highlight_end": 44, "highlight_start": 5, "text": "    match (facts.previous, facts.current) {"}, {"highlight_end": 90, "highlight_start": 1, "text": "        (Some(_), Some(current)) if current == facts.target => Classification::Committed,"}, {"highlight_end": 95, "highlight_start": 1, "text": "        (Some(previous), Some(current)) if current == previous => Classification::Uncommitted,"}, {"highlight_end": 51, "highlight_start": 1, "text": "        (Some(_), _) => Classification::Committed,"}, {"highlight_end": 87, "highlight_start": 1, "text": "        (None, Some(current)) if current == facts.target => Classification::Committed,"}, {"highlight_end": 53, "highlight_start": 1, "text": "        (None, None) => Classification::Uncommitted,"}, {"highlight_end": 54, "highlight_start": 1, "text": "        (None, Some(_)) => Classification::Ambiguous,"}, {"highlight_end": 6, "highlight_start": 1, "text": "    }"}]}, {"byte_end": 3088, "byte_start": 3010, "column_end": 87, "column_start": 9, "expansion": null, "file_name": "crates/gripsack-policy/src/selection.rs", "is_primary": true, "label": "failed this postcondition", "line_end": 96, "line_start": 96, "suggested_replacement": null, "suggestion_applicability": null, "text": [{"highlight_end": 87, "highlight_start": 9, "text": "        (result == Classification::Committed) <==> facts.current == Some(facts.target),"}]}]}
#20 150.2 VERUS_DIAGNOSTIC={"$message_type": "diagnostic", "children": [], "code": null, "level": "error", "message": "postcondition not satisfied", "rendered": "error: postcondition not satisfied\n   --> crates/gripsack-policy/src/selection.rs:102:9\n    |\n102 | /         (result == Classification::Ambiguous) <==> (\n103 | |             facts.current != Some(facts.target)\n104 | |             && !(facts.current.is_none() && facts.previous.is_none())\n105 | |             && !(facts.previous.is_some() && facts.current == facts.previous)\n106 | |         ),\n    | |_________^ failed this postcondition\n107 |   {\n108 | /     match (facts.previous, facts.current) {\n109 | |         (Some(_), Some(current)) if current == facts.target => Classification::Committed,\n110 | |         (Some(previous), Some(current)) if current == previous => Classification::Uncommitted,\n111 | |         (Some(_), _) => Classification::Committed,\n...   |\n114 | |         (None, Some(_)) => Classification::Ambiguous,\n115 | |     }\n    | |_____- at the end of the function body\n\n", "spans": [{"byte_end": 4095, "byte_start": 3620, "column_end": 6, "column_start": 5, "expansion": null, "file_name": "crates/gripsack-policy/src/selection.rs", "is_primary": false, "label": "at the end of the function body", "line_end": 115, "line_start": 108, "suggested_replacement": null, "suggestion_applicability": null, "text": [{"highlight_end": 44, "highlight_start": 5, "text": "    match (facts.previous, facts.current) {"}, {"highlight_end": 90, "highlight_start": 1, "text": "        (Some(_), Some(current)) if current == facts.target => Classification::Committed,"}, {"highlight_end": 95, "highlight_start": 1, "text": "        (Some(previous), Some(current)) if current == previous => Classification::Uncommitted,"}, {"highlight_end": 51, "highlight_start": 1, "text": "        (Some(_), _) => Classification::Committed,"}, {"highlight_end": 87, "highlight_start": 1, "text": "        (None, Some(current)) if current == facts.target => Classification::Committed,"}, {"highlight_end": 53, "highlight_start": 1, "text": "        (None, None) => Classification::Uncommitted,"}, {"highlight_end": 54, "highlight_start": 1, "text": "        (None, Some(_)) => Classification::Ambiguous,"}, {"highlight_end": 6, "highlight_start": 1, "text": "    }"}]}, {"byte_end": 3612, "byte_start": 3362, "column_end": 10, "column_start": 9, "expansion": null, "file_name": "crates/gripsack-policy/src/selection.rs", "is_primary": true, "label": "failed this postcondition", "line_end": 106, "line_start": 102, "suggested_replacement": null, "suggestion_applicability": null, "text": [{"highlight_end": 53, "highlight_start": 9, "text": "        (result == Classification::Ambiguous) <==> ("}, {"highlight_end": 48, "highlight_start": 1, "text": "            facts.current != Some(facts.target)"}, {"highlight_end": 70, "highlight_start": 1, "text": "            && !(facts.current.is_none() && facts.previous.is_none())"}, {"highlight_end": 78, "highlight_start": 1, "text": "            && !(facts.previous.is_some() && facts.current == facts.previous)"}, {"highlight_end": 10, "highlight_start": 1, "text": "        ),"}]}]}
#20 150.2 calibration: classifier rejected in selection::classify
#20 150.4 RUNNER_COMMAND=cargo verus verify --manifest-path /tmp/gripsack-verus-w4wp5f06/classifier-transaction-identity/crates/gripsack-policy/Cargo.toml -p gripsack-policy --locked --message-format=json -- --output-json --time-expanded
#20 237.9 VERUS_RESULT={"encountered-error": true, "encountered-vir-error": false, "errors": 1, "is-verifying-entire-crate": true, "success": false, "verified": 332}
#20 237.9 VERUS_DIAGNOSTIC={"$message_type": "diagnostic", "children": [], "code": null, "level": "error", "message": "postcondition not satisfied", "rendered": "error: postcondition not satisfied\n   --> crates/gripsack-policy/src/selection.rs:96:9\n    |\n 96 |           (result == Classification::Committed) <==> facts.current == Some(facts.target),\n    |           ^^^^^^^^^^^^^^^^^^^^^^^^^^^^^^^^^^^^^^^^^^^^^^^^^^^^^^^^^^^^^^^^^^^^^^^^^^^^^^ failed this postcondition\n...\n108 | /     match (facts.previous, facts.current) {\n109 | |         (Some(_), Some(current)) if current.generation() == facts.target.generation() => Classification::Committed,\n110 | |         (Some(previous), Some(current)) if current == previous => Classification::Uncommitted,\n111 | |         (Some(_), _) => Classification::Ambiguous,\n...   |\n114 | |         (None, Some(_)) => Classification::Ambiguous,\n115 | |     }\n    | |_____- at the end of the function body\n\n", "spans": [{"byte_end": 4121, "byte_start": 3620, "column_end": 6, "column_start": 5, "expansion": null, "file_name": "crates/gripsack-policy/src/selection.rs", "is_primary": false, "label": "at the end of the function body", "line_end": 115, "line_start": 108, "suggested_replacement": null, "suggestion_applicability": null, "text": [{"highlight_end": 44, "highlight_start": 5, "text": "    match (facts.previous, facts.current) {"}, {"highlight_end": 116, "highlight_start": 1, "text": "        (Some(_), Some(current)) if current.generation() == facts.target.generation() => Classification::Committed,"}, {"highlight_end": 95, "highlight_start": 1, "text": "        (Some(previous), Some(current)) if current == previous => Classification::Uncommitted,"}, {"highlight_end": 51, "highlight_start": 1, "text": "        (Some(_), _) => Classification::Ambiguous,"}, {"highlight_end": 87, "highlight_start": 1, "text": "        (None, Some(current)) if current == facts.target => Classification::Committed,"}, {"highlight_end": 53, "highlight_start": 1, "text": "        (None, None) => Classification::Uncommitted,"}, {"highlight_end": 54, "highlight_start": 1, "text": "        (None, Some(_)) => Classification::Ambiguous,"}, {"highlight_end": 6, "highlight_start": 1, "text": "    }"}]}, {"byte_end": 3088, "byte_start": 3010, "column_end": 87, "column_start": 9, "expansion": null, "file_name": "crates/gripsack-policy/src/selection.rs", "is_primary": true, "label": "failed this postcondition", "line_end": 96, "line_start": 96, "suggested_replacement": null, "suggestion_applicability": null, "text": [{"highlight_end": 87, "highlight_start": 9, "text": "        (result == Classification::Committed) <==> facts.current == Some(facts.target),"}]}]}
#20 237.9 VERUS_DIAGNOSTIC={"$message_type": "diagnostic", "children": [], "code": null, "level": "error", "message": "postcondition not satisfied", "rendered": "error: postcondition not satisfied\n   --> crates/gripsack-policy/src/selection.rs:97:9\n    |\n 97 | /         (result == Classification::Uncommitted) <==> (\n 98 | |             (facts.current.is_none() && facts.previous.is_none())\n 99 | |             || (facts.previous.is_some() && facts.current == facts.previous\n100 | |                 && facts.current != Some(facts.target))\n101 | |         ),\n    | |_________^ failed this postcondition\n...\n108 | /     match (facts.previous, facts.current) {\n109 | |         (Some(_), Some(current)) if current.generation() == facts.target.generation() => Classification::Committed,\n110 | |         (Some(previous), Some(current)) if current == previous => Classification::Uncommitted,\n111 | |         (Some(_), _) => Classification::Ambiguous,\n...   |\n114 | |         (None, Some(_)) => Classification::Ambiguous,\n115 | |     }\n    | |_____- at the end of the function body\n\n", "spans": [{"byte_end": 4121, "byte_start": 3620, "column_end": 6, "column_start": 5, "expansion": null, "file_name": "crates/gripsack-policy/src/selection.rs", "is_primary": false, "label": "at the end of the function body", "line_end": 115, "line_start": 108, "suggested_replacement": null, "suggestion_applicability": null, "text": [{"highlight_end": 44, "highlight_start": 5, "text": "    match (facts.previous, facts.current) {"}, {"highlight_end": 116, "highlight_start": 1, "text": "        (Some(_), Some(current)) if current.generation() == facts.target.generation() => Classification::Committed,"}, {"highlight_end": 95, "highlight_start": 1, "text": "        (Some(previous), Some(current)) if current == previous => Classification::Uncommitted,"}, {"highlight_end": 51, "highlight_start": 1, "text": "        (Some(_), _) => Classification::Ambiguous,"}, {"highlight_end": 87, "highlight_start": 1, "text": "        (None, Some(current)) if current == facts.target => Classification::Committed,"}, {"highlight_end": 53, "highlight_start": 1, "text": "        (None, None) => Classification::Uncommitted,"}, {"highlight_end": 54, "highlight_start": 1, "text": "        (None, Some(_)) => Classification::Ambiguous,"}, {"highlight_end": 6, "highlight_start": 1, "text": "    }"}]}, {"byte_end": 3352, "byte_start": 3098, "column_end": 10, "column_start": 9, "expansion": null, "file_name": "crates/gripsack-policy/src/selection.rs", "is_primary": true, "label": "failed this postcondition", "line_end": 101, "line_start": 97, "suggested_replacement": null, "suggestion_applicability": null, "text": [{"highlight_end": 55, "highlight_start": 9, "text": "        (result == Classification::Uncommitted) <==> ("}, {"highlight_end": 66, "highlight_start": 1, "text": "            (facts.current.is_none() && facts.previous.is_none())"}, {"highlight_end": 76, "highlight_start": 1, "text": "            || (facts.previous.is_some() && facts.current == facts.previous"}, {"highlight_end": 56, "highlight_start": 1, "text": "                && facts.current != Some(facts.target))"}, {"highlight_end": 10, "highlight_start": 1, "text": "        ),"}]}]}
#20 237.9 calibration: classifier-transaction-identity rejected in selection::classify
#20 238.2 RUNNER_COMMAND=cargo verus verify --manifest-path /tmp/gripsack-verus-w4wp5f06/activation-interrupted-attempt/crates/gripsack-policy/Cargo.toml -p gripsack-policy --locked --message-format=json -- --output-json --time-expanded
#20 319.5 VERUS_RESULT={"encountered-error": true, "encountered-vir-error": false, "errors": 1, "is-verifying-entire-crate": true, "success": false, "verified": 332}
#20 319.5 VERUS_DIAGNOSTIC={"$message_type": "diagnostic", "children": [], "code": null, "level": "error", "message": "postcondition not satisfied", "rendered": "error: postcondition not satisfied\n   --> crates/gripsack-policy/src/activation.rs:103:9\n    |\n103 | /         (decision == StartDecision::Exhausted) <==> match *state {\n104 | |             IntentState::Started { attempt } => attempt.view() == u64::MAX,\n105 | |             _ => false,\n106 | |         },\n    | |_________^ failed this postcondition\n...\n118 |           IntentState::Pending => StartDecision::Start(AttemptNumber::first()),\n    |           -------------------- at the end of the function body\n\n", "spans": [{"byte_end": 3808, "byte_start": 3788, "column_end": 29, "column_start": 9, "expansion": null, "file_name": "crates/gripsack-policy/src/activation.rs", "is_primary": false, "label": "at the end of the function body", "line_end": 118, "line_start": 118, "suggested_replacement": null, "suggestion_applicability": null, "text": [{"highlight_end": 29, "highlight_start": 9, "text": "        IntentState::Pending => StartDecision::Start(AttemptNumber::first()),"}]}, {"byte_end": 3405, "byte_start": 3237, "column_end": 10, "column_start": 9, "expansion": null, "file_name": "crates/gripsack-policy/src/activation.rs", "is_primary": true, "label": "failed this postcondition", "line_end": 106, "line_start": 103, "suggested_replacement": null, "suggestion_applicability": null, "text": [{"highlight_end": 67, "highlight_start": 9, "text": "        (decision == StartDecision::Exhausted) <==> match *state {"}, {"highlight_end": 76, "highlight_start": 1, "text": "            IntentState::Started { attempt } => attempt.view() == u64::MAX,"}, {"highlight_end": 24, "highlight_start": 1, "text": "            _ => false,"}, {"highlight_end": 10, "highlight_start": 1, "text": "        },"}]}]}
#20 319.5 VERUS_DIAGNOSTIC={"$message_type": "diagnostic", "children": [], "code": null, "level": "error", "message": "postcondition not satisfied", "rendered": "error: postcondition not satisfied\n   --> crates/gripsack-policy/src/activation.rs:108:13\n    |\n108 |             StartDecision::Start(next) => match *state {\n    |             ^^^^^^^^^^^^^^^^^^^^^^^^^^ failed this postcondition\n...\n118 |         IntentState::Pending => StartDecision::Start(AttemptNumber::first()),\n    |         -------------------- at the end of the function body\n\n", "spans": [{"byte_end": 3808, "byte_start": 3788, "column_end": 29, "column_start": 9, "expansion": null, "file_name": "crates/gripsack-policy/src/activation.rs", "is_primary": false, "label": "at the end of the function body", "line_end": 118, "line_start": 118, "suggested_replacement": null, "suggestion_applicability": null, "text": [{"highlight_end": 29, "highlight_start": 9, "text": "        IntentState::Pending => StartDecision::Start(AttemptNumber::first()),"}]}, {"byte_end": 3470, "byte_start": 3444, "column_end": 39, "column_start": 13, "expansion": null, "file_name": "crates/gripsack-policy/src/activation.rs", "is_primary": true, "label": "failed this postcondition", "line_end": 108, "line_start": 108, "suggested_replacement": null, "suggestion_applicability": null, "text": [{"highlight_end": 39, "highlight_start": 13, "text": "            StartDecision::Start(next) => match *state {"}]}]}
#20 319.5 calibration: activation-interrupted-attempt rejected in activation::next_attempt
#20 319.7 RUNNER_COMMAND=cargo verus verify --manifest-path /tmp/gripsack-verus-w4wp5f06/activation-stale-outcome/crates/gripsack-policy/Cargo.toml -p gripsack-policy --locked --message-format=json -- --output-json --time-expanded
#20 399.0 VERUS_RESULT={"encountered-error": true, "encountered-vir-error": false, "errors": 1, "is-verifying-entire-crate": true, "success": false, "verified": 332}
#20 399.0 VERUS_DIAGNOSTIC={"$message_type": "diagnostic", "children": [], "code": null, "level": "error", "message": "postcondition not satisfied", "rendered": "error: postcondition not satisfied\n   --> crates/gripsack-policy/src/activation.rs:132:9\n    |\n132 |         next.is_some() <==> *state == (IntentState::Started { attempt }),\n    |         ^^^^^^^^^^^^^^^^^^^^^^^^^^^^^^^^^^^^^^^^^^^^^^^^^^^^^^^^^^^^^^^^ failed this postcondition\n...\n139 |         IntentState::Started { attempt: active } if *active != attempt => Some(match outcome {\n    |         ---------------------------------------- at the end of the function body\n\n", "spans": [{"byte_end": 4826, "byte_start": 4786, "column_end": 49, "column_start": 9, "expansion": null, "file_name": "crates/gripsack-policy/src/activation.rs", "is_primary": false, "label": "at the end of the function body", "line_end": 139, "line_start": 139, "suggested_replacement": null, "suggestion_applicability": null, "text": [{"highlight_end": 49, "highlight_start": 9, "text": "        IntentState::Started { attempt: active } if *active != attempt => Some(match outcome {"}]}, {"byte_end": 4551, "byte_start": 4487, "column_end": 73, "column_start": 9, "expansion": null, "file_name": "crates/gripsack-policy/src/activation.rs", "is_primary": true, "label": "failed this postcondition", "line_end": 132, "line_start": 132, "suggested_replacement": null, "suggestion_applicability": null, "text": [{"highlight_end": 73, "highlight_start": 9, "text": "        next.is_some() <==> *state == (IntentState::Started { attempt }),"}]}]}
#20 399.0 calibration: activation-stale-outcome rejected in activation::finish_attempt
#20 399.2 RUNNER_COMMAND=cargo verus verify --manifest-path /tmp/gripsack-verus-w4wp5f06/activation-supersession/crates/gripsack-policy/Cargo.toml -p gripsack-policy --locked --message-format=json -- --output-json --time-expanded
#20 479.0 VERUS_RESULT={"encountered-error": true, "encountered-vir-error": false, "errors": 1, "is-verifying-entire-crate": true, "success": false, "verified": 332}
#20 479.0 VERUS_DIAGNOSTIC={"$message_type": "diagnostic", "children": [], "code": null, "level": "error", "message": "postcondition not satisfied", "rendered": "error: postcondition not satisfied\n   --> crates/gripsack-policy/src/activation.rs:150:9\n    |\n150 |         terminal(next),\n    |         ^^^^^^^^^^^^^^ failed this postcondition\n...\n155 |         IntentState::Pending => IntentState::Superseded { last_attempt: None },\n    |         -------------------- at the end of the function body\n\n", "spans": [{"byte_end": 5393, "byte_start": 5373, "column_end": 29, "column_start": 9, "expansion": null, "file_name": "crates/gripsack-policy/src/activation.rs", "is_primary": false, "label": "at the end of the function body", "line_end": 155, "line_start": 155, "suggested_replacement": null, "suggestion_applicability": null, "text": [{"highlight_end": 29, "highlight_start": 9, "text": "        IntentState::Pending => IntentState::Superseded { last_attempt: None },"}]}, {"byte_end": 5194, "byte_start": 5180, "column_end": 23, "column_start": 9, "expansion": null, "file_name": "crates/gripsack-policy/src/activation.rs", "is_primary": true, "label": "failed this postcondition", "line_end": 150, "line_start": 150, "suggested_replacement": null, "suggestion_applicability": null, "text": [{"highlight_end": 23, "highlight_start": 9, "text": "        terminal(next),"}]}]}
#20 479.0 VERUS_DIAGNOSTIC={"$message_type": "diagnostic", "children": [], "code": null, "level": "error", "message": "postcondition not satisfied", "rendered": "error: postcondition not satisfied\n   --> crates/gripsack-policy/src/activation.rs:152:9\n    |\n152 |         !terminal(*state) ==> next == (IntentState::Superseded { last_attempt: last_attempt(*state) }),\n    |         ^^^^^^^^^^^^^^^^^^^^^^^^^^^^^^^^^^^^^^^^^^^^^^^^^^^^^^^^^^^^^^^^^^^^^^^^^^^^^^^^^^^^^^^^^^^^^^ failed this postcondition\n...\n155 |         IntentState::Pending => IntentState::Superseded { last_attempt: None },\n    |         -------------------- at the end of the function body\n\n", "spans": [{"byte_end": 5393, "byte_start": 5373, "column_end": 29, "column_start": 9, "expansion": null, "file_name": "crates/gripsack-policy/src/activation.rs", "is_primary": false, "label": "at the end of the function body", "line_end": 155, "line_start": 155, "suggested_replacement": null, "suggestion_applicability": null, "text": [{"highlight_end": 29, "highlight_start": 9, "text": "        IntentState::Pending => IntentState::Superseded { last_attempt: None },"}]}, {"byte_end": 5343, "byte_start": 5249, "column_end": 103, "column_start": 9, "expansion": null, "file_name": "crates/gripsack-policy/src/activation.rs", "is_primary": true, "label": "failed this postcondition", "line_end": 152, "line_start": 152, "suggested_replacement": null, "suggestion_applicability": null, "text": [{"highlight_end": 103, "highlight_start": 9, "text": "        !terminal(*state) ==> next == (IntentState::Superseded { last_attempt: last_attempt(*state) }),"}]}]}
#20 479.0 calibration: activation-supersession rejected in activation::supersede
#20 479.3 RUNNER_COMMAND=cargo verus verify --manifest-path /tmp/gripsack-verus-w4wp5f06/ownership-drift/crates/gripsack-policy/Cargo.toml -p gripsack-policy --locked --message-format=json -- --output-json --time-expanded
#20 566.3 VERUS_RESULT={"encountered-error": true, "encountered-vir-error": false, "errors": 1, "is-verifying-entire-crate": true, "success": false, "verified": 332}
#20 566.3 VERUS_DIAGNOSTIC={"$message_type": "diagnostic", "children": [], "code": null, "level": "error", "message": "postcondition not satisfied", "rendered": "error: postcondition not satisfied\n  --> crates/gripsack-policy/src/ownership.rs:55:9\n   |\n55 | /         (result == CopyPlan::Update) <==>\n56 | |             (!take_over && live.is_some() && live.unwrap()@ != desired@\n57 | |             && prev.is_some() && !prev.unwrap().1\n58 | |             && live.unwrap()@ == prev.unwrap().0@),\n   | |__________________________________________________^ failed this postcondition\n...\n78 |           Some((written, true)) if live == written => CopyPlan::Update,\n   |           --------------------- at the end of the function body\n\n", "spans": [{"byte_end": 3224, "byte_start": 3203, "column_end": 30, "column_start": 9, "expansion": null, "file_name": "crates/gripsack-policy/src/ownership.rs", "is_primary": false, "label": "at the end of the function body", "line_end": 78, "line_start": 78, "suggested_replacement": null, "suggestion_applicability": null, "text": [{"highlight_end": 30, "highlight_start": 9, "text": "        Some((written, true)) if live == written => CopyPlan::Update,"}]}, {"byte_end": 2499, "byte_start": 2293, "column_end": 51, "column_start": 9, "expansion": null, "file_name": "crates/gripsack-policy/src/ownership.rs", "is_primary": true, "label": "failed this postcondition", "line_end": 58, "line_start": 55, "suggested_replacement": null, "suggestion_applicability": null, "text": [{"highlight_end": 42, "highlight_start": 9, "text": "        (result == CopyPlan::Update) <==>"}, {"highlight_end": 72, "highlight_start": 1, "text": "            (!take_over && live.is_some() && live.unwrap()@ != desired@"}, {"highlight_end": 50, "highlight_start": 1, "text": "            && prev.is_some() && !prev.unwrap().1"}, {"highlight_end": 51, "highlight_start": 1, "text": "            && live.unwrap()@ == prev.unwrap().0@),"}]}]}
#20 566.3 VERUS_DIAGNOSTIC={"$message_type": "diagnostic", "children": [], "code": null, "level": "error", "message": "postcondition not satisfied", "rendered": "error: postcondition not satisfied\n  --> crates/gripsack-policy/src/ownership.rs:61:9\n   |\n61 | /         (result == CopyPlan::Preserve) <==>\n62 | |             (!take_over && live.is_some() && live.unwrap()@ != desired@\n63 | |             && !(prev.is_some() && !prev.unwrap().1\n64 | |                 && live.unwrap()@ == prev.unwrap().0@)),\n   | |_______________________________________________________^ failed this postcondition\n...\n78 |           Some((written, true)) if live == written => CopyPlan::Update,\n   |           --------------------- at the end of the function body\n\n", "spans": [{"byte_end": 3224, "byte_start": 3203, "column_end": 30, "column_start": 9, "expansion": null, "file_name": "crates/gripsack-policy/src/ownership.rs", "is_primary": false, "label": "at the end of the function body", "line_end": 78, "line_start": 78, "suggested_replacement": null, "suggestion_applicability": null, "text": [{"highlight_end": 30, "highlight_start": 9, "text": "        Some((written, true)) if live == written => CopyPlan::Update,"}]}, {"byte_end": 2839, "byte_start": 2624, "column_end": 56, "column_start": 9, "expansion": null, "file_name": "crates/gripsack-policy/src/ownership.rs", "is_primary": true, "label": "failed this postcondition", "line_end": 64, "line_start": 61, "suggested_replacement": null, "suggestion_applicability": null, "text": [{"highlight_end": 44, "highlight_start": 9, "text": "        (result == CopyPlan::Preserve) <==>"}, {"highlight_end": 72, "highlight_start": 1, "text": "            (!take_over && live.is_some() && live.unwrap()@ != desired@"}, {"highlight_end": 52, "highlight_start": 1, "text": "            && !(prev.is_some() && !prev.unwrap().1"}, {"highlight_end": 56, "highlight_start": 1, "text": "                && live.unwrap()@ == prev.unwrap().0@)),"}]}]}
#20 566.3 calibration: ownership-drift rejected in ownership::plan_copy
#20 566.7 RUNNER_COMMAND=cargo verus verify --manifest-path /tmp/gripsack-verus-w4wp5f06/gc-roots-in-deletion/crates/gripsack-policy/Cargo.toml -p gripsack-policy --locked --message-format=json -- --output-json --time-expanded
#20 658.0 VERUS_RESULT={"encountered-error": true, "encountered-vir-error": false, "errors": 1, "is-verifying-entire-crate": true, "success": false, "verified": 332}
#20 658.0 VERUS_DIAGNOSTIC={"$message_type": "diagnostic", "children": [], "code": null, "level": "error", "message": "invariant not satisfied at end of loop body", "rendered": "error: invariant not satisfied at end of loop body\n   --> crates/gripsack-policy/src/retention.rs:180:13\n    |\n180 | /             out@.map(|_i, s: &str| s@) == spec_delete_prefix(\n181 | |                 referenced@.map(|_i, s: &str| s@),\n182 | |                 candidates@.map(|_i, s: &str| s@),\n183 | |                 i as int,\n184 | |             ),\n    | |_____________^\n\n", "spans": [{"byte_end": 7034, "byte_start": 6843, "column_end": 14, "column_start": 13, "expansion": null, "file_name": "crates/gripsack-policy/src/retention.rs", "is_primary": true, "label": null, "line_end": 184, "line_start": 180, "suggested_replacement": null, "suggestion_applicability": null, "text": [{"highlight_end": 62, "highlight_start": 13, "text": "            out@.map(|_i, s: &str| s@) == spec_delete_prefix("}, {"highlight_end": 51, "highlight_start": 1, "text": "                referenced@.map(|_i, s: &str| s@),"}, {"highlight_end": 51, "highlight_start": 1, "text": "                candidates@.map(|_i, s: &str| s@),"}, {"highlight_end": 26, "highlight_start": 1, "text": "                i as int,"}, {"highlight_end": 14, "highlight_start": 1, "text": "            ),"}]}]}
#20 658.0 calibration: gc-roots-in-deletion rejected in retention::plan_delete
#20 658.5 RUNNER_COMMAND=cargo verus verify --manifest-path /tmp/gripsack-verus-w4wp5f06/gc-newest-prefix/crates/gripsack-policy/Cargo.toml -p gripsack-policy --locked --message-format=json -- --output-json --time-expanded
#20 729.8 VERUS_RESULT={"encountered-error": true, "encountered-vir-error": false, "errors": 1, "is-verifying-entire-crate": true, "success": false, "verified": 332}
#20 729.8 VERUS_DIAGNOSTIC={"$message_type": "diagnostic", "children": [], "code": null, "level": "error", "message": "invariant not satisfied at end of loop body", "rendered": "error: invariant not satisfied at end of loop body\n   --> crates/gripsack-policy/src/retention.rs:134:13\n    |\n134 |             pruned@ == spec_prune_prefix(generations@, current, i as int),\n    |             ^^^^^^^^^^^^^^^^^^^^^^^^^^^^^^^^^^^^^^^^^^^^^^^^^^^^^^^^^^^^^\n\n", "spans": [{"byte_end": 5306, "byte_start": 5245, "column_end": 74, "column_start": 13, "expansion": null, "file_name": "crates/gripsack-policy/src/retention.rs", "is_primary": true, "label": null, "line_end": 134, "line_start": 134, "suggested_replacement": null, "suggestion_applicability": null, "text": [{"highlight_end": 74, "highlight_start": 13, "text": "            pruned@ == spec_prune_prefix(generations@, current, i as int),"}]}]}
#20 729.8 calibration: gc-newest-prefix rejected in retention::plan_prune
#20 730.1 RUNNER_COMMAND=cargo verus verify --manifest-path /tmp/gripsack-verus-w4wp5f06/generation-duplicate/crates/gripsack-policy/Cargo.toml -p gripsack-policy --locked --message-format=json -- --output-json --time-expanded
#20 803.5 VERUS_RESULT={"encountered-error": true, "encountered-vir-error": false, "errors": 1, "is-verifying-entire-crate": true, "success": false, "verified": 332}
#20 803.5 VERUS_DIAGNOSTIC={"$message_type": "diagnostic", "children": [], "code": null, "level": "error", "message": "invariant not satisfied at end of loop body", "rendered": "error: invariant not satisfied at end of loop body\n  --> crates/gripsack-policy/src/generation.rs:80:17\n   |\n80 | /                 forall|j: int| 0 < j < i && j < ids.len() ==>\n81 | |                     ids@[j - 1].view() < #[trigger] ids@[j].view(),\n   | |__________________________________________________________________^\n\n", "spans": [{"byte_end": 2574, "byte_start": 2462, "column_end": 67, "column_start": 17, "expansion": null, "file_name": "crates/gripsack-policy/src/generation.rs", "is_primary": true, "label": null, "line_end": 81, "line_start": 80, "suggested_replacement": null, "suggestion_applicability": null, "text": [{"highlight_end": 62, "highlight_start": 17, "text": "                forall|j: int| 0 < j < i && j < ids.len() ==>"}, {"highlight_end": 67, "highlight_start": 1, "text": "                    ids@[j - 1].view() < #[trigger] ids@[j].view(),"}]}]}
#20 803.5 calibration: generation-duplicate rejected in generation::GenerationInventory::new
#20 803.7 RUNNER_COMMAND=cargo verus verify --manifest-path /tmp/gripsack-verus-w4wp5f06/merge-splice/crates/gripsack-policy/Cargo.toml -p gripsack-policy --locked --message-format=json -- --output-json --time-expanded
#20 870.9 VERUS_RESULT={"encountered-error": true, "encountered-vir-error": false, "errors": 1, "is-verifying-entire-crate": true, "success": false, "verified": 332}
#20 870.9 VERUS_DIAGNOSTIC={"$message_type": "diagnostic", "children": [], "code": null, "level": "error", "message": "postcondition not satisfied", "rendered": "error: postcondition not satisfied\n  --> crates/gripsack-policy/src/merge.rs:58:9\n   |\n58 |         result@ == spec_splice(text@, spans@, replacement@),\n   |         ^^^^^^^^^^^^^^^^^^^^^^^^^^^^^^^^^^^^^^^^^^^^^^^^^^^ failed this postcondition\n...\n82 |     out\n   |     --- at the end of the function body\n\n", "spans": [{"byte_end": 2858, "byte_start": 2855, "column_end": 8, "column_start": 5, "expansion": null, "file_name": "crates/gripsack-policy/src/merge.rs", "is_primary": false, "label": "at the end of the function body", "line_end": 82, "line_start": 82, "suggested_replacement": null, "suggestion_applicability": null, "text": [{"highlight_end": 8, "highlight_start": 5, "text": "    out"}]}, {"byte_end": 2129, "byte_start": 2078, "column_end": 60, "column_start": 9, "expansion": null, "file_name": "crates/gripsack-policy/src/merge.rs", "is_primary": true, "label": "failed this postcondition", "line_end": 58, "line_start": 58, "suggested_replacement": null, "suggestion_applicability": null, "text": [{"highlight_end": 60, "highlight_start": 9, "text": "        result@ == spec_splice(text@, spans@, replacement@),"}]}]}
#20 870.9 calibration: merge-splice rejected in merge::splice_bytes
#20 871.1 RUNNER_COMMAND=cargo verus verify --manifest-path /tmp/gripsack-verus-w4wp5f06/merge-scanner-utf8/crates/gripsack-policy/Cargo.toml -p gripsack-policy --locked --message-format=json -- --output-json --time-expanded
#20 940.3 VERUS_RESULT={"encountered-error": true, "encountered-vir-error": false, "errors": 1, "is-verifying-entire-crate": true, "success": false, "verified": 332}
#20 940.3 VERUS_DIAGNOSTIC={"$message_type": "diagnostic", "children": [], "code": null, "level": "error", "message": "invariant not satisfied at end of loop body", "rendered": "error: invariant not satisfied at end of loop body\n   --> crates/gripsack-policy/src/merge/scanner.rs:184:13\n    |\n184 |             valid_block_spans(text.spec_bytes(), blocks@),\n    |             ^^^^^^^^^^^^^^^^^^^^^^^^^^^^^^^^^^^^^^^^^^^^^\n\n", "spans": [{"byte_end": 6426, "byte_start": 6381, "column_end": 58, "column_start": 13, "expansion": null, "file_name": "crates/gripsack-policy/src/merge/scanner.rs", "is_primary": true, "label": null, "line_end": 184, "line_start": 184, "suggested_replacement": null, "suggestion_applicability": null, "text": [{"highlight_end": 58, "highlight_start": 13, "text": "            valid_block_spans(text.spec_bytes(), blocks@),"}]}]}
#20 940.3 calibration: merge-scanner-utf8 rejected in merge::scanner::scan
#20 940.6 RUNNER_COMMAND=cargo verus verify --manifest-path /tmp/gripsack-verus-w4wp5f06/graph-closure/crates/gripsack-policy/Cargo.toml -p gripsack-policy --locked --message-format=json -- --output-json --time-expanded
#20 1023.9 VERUS_RESULT={"encountered-error": true, "encountered-vir-error": false, "errors": 1, "is-verifying-entire-crate": true, "success": false, "verified": 332}
#20 1023.9 VERUS_DIAGNOSTIC={"$message_type": "diagnostic", "children": [], "code": null, "level": "error", "message": "invariant not satisfied at end of loop body", "rendered": "error: invariant not satisfied at end of loop body\n   --> crates/gripsack-policy/src/graph.rs:199:17\n    |\n199 | /                 forall|j: usize| result@.contains(j) <==>\n200 | |                     (j as int) < n_nodes && visited@[j as int] && j != root,\n    | |___________________________________________________________________________^\n\n", "spans": [{"byte_end": 9557, "byte_start": 9440, "column_end": 76, "column_start": 17, "expansion": null, "file_name": "crates/gripsack-policy/src/graph.rs", "is_primary": true, "label": null, "line_end": 200, "line_start": 199, "suggested_replacement": null, "suggestion_applicability": null, "text": [{"highlight_end": 58, "highlight_start": 17, "text": "                forall|j: usize| result@.contains(j) <==>"}, {"highlight_end": 76, "highlight_start": 1, "text": "                    (j as int) < n_nodes && visited@[j as int] && j != root,"}]}]}
#20 1024.0 calibration: graph-closure rejected in graph::build_closure
#20 1024.4 RUNNER_COMMAND=cargo verus verify --manifest-path /tmp/gripsack-verus-w4wp5f06/graph-validation/crates/gripsack-policy/Cargo.toml -p gripsack-policy --locked --message-format=json -- --output-json --time-expanded
#20 1103.8 VERUS_RESULT={"encountered-error": true, "encountered-vir-error": false, "errors": 1, "is-verifying-entire-crate": true, "success": false, "verified": 332}
#20 1103.8 VERUS_DIAGNOSTIC={"$message_type": "diagnostic", "children": [], "code": null, "level": "error", "message": "assertion failed", "rendered": "error: assertion failed\n  --> crates/gripsack-policy/src/graph/roles.rs:80:20\n   |\n80 |             assert(decision.required_validation == (role == GraphRole::Validation));\n   |                    ^^^^^^^^^^^^^^^^^^^^^^^^^^^^^^^^^^^^^^^^^^^^^^^^^^^^^^^^^^^^^^^ assertion failed\n\n", "spans": [{"byte_end": 3092, "byte_start": 3029, "column_end": 83, "column_start": 20, "expansion": null, "file_name": "crates/gripsack-policy/src/graph/roles.rs", "is_primary": true, "label": "assertion failed", "line_end": 80, "line_start": 80, "suggested_replacement": null, "suggestion_applicability": null, "text": [{"highlight_end": 83, "highlight_start": 20, "text": "            assert(decision.required_validation == (role == GraphRole::Validation));"}]}]}
#20 1103.8 calibration: graph-validation rejected in graph::roles::project_graph_roles
#20 1104.0 RUNNER_COMMAND=cargo verus verify --manifest-path /tmp/gripsack-verus-w4wp5f06/graph-name-index/crates/gripsack-policy/Cargo.toml -p gripsack-policy --locked --message-format=json -- --output-json --time-expanded
#20 1181.9 VERUS_RESULT={"encountered-error": true, "encountered-vir-error": false, "errors": 1, "is-verifying-entire-crate": true, "success": false, "verified": 332}
#20 1181.9 VERUS_DIAGNOSTIC={"$message_type": "diagnostic", "children": [], "code": null, "level": "error", "message": "assertion failed", "rendered": "error: assertion failed\n  --> crates/gripsack-policy/src/graph/name_index.rs:70:16\n   |\n70 |         assert(same_name == (names@[position as int]@ == declared@));\n   |                ^^^^^^^^^^^^^^^^^^^^^^^^^^^^^^^^^^^^^^^^^^^^^^^^^^^^ assertion failed\n\n", "spans": [{"byte_end": 2325, "byte_start": 2273, "column_end": 68, "column_start": 16, "expansion": null, "file_name": "crates/gripsack-policy/src/graph/name_index.rs", "is_primary": true, "label": "assertion failed", "line_end": 70, "line_start": 70, "suggested_replacement": null, "suggestion_applicability": null, "text": [{"highlight_end": 68, "highlight_start": 16, "text": "        assert(same_name == (names@[position as int]@ == declared@));"}]}]}
#20 1181.9 calibration: graph-name-index rejected in graph::name_index::bind_output_index
#20 1182.3 RUNNER_COMMAND=cargo verus verify --manifest-path /tmp/gripsack-verus-w4wp5f06/target-abi/crates/gripsack-policy/Cargo.toml -p gripsack-policy --locked --message-format=json -- --output-json --time-expanded
#20 1264.8 VERUS_RESULT={"encountered-error": true, "encountered-vir-error": false, "errors": 1, "is-verifying-entire-crate": true, "success": false, "verified": 332}
#20 1264.8 VERUS_DIAGNOSTIC={"$message_type": "diagnostic", "children": [], "code": null, "level": "error", "message": "assertion failed", "rendered": "error: assertion failed\n   --> crates/gripsack-policy/src/target.rs:106:16\n    |\n106 |         assert(abi_matches == (provider.abi == consumer.abi));\n    |                ^^^^^^^^^^^^^^^^^^^^^^^^^^^^^^^^^^^^^^^^^^^^^ assertion failed\n\n", "spans": [{"byte_end": 3644, "byte_start": 3599, "column_end": 61, "column_start": 16, "expansion": null, "file_name": "crates/gripsack-policy/src/target.rs", "is_primary": true, "label": "assertion failed", "line_end": 106, "line_start": 106, "suggested_replacement": null, "suggestion_applicability": null, "text": [{"highlight_end": 61, "highlight_start": 16, "text": "        assert(abi_matches == (provider.abi == consumer.abi));"}]}]}
#20 1264.8 calibration: target-abi rejected in target::supports_target
#20 1265.4 RUNNER_COMMAND=cargo verus verify --manifest-path /tmp/gripsack-verus-w4wp5f06/scheduler-latch/crates/gripsack-policy/Cargo.toml -p gripsack-policy --locked --message-format=json -- --output-json --time-expanded
#20 1338.8 VERUS_RESULT={"encountered-error": true, "encountered-vir-error": false, "errors": 1, "is-verifying-entire-crate": true, "success": false, "verified": 332}
#20 1338.8 VERUS_DIAGNOSTIC={"$message_type": "diagnostic", "children": [], "code": null, "level": "error", "message": "postcondition not satisfied", "rendered": "error: postcondition not satisfied\n   --> crates/gripsack-policy/src/schedule.rs:562:13\n    |\n562 |               old(self).failed ==> result.is_none(),\n    |               ^^^^^^^^^^^^^^^^^^^^^^^^^^^^^^^^^^^^^ failed this postcondition\n563 |               old(self).failed ==> final(self).failed,\n564 | /     {\n565 | |         if self.head >= self.ready.len() {\n566 | |             return None;\n...   |\n637 | |         Some(module)\n638 | |     }\n    | |_____- at the end of the function body\n\n", "spans": [{"byte_end": 26982, "byte_start": 23366, "column_end": 6, "column_start": 5, "expansion": null, "file_name": "crates/gripsack-policy/src/schedule.rs", "is_primary": false, "label": "at the end of the function body", "line_end": 638, "line_start": 564, "suggested_replacement": null, "suggestion_applicability": null, "text": [{"highlight_end": 6, "highlight_start": 5, "text": "    {"}, {"highlight_end": 43, "highlight_start": 1, "text": "        if self.head >= self.ready.len() {"}, {"highlight_end": 25, "highlight_start": 1, "text": "            return None;"}, {"highlight_end": 10, "highlight_start": 1, "text": "        }"}, {"highlight_end": 66, "highlight_start": 1, "text": "        // entry snapshots: post-mutation reasoning never touches"}, {"highlight_end": 56, "highlight_start": 1, "text": "        // old(self) \u2014 local ghosts cannot be re-seated"}, {"highlight_end": 47, "highlight_start": 1, "text": "        let ghost pre_started = self.started@;"}, {"highlight_end": 51, "highlight_start": 1, "text": "        let ghost pre_remaining = self.remaining@;"}, {"highlight_end": 45, "highlight_start": 1, "text": "        let ghost pre_queued = self.queued@;"}, {"highlight_end": 43, "highlight_start": 1, "text": "        let ghost pre_ready = self.ready@;"}, {"highlight_end": 47, "highlight_start": 1, "text": "        let ghost pre_head = self.head as int;"}, {"highlight_end": 44, "highlight_start": 1, "text": "        let module = self.ready[self.head];"}, {"highlight_end": 16, "highlight_start": 1, "text": "        proof {"}, {"highlight_end": 70, "highlight_start": 1, "text": "            // queue-readiness: the popped module is fully unblocked,"}, {"highlight_end": 67, "highlight_start": 1, "text": "            // so every dependency finished (the exact-count link)"}, {"highlight_end": 51, "highlight_start": 1, "text": "            assert(!self.started@[module as int]);"}, {"highlight_end": 57, "highlight_start": 1, "text": "            assert(self.remaining@[module as int] == 0);"}, {"highlight_end": 85, "highlight_start": 1, "text": "            lemma_unfinished_count_zero(self.deps@[module as int]@, self.finished@);"}, {"highlight_end": 10, "highlight_start": 1, "text": "        }"}, {"highlight_end": 24, "highlight_start": 1, "text": "        self.head += 1;"}, {"highlight_end": 37, "highlight_start": 1, "text": "        self.started[module] = true;"}, {"highlight_end": 16, "highlight_start": 1, "text": "        proof {"}, {"highlight_end": 71, "highlight_start": 1, "text": "            // the entry readiness clause, restated over the snapshots"}, {"highlight_end": 79, "highlight_start": 1, "text": "            assert(forall|i: int| #![trigger pre_started[i], pre_remaining[i]]"}, {"highlight_end": 61, "highlight_start": 1, "text": "                0 <= i < self.deps@.len() && !pre_started[i]"}, {"highlight_end": 61, "highlight_start": 1, "text": "                    && pre_remaining[i] == 0 && !self.failed"}, {"highlight_end": 54, "highlight_start": 1, "text": "                ==> pre_queued.contains(i as usize));"}, {"highlight_end": 44, "highlight_start": 1, "text": "            // the popped module was queued"}, {"highlight_end": 53, "highlight_start": 1, "text": "            assert(pre_queued.contains(module)) by {"}, {"highlight_end": 99, "highlight_start": 1, "text": "                assert(pre_ready.subrange(pre_head, pre_ready.len() as int).contains(module)) by {"}, {"highlight_end": 59, "highlight_start": 1, "text": "                    assert(pre_ready[pre_head] == module);"}, {"highlight_end": 19, "highlight_start": 1, "text": "                };"}, {"highlight_end": 15, "highlight_start": 1, "text": "            };"}, {"highlight_end": 60, "highlight_start": 1, "text": "            self.queued = Ghost(pre_queued.remove(module));"}, {"highlight_end": 62, "highlight_start": 1, "text": "            // the entry window was [module] plus the new one"}, {"highlight_end": 72, "highlight_start": 1, "text": "            assert(pre_ready.subrange(pre_head, pre_ready.len() as int)"}, {"highlight_end": 101, "highlight_start": 1, "text": "                == seq![module] + self.ready@.subrange(self.head as int, self.ready@.len() as int));"}, {"highlight_end": 34, "highlight_start": 1, "text": "            assert forall|i: int|"}, {"highlight_end": 60, "highlight_start": 1, "text": "                #![trigger pre_queued.contains(i as usize)]"}, {"highlight_end": 46, "highlight_start": 1, "text": "                0 <= i < self.deps@.len() ==>"}, {"highlight_end": 51, "highlight_start": 1, "text": "                (self.queued@.contains(i as usize)"}, {"highlight_end": 84, "highlight_start": 1, "text": "                    <==> (pre_queued.contains(i as usize) && i as usize != module))"}, {"highlight_end": 17, "highlight_start": 1, "text": "            by {"}, {"highlight_end": 15, "highlight_start": 1, "text": "            };"}, {"highlight_end": 93, "highlight_start": 1, "text": "            assert(self.ready@.subrange(self.head as int, self.ready@.len() as int).to_set()"}, {"highlight_end": 35, "highlight_start": 1, "text": "                =~= self.queued@);"}, {"highlight_end": 61, "highlight_start": 1, "text": "            assert forall|k: int| #![trigger self.ready@[k]]"}, {"highlight_end": 59, "highlight_start": 1, "text": "                self.head <= k < self.ready@.len() implies"}, {"highlight_end": 54, "highlight_start": 1, "text": "                !self.started@[self.ready@[k] as int]"}, {"highlight_end": 63, "highlight_start": 1, "text": "                && self.remaining@[self.ready@[k] as int] == 0"}, {"highlight_end": 17, "highlight_start": 1, "text": "            by {"}, {"highlight_end": 61, "highlight_start": 1, "text": "                assert(pre_queued.contains(self.ready@[k]));"}, {"highlight_end": 50, "highlight_start": 1, "text": "                assert(self.ready@[k] != module);"}, {"highlight_end": 15, "highlight_start": 1, "text": "            };"}, {"highlight_end": 83, "highlight_start": 1, "text": "            assert forall|i: int| #![trigger self.started@[i], self.remaining@[i]]"}, {"highlight_end": 63, "highlight_start": 1, "text": "                0 <= i < self.deps@.len() && !self.started@[i]"}, {"highlight_end": 63, "highlight_start": 1, "text": "                    && self.remaining@[i] == 0 && !self.failed"}, {"highlight_end": 58, "highlight_start": 1, "text": "                implies self.queued@.contains(i as usize)"}, {"highlight_end": 17, "highlight_start": 1, "text": "            by {"}, {"highlight_end": 41, "highlight_start": 1, "text": "                assert(!pre_started[i]);"}, {"highlight_end": 47, "highlight_start": 1, "text": "                assert(pre_remaining[i] == 0);"}, {"highlight_end": 57, "highlight_start": 1, "text": "                assert(pre_queued.contains(i as usize));"}, {"highlight_end": 67, "highlight_start": 1, "text": "                assert(self.deps@.len() <= usize::MAX as int) by {"}, {"highlight_end": 103, "highlight_start": 1, "text": "                    assert(self.deps@.len() == vstd::std_specs::vec::spec_vec_len(&self.deps) as int);"}, {"highlight_end": 19, "highlight_start": 1, "text": "                };"}, {"highlight_end": 48, "highlight_start": 1, "text": "                lemma_cast_collapse(i, module);"}, {"highlight_end": 42, "highlight_start": 1, "text": "                if i as usize == module {"}, {"highlight_end": 71, "highlight_start": 1, "text": "                    assert(self.started@[module as int]); // the write"}, {"highlight_end": 70, "highlight_start": 1, "text": "                    assert(false); // i == module, but module started"}, {"highlight_end": 18, "highlight_start": 1, "text": "                }"}, {"highlight_end": 59, "highlight_start": 1, "text": "                assert(self.queued@.contains(i as usize));"}, {"highlight_end": 15, "highlight_start": 1, "text": "            };"}, {"highlight_end": 10, "highlight_start": 1, "text": "        }"}, {"highlight_end": 21, "highlight_start": 1, "text": "        Some(module)"}, {"highlight_end": 6, "highlight_start": 1, "text": "    }"}]}, {"byte_end": 23307, "byte_start": 23270, "column_end": 50, "column_start": 13, "expansion": null, "file_name": "crates/gripsack-policy/src/schedule.rs", "is_primary": true, "label": "failed this postcondition", "line_end": 562, "line_start": 562, "suggested_replacement": null, "suggestion_applicability": null, "text": [{"highlight_end": 50, "highlight_start": 13, "text": "            old(self).failed ==> result.is_none(),"}]}]}
#20 1338.8 calibration: scheduler-latch rejected in schedule::PureScheduler::start_next
#20 1339.0 RUNNER_COMMAND=cargo verus verify --manifest-path /tmp/gripsack-verus-w4wp5f06/rate-spend/crates/gripsack-policy/Cargo.toml -p gripsack-policy --locked --message-format=json -- --output-json --time-expanded
#20 1417.0 VERUS_RESULT={"encountered-error": true, "encountered-vir-error": false, "errors": 1, "is-verifying-entire-crate": true, "success": false, "verified": 332}
#20 1417.0 VERUS_DIAGNOSTIC={"$message_type": "diagnostic", "children": [], "code": null, "level": "error", "message": "postcondition not satisfied", "rendered": "error: postcondition not satisfied\n   --> crates/gripsack-policy/src/rate_limit.rs:268:13\n    |\n268 |               admission == TokenAdmission::Granted ==> final(self).available() == old(self).available() - one_token(old(self).rate()),\n    |               ^^^^^^^^^^^^^^^^^^^^^^^^^^^^^^^^^^^^^^^^^^^^^^^^^^^^^^^^^^^^^^^^^^^^^^^^^^^^^^^^^^^^^^^^^^^^^^^^^^^^^^^^^^^^^^^^^^^^^^^ failed this postcondition\n...\n277 | /     {\n278 | |         proof { use_type_invariant(&*self); rate_bounds(self.rate); }\n279 | |         let parts = self.rate.components();\n280 | |         let period = parts.2.nanoseconds();\n...   |\n346 | |     }\n    | |_____- at the end of the function body\n\n", "spans": [{"byte_end": 15828, "byte_start": 11909, "column_end": 6, "column_start": 5, "expansion": null, "file_name": "crates/gripsack-policy/src/rate_limit.rs", "is_primary": false, "label": "at the end of the function body", "line_end": 346, "line_start": 277, "suggested_replacement": null, "suggestion_applicability": null, "text": [{"highlight_end": 6, "highlight_start": 5, "text": "    {"}, {"highlight_end": 70, "highlight_start": 1, "text": "        proof { use_type_invariant(&*self); rate_bounds(self.rate); }"}, {"highlight_end": 44, "highlight_start": 1, "text": "        let parts = self.rate.components();"}, {"highlight_end": 44, "highlight_start": 1, "text": "        let period = parts.2.nanoseconds();"}, {"highlight_end": 78, "highlight_start": 1, "text": "        let required = (IMPLICIT_SIGNIFICAND_BIT as u128) * (period as u128);"}, {"highlight_end": 57, "highlight_start": 1, "text": "        let token = CreditBalance::from_small(required);"}, {"highlight_end": 68, "highlight_start": 1, "text": "        if self.available.compare(&token) != CreditOrdering::Less {"}, {"highlight_end": 13, "highlight_start": 1, "text": "            "}, {"highlight_end": 36, "highlight_start": 1, "text": "            TokenAdmission::Granted"}, {"highlight_end": 17, "highlight_start": 1, "text": "        } else {"}, {"highlight_end": 55, "highlight_start": 1, "text": "            let available = self.available.to_small();"}, {"highlight_end": 48, "highlight_start": 1, "text": "            let deficit = required - available;"}, {"highlight_end": 31, "highlight_start": 1, "text": "            if parts.1 >= 42 {"}, {"highlight_end": 24, "highlight_start": 1, "text": "                proof {"}, {"highlight_end": 40, "highlight_start": 1, "text": "                    lemma2_to64_rest();"}, {"highlight_end": 38, "highlight_start": 1, "text": "                    if parts.1 > 42 {"}, {"highlight_end": 75, "highlight_start": 1, "text": "                        lemma_pow2_strictly_increases(42, parts.1 as nat);"}, {"highlight_end": 22, "highlight_start": 1, "text": "                    }"}, {"highlight_end": 99, "highlight_start": 1, "text": "                    assert(rate_numerator(self.rate) >= one_token(self.rate)) by (nonlinear_arith)"}, {"highlight_end": 33, "highlight_start": 1, "text": "                        requires"}, {"highlight_end": 65, "highlight_start": 1, "text": "                            parts.0 >= IMPLICIT_SIGNIFICAND_BIT,"}, {"highlight_end": 94, "highlight_start": 1, "text": "                            parts.0 == self.rate.significand(), parts.1 == self.rate.shift(),"}, {"highlight_end": 66, "highlight_start": 1, "text": "                            period == self.rate.period().nanos(),"}, {"highlight_end": 47, "highlight_start": 1, "text": "                            period < pow2(42),"}, {"highlight_end": 62, "highlight_start": 1, "text": "                            pow2(42) <= pow2(parts.1 as nat);"}, {"highlight_end": 18, "highlight_start": 1, "text": "                }"}, {"highlight_end": 67, "highlight_start": 1, "text": "                assert(self.available() == old(self).available());"}, {"highlight_end": 57, "highlight_start": 1, "text": "                assert(self.rate() == old(self).rate());"}, {"highlight_end": 64, "highlight_start": 1, "text": "                assert(1 <= old(self).rate().period().nanos());"}, {"highlight_end": 117, "highlight_start": 1, "text": "                assert(old(self).available() + rate_numerator(old(self).rate()) * 1 >= one_token(old(self).rate()));"}, {"highlight_end": 116, "highlight_start": 1, "text": "                assert(old(self).available() + rate_numerator(old(self).rate()) * 0 < one_token(old(self).rate()));"}, {"highlight_end": 56, "highlight_start": 1, "text": "                TokenAdmission::Wait { nanoseconds: 1 }"}, {"highlight_end": 21, "highlight_start": 1, "text": "            } else {"}, {"highlight_end": 44, "highlight_start": 1, "text": "                let shift = parts.1 as u64;"}, {"highlight_end": 24, "highlight_start": 1, "text": "                proof {"}, {"highlight_end": 62, "highlight_start": 1, "text": "                    lemma_u64_pow2_no_overflow(shift as nat);"}, {"highlight_end": 52, "highlight_start": 1, "text": "                    lemma_u64_shl_is_mul(1, shift);"}, {"highlight_end": 18, "highlight_start": 1, "text": "                }"}, {"highlight_end": 44, "highlight_start": 1, "text": "                let factor = 1u64 << shift;"}, {"highlight_end": 101, "highlight_start": 1, "text": "                assert((parts.0 as int) * (factor as int) <= u128::MAX as int) by (nonlinear_arith);"}, {"highlight_end": 67, "highlight_start": 1, "text": "                let per_ns = (parts.0 as u128) * (factor as u128);"}, {"highlight_end": 24, "highlight_start": 1, "text": "                proof {"}, {"highlight_end": 65, "highlight_start": 1, "text": "                    assert(per_ns == rate_numerator(self.rate));"}, {"highlight_end": 18, "highlight_start": 1, "text": "                }"}, {"highlight_end": 80, "highlight_start": 1, "text": "                let nanoseconds = deficit_wait(deficit, per_ns, Ghost(period));"}, {"highlight_end": 121, "highlight_start": 1, "text": "                assert(self.available.view() + rate_numerator(self.rate) * (nanoseconds as nat) >= one_token(self.rate))"}, {"highlight_end": 41, "highlight_start": 1, "text": "                    by (nonlinear_arith)"}, {"highlight_end": 29, "highlight_start": 1, "text": "                    requires"}, {"highlight_end": 60, "highlight_start": 1, "text": "                        self.available.view() == available,"}, {"highlight_end": 58, "highlight_start": 1, "text": "                        required == one_token(self.rate),"}, {"highlight_end": 57, "highlight_start": 1, "text": "                        deficit == required - available,"}, {"highlight_end": 61, "highlight_start": 1, "text": "                        per_ns == rate_numerator(self.rate),"}, {"highlight_end": 75, "highlight_start": 1, "text": "                        (nanoseconds as nat) * (per_ns as nat) >= deficit;"}, {"highlight_end": 126, "highlight_start": 1, "text": "                assert(self.available.view() + rate_numerator(self.rate) * ((nanoseconds - 1) as nat) < one_token(self.rate))"}, {"highlight_end": 41, "highlight_start": 1, "text": "                    by (nonlinear_arith)"}, {"highlight_end": 29, "highlight_start": 1, "text": "                    requires"}, {"highlight_end": 60, "highlight_start": 1, "text": "                        self.available.view() == available,"}, {"highlight_end": 58, "highlight_start": 1, "text": "                        required == one_token(self.rate),"}, {"highlight_end": 57, "highlight_start": 1, "text": "                        deficit == required - available,"}, {"highlight_end": 61, "highlight_start": 1, "text": "                        per_ns == rate_numerator(self.rate),"}, {"highlight_end": 80, "highlight_start": 1, "text": "                        ((nanoseconds - 1) as nat) * (per_ns as nat) < deficit;"}, {"highlight_end": 67, "highlight_start": 1, "text": "                assert(self.available() == old(self).available());"}, {"highlight_end": 57, "highlight_start": 1, "text": "                assert(self.rate() == old(self).rate());"}, {"highlight_end": 79, "highlight_start": 1, "text": "                assert(1 <= nanoseconds <= old(self).rate().period().nanos());"}, {"highlight_end": 136, "highlight_start": 1, "text": "                assert(old(self).available() + rate_numerator(old(self).rate()) * (nanoseconds as nat) >= one_token(old(self).rate()));"}, {"highlight_end": 141, "highlight_start": 1, "text": "                assert(old(self).available() + rate_numerator(old(self).rate()) * ((nanoseconds - 1) as nat) < one_token(old(self).rate()));"}, {"highlight_end": 53, "highlight_start": 1, "text": "                TokenAdmission::Wait { nanoseconds }"}, {"highlight_end": 14, "highlight_start": 1, "text": "            }"}, {"highlight_end": 10, "highlight_start": 1, "text": "        }"}, {"highlight_end": 6, "highlight_start": 1, "text": "    }"}]}, {"byte_end": 11333, "byte_start": 11214, "column_end": 132, "column_start": 13, "expansion": null, "file_name": "crates/gripsack-policy/src/rate_limit.rs", "is_primary": true, "label": "failed this postcondition", "line_end": 268, "line_start": 268, "suggested_replacement": null, "suggestion_applicability": null, "text": [{"highlight_end": 132, "highlight_start": 13, "text": "            admission == TokenAdmission::Granted ==> final(self).available() == old(self).available() - one_token(old(self).rate()),"}]}]}
#20 1417.0 calibration: rate-spend rejected in rate_limit::TokenBucket::take
#20 1417.3 RUNNER_COMMAND=cargo verus verify --manifest-path /tmp/gripsack-verus-w4wp5f06/rate-refill-unit/crates/gripsack-policy/Cargo.toml -p gripsack-policy --locked --message-format=json -- --output-json --time-expanded
#20 1490.5 VERUS_RESULT={"encountered-error": true, "encountered-vir-error": false, "errors": 1, "is-verifying-entire-crate": true, "success": false, "verified": 332}
#20 1490.5 VERUS_DIAGNOSTIC={"$message_type": "diagnostic", "children": [], "code": null, "level": "error", "message": "requires not satisfied", "rendered": "error: requires not satisfied\n   --> crates/gripsack-policy/src/rate_limit.rs:255:25\n    |\n255 |                         earned.view() == (amount as nat) * pow2(parts.1 as nat),\n    |                         ^^^^^^^^^^^^^^^^^^^^^^^^^^^^^^^^^^^^^^^^^^^^^^^^^^^^^^^\n\n", "spans": [{"byte_end": 10644, "byte_start": 10589, "column_end": 80, "column_start": 25, "expansion": null, "file_name": "crates/gripsack-policy/src/rate_limit.rs", "is_primary": true, "label": null, "line_end": 255, "line_start": 255, "suggested_replacement": null, "suggestion_applicability": null, "text": [{"highlight_end": 80, "highlight_start": 25, "text": "                        earned.view() == (amount as nat) * pow2(parts.1 as nat),"}]}]}
#20 1490.5 calibration: rate-refill-unit rejected in rate_limit::TokenBucket::refill
#20 1490.7 RUNNER_COMMAND=cargo verus verify --manifest-path /tmp/gripsack-verus-w4wp5f06/rate-wait-ceiling/crates/gripsack-policy/Cargo.toml -p gripsack-policy --locked --message-format=json -- --output-json --time-expanded
#20 1565.0 VERUS_RESULT={"encountered-error": true, "encountered-vir-error": false, "errors": 1, "is-verifying-entire-crate": true, "success": false, "verified": 332}
#20 1565.0 VERUS_DIAGNOSTIC={"$message_type": "diagnostic", "children": [], "code": null, "level": "error", "message": "requires not satisfied", "rendered": "error: requires not satisfied\n   --> crates/gripsack-policy/src/rate_limit.rs:106:13\n    |\n106 |             (wait as int) == (quotient as int) + 1,\n    |             ^^^^^^^^^^^^^^^^^^^^^^^^^^^^^^^^^^^^^^\n\n", "spans": [{"byte_end": 4253, "byte_start": 4215, "column_end": 51, "column_start": 13, "expansion": null, "file_name": "crates/gripsack-policy/src/rate_limit.rs", "is_primary": true, "label": null, "line_end": 106, "line_start": 106, "suggested_replacement": null, "suggestion_applicability": null, "text": [{"highlight_end": 51, "highlight_start": 13, "text": "            (wait as int) == (quotient as int) + 1,"}]}]}
#20 1565.0 calibration: rate-wait-ceiling rejected in rate_limit::deficit_wait
#20 1565.3 RUNNER_COMMAND=cargo verus verify --manifest-path /tmp/gripsack-verus-w4wp5f06/legacy-negative-credit/crates/gripsack-policy/Cargo.toml -p gripsack-policy --locked --message-format=json -- --output-json --time-expanded
#20 1640.3 VERUS_RESULT={"encountered-error": true, "encountered-vir-error": false, "errors": 1, "is-verifying-entire-crate": true, "success": false, "verified": 332}
#20 1640.3 VERUS_DIAGNOSTIC={"$message_type": "diagnostic", "children": [], "code": null, "level": "error", "message": "postcondition not satisfied", "rendered": "error: postcondition not satisfied\n  --> crates/gripsack-policy/src/rate_limit/legacy_credits.rs:36:9\n   |\n36 |         credits.is_some() ==> credits.unwrap().view() == legacy_amount(bits, period),\n   |         ^^^^^^^^^^^^^^^^^^^^^^^^^^^^^^^^^^^^^^^^^^^^^^^^^^^^^^^^^^^^^^^^^^^^^^^^^^^^ failed this postcondition\n...\n40 |     if bits >> 63 == 0 { return Some(CreditBalance::zero()); }\n   |                          ---------------------------------- at this exit\n\n", "spans": [{"byte_end": 1766, "byte_start": 1732, "column_end": 60, "column_start": 26, "expansion": null, "file_name": "crates/gripsack-policy/src/rate_limit/legacy_credits.rs", "is_primary": false, "label": "at this exit", "line_end": 40, "line_start": 40, "suggested_replacement": null, "suggestion_applicability": null, "text": [{"highlight_end": 60, "highlight_start": 26, "text": "    if bits >> 63 == 0 { return Some(CreditBalance::zero()); }"}]}, {"byte_end": 1595, "byte_start": 1519, "column_end": 85, "column_start": 9, "expansion": null, "file_name": "crates/gripsack-policy/src/rate_limit/legacy_credits.rs", "is_primary": true, "label": "failed this postcondition", "line_end": 36, "line_start": 36, "suggested_replacement": null, "suggestion_applicability": null, "text": [{"highlight_end": 85, "highlight_start": 9, "text": "        credits.is_some() ==> credits.unwrap().view() == legacy_amount(bits, period),"}]}]}
#20 1640.3 VERUS_DIAGNOSTIC={"$message_type": "diagnostic", "children": [], "code": null, "level": "error", "message": "postcondition not satisfied", "rendered": "error: postcondition not satisfied\n  --> crates/gripsack-policy/src/rate_limit/legacy_credits.rs:36:9\n   |\n36 |           credits.is_some() ==> credits.unwrap().view() == legacy_amount(bits, period),\n   |           ^^^^^^^^^^^^^^^^^^^^^^^^^^^^^^^^^^^^^^^^^^^^^^^^^^^^^^^^^^^^^^^^^^^^^^^^^^^^ failed this postcondition\n...\n50 | /     if exp >= EXPONENT_BIAS {\n51 | |         Some(CreditBalance::from_shifted(numerator, (exp - EXPONENT_BIAS) as u16))\n52 | |     } else {\n53 | |         let shift = if exp == 0 { 1022u64 } else { EXPONENT_BIAS - exp };\n...  |\n68 | |     }\n   | |_____- at the end of the function body\n\n", "spans": [{"byte_end": 3219, "byte_start": 2320, "column_end": 6, "column_start": 5, "expansion": null, "file_name": "crates/gripsack-policy/src/rate_limit/legacy_credits.rs", "is_primary": false, "label": "at the end of the function body", "line_end": 68, "line_start": 50, "suggested_replacement": null, "suggestion_applicability": null, "text": [{"highlight_end": 30, "highlight_start": 5, "text": "    if exp >= EXPONENT_BIAS {"}, {"highlight_end": 83, "highlight_start": 1, "text": "        Some(CreditBalance::from_shifted(numerator, (exp - EXPONENT_BIAS) as u16))"}, {"highlight_end": 13, "highlight_start": 1, "text": "    } else {"}, {"highlight_end": 74, "highlight_start": 1, "text": "        let shift = if exp == 0 { 1022u64 } else { EXPONENT_BIAS - exp };"}, {"highlight_end": 26, "highlight_start": 1, "text": "        if shift >= 128 {"}, {"highlight_end": 20, "highlight_start": 1, "text": "            proof {"}, {"highlight_end": 31, "highlight_start": 1, "text": "                lemma2_to64();"}, {"highlight_end": 41, "highlight_start": 1, "text": "                lemma_pow2_adds(64, 64);"}, {"highlight_end": 85, "highlight_start": 1, "text": "                if shift > 128 { lemma_pow2_strictly_increases(128, shift as nat); }"}, {"highlight_end": 65, "highlight_start": 1, "text": "                assert((numerator as nat) < pow2(shift as nat));"}, {"highlight_end": 90, "highlight_start": 1, "text": "                assert((numerator as nat) / pow2(shift as nat) == 0) by (nonlinear_arith)"}, {"highlight_end": 94, "highlight_start": 1, "text": "                    requires (numerator as nat) < pow2(shift as nat), pow2(shift as nat) > 0;"}, {"highlight_end": 14, "highlight_start": 1, "text": "            }"}, {"highlight_end": 40, "highlight_start": 1, "text": "            Some(CreditBalance::zero())"}, {"highlight_end": 17, "highlight_start": 1, "text": "        } else {"}, {"highlight_end": 101, "highlight_start": 1, "text": "            proof { lemma_u128_shr_is_div(numerator, shift as u128); lemma_pow2_pos(shift as nat); }"}, {"highlight_end": 64, "highlight_start": 1, "text": "            Some(CreditBalance::from_small(numerator >> shift))"}, {"highlight_end": 10, "highlight_start": 1, "text": "        }"}, {"highlight_end": 6, "highlight_start": 1, "text": "    }"}]}, {"byte_end": 1595, "byte_start": 1519, "column_end": 85, "column_start": 9, "expansion": null, "file_name": "crates/gripsack-policy/src/rate_limit/legacy_credits.rs", "is_primary": true, "label": "failed this postcondition", "line_end": 36, "line_start": 36, "suggested_replacement": null, "suggestion_applicability": null, "text": [{"highlight_end": 85, "highlight_start": 9, "text": "        credits.is_some() ==> credits.unwrap().view() == legacy_amount(bits, period),"}]}]}
#20 1640.3 calibration: legacy-negative-credit rejected in rate_limit::legacy_credits::admit_legacy_credits
#20 1640.5 RUNNER_COMMAND=cargo verus verify --manifest-path /tmp/gripsack-verus-w4wp5f06/credit-carry/crates/gripsack-policy/Cargo.toml -p gripsack-policy --locked --message-format=json -- --output-json --time-expanded
#20 1706.8 VERUS_RESULT={"encountered-error": true, "encountered-vir-error": false, "errors": 1, "is-verifying-entire-crate": true, "success": false, "verified": 332}
#20 1706.8 VERUS_DIAGNOSTIC={"$message_type": "diagnostic", "children": [], "code": null, "level": "error", "message": "postcondition not satisfied", "rendered": "error: postcondition not satisfied\n  --> crates/gripsack-policy/src/rate_limit/credit_balance/credit_words.rs:11:9\n   |\n11 | /         left as int + right as int + carry as int\n12 | |             == result.0 as int + result.1 as int * WORD_BASE as int,\n   | |___________________________________________________________________^ failed this postcondition\n...\n17 |       ((total % WORD_BASE) as u64, (total / WORD_BASE) as u64)\n   |       -------------------------------------------------------- at the end of the function body\n\n", "spans": [{"byte_end": 538, "byte_start": 482, "column_end": 61, "column_start": 5, "expansion": null, "file_name": "crates/gripsack-policy/src/rate_limit/credit_balance/credit_words.rs", "is_primary": false, "label": "at the end of the function body", "line_end": 17, "line_start": 17, "suggested_replacement": null, "suggestion_applicability": null, "text": [{"highlight_end": 61, "highlight_start": 5, "text": "    ((total % WORD_BASE) as u64, (total / WORD_BASE) as u64)"}]}, {"byte_end": 391, "byte_start": 282, "column_end": 68, "column_start": 9, "expansion": null, "file_name": "crates/gripsack-policy/src/rate_limit/credit_balance/credit_words.rs", "is_primary": true, "label": "failed this postcondition", "line_end": 12, "line_start": 11, "suggested_replacement": null, "suggestion_applicability": null, "text": [{"highlight_end": 50, "highlight_start": 9, "text": "        left as int + right as int + carry as int"}, {"highlight_end": 68, "highlight_start": 1, "text": "            == result.0 as int + result.1 as int * WORD_BASE as int,"}]}]}
#20 1706.8 calibration: credit-carry rejected in rate_limit::credit_balance::credit_words::add_word
#20 1707.0 RUNNER_COMMAND=cargo verus verify --manifest-path /tmp/gripsack-verus-w4wp5f06/credit-period-fraction/crates/gripsack-policy/Cargo.toml -p gripsack-policy --locked --message-format=json -- --output-json --time-expanded
#20 1773.4 VERUS_RESULT={"encountered-error": true, "encountered-vir-error": false, "errors": 1, "is-verifying-entire-crate": true, "success": false, "verified": 332}
#20 1773.4 VERUS_DIAGNOSTIC={"$message_type": "diagnostic", "children": [], "code": null, "level": "error", "message": "requires not satisfied", "rendered": "error: requires not satisfied\n   --> crates/gripsack-policy/src/rate_limit/credit_balance.rs:453:21\n    |\n453 |                     fraction == (fractional_product as nat) / (source_scale as nat),\n    |                     ^^^^^^^^^^^^^^^^^^^^^^^^^^^^^^^^^^^^^^^^^^^^^^^^^^^^^^^^^^^^^^^\n\n", "spans": [{"byte_end": 18436, "byte_start": 18373, "column_end": 84, "column_start": 21, "expansion": null, "file_name": "crates/gripsack-policy/src/rate_limit/credit_balance.rs", "is_primary": true, "label": null, "line_end": 453, "line_start": 453, "suggested_replacement": null, "suggestion_applicability": null, "text": [{"highlight_end": 84, "highlight_start": 21, "text": "                    fraction == (fractional_product as nat) / (source_scale as nat),"}]}]}
#20 1773.4 calibration: credit-period-fraction rejected in rate_limit::credit_balance::CreditBalance::rescale_capped
#20 1773.6 RUNNER_COMMAND=cargo verus verify --manifest-path /tmp/gripsack-verus-w4wp5f06/operation-clock-rewind/crates/gripsack-policy/Cargo.toml -p gripsack-policy --locked --message-format=json -- --output-json --time-expanded
#20 1839.5 VERUS_RESULT={"encountered-error": true, "encountered-vir-error": false, "errors": 1, "is-verifying-entire-crate": true, "success": false, "verified": 332}
#20 1839.5 VERUS_DIAGNOSTIC={"$message_type": "diagnostic", "children": [], "code": null, "level": "error", "message": "postcondition not satisfied", "rendered": "error: postcondition not satisfied\n  --> crates/gripsack-policy/src/operation_budget.rs:52:13\n   |\n52 |               final(self).observed() >= old(self).observed(),\n   |               ^^^^^^^^^^^^^^^^^^^^^^^^^^^^^^^^^^^^^^^^^^^^^^ failed this postcondition\n...\n68 | /         if self.terminal { None }\n69 | |         else { Some(RemainingTime { nanoseconds: self.allowance - self.observed }) }\n   | |____________________________________________________________________________________- at the end of the function body\n\n", "spans": [{"byte_end": 2662, "byte_start": 2552, "column_end": 85, "column_start": 9, "expansion": null, "file_name": "crates/gripsack-policy/src/operation_budget.rs", "is_primary": false, "label": "at the end of the function body", "line_end": 69, "line_start": 68, "suggested_replacement": null, "suggestion_applicability": null, "text": [{"highlight_end": 34, "highlight_start": 9, "text": "        if self.terminal { None }"}, {"highlight_end": 85, "highlight_start": 1, "text": "        else { Some(RemainingTime { nanoseconds: self.allowance - self.observed }) }"}]}, {"byte_end": 1684, "byte_start": 1638, "column_end": 59, "column_start": 13, "expansion": null, "file_name": "crates/gripsack-policy/src/operation_budget.rs", "is_primary": true, "label": "failed this postcondition", "line_end": 52, "line_start": 52, "suggested_replacement": null, "suggestion_applicability": null, "text": [{"highlight_end": 59, "highlight_start": 13, "text": "            final(self).observed() >= old(self).observed(),"}]}]}
#20 1839.5 VERUS_DIAGNOSTIC={"$message_type": "diagnostic", "children": [], "code": null, "level": "error", "message": "postcondition not satisfied", "rendered": "error: postcondition not satisfied\n  --> crates/gripsack-policy/src/operation_budget.rs:53:13\n   |\n53 | /             final(self).observed() == if elapsed_ns >= old(self).allowance() { old(self).allowance() }\n54 | |                 else if elapsed_ns > old(self).observed() { elapsed_ns } else { old(self).observed() },\n   | |______________________________________________________________________________________________________^ failed this postcondition\n...\n68 | /         if self.terminal { None }\n69 | |         else { Some(RemainingTime { nanoseconds: self.allowance - self.observed }) }\n   | |____________________________________________________________________________________- at the end of the function body\n\n", "spans": [{"byte_end": 2662, "byte_start": 2552, "column_end": 85, "column_start": 9, "expansion": null, "file_name": "crates/gripsack-policy/src/operation_budget.rs", "is_primary": false, "label": "at the end of the function body", "line_end": 69, "line_start": 68, "suggested_replacement": null, "suggestion_applicability": null, "text": [{"highlight_end": 34, "highlight_start": 9, "text": "        if self.terminal { None }"}, {"highlight_end": 85, "highlight_start": 1, "text": "        else { Some(RemainingTime { nanoseconds: self.allowance - self.observed }) }"}]}, {"byte_end": 1891, "byte_start": 1698, "column_end": 103, "column_start": 13, "expansion": null, "file_name": "crates/gripsack-policy/src/operation_budget.rs", "is_primary": true, "label": "failed this postcondition", "line_end": 54, "line_start": 53, "suggested_replacement": null, "suggestion_applicability": null, "text": [{"highlight_end": 103, "highlight_start": 13, "text": "            final(self).observed() == if elapsed_ns >= old(self).allowance() { old(self).allowance() }"}, {"highlight_end": 103, "highlight_start": 1, "text": "                else if elapsed_ns > old(self).observed() { elapsed_ns } else { old(self).observed() },"}]}]}
#20 1839.5 calibration: operation-clock-rewind rejected in operation_budget::OperationBudget::observe
#20 1839.7 RUNNER_COMMAND=cargo verus verify --manifest-path /tmp/gripsack-verus-w4wp5f06/operation-wait-at-deadline/crates/gripsack-policy/Cargo.toml -p gripsack-policy --locked --message-format=json -- --output-json --time-expanded
#20 1905.9 VERUS_RESULT={"encountered-error": true, "encountered-vir-error": false, "errors": 1, "is-verifying-entire-crate": true, "success": false, "verified": 332}
#20 1905.9 VERUS_DIAGNOSTIC={"$message_type": "diagnostic", "children": [], "code": null, "level": "error", "message": "postcondition not satisfied", "rendered": "error: postcondition not satisfied\n  --> crates/gripsack-policy/src/operation_budget.rs:79:13\n   |\n79 |               admitted ==> final(self).observed() + wait_ns < old(self).allowance(),\n   |               ^^^^^^^^^^^^^^^^^^^^^^^^^^^^^^^^^^^^^^^^^^^^^^^^^^^^^^^^^^^^^^^^^^^^^ failed this postcondition\n...\n85 | /         match self.observe(elapsed_ns) {\n86 | |             None => false,\n87 | |             Some(remaining) => {\n88 | |                 if wait_ns <= remaining.nanoseconds() { true }\n...  |\n91 | |         }\n   | |_________- at the end of the function body\n\n", "spans": [{"byte_end": 3795, "byte_start": 3563, "column_end": 10, "column_start": 9, "expansion": null, "file_name": "crates/gripsack-policy/src/operation_budget.rs", "is_primary": false, "label": "at the end of the function body", "line_end": 91, "line_start": 85, "suggested_replacement": null, "suggestion_applicability": null, "text": [{"highlight_end": 41, "highlight_start": 9, "text": "        match self.observe(elapsed_ns) {"}, {"highlight_end": 27, "highlight_start": 1, "text": "            None => false,"}, {"highlight_end": 33, "highlight_start": 1, "text": "            Some(remaining) => {"}, {"highlight_end": 63, "highlight_start": 1, "text": "                if wait_ns <= remaining.nanoseconds() { true }"}, {"highlight_end": 53, "highlight_start": 1, "text": "                else { self.terminal = true; false }"}, {"highlight_end": 14, "highlight_start": 1, "text": "            }"}, {"highlight_end": 10, "highlight_start": 1, "text": "        }"}]}, {"byte_end": 3257, "byte_start": 3188, "column_end": 82, "column_start": 13, "expansion": null, "file_name": "crates/gripsack-policy/src/operation_budget.rs", "is_primary": true, "label": "failed this postcondition", "line_end": 79, "line_start": 79, "suggested_replacement": null, "suggestion_applicability": null, "text": [{"highlight_end": 82, "highlight_start": 13, "text": "            admitted ==> final(self).observed() + wait_ns < old(self).allowance(),"}]}]}
#20 1905.9 VERUS_DIAGNOSTIC={"$message_type": "diagnostic", "children": [], "code": null, "level": "error", "message": "postcondition not satisfied", "rendered": "error: postcondition not satisfied\n  --> crates/gripsack-policy/src/operation_budget.rs:81:13\n   |\n81 | /             admitted <==> !old(self).terminal() && elapsed_ns < old(self).allowance()\n82 | |                 && wait_ns < old(self).allowance() - if elapsed_ns > old(self).observed() { elapsed_ns } else { old(self).observed() },\n   | |______________________________________________________________________________________________________________________________________^ failed this postcondition\n...\n85 | /         match self.observe(elapsed_ns) {\n86 | |             None => false,\n87 | |             Some(remaining) => {\n88 | |                 if wait_ns <= remaining.nanoseconds() { true }\n...  |\n91 | |         }\n   | |_________- at the end of the function body\n\n", "spans": [{"byte_end": 3795, "byte_start": 3563, "column_end": 10, "column_start": 9, "expansion": null, "file_name": "crates/gripsack-policy/src/operation_budget.rs", "is_primary": false, "label": "at the end of the function body", "line_end": 91, "line_start": 85, "suggested_replacement": null, "suggestion_applicability": null, "text": [{"highlight_end": 41, "highlight_start": 9, "text": "        match self.observe(elapsed_ns) {"}, {"highlight_end": 27, "highlight_start": 1, "text": "            None => false,"}, {"highlight_end": 33, "highlight_start": 1, "text": "            Some(remaining) => {"}, {"highlight_end": 63, "highlight_start": 1, "text": "                if wait_ns <= remaining.nanoseconds() { true }"}, {"highlight_end": 53, "highlight_start": 1, "text": "                else { self.terminal = true; false }"}, {"highlight_end": 14, "highlight_start": 1, "text": "            }"}, {"highlight_end": 10, "highlight_start": 1, "text": "        }"}]}, {"byte_end": 3529, "byte_start": 3321, "column_end": 135, "column_start": 13, "expansion": null, "file_name": "crates/gripsack-policy/src/operation_budget.rs", "is_primary": true, "label": "failed this postcondition", "line_end": 82, "line_start": 81, "suggested_replacement": null, "suggestion_applicability": null, "text": [{"highlight_end": 86, "highlight_start": 13, "text": "            admitted <==> !old(self).terminal() && elapsed_ns < old(self).allowance()"}, {"highlight_end": 135, "highlight_start": 1, "text": "                && wait_ns < old(self).allowance() - if elapsed_ns > old(self).observed() { elapsed_ns } else { old(self).observed() },"}]}]}
#20 1905.9 calibration: operation-wait-at-deadline rejected in operation_budget::OperationBudget::admit_wait
#20 1906.1 RUNNER_COMMAND=cargo verus verify --manifest-path /tmp/gripsack-verus-w4wp5f06/operation-terminal-revival/crates/gripsack-policy/Cargo.toml -p gripsack-policy --locked --message-format=json -- --output-json --time-expanded
#20 1972.0 VERUS_RESULT={"encountered-error": true, "encountered-vir-error": false, "errors": 1, "is-verifying-entire-crate": true, "success": false, "verified": 332}
#20 1972.0 VERUS_DIAGNOSTIC={"$message_type": "diagnostic", "children": [], "code": null, "level": "error", "message": "postcondition not satisfied", "rendered": "error: postcondition not satisfied\n   --> crates/gripsack-policy/src/operation_budget.rs:96:61\n    |\n 96 |               final(self).observed() == old(self).observed(), final(self).terminal(),\n    |                                                               ^^^^^^^^^^^^^^^^^^^^^^ failed this postcondition\n 97 |           no_unwind\n 98 | /     {\n 99 | |         proof { use_type_invariant(&*self); }\n100 | |     }\n    | |_____- at the end of the function body\n\n", "spans": [{"byte_end": 4054, "byte_start": 4001, "column_end": 6, "column_start": 5, "expansion": null, "file_name": "crates/gripsack-policy/src/operation_budget.rs", "is_primary": false, "label": "at the end of the function body", "line_end": 100, "line_start": 98, "suggested_replacement": null, "suggestion_applicability": null, "text": [{"highlight_end": 6, "highlight_start": 5, "text": "    {"}, {"highlight_end": 46, "highlight_start": 1, "text": "        proof { use_type_invariant(&*self); }"}, {"highlight_end": 6, "highlight_start": 1, "text": "    }"}]}, {"byte_end": 3977, "byte_start": 3955, "column_end": 83, "column_start": 61, "expansion": null, "file_name": "crates/gripsack-policy/src/operation_budget.rs", "is_primary": true, "label": "failed this postcondition", "line_end": 96, "line_start": 96, "suggested_replacement": null, "suggestion_applicability": null, "text": [{"highlight_end": 83, "highlight_start": 61, "text": "            final(self).observed() == old(self).observed(), final(self).terminal(),"}]}]}
#20 1972.0 calibration: operation-terminal-revival rejected in operation_budget::OperationBudget::stop
#20 1972.2 RUNNER_COMMAND=cargo verus verify --manifest-path /tmp/gripsack-verus-w4wp5f06/http-overlapping-attempt/crates/gripsack-policy/Cargo.toml -p gripsack-policy --locked --message-format=json -- --output-json --time-expanded
#20 2039.1 VERUS_RESULT={"encountered-error": true, "encountered-vir-error": false, "errors": 1, "is-verifying-entire-crate": true, "success": false, "verified": 332}
#20 2039.1 VERUS_DIAGNOSTIC={"$message_type": "diagnostic", "children": [], "code": null, "level": "error", "message": "postcondition not satisfied", "rendered": "error: postcondition not satisfied\n   --> crates/gripsack-policy/src/retry_budget.rs:151:13\n    |\n151 |             admission == old(self).expected_begin(elapsed_ns),\n    |             ^^^^^^^^^^^^^^^^^^^^^^^^^^^^^^^^^^^^^^^^^^^^^^^^^ failed this postcondition\n...\n182 |             return AttemptAdmission::Wait { nanoseconds: (self.ready_after - observed) as u64 };\n    |             ----------------------------------------------------------------------------------- at this exit\n\n", "spans": [{"byte_end": 9096, "byte_start": 9013, "column_end": 96, "column_start": 13, "expansion": null, "file_name": "crates/gripsack-policy/src/retry_budget.rs", "is_primary": false, "label": "at this exit", "line_end": 182, "line_start": 182, "suggested_replacement": null, "suggestion_applicability": null, "text": [{"highlight_end": 96, "highlight_start": 13, "text": "            return AttemptAdmission::Wait { nanoseconds: (self.ready_after - observed) as u64 };"}]}, {"byte_end": 7019, "byte_start": 6970, "column_end": 62, "column_start": 13, "expansion": null, "file_name": "crates/gripsack-policy/src/retry_budget.rs", "is_primary": true, "label": "failed this postcondition", "line_end": 151, "line_start": 151, "suggested_replacement": null, "suggestion_applicability": null, "text": [{"highlight_end": 62, "highlight_start": 13, "text": "            admission == old(self).expected_begin(elapsed_ns),"}]}]}
#20 2039.1 VERUS_DIAGNOSTIC={"$message_type": "diagnostic", "children": [], "code": null, "level": "error", "message": "postcondition not satisfied", "rendered": "error: postcondition not satisfied\n   --> crates/gripsack-policy/src/retry_budget.rs:151:13\n    |\n151 |             admission == old(self).expected_begin(elapsed_ns),\n    |             ^^^^^^^^^^^^^^^^^^^^^^^^^^^^^^^^^^^^^^^^^^^^^^^^^ failed this postcondition\n...\n179 |         if self.attempts >= ATTEMPT_LIMIT { return AttemptAdmission::Stop(self.stop(RetryRefusal::AttemptLimit)); }\n    |                                             -------------------------------------------------------------------- at this exit\n\n", "spans": [{"byte_end": 8898, "byte_start": 8830, "column_end": 113, "column_start": 45, "expansion": null, "file_name": "crates/gripsack-policy/src/retry_budget.rs", "is_primary": false, "label": "at this exit", "line_end": 179, "line_start": 179, "suggested_replacement": null, "suggestion_applicability": null, "text": [{"highlight_end": 113, "highlight_start": 45, "text": "        if self.attempts >= ATTEMPT_LIMIT { return AttemptAdmission::Stop(self.stop(RetryRefusal::AttemptLimit)); }"}]}, {"byte_end": 7019, "byte_start": 6970, "column_end": 62, "column_start": 13, "expansion": null, "file_name": "crates/gripsack-policy/src/retry_budget.rs", "is_primary": true, "label": "failed this postcondition", "line_end": 151, "line_start": 151, "suggested_replacement": null, "suggestion_applicability": null, "text": [{"highlight_end": 62, "highlight_start": 13, "text": "            admission == old(self).expected_begin(elapsed_ns),"}]}]}
#20 2039.1 VERUS_DIAGNOSTIC={"$message_type": "diagnostic", "children": [], "code": null, "level": "error", "message": "postcondition not satisfied", "rendered": "error: postcondition not satisfied\n   --> crates/gripsack-policy/src/retry_budget.rs:151:13\n    |\n151 |             admission == old(self).expected_begin(elapsed_ns),\n    |             ^^^^^^^^^^^^^^^^^^^^^^^^^^^^^^^^^^^^^^^^^^^^^^^^^ failed this postcondition\n...\n176 |             None => return AttemptAdmission::Stop(self.stop(RetryRefusal::Deadline)),\n    |                     ---------------------------------------------------------------- at this exit\n\n", "spans": [{"byte_end": 8717, "byte_start": 8653, "column_end": 85, "column_start": 21, "expansion": null, "file_name": "crates/gripsack-policy/src/retry_budget.rs", "is_primary": false, "label": "at this exit", "line_end": 176, "line_start": 176, "suggested_replacement": null, "suggestion_applicability": null, "text": [{"highlight_end": 85, "highlight_start": 21, "text": "            None => return AttemptAdmission::Stop(self.stop(RetryRefusal::Deadline)),"}]}, {"byte_end": 7019, "byte_start": 6970, "column_end": 62, "column_start": 13, "expansion": null, "file_name": "crates/gripsack-policy/src/retry_budget.rs", "is_primary": true, "label": "failed this postcondition", "line_end": 151, "line_start": 151, "suggested_replacement": null, "suggestion_applicability": null, "text": [{"highlight_end": 62, "highlight_start": 13, "text": "            admission == old(self).expected_begin(elapsed_ns),"}]}]}
#20 2039.1 VERUS_DIAGNOSTIC={"$message_type": "diagnostic", "children": [], "code": null, "level": "error", "message": "postcondition not satisfied", "rendered": "error: postcondition not satisfied\n   --> crates/gripsack-policy/src/retry_budget.rs:156:17\n    |\n156 |                 AttemptAdmission::Start { ordinal, remaining_ns } =>\n    |                 ^^^^^^^^^^^^^^^^^^^^^^^^^^^^^^^^^^^^^^^^^^^^^^^^^ failed this postcondition\n...\n182 |             return AttemptAdmission::Wait { nanoseconds: (self.ready_after - observed) as u64 };\n    |             ----------------------------------------------------------------------------------- at this exit\n\n", "spans": [{"byte_end": 9096, "byte_start": 9013, "column_end": 96, "column_start": 13, "expansion": null, "file_name": "crates/gripsack-policy/src/retry_budget.rs", "is_primary": false, "label": "at this exit", "line_end": 182, "line_start": 182, "suggested_replacement": null, "suggestion_applicability": null, "text": [{"highlight_end": 96, "highlight_start": 13, "text": "            return AttemptAdmission::Wait { nanoseconds: (self.ready_after - observed) as u64 };"}]}, {"byte_end": 7298, "byte_start": 7249, "column_end": 66, "column_start": 17, "expansion": null, "file_name": "crates/gripsack-policy/src/retry_budget.rs", "is_primary": true, "label": "failed this postcondition", "line_end": 156, "line_start": 156, "suggested_replacement": null, "suggestion_applicability": null, "text": [{"highlight_end": 66, "highlight_start": 17, "text": "                AttemptAdmission::Start { ordinal, remaining_ns } =>"}]}]}
#20 2039.1 calibration: http-overlapping-attempt rejected in retry_budget::RetryBudget::begin
#20 2039.3 RUNNER_COMMAND=cargo verus verify --manifest-path /tmp/gripsack-verus-w4wp5f06/http-minimum-wait/crates/gripsack-policy/Cargo.toml -p gripsack-policy --locked --message-format=json -- --output-json --time-expanded
#20 2105.3 VERUS_RESULT={"encountered-error": true, "encountered-vir-error": false, "errors": 1, "is-verifying-entire-crate": true, "success": false, "verified": 332}
#20 2105.3 VERUS_DIAGNOSTIC={"$message_type": "diagnostic", "children": [], "code": null, "level": "error", "message": "postcondition not satisfied", "rendered": "error: postcondition not satisfied\n   --> crates/gripsack-policy/src/retry_budget.rs:151:13\n    |\n151 |             admission == old(self).expected_begin(elapsed_ns),\n    |             ^^^^^^^^^^^^^^^^^^^^^^^^^^^^^^^^^^^^^^^^^^^^^^^^^ failed this postcondition\n...\n186 |         AttemptAdmission::Start { ordinal: self.attempts, remaining_ns: remaining as u64 }\n    |         ---------------------------------------------------------------------------------- at the end of the function body\n\n", "spans": [{"byte_end": 9377, "byte_start": 9295, "column_end": 91, "column_start": 9, "expansion": null, "file_name": "crates/gripsack-policy/src/retry_budget.rs", "is_primary": false, "label": "at the end of the function body", "line_end": 186, "line_start": 186, "suggested_replacement": null, "suggestion_applicability": null, "text": [{"highlight_end": 91, "highlight_start": 9, "text": "        AttemptAdmission::Start { ordinal: self.attempts, remaining_ns: remaining as u64 }"}]}, {"byte_end": 7019, "byte_start": 6970, "column_end": 62, "column_start": 13, "expansion": null, "file_name": "crates/gripsack-policy/src/retry_budget.rs", "is_primary": true, "label": "failed this postcondition", "line_end": 151, "line_start": 151, "suggested_replacement": null, "suggestion_applicability": null, "text": [{"highlight_end": 62, "highlight_start": 13, "text": "            admission == old(self).expected_begin(elapsed_ns),"}]}]}
#20 2105.3 VERUS_DIAGNOSTIC={"$message_type": "diagnostic", "children": [], "code": null, "level": "error", "message": "postcondition not satisfied", "rendered": "error: postcondition not satisfied\n   --> crates/gripsack-policy/src/retry_budget.rs:156:17\n    |\n156 |                 AttemptAdmission::Start { ordinal, remaining_ns } =>\n    |                 ^^^^^^^^^^^^^^^^^^^^^^^^^^^^^^^^^^^^^^^^^^^^^^^^^ failed this postcondition\n...\n186 |         AttemptAdmission::Start { ordinal: self.attempts, remaining_ns: remaining as u64 }\n    |         ---------------------------------------------------------------------------------- at the end of the function body\n\n", "spans": [{"byte_end": 9377, "byte_start": 9295, "column_end": 91, "column_start": 9, "expansion": null, "file_name": "crates/gripsack-policy/src/retry_budget.rs", "is_primary": false, "label": "at the end of the function body", "line_end": 186, "line_start": 186, "suggested_replacement": null, "suggestion_applicability": null, "text": [{"highlight_end": 91, "highlight_start": 9, "text": "        AttemptAdmission::Start { ordinal: self.attempts, remaining_ns: remaining as u64 }"}]}, {"byte_end": 7298, "byte_start": 7249, "column_end": 66, "column_start": 17, "expansion": null, "file_name": "crates/gripsack-policy/src/retry_budget.rs", "is_primary": true, "label": "failed this postcondition", "line_end": 156, "line_start": 156, "suggested_replacement": null, "suggestion_applicability": null, "text": [{"highlight_end": 66, "highlight_start": 17, "text": "                AttemptAdmission::Start { ordinal, remaining_ns } =>"}]}]}
#20 2105.3 calibration: http-minimum-wait rejected in retry_budget::RetryBudget::begin
#20 2105.5 RUNNER_COMMAND=cargo verus verify --manifest-path /tmp/gripsack-verus-w4wp5f06/http-error-precedence/crates/gripsack-policy/Cargo.toml -p gripsack-policy --locked --message-format=json -- --output-json --time-expanded
#20 2171.6 VERUS_RESULT={"encountered-error": true, "encountered-vir-error": false, "errors": 1, "is-verifying-entire-crate": true, "success": false, "verified": 332}
#20 2171.6 VERUS_DIAGNOSTIC={"$message_type": "diagnostic", "children": [], "code": null, "level": "error", "message": "postcondition not satisfied", "rendered": "error: postcondition not satisfied\n   --> crates/gripsack-policy/src/retry_budget.rs:191:13\n    |\n191 |             decision == old(self).expected_retry(elapsed_ns, retryable, server_wait_ns),\n    |             ^^^^^^^^^^^^^^^^^^^^^^^^^^^^^^^^^^^^^^^^^^^^^^^^^^^^^^^^^^^^^^^^^^^^^^^^^^^ failed this postcondition\n...\n216 |             None => return RetryDecision::Stop(self.stop(RetryRefusal::Deadline)),\n    |                     ------------------------------------------------------------- at this exit\n\n", "spans": [{"byte_end": 11421, "byte_start": 11360, "column_end": 82, "column_start": 21, "expansion": null, "file_name": "crates/gripsack-policy/src/retry_budget.rs", "is_primary": false, "label": "at this exit", "line_end": 216, "line_start": 216, "suggested_replacement": null, "suggestion_applicability": null, "text": [{"highlight_end": 82, "highlight_start": 21, "text": "            None => return RetryDecision::Stop(self.stop(RetryRefusal::Deadline)),"}]}, {"byte_end": 9602, "byte_start": 9527, "column_end": 88, "column_start": 13, "expansion": null, "file_name": "crates/gripsack-policy/src/retry_budget.rs", "is_primary": true, "label": "failed this postcondition", "line_end": 191, "line_start": 191, "suggested_replacement": null, "suggestion_applicability": null, "text": [{"highlight_end": 88, "highlight_start": 13, "text": "            decision == old(self).expected_retry(elapsed_ns, retryable, server_wait_ns),"}]}]}
#20 2171.6 VERUS_DIAGNOSTIC={"$message_type": "diagnostic", "children": [], "code": null, "level": "error", "message": "postcondition not satisfied", "rendered": "error: postcondition not satisfied\n   --> crates/gripsack-policy/src/retry_budget.rs:209:13\n    |\n209 |             old(self).in_flight() && !retryable ==> decision == RetryDecision::Stop(RetryRefusal::NonRetryable),\n    |             ^^^^^^^^^^^^^^^^^^^^^^^^^^^^^^^^^^^^^^^^^^^^^^^^^^^^^^^^^^^^^^^^^^^^^^^^^^^^^^^^^^^^^^^^^^^^^^^^^^^ failed this postcondition\n...\n216 |             None => return RetryDecision::Stop(self.stop(RetryRefusal::Deadline)),\n    |                     ------------------------------------------------------------- at this exit\n\n", "spans": [{"byte_end": 11421, "byte_start": 11360, "column_end": 82, "column_start": 21, "expansion": null, "file_name": "crates/gripsack-policy/src/retry_budget.rs", "is_primary": false, "label": "at this exit", "line_end": 216, "line_start": 216, "suggested_replacement": null, "suggestion_applicability": null, "text": [{"highlight_end": 82, "highlight_start": 21, "text": "            None => return RetryDecision::Stop(self.stop(RetryRefusal::Deadline)),"}]}, {"byte_end": 10889, "byte_start": 10790, "column_end": 112, "column_start": 13, "expansion": null, "file_name": "crates/gripsack-policy/src/retry_budget.rs", "is_primary": true, "label": "failed this postcondition", "line_end": 209, "line_start": 209, "suggested_replacement": null, "suggestion_applicability": null, "text": [{"highlight_end": 112, "highlight_start": 13, "text": "            old(self).in_flight() && !retryable ==> decision == RetryDecision::Stop(RetryRefusal::NonRetryable),"}]}]}
#20 2171.6 calibration: http-error-precedence rejected in retry_budget::RetryBudget::decide
#20 2171.8 RUNNER_COMMAND=cargo verus verify --manifest-path /tmp/gripsack-verus-w4wp5f06/http-backoff/crates/gripsack-policy/Cargo.toml -p gripsack-policy --locked --message-format=json -- --output-json --time-expanded
#20 2237.9 VERUS_RESULT={"encountered-error": true, "encountered-vir-error": false, "errors": 1, "is-verifying-entire-crate": true, "success": false, "verified": 332}
#20 2237.9 VERUS_DIAGNOSTIC={"$message_type": "diagnostic", "children": [], "code": null, "level": "error", "message": "postcondition not satisfied", "rendered": "error: postcondition not satisfied\n   --> crates/gripsack-policy/src/retry_budget.rs:191:13\n    |\n191 |             decision == old(self).expected_retry(elapsed_ns, retryable, server_wait_ns),\n    |             ^^^^^^^^^^^^^^^^^^^^^^^^^^^^^^^^^^^^^^^^^^^^^^^^^^^^^^^^^^^^^^^^^^^^^^^^^^^ failed this postcondition\n...\n230 |         RetryDecision::RetryAfter { nanoseconds: delay as u64 }\n    |         ------------------------------------------------------- at the end of the function body\n\n", "spans": [{"byte_end": 12249, "byte_start": 12194, "column_end": 64, "column_start": 9, "expansion": null, "file_name": "crates/gripsack-policy/src/retry_budget.rs", "is_primary": false, "label": "at the end of the function body", "line_end": 230, "line_start": 230, "suggested_replacement": null, "suggestion_applicability": null, "text": [{"highlight_end": 64, "highlight_start": 9, "text": "        RetryDecision::RetryAfter { nanoseconds: delay as u64 }"}]}, {"byte_end": 9602, "byte_start": 9527, "column_end": 88, "column_start": 13, "expansion": null, "file_name": "crates/gripsack-policy/src/retry_budget.rs", "is_primary": true, "label": "failed this postcondition", "line_end": 191, "line_start": 191, "suggested_replacement": null, "suggestion_applicability": null, "text": [{"highlight_end": 88, "highlight_start": 13, "text": "            decision == old(self).expected_retry(elapsed_ns, retryable, server_wait_ns),"}]}]}
#20 2237.9 VERUS_DIAGNOSTIC={"$message_type": "diagnostic", "children": [], "code": null, "level": "error", "message": "postcondition not satisfied", "rendered": "error: postcondition not satisfied\n   --> crates/gripsack-policy/src/retry_budget.rs:191:13\n    |\n191 |             decision == old(self).expected_retry(elapsed_ns, retryable, server_wait_ns),\n    |             ^^^^^^^^^^^^^^^^^^^^^^^^^^^^^^^^^^^^^^^^^^^^^^^^^^^^^^^^^^^^^^^^^^^^^^^^^^^ failed this postcondition\n...\n225 |         if !self.time.admit_wait(elapsed_ns, delay) { return RetryDecision::Stop(self.stop(RetryRefusal::Deadline)); }\n    |                                                       ------------------------------------------------------------- at this exit\n\n", "spans": [{"byte_end": 12004, "byte_start": 11943, "column_end": 116, "column_start": 55, "expansion": null, "file_name": "crates/gripsack-policy/src/retry_budget.rs", "is_primary": false, "label": "at this exit", "line_end": 225, "line_start": 225, "suggested_replacement": null, "suggestion_applicability": null, "text": [{"highlight_end": 116, "highlight_start": 55, "text": "        if !self.time.admit_wait(elapsed_ns, delay) { return RetryDecision::Stop(self.stop(RetryRefusal::Deadline)); }"}]}, {"byte_end": 9602, "byte_start": 9527, "column_end": 88, "column_start": 13, "expansion": null, "file_name": "crates/gripsack-policy/src/retry_budget.rs", "is_primary": true, "label": "failed this postcondition", "line_end": 191, "line_start": 191, "suggested_replacement": null, "suggestion_applicability": null, "text": [{"highlight_end": 88, "highlight_start": 13, "text": "            decision == old(self).expected_retry(elapsed_ns, retryable, server_wait_ns),"}]}]}
#20 2237.9 calibration: http-backoff rejected in retry_budget::RetryBudget::decide
#20 2238.1 RUNNER_COMMAND=cargo verus verify --manifest-path /tmp/gripsack-verus-w4wp5f06/http-cumulative-wait/crates/gripsack-policy/Cargo.toml -p gripsack-policy --locked --message-format=json -- --output-json --time-expanded
#20 2304.0 VERUS_RESULT={"encountered-error": true, "encountered-vir-error": false, "errors": 1, "is-verifying-entire-crate": true, "success": false, "verified": 332}
#20 2304.0 VERUS_DIAGNOSTIC={"$message_type": "diagnostic", "children": [], "code": null, "level": "error", "message": "postcondition not satisfied", "rendered": "error: postcondition not satisfied\n   --> crates/gripsack-policy/src/retry_budget.rs:196:17\n    |\n196 |                 RetryDecision::RetryAfter { nanoseconds } =>\n    |                 ^^^^^^^^^^^^^^^^^^^^^^^^^^^^^^^^^^^^^^^^^ failed this postcondition\n...\n230 |         RetryDecision::RetryAfter { nanoseconds: delay as u64 }\n    |         ------------------------------------------------------- at the end of the function body\n\n", "spans": [{"byte_end": 12281, "byte_start": 12226, "column_end": 64, "column_start": 9, "expansion": null, "file_name": "crates/gripsack-policy/src/retry_budget.rs", "is_primary": false, "label": "at the end of the function body", "line_end": 230, "line_start": 230, "suggested_replacement": null, "suggestion_applicability": null, "text": [{"highlight_end": 64, "highlight_start": 9, "text": "        RetryDecision::RetryAfter { nanoseconds: delay as u64 }"}]}, {"byte_end": 9866, "byte_start": 9825, "column_end": 58, "column_start": 17, "expansion": null, "file_name": "crates/gripsack-policy/src/retry_budget.rs", "is_primary": true, "label": "failed this postcondition", "line_end": 196, "line_start": 196, "suggested_replacement": null, "suggestion_applicability": null, "text": [{"highlight_end": 58, "highlight_start": 17, "text": "                RetryDecision::RetryAfter { nanoseconds } =>"}]}]}
#20 2304.0 calibration: http-cumulative-wait rejected in retry_budget::RetryBudget::decide
#20 2304.2 RUNNER_COMMAND=cargo verus verify --manifest-path /tmp/gripsack-verus-w4wp5f06/http-late-completion/crates/gripsack-policy/Cargo.toml -p gripsack-policy --locked --message-format=json -- --output-json --time-expanded
#20 2373.6 VERUS_RESULT={"encountered-error": true, "encountered-vir-error": false, "errors": 1, "is-verifying-entire-crate": true, "success": false, "verified": 332}
#20 2373.6 VERUS_DIAGNOSTIC={"$message_type": "diagnostic", "children": [], "code": null, "level": "error", "message": "postcondition not satisfied", "rendered": "error: postcondition not satisfied\n   --> crates/gripsack-policy/src/retry_budget.rs:235:13\n    |\n235 |             result == old(self).expected_completion(elapsed_ns),\n    |             ^^^^^^^^^^^^^^^^^^^^^^^^^^^^^^^^^^^^^^^^^^^^^^^^^^^ failed this postcondition\n...\n249 |         Ok(())\n    |         ------ at the end of the function body\n\n", "spans": [{"byte_end": 13317, "byte_start": 13311, "column_end": 15, "column_start": 9, "expansion": null, "file_name": "crates/gripsack-policy/src/retry_budget.rs", "is_primary": false, "label": "at the end of the function body", "line_end": 249, "line_start": 249, "suggested_replacement": null, "suggestion_applicability": null, "text": [{"highlight_end": 15, "highlight_start": 9, "text": "        Ok(())"}]}, {"byte_end": 12486, "byte_start": 12435, "column_end": 64, "column_start": 13, "expansion": null, "file_name": "crates/gripsack-policy/src/retry_budget.rs", "is_primary": true, "label": "failed this postcondition", "line_end": 235, "line_start": 235, "suggested_replacement": null, "suggestion_applicability": null, "text": [{"highlight_end": 64, "highlight_start": 13, "text": "            result == old(self).expected_completion(elapsed_ns),"}]}]}
#20 2373.6 VERUS_DIAGNOSTIC={"$message_type": "diagnostic", "children": [], "code": null, "level": "error", "message": "postcondition not satisfied", "rendered": "error: postcondition not satisfied\n   --> crates/gripsack-policy/src/retry_budget.rs:238:13\n    |\n238 | /             result.is_ok() ==> old(self).in_flight() && old(self).stopped().is_none()\n239 | |                 && final(self).finished() && final(self).observed() < OPERATION_NANOSECONDS,\n    | |___________________________________________________________________________________________^ failed this postcondition\n...\n249 |           Ok(())\n    |           ------ at the end of the function body\n\n", "spans": [{"byte_end": 13317, "byte_start": 13311, "column_end": 15, "column_start": 9, "expansion": null, "file_name": "crates/gripsack-policy/src/retry_budget.rs", "is_primary": false, "label": "at the end of the function body", "line_end": 249, "line_start": 249, "suggested_replacement": null, "suggestion_applicability": null, "text": [{"highlight_end": 15, "highlight_start": 9, "text": "        Ok(())"}]}, {"byte_end": 12829, "byte_start": 12664, "column_end": 92, "column_start": 13, "expansion": null, "file_name": "crates/gripsack-policy/src/retry_budget.rs", "is_primary": true, "label": "failed this postcondition", "line_end": 239, "line_start": 238, "suggested_replacement": null, "suggestion_applicability": null, "text": [{"highlight_end": 86, "highlight_start": 13, "text": "            result.is_ok() ==> old(self).in_flight() && old(self).stopped().is_none()"}, {"highlight_end": 92, "highlight_start": 1, "text": "                && final(self).finished() && final(self).observed() < OPERATION_NANOSECONDS,"}]}]}
#20 2373.6 calibration: http-late-completion rejected in retry_budget::RetryBudget::complete
#20 2373.8 RUNNER_COMMAND=cargo verus verify --manifest-path /tmp/gripsack-verus-w4wp5f06/process-input-boundary/crates/gripsack-policy/Cargo.toml -p gripsack-policy --locked --message-format=json -- --output-json --time-expanded
#20 2440.7 VERUS_RESULT={"encountered-error": true, "encountered-vir-error": false, "errors": 1, "is-verifying-entire-crate": true, "success": false, "verified": 332}
#20 2440.7 VERUS_DIAGNOSTIC={"$message_type": "diagnostic", "children": [], "code": null, "level": "error", "message": "postcondition not satisfied", "rendered": "error: postcondition not satisfied\n  --> crates/gripsack-policy/src/process_budget/input.rs:37:9\n   |\n37 |         append.is_some() <==> (length as nat) + (additional as nat) <= limit.view(),\n   |         ^^^^^^^^^^^^^^^^^^^^^^^^^^^^^^^^^^^^^^^^^^^^^^^^^^^^^^^^^^^^^^^^^^^^^^^^^^^ failed this postcondition\n...\n44 |     if additional >= limit.bytes - length { return None; }\n   |                                             ----------- at this exit\n\n", "spans": [{"byte_end": 1798, "byte_start": 1787, "column_end": 56, "column_start": 45, "expansion": null, "file_name": "crates/gripsack-policy/src/process_budget/input.rs", "is_primary": false, "label": "at this exit", "line_end": 44, "line_start": 44, "suggested_replacement": null, "suggestion_applicability": null, "text": [{"highlight_end": 56, "highlight_start": 45, "text": "    if additional >= limit.bytes - length { return None; }"}]}, {"byte_end": 1283, "byte_start": 1208, "column_end": 84, "column_start": 9, "expansion": null, "file_name": "crates/gripsack-policy/src/process_budget/input.rs", "is_primary": true, "label": "failed this postcondition", "line_end": 37, "line_start": 37, "suggested_replacement": null, "suggestion_applicability": null, "text": [{"highlight_end": 84, "highlight_start": 9, "text": "        append.is_some() <==> (length as nat) + (additional as nat) <= limit.view(),"}]}]}
#20 2440.7 calibration: process-input-boundary rejected in process_budget::input::admit_input_append
#20 2440.9 RUNNER_COMMAND=cargo verus verify --manifest-path /tmp/gripsack-verus-w4wp5f06/process-frame-delimiter/crates/gripsack-policy/Cargo.toml -p gripsack-policy --locked --message-format=json -- --output-json --time-expanded
#20 2507.3 VERUS_RESULT={"encountered-error": true, "encountered-vir-error": false, "errors": 1, "is-verifying-entire-crate": true, "success": false, "verified": 332}
#20 2507.3 VERUS_DIAGNOSTIC={"$message_type": "diagnostic", "children": [], "code": null, "level": "error", "message": "postcondition not satisfied", "rendered": "error: postcondition not satisfied\n  --> crates/gripsack-policy/src/process_budget/frame.rs:40:13\n   |\n40 | /             action == if old(self).failed() { FrameAction::Limit }\n41 | |                 else if byte == 10 { FrameAction::Boundary }\n42 | |                 else if old(self).length() == old(self).limit() { FrameAction::Limit }\n43 | |                 else { FrameAction::Append },\n   | |____________________________________________^ failed this postcondition\n...\n63 |           FrameAction::Append\n   |           ------------------- at the end of the function body\n\n", "spans": [{"byte_end": 2375, "byte_start": 2356, "column_end": 28, "column_start": 9, "expansion": null, "file_name": "crates/gripsack-policy/src/process_budget/frame.rs", "is_primary": false, "label": "at the end of the function body", "line_end": 63, "line_start": 63, "suggested_replacement": null, "suggestion_applicability": null, "text": [{"highlight_end": 28, "highlight_start": 9, "text": "        FrameAction::Append"}]}, {"byte_end": 1653, "byte_start": 1406, "column_end": 45, "column_start": 13, "expansion": null, "file_name": "crates/gripsack-policy/src/process_budget/frame.rs", "is_primary": true, "label": "failed this postcondition", "line_end": 43, "line_start": 40, "suggested_replacement": null, "suggestion_applicability": null, "text": [{"highlight_end": 67, "highlight_start": 13, "text": "            action == if old(self).failed() { FrameAction::Limit }"}, {"highlight_end": 61, "highlight_start": 1, "text": "                else if byte == 10 { FrameAction::Boundary }"}, {"highlight_end": 87, "highlight_start": 1, "text": "                else if old(self).length() == old(self).limit() { FrameAction::Limit }"}, {"highlight_end": 45, "highlight_start": 1, "text": "                else { FrameAction::Append },"}]}]}
#20 2507.3 VERUS_DIAGNOSTIC={"$message_type": "diagnostic", "children": [], "code": null, "level": "error", "message": "postcondition not satisfied", "rendered": "error: postcondition not satisfied\n  --> crates/gripsack-policy/src/process_budget/frame.rs:40:13\n   |\n40 | /             action == if old(self).failed() { FrameAction::Limit }\n41 | |                 else if byte == 10 { FrameAction::Boundary }\n42 | |                 else if old(self).length() == old(self).limit() { FrameAction::Limit }\n43 | |                 else { FrameAction::Append },\n   | |____________________________________________^ failed this postcondition\n...\n56 |               return FrameAction::Boundary;\n   |               ---------------------------- at this exit\n\n", "spans": [{"byte_end": 2184, "byte_start": 2156, "column_end": 41, "column_start": 13, "expansion": null, "file_name": "crates/gripsack-policy/src/process_budget/frame.rs", "is_primary": false, "label": "at this exit", "line_end": 56, "line_start": 56, "suggested_replacement": null, "suggestion_applicability": null, "text": [{"highlight_end": 41, "highlight_start": 13, "text": "            return FrameAction::Boundary;"}]}, {"byte_end": 1653, "byte_start": 1406, "column_end": 45, "column_start": 13, "expansion": null, "file_name": "crates/gripsack-policy/src/process_budget/frame.rs", "is_primary": true, "label": "failed this postcondition", "line_end": 43, "line_start": 40, "suggested_replacement": null, "suggestion_applicability": null, "text": [{"highlight_end": 67, "highlight_start": 13, "text": "            action == if old(self).failed() { FrameAction::Limit }"}, {"highlight_end": 61, "highlight_start": 1, "text": "                else if byte == 10 { FrameAction::Boundary }"}, {"highlight_end": 87, "highlight_start": 1, "text": "                else if old(self).length() == old(self).limit() { FrameAction::Limit }"}, {"highlight_end": 45, "highlight_start": 1, "text": "                else { FrameAction::Append },"}]}]}
#20 2507.3 calibration: process-frame-delimiter rejected in process_budget::frame::FrameBudget::observe
#20 2507.5 RUNNER_COMMAND=cargo verus verify --manifest-path /tmp/gripsack-verus-w4wp5f06/process-output-counter-reset/crates/gripsack-policy/Cargo.toml -p gripsack-policy --locked --message-format=json -- --output-json --time-expanded
#20 2574.2 VERUS_RESULT={"encountered-error": true, "encountered-vir-error": false, "errors": 1, "is-verifying-entire-crate": true, "success": false, "verified": 332}
#20 2574.2 VERUS_DIAGNOSTIC={"$message_type": "diagnostic", "children": [], "code": null, "level": "error", "message": "postcondition not satisfied", "rendered": "error: postcondition not satisfied\n  --> crates/gripsack-policy/src/process_budget/output.rs:39:13\n   |\n39 | /             final(self).total == if old(self).overflowed || (old(self).total as nat) + (bytes as nat) > u64::MAX {\n40 | |                 u64::MAX\n41 | |             } else { (old(self).total + bytes) as u64 },\n   | |_______________________________________________________^ failed this postcondition\n...\n51 |           self.total <= limit\n   |           ------------------- at the end of the function body\n\n", "spans": [{"byte_end": 2168, "byte_start": 2149, "column_end": 28, "column_start": 9, "expansion": null, "file_name": "crates/gripsack-policy/src/process_budget/output.rs", "is_primary": false, "label": "at the end of the function body", "line_end": 51, "line_start": 51, "suggested_replacement": null, "suggestion_applicability": null, "text": [{"highlight_end": 28, "highlight_start": 9, "text": "        self.total <= limit"}]}, {"byte_end": 1815, "byte_start": 1632, "column_end": 56, "column_start": 13, "expansion": null, "file_name": "crates/gripsack-policy/src/process_budget/output.rs", "is_primary": true, "label": "failed this postcondition", "line_end": 41, "line_start": 39, "suggested_replacement": null, "suggestion_applicability": null, "text": [{"highlight_end": 115, "highlight_start": 13, "text": "            final(self).total == if old(self).overflowed || (old(self).total as nat) + (bytes as nat) > u64::MAX {"}, {"highlight_end": 25, "highlight_start": 1, "text": "                u64::MAX"}, {"highlight_end": 56, "highlight_start": 1, "text": "            } else { (old(self).total + bytes) as u64 },"}]}]}
#20 2574.2 VERUS_DIAGNOSTIC={"$message_type": "diagnostic", "children": [], "code": null, "level": "error", "message": "postcondition not satisfied", "rendered": "error: postcondition not satisfied\n  --> crates/gripsack-policy/src/process_budget/output.rs:42:13\n   |\n42 |             admitted <==> !old(self).overflowed && (old(self).total as nat) + (bytes as nat) <= limit,\n   |             ^^^^^^^^^^^^^^^^^^^^^^^^^^^^^^^^^^^^^^^^^^^^^^^^^^^^^^^^^^^^^^^^^^^^^^^^^^^^^^^^^^^^^^^^^ failed this postcondition\n...\n51 |         self.total <= limit\n   |         ------------------- at the end of the function body\n\n", "spans": [{"byte_end": 2168, "byte_start": 2149, "column_end": 28, "column_start": 9, "expansion": null, "file_name": "crates/gripsack-policy/src/process_budget/output.rs", "is_primary": false, "label": "at the end of the function body", "line_end": 51, "line_start": 51, "suggested_replacement": null, "suggestion_applicability": null, "text": [{"highlight_end": 28, "highlight_start": 9, "text": "        self.total <= limit"}]}, {"byte_end": 1918, "byte_start": 1829, "column_end": 102, "column_start": 13, "expansion": null, "file_name": "crates/gripsack-policy/src/process_budget/output.rs", "is_primary": true, "label": "failed this postcondition", "line_end": 42, "line_start": 42, "suggested_replacement": null, "suggestion_applicability": null, "text": [{"highlight_end": 102, "highlight_start": 13, "text": "            admitted <==> !old(self).overflowed && (old(self).total as nat) + (bytes as nat) <= limit,"}]}]}
#20 2574.2 calibration: process-output-counter-reset rejected in process_budget::output::ObservedBytes::record
#20 2574.4 RUNNER_COMMAND=cargo verus verify --manifest-path /tmp/gripsack-verus-w4wp5f06/process-tail-prefix/crates/gripsack-policy/Cargo.toml -p gripsack-policy --locked --message-format=json -- --output-json --time-expanded
#20 2641.3 VERUS_RESULT={"encountered-error": true, "encountered-vir-error": false, "errors": 1, "is-verifying-entire-crate": true, "success": false, "verified": 332}
#20 2641.3 VERUS_DIAGNOSTIC={"$message_type": "diagnostic", "children": [], "code": null, "level": "error", "message": "postcondition not satisfied", "rendered": "error: postcondition not satisfied\n  --> crates/gripsack-policy/src/process_budget/tail.rs:19:9\n   |\n19 | /         retained - append.discard() + incoming - append.skip()\n20 | |             == if retained + incoming > limit.view() { limit.view() as int } else { retained + incoming },\n   | |_________________________________________________________________________________________________________^ failed this postcondition\n...\n29 | /     if incoming >= capacity {\n30 | |         TailAppend { discard: retained, skip: incoming - capacity }\n31 | |     } else {\n32 | |         let old_room = capacity;\n33 | |         let discard = retained.saturating_sub(old_room);\n34 | |         TailAppend { discard, skip: 0 }\n35 | |     }\n   | |_____- at the end of the function body\n\n", "spans": [{"byte_end": 1570, "byte_start": 1328, "column_end": 6, "column_start": 5, "expansion": null, "file_name": "crates/gripsack-policy/src/process_budget/tail.rs", "is_primary": false, "label": "at the end of the function body", "line_end": 35, "line_start": 29, "suggested_replacement": null, "suggestion_applicability": null, "text": [{"highlight_end": 30, "highlight_start": 5, "text": "    if incoming >= capacity {"}, {"highlight_end": 68, "highlight_start": 1, "text": "        TailAppend { discard: retained, skip: incoming - capacity }"}, {"highlight_end": 13, "highlight_start": 1, "text": "    } else {"}, {"highlight_end": 33, "highlight_start": 1, "text": "        let old_room = capacity;"}, {"highlight_end": 57, "highlight_start": 1, "text": "        let discard = retained.saturating_sub(old_room);"}, {"highlight_end": 40, "highlight_start": 1, "text": "        TailAppend { discard, skip: 0 }"}, {"highlight_end": 6, "highlight_start": 1, "text": "    }"}]}, {"byte_end": 920, "byte_start": 760, "column_end": 106, "column_start": 9, "expansion": null, "file_name": "crates/gripsack-policy/src/process_budget/tail.rs", "is_primary": true, "label": "failed this postcondition", "line_end": 20, "line_start": 19, "suggested_replacement": null, "suggestion_applicability": null, "text": [{"highlight_end": 63, "highlight_start": 9, "text": "        retained - append.discard() + incoming - append.skip()"}, {"highlight_end": 106, "highlight_start": 1, "text": "            == if retained + incoming > limit.view() { limit.view() as int } else { retained + incoming },"}]}]}
#20 2641.3 VERUS_DIAGNOSTIC={"$message_type": "diagnostic", "children": [], "code": null, "level": "error", "message": "postcondition not satisfied", "rendered": "error: postcondition not satisfied\n  --> crates/gripsack-policy/src/process_budget/tail.rs:23:9\n   |\n23 | /         append.discard() == if retained + incoming > limit.view() {\n24 | |             if incoming >= limit.view() { retained as int } else { retained + incoming - limit.view() }\n25 | |         } else { 0int },\n   | |_______________________^ failed this postcondition\n...\n29 | /     if incoming >= capacity {\n30 | |         TailAppend { discard: retained, skip: incoming - capacity }\n31 | |     } else {\n32 | |         let old_room = capacity;\n33 | |         let discard = retained.saturating_sub(old_room);\n34 | |         TailAppend { discard, skip: 0 }\n35 | |     }\n   | |_____- at the end of the function body\n\n", "spans": [{"byte_end": 1570, "byte_start": 1328, "column_end": 6, "column_start": 5, "expansion": null, "file_name": "crates/gripsack-policy/src/process_budget/tail.rs", "is_primary": false, "label": "at the end of the function body", "line_end": 35, "line_start": 29, "suggested_replacement": null, "suggestion_applicability": null, "text": [{"highlight_end": 30, "highlight_start": 5, "text": "    if incoming >= capacity {"}, {"highlight_end": 68, "highlight_start": 1, "text": "        TailAppend { discard: retained, skip: incoming - capacity }"}, {"highlight_end": 13, "highlight_start": 1, "text": "    } else {"}, {"highlight_end": 33, "highlight_start": 1, "text": "        let old_room = capacity;"}, {"highlight_end": 57, "highlight_start": 1, "text": "        let discard = retained.saturating_sub(old_room);"}, {"highlight_end": 40, "highlight_start": 1, "text": "        TailAppend { discard, skip: 0 }"}, {"highlight_end": 6, "highlight_start": 1, "text": "    }"}]}, {"byte_end": 1272, "byte_start": 1085, "column_end": 24, "column_start": 9, "expansion": null, "file_name": "crates/gripsack-policy/src/process_budget/tail.rs", "is_primary": true, "label": "failed this postcondition", "line_end": 25, "line_start": 23, "suggested_replacement": null, "suggestion_applicability": null, "text": [{"highlight_end": 68, "highlight_start": 9, "text": "        append.discard() == if retained + incoming > limit.view() {"}, {"highlight_end": 104, "highlight_start": 1, "text": "            if incoming >= limit.view() { retained as int } else { retained + incoming - limit.view() }"}, {"highlight_end": 24, "highlight_start": 1, "text": "        } else { 0int },"}]}]}
#20 2641.3 calibration: process-tail-prefix rejected in process_budget::tail::retain_tail
#20 2641.5 RUNNER_COMMAND=cargo verus verify --manifest-path /tmp/gripsack-verus-w4wp5f06/process-input-window/crates/gripsack-policy/Cargo.toml -p gripsack-policy --locked --message-format=json -- --output-json --time-expanded
#20 2708.1 VERUS_RESULT={"encountered-error": true, "encountered-vir-error": false, "errors": 1, "is-verifying-entire-crate": true, "success": false, "verified": 332}
#20 2708.1 VERUS_DIAGNOSTIC={"$message_type": "diagnostic", "children": [], "code": null, "level": "error", "message": "postcondition not satisfied", "rendered": "error: postcondition not satisfied\n  --> crates/gripsack-policy/src/process_budget/transfer.rs:61:13\n   |\n61 | /             chunk.is_some() ==> chunk.unwrap().start() == old(self).sent()\n62 | |                 && chunk.unwrap().start() < chunk.unwrap().end() <= old(self).total()\n63 | |                 && chunk.unwrap().end() - chunk.unwrap().start() <= IO_CHUNK_BYTES\n64 | |                 && final(self).offered() == Some((chunk.unwrap().end() - chunk.unwrap().start()) as usize),\n   | |__________________________________________________________________________________________________________^ failed this postcondition\n...\n73 |           Some(InputChunk { start: self.sent, end })\n   |           ------------------------------------------ at the end of the function body\n\n", "spans": [{"byte_end": 3308, "byte_start": 3266, "column_end": 51, "column_start": 9, "expansion": null, "file_name": "crates/gripsack-policy/src/process_budget/transfer.rs", "is_primary": false, "label": "at the end of the function body", "line_end": 73, "line_start": 73, "suggested_replacement": null, "suggestion_applicability": null, "text": [{"highlight_end": 51, "highlight_start": 9, "text": "        Some(InputChunk { start: self.sent, end })"}]}, {"byte_end": 2900, "byte_start": 2562, "column_end": 107, "column_start": 13, "expansion": null, "file_name": "crates/gripsack-policy/src/process_budget/transfer.rs", "is_primary": true, "label": "failed this postcondition", "line_end": 64, "line_start": 61, "suggested_replacement": null, "suggestion_applicability": null, "text": [{"highlight_end": 75, "highlight_start": 13, "text": "            chunk.is_some() ==> chunk.unwrap().start() == old(self).sent()"}, {"highlight_end": 86, "highlight_start": 1, "text": "                && chunk.unwrap().start() < chunk.unwrap().end() <= old(self).total()"}, {"highlight_end": 83, "highlight_start": 1, "text": "                && chunk.unwrap().end() - chunk.unwrap().start() <= IO_CHUNK_BYTES"}, {"highlight_end": 107, "highlight_start": 1, "text": "                && final(self).offered() == Some((chunk.unwrap().end() - chunk.unwrap().start()) as usize),"}]}]}
#20 2708.1 calibration: process-input-window rejected in process_budget::transfer::InputTransfer::begin
#20 2708.3 RUNNER_COMMAND=cargo verus verify --manifest-path /tmp/gripsack-verus-w4wp5f06/process-input-retry-reset/crates/gripsack-policy/Cargo.toml -p gripsack-policy --locked --message-format=json -- --output-json --time-expanded
#20 2775.0 VERUS_RESULT={"encountered-error": true, "encountered-vir-error": false, "errors": 1, "is-verifying-entire-crate": true, "success": false, "verified": 332}
#20 2775.0 VERUS_DIAGNOSTIC={"$message_type": "diagnostic", "children": [], "code": null, "level": "error", "message": "postcondition not satisfied", "rendered": "error: postcondition not satisfied\n   --> crates/gripsack-policy/src/process_budget/transfer.rs:105:55\n    |\n105 |             final(self).total() == old(self).total(), final(self).sent() == old(self).sent(),\n    |                                                       ^^^^^^^^^^^^^^^^^^^^^^^^^^^^^^^^^^^^^^ failed this postcondition\n...\n112 |         if matches!(self.phase, TransferPhase::Offered(_)) { self.sent = 0; self.phase = TransferPhase::Ready; }\n    |         -------------------------------------------------------------------------------------------------------- at the end of the function body\n\n", "spans": [{"byte_end": 5030, "byte_start": 4926, "column_end": 113, "column_start": 9, "expansion": null, "file_name": "crates/gripsack-policy/src/process_budget/transfer.rs", "is_primary": false, "label": "at the end of the function body", "line_end": 112, "line_start": 112, "suggested_replacement": null, "suggestion_applicability": null, "text": [{"highlight_end": 113, "highlight_start": 9, "text": "        if matches!(self.phase, TransferPhase::Offered(_)) { self.sent = 0; self.phase = TransferPhase::Ready; }"}]}, {"byte_end": 4656, "byte_start": 4618, "column_end": 93, "column_start": 55, "expansion": null, "file_name": "crates/gripsack-policy/src/process_budget/transfer.rs", "is_primary": true, "label": "failed this postcondition", "line_end": 105, "line_start": 105, "suggested_replacement": null, "suggestion_applicability": null, "text": [{"highlight_end": 93, "highlight_start": 55, "text": "            final(self).total() == old(self).total(), final(self).sent() == old(self).sent(),"}]}]}
#20 2775.0 calibration: process-input-retry-reset rejected in process_budget::transfer::InputTransfer::retry
#20 2775.2 RUNNER_COMMAND=cargo verus verify --manifest-path /tmp/gripsack-verus-w4wp5f06/process-input-overacknowledge/crates/gripsack-policy/Cargo.toml -p gripsack-policy --locked --message-format=json -- --output-json --time-expanded
#20 2842.0 VERUS_RESULT={"encountered-error": true, "encountered-vir-error": false, "errors": 1, "is-verifying-entire-crate": true, "success": false, "verified": 332}
#20 2842.0 VERUS_DIAGNOSTIC={"$message_type": "diagnostic", "children": [], "code": null, "level": "error", "message": "value may fail to meet its declared type invariant after assignment", "rendered": "error: value may fail to meet its declared type invariant after assignment\n  --> crates/gripsack-policy/src/process_budget/transfer.rs:98:9\n   |\n24 |     spec fn valid(&self) -> bool {\n   |          ----------------------- type invariant declared here\n...\n98 |         self.sent += written;\n   |         ^^^^\n\n", "spans": [{"byte_end": 795, "byte_start": 772, "column_end": 33, "column_start": 10, "expansion": null, "file_name": "crates/gripsack-policy/src/process_budget/transfer.rs", "is_primary": false, "label": "type invariant declared here", "line_end": 24, "line_start": 24, "suggested_replacement": null, "suggestion_applicability": null, "text": [{"highlight_end": 33, "highlight_start": 10, "text": "    spec fn valid(&self) -> bool {"}]}, {"byte_end": 4390, "byte_start": 4386, "column_end": 13, "column_start": 9, "expansion": null, "file_name": "crates/gripsack-policy/src/process_budget/transfer.rs", "is_primary": true, "label": null, "line_end": 98, "line_start": 98, "suggested_replacement": null, "suggestion_applicability": null, "text": [{"highlight_end": 13, "highlight_start": 9, "text": "        self.sent += written;"}]}]}
#20 2842.0 VERUS_DIAGNOSTIC={"$message_type": "diagnostic", "children": [], "code": null, "level": "error", "message": "possible arithmetic underflow/overflow", "rendered": "error: possible arithmetic underflow/overflow\n  --> crates/gripsack-policy/src/process_budget/transfer.rs:98:9\n   |\n98 |         self.sent += written;\n   |         ^^^^^^^^^^^^^^^^^^^^\n\n", "spans": [{"byte_end": 4406, "byte_start": 4386, "column_end": 29, "column_start": 9, "expansion": null, "file_name": "crates/gripsack-policy/src/process_budget/transfer.rs", "is_primary": true, "label": null, "line_end": 98, "line_start": 98, "suggested_replacement": null, "suggestion_applicability": null, "text": [{"highlight_end": 29, "highlight_start": 9, "text": "        self.sent += written;"}]}]}
#20 2842.0 calibration: process-input-overacknowledge rejected in process_budget::transfer::InputTransfer::complete
#20 2842.2 RUNNER_COMMAND=cargo verus verify --manifest-path /tmp/gripsack-verus-w4wp5f06/process-lost-ownership/crates/gripsack-policy/Cargo.toml -p gripsack-policy --locked --message-format=json -- --output-json --time-expanded
#20 2908.4 VERUS_RESULT={"encountered-error": true, "encountered-vir-error": false, "errors": 1, "is-verifying-entire-crate": true, "success": false, "verified": 332}
#20 2908.4 VERUS_DIAGNOSTIC={"$message_type": "diagnostic", "children": [], "code": null, "level": "error", "message": "postcondition not satisfied", "rendered": "error: postcondition not satisfied\n  --> crates/gripsack-policy/src/process_budget/lifecycle.rs:89:17\n   |\n88 |     pub fn lose_ownership(&mut self)\n   |     -------------------------------- at the end of the function body\n89 |         ensures final(self).lost(), final(self).finished() == old(self).finished(),\n   |                 ^^^^^^^^^^^^^^^^^^ failed this postcondition\n\n", "spans": [{"byte_end": 4196, "byte_start": 4164, "column_end": 37, "column_start": 5, "expansion": null, "file_name": "crates/gripsack-policy/src/process_budget/lifecycle.rs", "is_primary": false, "label": "at the end of the function body", "line_end": 88, "line_start": 88, "suggested_replacement": null, "suggestion_applicability": null, "text": [{"highlight_end": 37, "highlight_start": 5, "text": "    pub fn lose_ownership(&mut self)"}]}, {"byte_end": 4231, "byte_start": 4213, "column_end": 35, "column_start": 17, "expansion": null, "file_name": "crates/gripsack-policy/src/process_budget/lifecycle.rs", "is_primary": true, "label": "failed this postcondition", "line_end": 89, "line_start": 89, "suggested_replacement": null, "suggestion_applicability": null, "text": [{"highlight_end": 35, "highlight_start": 17, "text": "        ensures final(self).lost(), final(self).finished() == old(self).finished(),"}]}]}
#20 2908.4 calibration: process-lost-ownership rejected in process_budget::lifecycle::ChildLifecycle::lose_ownership
#20 2908.6 RUNNER_COMMAND=cargo verus verify --manifest-path /tmp/gripsack-verus-w4wp5f06/process-reap-before-signal/crates/gripsack-policy/Cargo.toml -p gripsack-policy --locked --message-format=json -- --output-json --time-expanded
#20 2974.6 VERUS_RESULT={"encountered-error": true, "encountered-vir-error": false, "errors": 1, "is-verifying-entire-crate": true, "success": false, "verified": 332}
#20 2974.6 VERUS_DIAGNOSTIC={"$message_type": "diagnostic", "children": [], "code": null, "level": "error", "message": "value may fail to meet its declared type invariant after assignment", "rendered": "error: value may fail to meet its declared type invariant after assignment\n   --> crates/gripsack-policy/src/process_budget/lifecycle.rs:143:9\n    |\n 34 |     spec fn valid(&self) -> bool {\n    |          ----------------------- type invariant declared here\n...\n143 |         self.leader = LeaderState::Reaping;\n    |         ^^^^\n\n", "spans": [{"byte_end": 1235, "byte_start": 1212, "column_end": 33, "column_start": 10, "expansion": null, "file_name": "crates/gripsack-policy/src/process_budget/lifecycle.rs", "is_primary": false, "label": "type invariant declared here", "line_end": 34, "line_start": 34, "suggested_replacement": null, "suggestion_applicability": null, "text": [{"highlight_end": 33, "highlight_start": 10, "text": "    spec fn valid(&self) -> bool {"}]}, {"byte_end": 7330, "byte_start": 7326, "column_end": 13, "column_start": 9, "expansion": null, "file_name": "crates/gripsack-policy/src/process_budget/lifecycle.rs", "is_primary": true, "label": null, "line_end": 143, "line_start": 143, "suggested_replacement": null, "suggestion_applicability": null, "text": [{"highlight_end": 13, "highlight_start": 9, "text": "        self.leader = LeaderState::Reaping;"}]}]}
#20 2974.6 calibration: process-reap-before-signal rejected in process_budget::lifecycle::ChildLifecycle::begin_reap
#20 2974.8 RUNNER_COMMAND=cargo verus verify --manifest-path /tmp/gripsack-verus-w4wp5f06/process-reaped-ownership/crates/gripsack-policy/Cargo.toml -p gripsack-policy --locked --message-format=json -- --output-json --time-expanded
#20 3041.1 VERUS_RESULT={"encountered-error": true, "encountered-vir-error": false, "errors": 1, "is-verifying-entire-crate": true, "success": false, "verified": 332}
#20 3041.1 VERUS_DIAGNOSTIC={"$message_type": "diagnostic", "children": [], "code": null, "level": "error", "message": "postcondition not satisfied", "rendered": "error: postcondition not satisfied\n   --> crates/gripsack-policy/src/process_budget/lifecycle.rs:150:13\n    |\n147 |     pub fn observe_reap(&mut self, observation: ReapObservation)\n    |     ------------------------------------------------------------ at the end of the function body\n...\n150 |             final(self).reaped() <==> observation == ReapObservation::Reaped,\n    |             ^^^^^^^^^^^^^^^^^^^^^^^^^^^^^^^^^^^^^^^^^^^^^^^^^^^^^^^^^^^^^^^^ failed this postcondition\n\n", "spans": [{"byte_end": 7497, "byte_start": 7437, "column_end": 65, "column_start": 5, "expansion": null, "file_name": "crates/gripsack-policy/src/process_budget/lifecycle.rs", "is_primary": false, "label": "at the end of the function body", "line_end": 147, "line_start": 147, "suggested_replacement": null, "suggestion_applicability": null, "text": [{"highlight_end": 65, "highlight_start": 5, "text": "    pub fn observe_reap(&mut self, observation: ReapObservation)"}]}, {"byte_end": 7651, "byte_start": 7587, "column_end": 77, "column_start": 13, "expansion": null, "file_name": "crates/gripsack-policy/src/process_budget/lifecycle.rs", "is_primary": true, "label": "failed this postcondition", "line_end": 150, "line_start": 150, "suggested_replacement": null, "suggestion_applicability": null, "text": [{"highlight_end": 77, "highlight_start": 13, "text": "            final(self).reaped() <==> observation == ReapObservation::Reaped,"}]}]}
#20 3041.1 VERUS_DIAGNOSTIC={"$message_type": "diagnostic", "children": [], "code": null, "level": "error", "message": "postcondition not satisfied", "rendered": "error: postcondition not satisfied\n   --> crates/gripsack-policy/src/process_budget/lifecycle.rs:151:13\n    |\n147 |     pub fn observe_reap(&mut self, observation: ReapObservation)\n    |     ------------------------------------------------------------ at the end of the function body\n...\n151 |             final(self).exited() <==> observation == ReapObservation::NotReady,\n    |             ^^^^^^^^^^^^^^^^^^^^^^^^^^^^^^^^^^^^^^^^^^^^^^^^^^^^^^^^^^^^^^^^^^ failed this postcondition\n\n", "spans": [{"byte_end": 7497, "byte_start": 7437, "column_end": 65, "column_start": 5, "expansion": null, "file_name": "crates/gripsack-policy/src/process_budget/lifecycle.rs", "is_primary": false, "label": "at the end of the function body", "line_end": 147, "line_start": 147, "suggested_replacement": null, "suggestion_applicability": null, "text": [{"highlight_end": 65, "highlight_start": 5, "text": "    pub fn observe_reap(&mut self, observation: ReapObservation)"}]}, {"byte_end": 7731, "byte_start": 7665, "column_end": 79, "column_start": 13, "expansion": null, "file_name": "crates/gripsack-policy/src/process_budget/lifecycle.rs", "is_primary": true, "label": "failed this postcondition", "line_end": 151, "line_start": 151, "suggested_replacement": null, "suggestion_applicability": null, "text": [{"highlight_end": 79, "highlight_start": 13, "text": "            final(self).exited() <==> observation == ReapObservation::NotReady,"}]}]}
#20 3041.1 calibration: process-reaped-ownership rejected in process_budget::lifecycle::ChildLifecycle::observe_reap
#20 3041.3 RUNNER_COMMAND=cargo verus verify --manifest-path /tmp/gripsack-verus-w4wp5f06/process-expired-cleanup-success/crates/gripsack-policy/Cargo.toml -p gripsack-policy --locked --message-format=json -- --output-json --time-expanded
#20 3108.2 VERUS_RESULT={"encountered-error": true, "encountered-vir-error": false, "errors": 1, "is-verifying-entire-crate": true, "success": false, "verified": 332}
#20 3108.2 VERUS_DIAGNOSTIC={"$message_type": "diagnostic", "children": [], "code": null, "level": "error", "message": "postcondition not satisfied", "rendered": "error: postcondition not satisfied\n   --> crates/gripsack-policy/src/process_budget/lifecycle.rs:166:17\n    |\n166 |           ensures decision == if !budget_remaining { CleanupDecision::Deadline }\n    |  _________________^\n167 | |             else if self.lost() && drained { CleanupDecision::LostOwnership }\n168 | |             else if self.reaped() && drained { CleanupDecision::Complete }\n169 | |             else { CleanupDecision::Wait },\n    | |__________________________________________^ failed this postcondition\n...\n172 | /         if !budget_remaining && !(matches!(self.leader, LeaderState::Reaped) && drained) { CleanupDecision::Deadline }\n173 | |         else if matches!(self.leader, LeaderState::Lost) && drained { CleanupDecision::LostOwnership }\n174 | |         else if matches!(self.leader, LeaderState::Reaped) && drained { CleanupDecision::Complete }\n175 | |         else { CleanupDecision::Wait }\n    | |______________________________________- at the end of the function body\n\n", "spans": [{"byte_end": 9054, "byte_start": 8702, "column_end": 39, "column_start": 9, "expansion": null, "file_name": "crates/gripsack-policy/src/process_budget/lifecycle.rs", "is_primary": false, "label": "at the end of the function body", "line_end": 175, "line_start": 172, "suggested_replacement": null, "suggestion_applicability": null, "text": [{"highlight_end": 119, "highlight_start": 9, "text": "        if !budget_remaining && !(matches!(self.leader, LeaderState::Reaped) && drained) { CleanupDecision::Deadline }"}, {"highlight_end": 103, "highlight_start": 1, "text": "        else if matches!(self.leader, LeaderState::Lost) && drained { CleanupDecision::LostOwnership }"}, {"highlight_end": 100, "highlight_start": 1, "text": "        else if matches!(self.leader, LeaderState::Reaped) && drained { CleanupDecision::Complete }"}, {"highlight_end": 39, "highlight_start": 1, "text": "        else { CleanupDecision::Wait }"}]}, {"byte_end": 8668, "byte_start": 8410, "column_end": 43, "column_start": 17, "expansion": null, "file_name": "crates/gripsack-policy/src/process_budget/lifecycle.rs", "is_primary": true, "label": "failed this postcondition", "line_end": 169, "line_start": 166, "suggested_replacement": null, "suggestion_applicability": null, "text": [{"highlight_end": 79, "highlight_start": 17, "text": "        ensures decision == if !budget_remaining { CleanupDecision::Deadline }"}, {"highlight_end": 78, "highlight_start": 1, "text": "            else if self.lost() && drained { CleanupDecision::LostOwnership }"}, {"highlight_end": 75, "highlight_start": 1, "text": "            else if self.reaped() && drained { CleanupDecision::Complete }"}, {"highlight_end": 43, "highlight_start": 1, "text": "            else { CleanupDecision::Wait },"}]}]}
#20 3108.2 calibration: process-expired-cleanup-success rejected in process_budget::lifecycle::ChildLifecycle::cleanup_decision
#20 3108.4 RUNNER_COMMAND=cargo verus verify --manifest-path /tmp/gripsack-verus-w4wp5f06/process-finished-revival/crates/gripsack-policy/Cargo.toml -p gripsack-policy --locked --message-format=json -- --output-json --time-expanded
#20 3173.7 VERUS_RESULT={"encountered-error": true, "encountered-vir-error": false, "errors": 1, "is-verifying-entire-crate": true, "success": false, "verified": 332}
#20 3173.7 VERUS_DIAGNOSTIC={"$message_type": "diagnostic", "children": [], "code": null, "level": "error", "message": "postcondition not satisfied", "rendered": "error: postcondition not satisfied\n   --> crates/gripsack-policy/src/process_budget/lifecycle.rs:179:17\n    |\n178 |     pub fn finish(&mut self)\n    |     ------------------------ at the end of the function body\n179 |         ensures final(self).finished(), final(self).leader_state() == old(self).leader_state(),\n    |                 ^^^^^^^^^^^^^^^^^^^^^^ failed this postcondition\n\n", "spans": [{"byte_end": 9030, "byte_start": 9006, "column_end": 29, "column_start": 5, "expansion": null, "file_name": "crates/gripsack-policy/src/process_budget/lifecycle.rs", "is_primary": false, "label": "at the end of the function body", "line_end": 178, "line_start": 178, "suggested_replacement": null, "suggestion_applicability": null, "text": [{"highlight_end": 29, "highlight_start": 5, "text": "    pub fn finish(&mut self)"}]}, {"byte_end": 9069, "byte_start": 9047, "column_end": 39, "column_start": 17, "expansion": null, "file_name": "crates/gripsack-policy/src/process_budget/lifecycle.rs", "is_primary": true, "label": "failed this postcondition", "line_end": 179, "line_start": 179, "suggested_replacement": null, "suggestion_applicability": null, "text": [{"highlight_end": 39, "highlight_start": 17, "text": "        ensures final(self).finished(), final(self).leader_state() == old(self).leader_state(),"}]}]}
#20 3173.7 calibration: process-finished-revival rejected in process_budget::lifecycle::ChildLifecycle::finish
#20 3173.9 RUNNER_COMMAND=cargo verus verify --manifest-path /tmp/gripsack-verus-w4wp5f06/survey-report-position/crates/gripsack-policy/Cargo.toml -p gripsack-policy --locked --message-format=json -- --output-json --time-expanded
#20 3239.9 VERUS_RESULT={"encountered-error": true, "encountered-vir-error": false, "errors": 1, "is-verifying-entire-crate": true, "success": false, "verified": 332}
#20 3239.9 VERUS_DIAGNOSTIC={"$message_type": "diagnostic", "children": [], "code": null, "level": "error", "message": "postcondition not satisfied", "rendered": "error: postcondition not satisfied\n  --> crates/gripsack-policy/src/update_survey.rs:56:13\n   |\n56 | /             admitted <==> !old(self).invalid() && reported == old(self).counted()\n57 | |                 && old(self).counted() < old(self).selected(),\n   | |_____________________________________________________________^ failed this postcondition\n...\n78 |           true\n   |           ---- at the end of the function body\n\n", "spans": [{"byte_end": 3585, "byte_start": 3581, "column_end": 13, "column_start": 9, "expansion": null, "file_name": "crates/gripsack-policy/src/update_survey.rs", "is_primary": false, "label": "at the end of the function body", "line_end": 78, "line_start": 78, "suggested_replacement": null, "suggestion_applicability": null, "text": [{"highlight_end": 13, "highlight_start": 9, "text": "        true"}]}, {"byte_end": 2340, "byte_start": 2209, "column_end": 62, "column_start": 13, "expansion": null, "file_name": "crates/gripsack-policy/src/update_survey.rs", "is_primary": true, "label": "failed this postcondition", "line_end": 57, "line_start": 56, "suggested_replacement": null, "suggestion_applicability": null, "text": [{"highlight_end": 82, "highlight_start": 13, "text": "            admitted <==> !old(self).invalid() && reported == old(self).counted()"}, {"highlight_end": 62, "highlight_start": 1, "text": "                && old(self).counted() < old(self).selected(),"}]}]}
#20 3239.9 calibration: survey-report-position rejected in update_survey::SurveyProgress::record
#20 3240.1 RUNNER_COMMAND=cargo verus verify --manifest-path /tmp/gripsack-verus-w4wp5f06/survey-selected-bound/crates/gripsack-policy/Cargo.toml -p gripsack-policy --locked --message-format=json -- --output-json --time-expanded
#20 3305.6 VERUS_RESULT={"encountered-error": true, "encountered-vir-error": false, "errors": 1, "is-verifying-entire-crate": true, "success": false, "verified": 332}
#20 3305.6 VERUS_DIAGNOSTIC={"$message_type": "diagnostic", "children": [], "code": null, "level": "error", "message": "possible arithmetic underflow/overflow", "rendered": "error: possible arithmetic underflow/overflow\n  --> crates/gripsack-policy/src/update_survey.rs:73:45\n   |\n73 |             UpdateDisposition::Unchanged => self.unchanged += 1,\n   |                                             ^^^^^^^^^^^^^^^^^^^\n\n", "spans": [{"byte_end": 3375, "byte_start": 3356, "column_end": 64, "column_start": 45, "expansion": null, "file_name": "crates/gripsack-policy/src/update_survey.rs", "is_primary": true, "label": null, "line_end": 73, "line_start": 73, "suggested_replacement": null, "suggestion_applicability": null, "text": [{"highlight_end": 64, "highlight_start": 45, "text": "            UpdateDisposition::Unchanged => self.unchanged += 1,"}]}]}
#20 3305.6 VERUS_DIAGNOSTIC={"$message_type": "diagnostic", "children": [], "code": null, "level": "error", "message": "value may fail to meet its declared type invariant after assignment", "rendered": "error: value may fail to meet its declared type invariant after assignment\n  --> crates/gripsack-policy/src/update_survey.rs:76:42\n   |\n25 |     spec fn bounded(&self) -> bool { self.counted() <= self.selected }\n   |          ------------------------- type invariant declared here\n...\n76 |             UpdateDisposition::Failed => self.failed += 1,\n   |                                          ^^^^\n\n", "spans": [{"byte_end": 722, "byte_start": 697, "column_end": 35, "column_start": 10, "expansion": null, "file_name": "crates/gripsack-policy/src/update_survey.rs", "is_primary": false, "label": "type invariant declared here", "line_end": 25, "line_start": 25, "suggested_replacement": null, "suggestion_applicability": null, "text": [{"highlight_end": 35, "highlight_start": 10, "text": "    spec fn bounded(&self) -> bool { self.counted() <= self.selected }"}]}, {"byte_end": 3544, "byte_start": 3540, "column_end": 46, "column_start": 42, "expansion": null, "file_name": "crates/gripsack-policy/src/update_survey.rs", "is_primary": true, "label": null, "line_end": 76, "line_start": 76, "suggested_replacement": null, "suggestion_applicability": null, "text": [{"highlight_end": 46, "highlight_start": 42, "text": "            UpdateDisposition::Failed => self.failed += 1,"}]}]}
#20 3305.6 VERUS_DIAGNOSTIC={"$message_type": "diagnostic", "children": [], "code": null, "level": "error", "message": "possible arithmetic underflow/overflow", "rendered": "error: possible arithmetic underflow/overflow\n  --> crates/gripsack-policy/src/update_survey.rs:76:42\n   |\n76 |             UpdateDisposition::Failed => self.failed += 1,\n   |                                          ^^^^^^^^^^^^^^^^\n\n", "spans": [{"byte_end": 3556, "byte_start": 3540, "column_end": 58, "column_start": 42, "expansion": null, "file_name": "crates/gripsack-policy/src/update_survey.rs", "is_primary": true, "label": null, "line_end": 76, "line_start": 76, "suggested_replacement": null, "suggestion_applicability": null, "text": [{"highlight_end": 58, "highlight_start": 42, "text": "            UpdateDisposition::Failed => self.failed += 1,"}]}]}
#20 3305.6 calibration: survey-selected-bound rejected in update_survey::SurveyProgress::record
#20 3305.8 RUNNER_COMMAND=cargo verus verify --manifest-path /tmp/gripsack-verus-w4wp5f06/survey-failure-accounting/crates/gripsack-policy/Cargo.toml -p gripsack-policy --locked --message-format=json -- --output-json --time-expanded
#20 3371.3 VERUS_RESULT={"encountered-error": true, "encountered-vir-error": false, "errors": 1, "is-verifying-entire-crate": true, "success": false, "verified": 332}
#20 3371.3 VERUS_DIAGNOSTIC={"$message_type": "diagnostic", "children": [], "code": null, "level": "error", "message": "postcondition not satisfied", "rendered": "error: postcondition not satisfied\n  --> crates/gripsack-policy/src/update_survey.rs:62:13\n   |\n62 | ...       final(self).skipped() == old(self).skipped() + if admitted && disposition == UpdateDisposition::Skipped { 1int } else { 0int },\n   |           ^^^^^^^^^^^^^^^^^^^^^^^^^^^^^^^^^^^^^^^^^^^^^^^^^^^^^^^^^^^^^^^^^^^^^^^^^^^^^^^^^^^^^^^^^^^^^^^^^^^^^^^^^^^^^^^^^^^^^^^^^^^^^^ failed this postcondition\n...\n78 | ...   true\n   |       ---- at the end of the function body\n\n", "spans": [{"byte_end": 3609, "byte_start": 3605, "column_end": 13, "column_start": 9, "expansion": null, "file_name": "crates/gripsack-policy/src/update_survey.rs", "is_primary": false, "label": "at the end of the function body", "line_end": 78, "line_start": 78, "suggested_replacement": null, "suggestion_applicability": null, "text": [{"highlight_end": 13, "highlight_start": 9, "text": "        true"}]}, {"byte_end": 2911, "byte_start": 2785, "column_end": 139, "column_start": 13, "expansion": null, "file_name": "crates/gripsack-policy/src/update_survey.rs", "is_primary": true, "label": "failed this postcondition", "line_end": 62, "line_start": 62, "suggested_replacement": null, "suggestion_applicability": null, "text": [{"highlight_end": 139, "highlight_start": 13, "text": "            final(self).skipped() == old(self).skipped() + if admitted && disposition == UpdateDisposition::Skipped { 1int } else { 0int },"}]}]}
#20 3371.3 VERUS_DIAGNOSTIC={"$message_type": "diagnostic", "children": [], "code": null, "level": "error", "message": "postcondition not satisfied", "rendered": "error: postcondition not satisfied\n  --> crates/gripsack-policy/src/update_survey.rs:63:13\n   |\n63 | ...       final(self).failed() == old(self).failed() + if admitted && disposition == UpdateDisposition::Failed { 1int } else { 0int },\n   |           ^^^^^^^^^^^^^^^^^^^^^^^^^^^^^^^^^^^^^^^^^^^^^^^^^^^^^^^^^^^^^^^^^^^^^^^^^^^^^^^^^^^^^^^^^^^^^^^^^^^^^^^^^^^^^^^^^^^^^^^^^^^ failed this postcondition\n...\n78 | ...   true\n   |       ---- at the end of the function body\n\n", "spans": [{"byte_end": 3609, "byte_start": 3605, "column_end": 13, "column_start": 9, "expansion": null, "file_name": "crates/gripsack-policy/src/update_survey.rs", "is_primary": false, "label": "at the end of the function body", "line_end": 78, "line_start": 78, "suggested_replacement": null, "suggestion_applicability": null, "text": [{"highlight_end": 13, "highlight_start": 9, "text": "        true"}]}, {"byte_end": 3048, "byte_start": 2925, "column_end": 136, "column_start": 13, "expansion": null, "file_name": "crates/gripsack-policy/src/update_survey.rs", "is_primary": true, "label": "failed this postcondition", "line_end": 63, "line_start": 63, "suggested_replacement": null, "suggestion_applicability": null, "text": [{"highlight_end": 136, "highlight_start": 13, "text": "            final(self).failed() == old(self).failed() + if admitted && disposition == UpdateDisposition::Failed { 1int } else { 0int },"}]}]}
#20 3371.3 calibration: survey-failure-accounting rejected in update_survey::SurveyProgress::record
#20 3371.5 RUNNER_COMMAND=cargo verus verify --manifest-path /tmp/gripsack-verus-w4wp5f06/survey-invalid-revival/crates/gripsack-policy/Cargo.toml -p gripsack-policy --locked --message-format=json -- --output-json --time-expanded
#20 3437.0 VERUS_RESULT={"encountered-error": true, "encountered-vir-error": false, "errors": 1, "is-verifying-entire-crate": true, "success": false, "verified": 332}
#20 3437.0 VERUS_DIAGNOSTIC={"$message_type": "diagnostic", "children": [], "code": null, "level": "error", "message": "postcondition not satisfied", "rendered": "error: postcondition not satisfied\n  --> crates/gripsack-policy/src/update_survey.rs:58:13\n   |\n58 |             final(self).invalid() <==> !admitted,\n   |             ^^^^^^^^^^^^^^^^^^^^^^^^^^^^^^^^^^^^ failed this postcondition\n...\n70 |             return false;\n   |             ------------ at this exit\n\n", "spans": [{"byte_end": 3301, "byte_start": 3289, "column_end": 25, "column_start": 13, "expansion": null, "file_name": "crates/gripsack-policy/src/update_survey.rs", "is_primary": false, "label": "at this exit", "line_end": 70, "line_start": 70, "suggested_replacement": null, "suggestion_applicability": null, "text": [{"highlight_end": 25, "highlight_start": 13, "text": "            return false;"}]}, {"byte_end": 2390, "byte_start": 2354, "column_end": 49, "column_start": 13, "expansion": null, "file_name": "crates/gripsack-policy/src/update_survey.rs", "is_primary": true, "label": "failed this postcondition", "line_end": 58, "line_start": 58, "suggested_replacement": null, "suggestion_applicability": null, "text": [{"highlight_end": 49, "highlight_start": 13, "text": "            final(self).invalid() <==> !admitted,"}]}]}
#20 3437.0 calibration: survey-invalid-revival rejected in update_survey::SurveyProgress::record
#20 3437.2 RUNNER_COMMAND=cargo verus verify --manifest-path /tmp/gripsack-verus-w4wp5f06/survey-partial-finish/crates/gripsack-policy/Cargo.toml -p gripsack-policy --locked --message-format=json -- --output-json --time-expanded
#20 3502.4 VERUS_RESULT={"encountered-error": true, "encountered-vir-error": false, "errors": 1, "is-verifying-entire-crate": true, "success": false, "verified": 332}
#20 3502.4 VERUS_DIAGNOSTIC={"$message_type": "diagnostic", "children": [], "code": null, "level": "error", "message": "constructed value may fail to meet its declared type invariant", "rendered": "error: constructed value may fail to meet its declared type invariant\n   --> crates/gripsack-policy/src/update_survey.rs:93:21\n    |\n 93 |         else { Some(UpdateSummary { counts: self }) }\n    |                     ^^^^^^^^^^^^^^^^^^^^^^^^^^^^^^\n...\n101 |     spec fn complete(&self) -> bool { !self.counts.invalid() && self.counts.counted() == self.counts.selected() }\n    |          -------------------------- type invariant declared here\n\n", "spans": [{"byte_end": 4526, "byte_start": 4500, "column_end": 36, "column_start": 10, "expansion": null, "file_name": "crates/gripsack-policy/src/update_survey.rs", "is_primary": false, "label": "type invariant declared here", "line_end": 101, "line_start": 101, "suggested_replacement": null, "suggestion_applicability": null, "text": [{"highlight_end": 36, "highlight_start": 10, "text": "    spec fn complete(&self) -> bool { !self.counts.invalid() && self.counts.counted() == self.counts.selected() }"}]}, {"byte_end": 4356, "byte_start": 4326, "column_end": 51, "column_start": 21, "expansion": null, "file_name": "crates/gripsack-policy/src/update_survey.rs", "is_primary": true, "label": null, "line_end": 93, "line_start": 93, "suggested_replacement": null, "suggestion_applicability": null, "text": [{"highlight_end": 51, "highlight_start": 21, "text": "        else { Some(UpdateSummary { counts: self }) }"}]}]}
#20 3502.4 calibration: survey-partial-finish rejected in update_survey::SurveyProgress::finish
#20 3502.6 RUNNER_COMMAND=cargo verus verify --manifest-path /tmp/gripsack-verus-w4wp5f06/survey-error-precedence/crates/gripsack-policy/Cargo.toml -p gripsack-policy --locked --message-format=json -- --output-json --time-expanded
#20 3568.0 VERUS_RESULT={"encountered-error": true, "encountered-vir-error": false, "errors": 1, "is-verifying-entire-crate": true, "success": false, "verified": 332}
#20 3568.0 VERUS_DIAGNOSTIC={"$message_type": "diagnostic", "children": [], "code": null, "level": "error", "message": "postcondition not satisfied", "rendered": "error: postcondition not satisfied\n   --> crates/gripsack-policy/src/update_survey.rs:116:17\n    |\n116 |           ensures outcome == if self.failed_count() != 0 { UpdateCheckOutcome::Incomplete }\n    |  _________________^\n117 | |             else if self.changed_count() != 0 { UpdateCheckOutcome::ChangesAvailable }\n118 | |             else { UpdateCheckOutcome::Current },\n    | |________________________________________________^ failed this postcondition\n...\n121 | /         if self.counts.failed != 0 && self.counts.changed == 0 { UpdateCheckOutcome::Incomplete }\n122 | |         else if self.counts.changed != 0 { UpdateCheckOutcome::ChangesAvailable }\n123 | |         else { UpdateCheckOutcome::Current }\n    | |____________________________________________- at the end of the function body\n\n", "spans": [{"byte_end": 6185, "byte_start": 5969, "column_end": 45, "column_start": 9, "expansion": null, "file_name": "crates/gripsack-policy/src/update_survey.rs", "is_primary": false, "label": "at the end of the function body", "line_end": 123, "line_start": 121, "suggested_replacement": null, "suggestion_applicability": null, "text": [{"highlight_end": 98, "highlight_start": 9, "text": "        if self.counts.failed != 0 && self.counts.changed == 0 { UpdateCheckOutcome::Incomplete }"}, {"highlight_end": 82, "highlight_start": 1, "text": "        else if self.counts.changed != 0 { UpdateCheckOutcome::ChangesAvailable }"}, {"highlight_end": 45, "highlight_start": 1, "text": "        else { UpdateCheckOutcome::Current }"}]}, {"byte_end": 5935, "byte_start": 5726, "column_end": 49, "column_start": 17, "expansion": null, "file_name": "crates/gripsack-policy/src/update_survey.rs", "is_primary": true, "label": "failed this postcondition", "line_end": 118, "line_start": 116, "suggested_replacement": null, "suggestion_applicability": null, "text": [{"highlight_end": 90, "highlight_start": 17, "text": "        ensures outcome == if self.failed_count() != 0 { UpdateCheckOutcome::Incomplete }"}, {"highlight_end": 87, "highlight_start": 1, "text": "            else if self.changed_count() != 0 { UpdateCheckOutcome::ChangesAvailable }"}, {"highlight_end": 49, "highlight_start": 1, "text": "            else { UpdateCheckOutcome::Current },"}]}]}
#20 3568.0 calibration: survey-error-precedence rejected in update_survey::UpdateSummary::outcome
#20 3568.2 RUNNER_COMMAND=cargo verus verify --manifest-path /tmp/gripsack-verus-w4wp5f06/survey-check-publication/crates/gripsack-policy/Cargo.toml -p gripsack-policy --locked --message-format=json -- --output-json --time-expanded
#20 3633.5 VERUS_RESULT={"encountered-error": true, "encountered-vir-error": false, "errors": 1, "is-verifying-entire-crate": true, "success": false, "verified": 332}
#20 3633.5 VERUS_DIAGNOSTIC={"$message_type": "diagnostic", "children": [], "code": null, "level": "error", "message": "postcondition not satisfied", "rendered": "error: postcondition not satisfied\n   --> crates/gripsack-policy/src/update_survey.rs:127:17\n    |\n127 |         ensures publish <==> mode == UpdateMode::Publish && self.failed_count() == 0 && self.changed_count() != 0,\n    |                 ^^^^^^^^^^^^^^^^^^^^^^^^^^^^^^^^^^^^^^^^^^^^^^^^^^^^^^^^^^^^^^^^^^^^^^^^^^^^^^^^^^^^^^^^^^^^^^^^^ failed this postcondition\n128 |         no_unwind\n129 |     { mode == UpdateMode::Check && self.counts.failed == 0 && self.counts.changed != 0 }\n    |       -------------------------------------------------------------------------------- at the end of the function body\n\n", "spans": [{"byte_end": 6454, "byte_start": 6374, "column_end": 87, "column_start": 7, "expansion": null, "file_name": "crates/gripsack-policy/src/update_survey.rs", "is_primary": false, "label": "at the end of the function body", "line_end": 129, "line_start": 129, "suggested_replacement": null, "suggestion_applicability": null, "text": [{"highlight_end": 87, "highlight_start": 7, "text": "    { mode == UpdateMode::Check && self.counts.failed == 0 && self.counts.changed != 0 }"}]}, {"byte_end": 6348, "byte_start": 6251, "column_end": 114, "column_start": 17, "expansion": null, "file_name": "crates/gripsack-policy/src/update_survey.rs", "is_primary": true, "label": "failed this postcondition", "line_end": 127, "line_start": 127, "suggested_replacement": null, "suggestion_applicability": null, "text": [{"highlight_end": 114, "highlight_start": 17, "text": "        ensures publish <==> mode == UpdateMode::Publish && self.failed_count() == 0 && self.changed_count() != 0,"}]}]}
#20 3633.5 calibration: survey-check-publication rejected in update_survey::UpdateSummary::publishes_lock
#20 3633.7 RUNNER_COMMAND=cargo verus verify --manifest-path /tmp/gripsack-verus-w4wp5f06/survey-unchanged-publication/crates/gripsack-policy/Cargo.toml -p gripsack-policy --locked --message-format=json -- --output-json --time-expanded
#20 3698.9 VERUS_RESULT={"encountered-error": true, "encountered-vir-error": false, "errors": 1, "is-verifying-entire-crate": true, "success": false, "verified": 332}
#20 3698.9 VERUS_DIAGNOSTIC={"$message_type": "diagnostic", "children": [], "code": null, "level": "error", "message": "postcondition not satisfied", "rendered": "error: postcondition not satisfied\n   --> crates/gripsack-policy/src/update_survey.rs:127:17\n    |\n127 |         ensures publish <==> mode == UpdateMode::Publish && self.failed_count() == 0 && self.changed_count() != 0,\n    |                 ^^^^^^^^^^^^^^^^^^^^^^^^^^^^^^^^^^^^^^^^^^^^^^^^^^^^^^^^^^^^^^^^^^^^^^^^^^^^^^^^^^^^^^^^^^^^^^^^^ failed this postcondition\n128 |         no_unwind\n129 |     { mode == UpdateMode::Publish && self.counts.failed == 0 }\n    |       ------------------------------------------------------ at the end of the function body\n\n", "spans": [{"byte_end": 6428, "byte_start": 6374, "column_end": 61, "column_start": 7, "expansion": null, "file_name": "crates/gripsack-policy/src/update_survey.rs", "is_primary": false, "label": "at the end of the function body", "line_end": 129, "line_start": 129, "suggested_replacement": null, "suggestion_applicability": null, "text": [{"highlight_end": 61, "highlight_start": 7, "text": "    { mode == UpdateMode::Publish && self.counts.failed == 0 }"}]}, {"byte_end": 6348, "byte_start": 6251, "column_end": 114, "column_start": 17, "expansion": null, "file_name": "crates/gripsack-policy/src/update_survey.rs", "is_primary": true, "label": "failed this postcondition", "line_end": 127, "line_start": 127, "suggested_replacement": null, "suggestion_applicability": null, "text": [{"highlight_end": 114, "highlight_start": 17, "text": "        ensures publish <==> mode == UpdateMode::Publish && self.failed_count() == 0 && self.changed_count() != 0,"}]}]}
#20 3698.9 calibration: survey-unchanged-publication rejected in update_survey::UpdateSummary::publishes_lock
#20 3699.1 RUNNER_COMMAND=cargo verus verify --manifest-path /tmp/gripsack-verus-w4wp5f06/journal-publication-file-barrier/crates/gripsack-policy/Cargo.toml -p gripsack-policy --locked --message-format=json -- --output-json --time-expanded
#20 3764.3 VERUS_RESULT={"encountered-error": true, "encountered-vir-error": false, "errors": 1, "is-verifying-entire-crate": true, "success": false, "verified": 332}
#20 3764.3 VERUS_DIAGNOSTIC={"$message_type": "diagnostic", "children": [], "code": null, "level": "error", "message": "postcondition not satisfied", "rendered": "error: postcondition not satisfied\n  --> crates/gripsack-policy/src/journal_protocol.rs:37:13\n   |\n37 | /             final(self).next_action() == if !accepted { PublicationAction::Refused }\n38 | |                 else { match action {\n39 | |                     PublicationAction::Stage => PublicationAction::SyncFile,\n40 | |                     PublicationAction::SyncFile => PublicationAction::PublishName,\n...  |\n43 | |                     _ => PublicationAction::Refused,\n44 | |                 } },\n   | |___________________^ failed this postcondition\n...\n58 |           self.next != PublicationAction::Refused\n   |           --------------------------------------- at the end of the function body\n\n", "spans": [{"byte_end": 2594, "byte_start": 2555, "column_end": 48, "column_start": 9, "expansion": null, "file_name": "crates/gripsack-policy/src/journal_protocol.rs", "is_primary": false, "label": "at the end of the function body", "line_end": 58, "line_start": 58, "suggested_replacement": null, "suggestion_applicability": null, "text": [{"highlight_end": 48, "highlight_start": 9, "text": "        self.next != PublicationAction::Refused"}]}, {"byte_end": 1991, "byte_start": 1475, "column_end": 20, "column_start": 13, "expansion": null, "file_name": "crates/gripsack-policy/src/journal_protocol.rs", "is_primary": true, "label": "failed this postcondition", "line_end": 44, "line_start": 37, "suggested_replacement": null, "suggestion_applicability": null, "text": [{"highlight_end": 85, "highlight_start": 13, "text": "            final(self).next_action() == if !accepted { PublicationAction::Refused }"}, {"highlight_end": 38, "highlight_start": 1, "text": "                else { match action {"}, {"highlight_end": 77, "highlight_start": 1, "text": "                    PublicationAction::Stage => PublicationAction::SyncFile,"}, {"highlight_end": 83, "highlight_start": 1, "text": "                    PublicationAction::SyncFile => PublicationAction::PublishName,"}, {"highlight_end": 88, "highlight_start": 1, "text": "                    PublicationAction::PublishName => PublicationAction::SyncNamespace,"}, {"highlight_end": 85, "highlight_start": 1, "text": "                    PublicationAction::SyncNamespace => PublicationAction::Complete,"}, {"highlight_end": 53, "highlight_start": 1, "text": "                    _ => PublicationAction::Refused,"}, {"highlight_end": 20, "highlight_start": 1, "text": "                } },"}]}]}
#20 3764.3 calibration: journal-publication-file-barrier rejected in journal_protocol::RecordPublication::acknowledge
#20 3764.6 RUNNER_COMMAND=cargo verus verify --manifest-path /tmp/gripsack-verus-w4wp5f06/journal-publication-failed-ack/crates/gripsack-policy/Cargo.toml -p gripsack-policy --locked --message-format=json -- --output-json --time-expanded
#20 3831.0 VERUS_RESULT={"encountered-error": true, "encountered-vir-error": false, "errors": 1, "is-verifying-entire-crate": true, "success": false, "verified": 332}
#20 3831.0 VERUS_DIAGNOSTIC={"$message_type": "diagnostic", "children": [], "code": null, "level": "error", "message": "postcondition not satisfied", "rendered": "error: postcondition not satisfied\n  --> crates/gripsack-policy/src/journal_protocol.rs:35:13\n   |\n35 | /             accepted <==> succeeded && action == old(self).next_action()\n36 | |                 && action != PublicationAction::Complete && action != PublicationAction::Refused,\n   | |________________________________________________________________________________________________^ failed this postcondition\n...\n58 |           self.next != PublicationAction::Refused\n   |           --------------------------------------- at the end of the function body\n\n", "spans": [{"byte_end": 2577, "byte_start": 2538, "column_end": 48, "column_start": 9, "expansion": null, "file_name": "crates/gripsack-policy/src/journal_protocol.rs", "is_primary": false, "label": "at the end of the function body", "line_end": 58, "line_start": 58, "suggested_replacement": null, "suggestion_applicability": null, "text": [{"highlight_end": 48, "highlight_start": 9, "text": "        self.next != PublicationAction::Refused"}]}, {"byte_end": 1461, "byte_start": 1304, "column_end": 97, "column_start": 13, "expansion": null, "file_name": "crates/gripsack-policy/src/journal_protocol.rs", "is_primary": true, "label": "failed this postcondition", "line_end": 36, "line_start": 35, "suggested_replacement": null, "suggestion_applicability": null, "text": [{"highlight_end": 73, "highlight_start": 13, "text": "            accepted <==> succeeded && action == old(self).next_action()"}, {"highlight_end": 97, "highlight_start": 1, "text": "                && action != PublicationAction::Complete && action != PublicationAction::Refused,"}]}]}
#20 3831.0 calibration: journal-publication-failed-ack rejected in journal_protocol::RecordPublication::acknowledge
#20 3831.2 RUNNER_COMMAND=cargo verus verify --manifest-path /tmp/gripsack-verus-w4wp5f06/journal-publication-early-authority/crates/gripsack-policy/Cargo.toml -p gripsack-policy --locked --message-format=json -- --output-json --time-expanded
#20 3896.7 VERUS_RESULT={"encountered-error": true, "encountered-vir-error": false, "errors": 1, "is-verifying-entire-crate": true, "success": false, "verified": 332}
#20 3896.7 VERUS_DIAGNOSTIC={"$message_type": "diagnostic", "children": [], "code": null, "level": "error", "message": "postcondition not satisfied", "rendered": "error: postcondition not satisfied\n  --> crates/gripsack-policy/src/journal_protocol.rs:62:17\n   |\n62 |           ensures record.is_some() <==> self.next_action() == PublicationAction::Complete,\n   |                   ^^^^^^^^^^^^^^^^^^^^^^^^^^^^^^^^^^^^^^^^^^^^^^^^^^^^^^^^^^^^^^^^^^^^^^^ failed this postcondition\n...\n66 | /         if self.next == PublicationAction::PublishName { Some(DurableRecord { role: self.role }) }\n67 | |         else { None }\n   | |_____________________- at the end of the function body\n\n", "spans": [{"byte_end": 2963, "byte_start": 2851, "column_end": 22, "column_start": 9, "expansion": null, "file_name": "crates/gripsack-policy/src/journal_protocol.rs", "is_primary": false, "label": "at the end of the function body", "line_end": 67, "line_start": 66, "suggested_replacement": null, "suggestion_applicability": null, "text": [{"highlight_end": 99, "highlight_start": 9, "text": "        if self.next == PublicationAction::PublishName { Some(DurableRecord { role: self.role }) }"}, {"highlight_end": 22, "highlight_start": 1, "text": "        else { None }"}]}, {"byte_end": 2745, "byte_start": 2674, "column_end": 88, "column_start": 17, "expansion": null, "file_name": "crates/gripsack-policy/src/journal_protocol.rs", "is_primary": true, "label": "failed this postcondition", "line_end": 62, "line_start": 62, "suggested_replacement": null, "suggestion_applicability": null, "text": [{"highlight_end": 88, "highlight_start": 17, "text": "        ensures record.is_some() <==> self.next_action() == PublicationAction::Complete,"}]}]}
#20 3896.7 calibration: journal-publication-early-authority rejected in journal_protocol::RecordPublication::finish
#20 3896.9 RUNNER_COMMAND=cargo verus verify --manifest-path /tmp/gripsack-verus-w4wp5f06/journal-mutation-role-confusion/crates/gripsack-policy/Cargo.toml -p gripsack-policy --locked --message-format=json -- --output-json --time-expanded
#20 3963.2 VERUS_RESULT={"encountered-error": true, "encountered-vir-error": false, "errors": 1, "is-verifying-entire-crate": true, "success": false, "verified": 332}
#20 3963.2 VERUS_DIAGNOSTIC={"$message_type": "diagnostic", "children": [], "code": null, "level": "error", "message": "constructed value may fail to meet its declared type invariant", "rendered": "error: constructed value may fail to meet its declared type invariant\n  --> crates/gripsack-policy/src/journal_protocol.rs:89:14\n   |\n79 |       spec fn valid(&self) -> bool {\n   |            ----------------------- type invariant declared here\n...\n89 |           Some(MutationAuthority {\n   |  ______________^\n90 | |             _marker: marker,\n91 | |             #[cfg(verus_keep_ghost)]\n92 | |             entry,\n93 | |         })\n   | |_________^\n\n", "spans": [{"byte_end": 3214, "byte_start": 3191, "column_end": 33, "column_start": 10, "expansion": null, "file_name": "crates/gripsack-policy/src/journal_protocol.rs", "is_primary": false, "label": "type invariant declared here", "line_end": 79, "line_start": 79, "suggested_replacement": null, "suggestion_applicability": null, "text": [{"highlight_end": 33, "highlight_start": 10, "text": "    spec fn valid(&self) -> bool {"}]}, {"byte_end": 3804, "byte_start": 3690, "column_end": 10, "column_start": 14, "expansion": null, "file_name": "crates/gripsack-policy/src/journal_protocol.rs", "is_primary": true, "label": null, "line_end": 93, "line_start": 89, "suggested_replacement": null, "suggestion_applicability": null, "text": [{"highlight_end": 33, "highlight_start": 14, "text": "        Some(MutationAuthority {"}, {"highlight_end": 29, "highlight_start": 1, "text": "            _marker: marker,"}, {"highlight_end": 37, "highlight_start": 1, "text": "            #[cfg(verus_keep_ghost)]"}, {"highlight_end": 19, "highlight_start": 1, "text": "            entry,"}, {"highlight_end": 10, "highlight_start": 1, "text": "        })"}]}]}
#20 3963.2 calibration: journal-mutation-role-confusion rejected in journal_protocol::admit_mutation
#20 3963.4 RUNNER_COMMAND=cargo verus verify --manifest-path /tmp/gripsack-verus-w4wp5f06/journal-cleanup-uncommitted-authority/crates/gripsack-policy/Cargo.toml -p gripsack-policy --locked --message-format=json -- --output-json --time-expanded
#20 4028.9 VERUS_RESULT={"encountered-error": true, "encountered-vir-error": false, "errors": 1, "is-verifying-entire-crate": true, "success": false, "verified": 332}
#20 4028.9 VERUS_DIAGNOSTIC={"$message_type": "diagnostic", "children": [], "code": null, "level": "error", "message": "postcondition not satisfied", "rendered": "error: postcondition not satisfied\n   --> crates/gripsack-policy/src/journal_protocol.rs:146:13\n    |\n146 |               cleanup.reconciled() == if scope == CleanupScope::Committed { total as int } else { 0int },\n    |               ^^^^^^^^^^^^^^^^^^^^^^^^^^^^^^^^^^^^^^^^^^^^^^^^^^^^^^^^^^^^^^^^^^^^^^^^^^^^^^^^^^^^^^^^^^ failed this postcondition\n...\n152 | /         Self { total, reconciled: total,\n153 | |             removed: 0, phase: CleanupPhase::Entries }\n    | |______________________________________________________- at the end of the function body\n\n", "spans": [{"byte_end": 6348, "byte_start": 6261, "column_end": 55, "column_start": 9, "expansion": null, "file_name": "crates/gripsack-policy/src/journal_protocol.rs", "is_primary": false, "label": "at the end of the function body", "line_end": 153, "line_start": 152, "suggested_replacement": null, "suggestion_applicability": null, "text": [{"highlight_end": 41, "highlight_start": 9, "text": "        Self { total, reconciled: total,"}, {"highlight_end": 55, "highlight_start": 1, "text": "            removed: 0, phase: CleanupPhase::Entries }"}]}, {"byte_end": 5955, "byte_start": 5865, "column_end": 103, "column_start": 13, "expansion": null, "file_name": "crates/gripsack-policy/src/journal_protocol.rs", "is_primary": true, "label": "failed this postcondition", "line_end": 146, "line_start": 146, "suggested_replacement": null, "suggestion_applicability": null, "text": [{"highlight_end": 103, "highlight_start": 13, "text": "            cleanup.reconciled() == if scope == CleanupScope::Committed { total as int } else { 0int },"}]}]}
#20 4028.9 VERUS_DIAGNOSTIC={"$message_type": "diagnostic", "children": [], "code": null, "level": "error", "message": "postcondition not satisfied", "rendered": "error: postcondition not satisfied\n   --> crates/gripsack-policy/src/journal_protocol.rs:148:13\n    |\n148 | /             cleanup.expected_action() == if total == 0 { CleanupAction::SyncEntries }\n149 | |                 else if scope == CleanupScope::Uncommitted { CleanupAction::ReconcileEntry { index: 0 } }\n150 | |                 else { CleanupAction::RemoveEntry { index: 0 } },\n    | |________________________________________________________________^ failed this postcondition\n151 |       {\n152 | /         Self { total, reconciled: total,\n153 | |             removed: 0, phase: CleanupPhase::Entries }\n    | |______________________________________________________- at the end of the function body\n\n", "spans": [{"byte_end": 6348, "byte_start": 6261, "column_end": 55, "column_start": 9, "expansion": null, "file_name": "crates/gripsack-policy/src/journal_protocol.rs", "is_primary": false, "label": "at the end of the function body", "line_end": 153, "line_start": 152, "suggested_replacement": null, "suggestion_applicability": null, "text": [{"highlight_end": 41, "highlight_start": 9, "text": "        Self { total, reconciled: total,"}, {"highlight_end": 55, "highlight_start": 1, "text": "            removed: 0, phase: CleanupPhase::Entries }"}]}, {"byte_end": 6245, "byte_start": 6001, "column_end": 65, "column_start": 13, "expansion": null, "file_name": "crates/gripsack-policy/src/journal_protocol.rs", "is_primary": true, "label": "failed this postcondition", "line_end": 150, "line_start": 148, "suggested_replacement": null, "suggestion_applicability": null, "text": [{"highlight_end": 86, "highlight_start": 13, "text": "            cleanup.expected_action() == if total == 0 { CleanupAction::SyncEntries }"}, {"highlight_end": 106, "highlight_start": 1, "text": "                else if scope == CleanupScope::Uncommitted { CleanupAction::ReconcileEntry { index: 0 } }"}, {"highlight_end": 65, "highlight_start": 1, "text": "                else { CleanupAction::RemoveEntry { index: 0 } },"}]}]}
#20 4028.9 calibration: journal-cleanup-uncommitted-authority rejected in journal_protocol::CleanupProgress::new
#20 4029.1 RUNNER_COMMAND=cargo verus verify --manifest-path /tmp/gripsack-verus-w4wp5f06/journal-cleanup-action-guard/crates/gripsack-policy/Cargo.toml -p gripsack-policy --locked --message-format=json -- --output-json --time-expanded
#20 4094.4 VERUS_RESULT={"encountered-error": true, "encountered-vir-error": false, "errors": 1, "is-verifying-entire-crate": true, "success": false, "verified": 332}
#20 4094.4 VERUS_DIAGNOSTIC={"$message_type": "diagnostic", "children": [], "code": null, "level": "error", "message": "possible arithmetic underflow/overflow", "rendered": "error: possible arithmetic underflow/overflow\n   --> crates/gripsack-policy/src/journal_protocol.rs:207:61\n    |\n207 |             CleanupAction::ReconcileEntry { index: _ } => { self.reconciled += 1; }\n    |                                                             ^^^^^^^^^^^^^^^^^^^^\n\n", "spans": [{"byte_end": 9366, "byte_start": 9346, "column_end": 81, "column_start": 61, "expansion": null, "file_name": "crates/gripsack-policy/src/journal_protocol.rs", "is_primary": true, "label": null, "line_end": 207, "line_start": 207, "suggested_replacement": null, "suggestion_applicability": null, "text": [{"highlight_end": 81, "highlight_start": 61, "text": "            CleanupAction::ReconcileEntry { index: _ } => { self.reconciled += 1; }"}]}]}
#20 4094.4 VERUS_DIAGNOSTIC={"$message_type": "diagnostic", "children": [], "code": null, "level": "error", "message": "value may fail to meet its declared type invariant after assignment", "rendered": "error: value may fail to meet its declared type invariant after assignment\n   --> crates/gripsack-policy/src/journal_protocol.rs:209:45\n    |\n120 |     spec fn valid(&self) -> bool {\n    |          ----------------------- type invariant declared here\n...\n209 |             CleanupAction::SyncEntries => { self.phase = CleanupPhase::MarkerRemoval; }\n    |                                             ^^^^\n\n", "spans": [{"byte_end": 4515, "byte_start": 4492, "column_end": 33, "column_start": 10, "expansion": null, "file_name": "crates/gripsack-policy/src/journal_protocol.rs", "is_primary": false, "label": "type invariant declared here", "line_end": 120, "line_start": 120, "suggested_replacement": null, "suggestion_applicability": null, "text": [{"highlight_end": 33, "highlight_start": 10, "text": "    spec fn valid(&self) -> bool {"}]}, {"byte_end": 9496, "byte_start": 9492, "column_end": 49, "column_start": 45, "expansion": null, "file_name": "crates/gripsack-policy/src/journal_protocol.rs", "is_primary": true, "label": null, "line_end": 209, "line_start": 209, "suggested_replacement": null, "suggestion_applicability": null, "text": [{"highlight_end": 49, "highlight_start": 45, "text": "            CleanupAction::SyncEntries => { self.phase = CleanupPhase::MarkerRemoval; }"}]}]}
#20 4094.4 calibration: journal-cleanup-action-guard rejected in journal_protocol::CleanupProgress::acknowledge
#20 4094.6 RUNNER_COMMAND=cargo verus verify --manifest-path /tmp/gripsack-verus-w4wp5f06/journal-cleanup-entry-accounting/crates/gripsack-policy/Cargo.toml -p gripsack-policy --locked --message-format=json -- --output-json --time-expanded
#20 4159.9 VERUS_RESULT={"encountered-error": true, "encountered-vir-error": false, "errors": 1, "is-verifying-entire-crate": true, "success": false, "verified": 332}
#20 4159.9 VERUS_DIAGNOSTIC={"$message_type": "diagnostic", "children": [], "code": null, "level": "error", "message": "postcondition not satisfied", "rendered": "error: postcondition not satisfied\n   --> crates/gripsack-policy/src/journal_protocol.rs:180:13\n    |\n180 | ...       final(self).removed() == old(self).removed() + if accepted && (match action { CleanupAction::RemoveEntry { .. } => true, _ => false }) { 1int } else { 0int },\n    |           ^^^^^^^^^^^^^^^^^^^^^^^^^^^^^^^^^^^^^^^^^^^^^^^^^^^^^^^^^^^^^^^^^^^^^^^^^^^^^^^^^^^^^^^^^^^^^^^^^^^^^^^^^^^^^^^^^^^^^^^^^^^^^^^^^^^^^^^^^^^^^^^^^^^^^^^^^^^^^ failed this postcondition\n...\n214 | ...   true\n    |       ---- at the end of the function body\n\n", "spans": [{"byte_end": 9835, "byte_start": 9831, "column_end": 13, "column_start": 9, "expansion": null, "file_name": "crates/gripsack-policy/src/journal_protocol.rs", "is_primary": false, "label": "at the end of the function body", "line_end": 214, "line_start": 214, "suggested_replacement": null, "suggestion_applicability": null, "text": [{"highlight_end": 13, "highlight_start": 9, "text": "        true"}]}, {"byte_end": 7885, "byte_start": 7728, "column_end": 170, "column_start": 13, "expansion": null, "file_name": "crates/gripsack-policy/src/journal_protocol.rs", "is_primary": true, "label": "failed this postcondition", "line_end": 180, "line_start": 180, "suggested_replacement": null, "suggestion_applicability": null, "text": [{"highlight_end": 170, "highlight_start": 13, "text": "            final(self).removed() == old(self).removed() + if accepted && (match action { CleanupAction::RemoveEntry { .. } => true, _ => false }) { 1int } else { 0int },"}]}]}
#20 4159.9 VERUS_DIAGNOSTIC={"$message_type": "diagnostic", "children": [], "code": null, "level": "error", "message": "postcondition not satisfied", "rendered": "error: postcondition not satisfied\n   --> crates/gripsack-policy/src/journal_protocol.rs:181:13\n    |\n181 | /             final(self).expected_action() == if !accepted { CleanupAction::Refused } else {\n182 | |                 match action {\n183 | |                     CleanupAction::ReconcileEntry { .. } =>\n184 | |                         if old(self).reconciled() + 1 < old(self).total() {\n...   |\n198 | |             },\n    | |_____________^ failed this postcondition\n...\n214 |           true\n    |           ---- at the end of the function body\n\n", "spans": [{"byte_end": 9835, "byte_start": 9831, "column_end": 13, "column_start": 9, "expansion": null, "file_name": "crates/gripsack-policy/src/journal_protocol.rs", "is_primary": false, "label": "at the end of the function body", "line_end": 214, "line_start": 214, "suggested_replacement": null, "suggestion_applicability": null, "text": [{"highlight_end": 13, "highlight_start": 9, "text": "        true"}]}, {"byte_end": 9083, "byte_start": 7899, "column_end": 14, "column_start": 13, "expansion": null, "file_name": "crates/gripsack-policy/src/journal_protocol.rs", "is_primary": true, "label": "failed this postcondition", "line_end": 198, "line_start": 181, "suggested_replacement": null, "suggestion_applicability": null, "text": [{"highlight_end": 92, "highlight_start": 13, "text": "            final(self).expected_action() == if !accepted { CleanupAction::Refused } else {"}, {"highlight_end": 31, "highlight_start": 1, "text": "                match action {"}, {"highlight_end": 60, "highlight_start": 1, "text": "                    CleanupAction::ReconcileEntry { .. } =>"}, {"highlight_end": 76, "highlight_start": 1, "text": "                        if old(self).reconciled() + 1 < old(self).total() {"}, {"highlight_end": 107, "highlight_start": 1, "text": "                            CleanupAction::ReconcileEntry { index: (old(self).reconciled() + 1) as usize }"}, {"highlight_end": 76, "highlight_start": 1, "text": "                        } else if old(self).removed() < old(self).total() {"}, {"highlight_end": 86, "highlight_start": 1, "text": "                            CleanupAction::RemoveEntry { index: old(self).removed() }"}, {"highlight_end": 63, "highlight_start": 1, "text": "                        } else { CleanupAction::SyncEntries },"}, {"highlight_end": 57, "highlight_start": 1, "text": "                    CleanupAction::RemoveEntry { .. } =>"}, {"highlight_end": 73, "highlight_start": 1, "text": "                        if old(self).removed() + 1 < old(self).total() {"}, {"highlight_end": 101, "highlight_start": 1, "text": "                            CleanupAction::RemoveEntry { index: (old(self).removed() + 1) as usize }"}, {"highlight_end": 63, "highlight_start": 1, "text": "                        } else { CleanupAction::SyncEntries },"}, {"highlight_end": 79, "highlight_start": 1, "text": "                    CleanupAction::SyncEntries => CleanupAction::RemoveMarker,"}, {"highlight_end": 78, "highlight_start": 1, "text": "                    CleanupAction::RemoveMarker => CleanupAction::SyncMarker,"}, {"highlight_end": 74, "highlight_start": 1, "text": "                    CleanupAction::SyncMarker => CleanupAction::Complete,"}, {"highlight_end": 49, "highlight_start": 1, "text": "                    _ => CleanupAction::Refused,"}, {"highlight_end": 18, "highlight_start": 1, "text": "                }"}, {"highlight_end": 14, "highlight_start": 1, "text": "            },"}]}]}
#20 4159.9 calibration: journal-cleanup-entry-accounting rejected in journal_protocol::CleanupProgress::acknowledge
#20 4160.1 RUNNER_COMMAND=cargo verus verify --manifest-path /tmp/gripsack-verus-w4wp5f06/journal-cleanup-marker-barrier/crates/gripsack-policy/Cargo.toml -p gripsack-policy --locked --message-format=json -- --output-json --time-expanded
#20 4225.4 VERUS_RESULT={"encountered-error": true, "encountered-vir-error": false, "errors": 1, "is-verifying-entire-crate": true, "success": false, "verified": 332}
#20 4225.4 VERUS_DIAGNOSTIC={"$message_type": "diagnostic", "children": [], "code": null, "level": "error", "message": "postcondition not satisfied", "rendered": "error: postcondition not satisfied\n   --> crates/gripsack-policy/src/journal_protocol.rs:181:13\n    |\n181 | /             final(self).expected_action() == if !accepted { CleanupAction::Refused } else {\n182 | |                 match action {\n183 | |                     CleanupAction::ReconcileEntry { .. } =>\n184 | |                         if old(self).reconciled() + 1 < old(self).total() {\n...   |\n198 | |             },\n    | |_____________^ failed this postcondition\n...\n214 |           true\n    |           ---- at the end of the function body\n\n", "spans": [{"byte_end": 9827, "byte_start": 9823, "column_end": 13, "column_start": 9, "expansion": null, "file_name": "crates/gripsack-policy/src/journal_protocol.rs", "is_primary": false, "label": "at the end of the function body", "line_end": 214, "line_start": 214, "suggested_replacement": null, "suggestion_applicability": null, "text": [{"highlight_end": 13, "highlight_start": 9, "text": "        true"}]}, {"byte_end": 9083, "byte_start": 7899, "column_end": 14, "column_start": 13, "expansion": null, "file_name": "crates/gripsack-policy/src/journal_protocol.rs", "is_primary": true, "label": "failed this postcondition", "line_end": 198, "line_start": 181, "suggested_replacement": null, "suggestion_applicability": null, "text": [{"highlight_end": 92, "highlight_start": 13, "text": "            final(self).expected_action() == if !accepted { CleanupAction::Refused } else {"}, {"highlight_end": 31, "highlight_start": 1, "text": "                match action {"}, {"highlight_end": 60, "highlight_start": 1, "text": "                    CleanupAction::ReconcileEntry { .. } =>"}, {"highlight_end": 76, "highlight_start": 1, "text": "                        if old(self).reconciled() + 1 < old(self).total() {"}, {"highlight_end": 107, "highlight_start": 1, "text": "                            CleanupAction::ReconcileEntry { index: (old(self).reconciled() + 1) as usize }"}, {"highlight_end": 76, "highlight_start": 1, "text": "                        } else if old(self).removed() < old(self).total() {"}, {"highlight_end": 86, "highlight_start": 1, "text": "                            CleanupAction::RemoveEntry { index: old(self).removed() }"}, {"highlight_end": 63, "highlight_start": 1, "text": "                        } else { CleanupAction::SyncEntries },"}, {"highlight_end": 57, "highlight_start": 1, "text": "                    CleanupAction::RemoveEntry { .. } =>"}, {"highlight_end": 73, "highlight_start": 1, "text": "                        if old(self).removed() + 1 < old(self).total() {"}, {"highlight_end": 101, "highlight_start": 1, "text": "                            CleanupAction::RemoveEntry { index: (old(self).removed() + 1) as usize }"}, {"highlight_end": 63, "highlight_start": 1, "text": "                        } else { CleanupAction::SyncEntries },"}, {"highlight_end": 79, "highlight_start": 1, "text": "                    CleanupAction::SyncEntries => CleanupAction::RemoveMarker,"}, {"highlight_end": 78, "highlight_start": 1, "text": "                    CleanupAction::RemoveMarker => CleanupAction::SyncMarker,"}, {"highlight_end": 74, "highlight_start": 1, "text": "                    CleanupAction::SyncMarker => CleanupAction::Complete,"}, {"highlight_end": 49, "highlight_start": 1, "text": "                    _ => CleanupAction::Refused,"}, {"highlight_end": 18, "highlight_start": 1, "text": "                }"}, {"highlight_end": 14, "highlight_start": 1, "text": "            },"}]}]}
#20 4225.4 calibration: journal-cleanup-marker-barrier rejected in journal_protocol::CleanupProgress::acknowledge
#20 4225.6 RUNNER_COMMAND=cargo verus verify --manifest-path /tmp/gripsack-verus-w4wp5f06/unrelated-lemma/crates/gripsack-policy/Cargo.toml -p gripsack-policy --locked --message-format=json -- --output-json --time-expanded
#20 4290.9 VERUS_RESULT={"encountered-error": true, "encountered-vir-error": false, "errors": 1, "is-verifying-entire-crate": true, "success": false, "verified": 333}
#20 4290.9 VERUS_DIAGNOSTIC={"$message_type": "diagnostic", "children": [], "code": null, "level": "error", "message": "postcondition not satisfied", "rendered": "error: postcondition not satisfied\n   --> crates/gripsack-policy/src/selection.rs:118:54\n    |\n118 | pub proof fn unrelated_calibration_failure() ensures false {}\n    | --------------------------------------------         ^^^^^ failed this postcondition\n    | |\n    | at the end of the function body\n\n", "spans": [{"byte_end": 4143, "byte_start": 4099, "column_end": 45, "column_start": 1, "expansion": null, "file_name": "crates/gripsack-policy/src/selection.rs", "is_primary": false, "label": "at the end of the function body", "line_end": 118, "line_start": 118, "suggested_replacement": null, "suggestion_applicability": null, "text": [{"highlight_end": 45, "highlight_start": 1, "text": "pub proof fn unrelated_calibration_failure() ensures false {}"}]}, {"byte_end": 4157, "byte_start": 4152, "column_end": 59, "column_start": 54, "expansion": null, "file_name": "crates/gripsack-policy/src/selection.rs", "is_primary": true, "label": "failed this postcondition", "line_end": 118, "line_start": 118, "suggested_replacement": null, "suggestion_applicability": null, "text": [{"highlight_end": 59, "highlight_start": 54, "text": "pub proof fn unrelated_calibration_failure() ensures false {}"}]}]}
#20 4290.9 calibration: unrelated lemma refused as classifier evidence
#20 4290.9 VERUS_CALIBRATIONS=60
#20 4290.9 verify gate: OK
#20 DONE 4295.2s

#21 exporting to image
#21 exporting layers
#21 exporting layers 81.4s done
#21 exporting manifest sha256:d0d66a7990209f03a19b43a27145e4b13ae725a4bdf0e43427384c6148084598 0.0s done
#21 exporting config sha256:204453de98da396a2ac412c50b61031339c8bc7e1ea766057e61471b157a93cd 0.0s done
#21 exporting attestation manifest sha256:3eb215e374ced69852d577809314afe61be553a3599f273b059cd0a6990df9e3 0.0s done
#21 exporting manifest list sha256:c3005aca355af82b8ead05340532a6dff4bdeb5a176ad6777931c378710d2524 0.0s done
#21 naming to docker.io/library/gripsack-verify:latest done
#21 unpacking to docker.io/library/gripsack-verify:latest
#21 unpacking to docker.io/library/gripsack-verify:latest 28.9s done
#21 DONE 110.4s

#22 resolving provenance for metadata file
#22 DONE 0.0s
 Image gripsack-verify Built 
 Container gripsack-verify-run-c313da172d4f Creating 
 Container gripsack-verify-run-c313da172d4f Created 
gate passed: cargo verus verify -p gripsack-policy + seeded-mutant calibration (scripts/check_verus.sh)


=== Tool artifact 993 ===
{"strategy": "no-npm", "local": false, "returncode": 1, "stdout": "{\"version\":1,\"ok\":false,\"diagnostics\":[]}\n", "stderr": "TypeError: Import \"ambient-fixture\" not a dependency and not in import map from \"file:///tmp/npm-boundary-6dym63lj/no-npm-False/repo/modules/selected.ts\"\n  \u001b[0m\u001b[36mhint:\u001b[0m If you want to use the npm package, try running `deno add npm:ambient-fixture`\n    at \u001b[0m\u001b[36mfile:///tmp/npm-boundary-6dym63lj/no-npm-False/repo/modules/selected.ts\u001b[0m:\u001b[0m\u001b[33m1\u001b[0m:\u001b[0m\u001b[33m58\u001b[0m\n    at async main (file:///tmp/npm-boundary-6dym63lj/no-npm-False/home/.grip/frontend/ts-0.42.0/src/cli.ts:128:20) {\n  code: \"ERR_MODULE_NOT_FOUND\"\n}\ngrip: frontend eval failed (testhost)\n"}
{"strategy": "no-npm", "local": true, "returncode": 1, "stdout": "{\"version\":1,\"ok\":false,\"diagnostics\":[]}\n", "stderr": "TypeError: Import \"ambient-fixture\" not a dependency and not in import map from \"file:///tmp/npm-boundary-6dym63lj/no-npm-True/repo/modules/selected.ts\"\n  \u001b[0m\u001b[36mhint:\u001b[0m If you want to use the npm package, try running `deno add npm:ambient-fixture`\n    at \u001b[0m\u001b[36mfile:///tmp/npm-boundary-6dym63lj/no-npm-True/repo/modules/selected.ts\u001b[0m:\u001b[0m\u001b[33m1\u001b[0m:\u001b[0m\u001b[33m58\u001b[0m\n    at async main (file:///tmp/npm-boundary-6dym63lj/no-npm-True/home/.grip/frontend/ts-0.42.0/src/cli.ts:128:20) {\n  code: \"ERR_MODULE_NOT_FOUND\"\n}\ngrip: frontend eval failed (testhost)\n"}
{"strategy": "deny-read", "local": false, "returncode": 0, "stdout": "{\"version\":1,\"ok\":true,\"diagnostics\":[],\"host\":{\"os\":\"linux\",\"arch\":\"x86_64\"},\"modules\":[\"loaded-package\"]}\n", "stderr": ""}
{"strategy": "deny-read", "local": true, "returncode": 0, "stdout": "{\"version\":1,\"ok\":true,\"diagnostics\":[],\"host\":{\"os\":\"linux\",\"arch\":\"x86_64\"},\"modules\":[\"loaded-package\"]}\n", "stderr": ""}
{"strategy": "ignore-read", "local": false, "returncode": 0, "stdout": "{\"version\":1,\"ok\":true,\"diagnostics\":[],\"host\":{\"os\":\"linux\",\"arch\":\"x86_64\"},\"modules\":[\"loaded-package\"]}\n", "stderr": ""}
{"strategy": "ignore-read", "local": true, "returncode": 0, "stdout": "{\"version\":1,\"ok\":true,\"diagnostics\":[],\"host\":{\"os\":\"linux\",\"arch\":\"x86_64\"},\"modules\":[\"loaded-package\"]}\n", "stderr": ""}
{"strategy": "isolated", "local": false, "returncode": 0, "stdout": "{\"version\":1,\"ok\":true,\"diagnostics\":[],\"host\":{\"os\":\"linux\",\"arch\":\"x86_64\"},\"modules\":[\"loaded-package\"]}\n", "stderr": ""}
{"strategy": "isolated", "local": true, "returncode": 0, "stdout": "{\"version\":1,\"ok\":true,\"diagnostics\":[],\"host\":{\"os\":\"linux\",\"arch\":\"x86_64\"},\"modules\":[\"loaded-package\"]}\n", "stderr": ""}
{"strategy": "explicit-config", "local": false, "returncode": 0, "stdout": "{\"version\":1,\"ok\":true,\"diagnostics\":[],\"host\":{\"os\":\"linux\",\"arch\":\"x86_64\"},\"modules\":[\"loaded-package\"]}\n", "stderr": ""}
{"strategy": "explicit-config", "local": true, "returncode": 0, "stdout": "{\"version\":1,\"ok\":true,\"diagnostics\":[],\"host\":{\"os\":\"linux\",\"arch\":\"x86_64\"},\"modules\":[\"loaded-package\"]}\n", "stderr": ""}


=== Tool artifact 994 ===
{"outside_npm": false, "kind": "esm", "returncode": 0, "stdout": "\"local\"\n", "stderr": ""}
{"outside_npm": false, "kind": "cjs", "returncode": 0, "stdout": "\"local\"\n", "stderr": ""}
{"outside_npm": false, "kind": "cjs-external-json", "returncode": 1, "stdout": "", "stderr": "[0m\u001b[2m\u001b[38;5;245m (\u001b[0m\u001b[0m\u001b[2m\u001b[38;5;245mnode:module\u001b[0m\u001b[0m\u001b[2m\u001b[38;5;245m:\u001b[0m\u001b[0m\u001b[2m\u001b[38;5;245m4\u001b[0m\u001b[0m\u001b[2m\u001b[38;5;245m:\u001b[0m\u001b[0m\u001b[2m\u001b[38;5;245m1989\u001b[0m\u001b[0m\u001b[2m\u001b[38;5;245m)\u001b[0m\n    \u001b[0m\u001b[2m\u001b[38;5;245mat \u001b[0m\u001b[0m\u001b[2m\u001b[38;5;245mrequire\u001b[0m\u001b[0m\u001b[2m\u001b[38;5;245m (\u001b[0m\u001b[0m\u001b[2m\u001b[38;5;245mnode:module\u001b[0m\u001b[0m\u001b[2m\u001b[38;5;245m:\u001b[0m\u001b[0m\u001b[2m\u001b[38;5;245m5\u001b[0m\u001b[0m\u001b[2m\u001b[38;5;245m:\u001b[0m\u001b[0m\u001b[2m\u001b[38;5;245m3530\u001b[0m\u001b[0m\u001b[2m\u001b[38;5;245m)\u001b[0m\n    at \u001b[0m\u001b[1m\u001b[3mObject.<anonymous>\u001b[0m (\u001b[0m\u001b[2m\u001b[38;5;245mfile:///tmp/deno-package-profile-5tigkvhc/False-cjs-external-json/admitted/\u001b[0m\u001b[0m\u001b[36mnode_modules/package/index.cjs\u001b[0m:\u001b[0m\u001b[33m1\u001b[0m:\u001b[0m\u001b[33m18\u001b[0m)\n    \u001b[0m\u001b[2m\u001b[38;5;245mat \u001b[0m\u001b[0m\u001b[2m\u001b[38;5;245mModule._compile\u001b[0m\u001b[0m\u001b[2m\u001b[38;5;245m (\u001b[0m\u001b[0m\u001b[2m\u001b[38;5;245mnode:module\u001b[0m\u001b[0m\u001b[2m\u001b[38;5;245m:\u001b[0m\u001b[0m\u001b[2m\u001b[38;5;245m5\u001b[0m\u001b[0m\u001b[2m\u001b[38;5;245m:\u001b[0m\u001b[0m\u001b[2m\u001b[38;5;245m1422\u001b[0m\u001b[0m\u001b[2m\u001b[38;5;245m)\u001b[0m\n    \u001b[0m\u001b[2m\u001b[38;5;245mat \u001b[0m\u001b[0m\u001b[2m\u001b[38;5;245mObject.loadCjs [as .cjs]\u001b[0m\u001b[0m\u001b[2m\u001b[38;5;245m (\u001b[0m\u001b[0m\u001b[2m\u001b[38;5;245mnode:module\u001b[0m\u001b[0m\u001b[2m\u001b[38;5;245m:\u001b[0m\u001b[0m\u001b[2m\u001b[38;5;245m5\u001b[0m\u001b[0m\u001b[2m\u001b[38;5;245m:\u001b[0m\u001b[0m\u001b[2m\u001b[38;5;245m1957\u001b[0m\u001b[0m\u001b[2m\u001b[38;5;245m)\u001b[0m\n    \u001b[0m\u001b[2m\u001b[38;5;245mat \u001b[0m\u001b[0m\u001b[2m\u001b[38;5;245mModule.load\u001b[0m\u001b[0m\u001b[2m\u001b[38;5;245m (\u001b[0m\u001b[0m\u001b[2m\u001b[38;5;245mnode:module\u001b[0m\u001b[0m\u001b[2m\u001b[38;5;245m:\u001b[0m\u001b[0m\u001b[2m\u001b[38;5;245m4\u001b[0m\u001b[0m\u001b[2m\u001b[38;5;245m:\u001b[0m\u001b[0m\u001b[2m\u001b[38;5;245m1568\u001b[0m\u001b[0m\u001b[2m\u001b[38;5;245m)\u001b[0m\n"}
{"outside_npm": false, "kind": "esm-external-js", "returncode": 1, "stdout": "", "stderr": "\u001b[0m\u001b[1m\u001b[31merror\u001b[0m: Uncaught (in promise) TypeError: Loading unprepared module: file:///tmp/deno-package-profile-5tigkvhc/False-esm-external-js/outside/secret.js, imported from: file:///tmp/deno-package-profile-5tigkvhc/False-esm-external-js/admitted/node_modules/package/index.js\n    at \u001b[0m\u001b[36mfile:///tmp/deno-package-profile-5tigkvhc/False-esm-external-js/admitted/node_modules/package/index.js\u001b[0m:\u001b[0m\u001b[33m1\u001b[0m:\u001b[0m\u001b[33m19\u001b[0m\nimport {pathToFileURL} from \"node:url\"; const result=await import(pathToFileURL(Deno.args[0]).href); console.log(JSON.stringify(result.default));\n\u001b[0m\u001b[31m                                                     ^\u001b[0m\n    at async \u001b[0m\u001b[2m\u001b[38;5;245mfile:///tmp/deno-package-profile-5tigkvhc/False-esm-external-js/admitted/\u001b[0m\u001b[0m\u001b[36mdriver.ts\u001b[0m:\u001b[0m\u001b[33m1\u001b[0m:\u001b[0m\u001b[33m54\u001b[0m\n"}
{"outside_npm": false, "kind": "cjs-transitive", "returncode": 0, "stdout": "\"local-transitive\"\n", "stderr": ""}
{"outside_npm": true, "kind": "esm", "returncode": 0, "stdout": "\"local\"\n", "stderr": ""}
{"outside_npm": true, "kind": "cjs", "returncode": 0, "stdout": "\"local\"\n", "stderr": ""}
{"outside_npm": true, "kind": "cjs-external-json", "returncode": 1, "stdout": "", "stderr": "\u001b[0m\u001b[2m\u001b[38;5;245m (\u001b[0m\u001b[0m\u001b[2m\u001b[38;5;245mnode:module\u001b[0m\u001b[0m\u001b[2m\u001b[38;5;245m:\u001b[0m\u001b[0m\u001b[2m\u001b[38;5;245m4\u001b[0m\u001b[0m\u001b[2m\u001b[38;5;245m:\u001b[0m\u001b[0m\u001b[2m\u001b[38;5;245m1989\u001b[0m\u001b[0m\u001b[2m\u001b[38;5;245m)\u001b[0m\n    \u001b[0m\u001b[2m\u001b[38;5;245mat \u001b[0m\u001b[0m\u001b[2m\u001b[38;5;245mrequire\u001b[0m\u001b[0m\u001b[2m\u001b[38;5;245m (\u001b[0m\u001b[0m\u001b[2m\u001b[38;5;245mnode:module\u001b[0m\u001b[0m\u001b[2m\u001b[38;5;245m:\u001b[0m\u001b[0m\u001b[2m\u001b[38;5;245m5\u001b[0m\u001b[0m\u001b[2m\u001b[38;5;245m:\u001b[0m\u001b[0m\u001b[2m\u001b[38;5;245m3530\u001b[0m\u001b[0m\u001b[2m\u001b[38;5;245m)\u001b[0m\n    at \u001b[0m\u001b[1m\u001b[3mObject.<anonymous>\u001b[0m (\u001b[0m\u001b[2m\u001b[38;5;245mfile:///tmp/deno-package-profile-5tigkvhc/True-cjs-external-json/admitted/\u001b[0m\u001b[0m\u001b[36mdependencies/package/index.cjs\u001b[0m:\u001b[0m\u001b[33m1\u001b[0m:\u001b[0m\u001b[33m18\u001b[0m)\n    \u001b[0m\u001b[2m\u001b[38;5;245mat \u001b[0m\u001b[0m\u001b[2m\u001b[38;5;245mModule._compile\u001b[0m\u001b[0m\u001b[2m\u001b[38;5;245m (\u001b[0m\u001b[0m\u001b[2m\u001b[38;5;245mnode:module\u001b[0m\u001b[0m\u001b[2m\u001b[38;5;245m:\u001b[0m\u001b[0m\u001b[2m\u001b[38;5;245m5\u001b[0m\u001b[0m\u001b[2m\u001b[38;5;245m:\u001b[0m\u001b[0m\u001b[2m\u001b[38;5;245m1422\u001b[0m\u001b[0m\u001b[2m\u001b[38;5;245m)\u001b[0m\n    \u001b[0m\u001b[2m\u001b[38;5;245mat \u001b[0m\u001b[0m\u001b[2m\u001b[38;5;245mObject.loadCjs [as .cjs]\u001b[0m\u001b[0m\u001b[2m\u001b[38;5;245m (\u001b[0m\u001b[0m\u001b[2m\u001b[38;5;245mnode:module\u001b[0m\u001b[0m\u001b[2m\u001b[38;5;245m:\u001b[0m\u001b[0m\u001b[2m\u001b[38;5;245m5\u001b[0m\u001b[0m\u001b[2m\u001b[38;5;245m:\u001b[0m\u001b[0m\u001b[2m\u001b[38;5;245m1957\u001b[0m\u001b[0m\u001b[2m\u001b[38;5;245m)\u001b[0m\n    \u001b[0m\u001b[2m\u001b[38;5;245mat \u001b[0m\u001b[0m\u001b[2m\u001b[38;5;245mModule.load\u001b[0m\u001b[0m\u001b[2m\u001b[38;5;245m (\u001b[0m\u001b[0m\u001b[2m\u001b[38;5;245mnode:module\u001b[0m\u001b[0m\u001b[2m\u001b[38;5;245m:\u001b[0m\u001b[0m\u001b[2m\u001b[38;5;245m4\u001b[0m\u001b[0m\u001b[2m\u001b[38;5;245m:\u001b[0m\u001b[0m\u001b[2m\u001b[38;5;245m1568\u001b[0m\u001b[0m\u001b[2m\u001b[38;5;245m)\u001b[0m\n"}
{"outside_npm": true, "kind": "esm-external-js", "returncode": 1, "stdout": "", "stderr": "\u001b[0m\u001b[1m\u001b[31merror\u001b[0m: Uncaught (in promise) TypeError: Requires read access to \"/tmp/deno-package-profile-5tigkvhc/True-esm-external-js/outside/secret.js\", run again with the --allow-read flag\n    at \u001b[0m\u001b[36mfile:///tmp/deno-package-profile-5tigkvhc/True-esm-external-js/admitted/dependencies/package/index.js\u001b[0m:\u001b[0m\u001b[33m1\u001b[0m:\u001b[0m\u001b[33m19\u001b[0m\nimport {pathToFileURL} from \"node:url\"; const result=await import(pathToFileURL(Deno.args[0]).href); console.log(JSON.stringify(result.default));\n\u001b[0m\u001b[31m                                                     ^\u001b[0m\n    at async \u001b[0m\u001b[2m\u001b[38;5;245mfile:///tmp/deno-package-profile-5tigkvhc/True-esm-external-js/admitted/\u001b[0m\u001b[0m\u001b[36mdriver.ts\u001b[0m:\u001b[0m\u001b[33m1\u001b[0m:\u001b[0m\u001b[33m54\u001b[0m\n"}
{"outside_npm": true, "kind": "cjs-transitive", "returncode": 0, "stdout": "\"local-transitive\"\n", "stderr": ""}


=== Tool artifact 998 ===
{"outside_npm": false, "kind": "esm-dir-map", "returncode": 1, "stdout": "", "stderr": "\u001b[0m\u001b[1m\u001b[31merror\u001b[0m: Uncaught (in promise) TypeError: Directory import /tmp/deno-package-profile-qfzkxbbp/False-esm-dir-map/admitted/node_modules/package is not supported resolving import from file:///tmp/deno-package-profile-qfzkxbbp/False-esm-dir-map/admitted/hosts/host.ts\nDid you mean to import index.js within the directory?\n    at \u001b[0m\u001b[36mfile:///tmp/deno-package-profile-qfzkxbbp/False-esm-dir-map/admitted/hosts/host.ts\u001b[0m:\u001b[0m\u001b[33m1\u001b[0m:\u001b[0m\u001b[33m19\u001b[0m\nimport {pathToFileURL} from \"node:url\"; const result=await import(pathToFileURL(Deno.args[0]).href); console.log(JSON.stringify(result.default));\n\u001b[0m\u001b[31m                                                     ^\u001b[0m\n    at async \u001b[0m\u001b[2m\u001b[38;5;245mfile:///tmp/deno-package-profile-qfzkxbbp/False-esm-dir-map/admitted/\u001b[0m\u001b[0m\u001b[36mdriver.ts\u001b[0m:\u001b[0m\u001b[33m1\u001b[0m:\u001b[0m\u001b[33m54\u001b[0m\n"}
{"outside_npm": false, "kind": "cjs-ambient", "returncode": 0, "stdout": "\"ambient\"\n", "stderr": ""}
{"outside_npm": false, "kind": "esm-ambient", "returncode": 1, "stdout": "", "stderr": "\u001b[0m\u001b[1m\u001b[31merror\u001b[0m: Uncaught (in promise) TypeError: Import \"ambient\" not a dependency and not in import map from \"file:///tmp/deno-package-profile-qfzkxbbp/False-esm-ambient/admitted/node_modules/package/index.js\"\nimport {pathToFileURL} from \"node:url\"; const result=await import(pathToFileURL(Deno.args[0]).href); console.log(JSON.stringify(result.default));\n\u001b[0m\u001b[31m                                                     ^\u001b[0m\n    at async \u001b[0m\u001b[2m\u001b[38;5;245mfile:///tmp/deno-package-profile-qfzkxbbp/False-esm-ambient/admitted/\u001b[0m\u001b[0m\u001b[36mdriver.ts\u001b[0m:\u001b[0m\u001b[33m1\u001b[0m:\u001b[0m\u001b[33m54\u001b[0m\n"}
{"outside_npm": false, "kind": "esm-transitive", "returncode": 1, "stdout": "", "stderr": "\u001b[0m\u001b[1m\u001b[31merror\u001b[0m: Uncaught (in promise) TypeError: Import \"child\" not a dependency and not in import map from \"file:///tmp/deno-package-profile-qfzkxbbp/False-esm-transitive/admitted/node_modules/package/index.js\"\nimport {pathToFileURL} from \"node:url\"; const result=await import(pathToFileURL(Deno.args[0]).href); console.log(JSON.stringify(result.default));\n\u001b[0m\u001b[31m                                                     ^\u001b[0m\n    at async \u001b[0m\u001b[2m\u001b[38;5;245mfile:///tmp/deno-package-profile-qfzkxbbp/False-esm-transitive/admitted/\u001b[0m\u001b[0m\u001b[36mdriver.ts\u001b[0m:\u001b[0m\u001b[33m1\u001b[0m:\u001b[0m\u001b[33m54\u001b[0m\n"}
{"outside_npm": true, "kind": "esm-dir-map", "returncode": 1, "stdout": "", "stderr": "\u001b[0m\u001b[1m\u001b[31merror\u001b[0m: Uncaught (in promise) TypeError: [ERR_UNSUPPORTED_DIR_IMPORT] Directory import 'file:///tmp/deno-package-profile-qfzkxbbp/True-esm-dir-map/admitted/dependencies/package' is not supported resolving ES modules Maybe specify path to 'index.js' file in directory instead or run with --sloppy-imports\n    at \u001b[0m\u001b[36mfile:///tmp/deno-package-profile-qfzkxbbp/True-esm-dir-map/admitted/hosts/host.ts\u001b[0m:\u001b[0m\u001b[33m1\u001b[0m:\u001b[0m\u001b[33m19\u001b[0m\nimport {pathToFileURL} from \"node:url\"; const result=await import(pathToFileURL(Deno.args[0]).href); console.log(JSON.stringify(result.default));\n\u001b[0m\u001b[31m                                                     ^\u001b[0m\n    at async \u001b[0m\u001b[2m\u001b[38;5;245mfile:///tmp/deno-package-profile-qfzkxbbp/True-esm-dir-map/admitted/\u001b[0m\u001b[0m\u001b[36mdriver.ts\u001b[0m:\u001b[0m\u001b[33m1\u001b[0m:\u001b[0m\u001b[33m54\u001b[0m\n"}
{"outside_npm": true, "kind": "cjs-ambient", "returncode": 0, "stdout": "\"ambient\"\n", "stderr": ""}
{"outside_npm": true, "kind": "esm-ambient", "returncode": 1, "stdout": "", "stderr": "\u001b[0m\u001b[1m\u001b[31merror\u001b[0m: Uncaught (in promise) TypeError: Import \"ambient\" not a dependency and not in import map from \"file:///tmp/deno-package-profile-qfzkxbbp/True-esm-ambient/admitted/dependencies/package/index.js\"\n  \u001b[0m\u001b[36mhint:\u001b[0m If you want to use the npm package, try running `deno add npm:ambient`\n    at \u001b[0m\u001b[36mfile:///tmp/deno-package-profile-qfzkxbbp/True-esm-ambient/admitted/dependencies/package/index.js\u001b[0m:\u001b[0m\u001b[33m1\u001b[0m:\u001b[0m\u001b[33m19\u001b[0m\nimport {pathToFileURL} from \"node:url\"; const result=await import(pathToFileURL(Deno.args[0]).href); console.log(JSON.stringify(result.default));\n\u001b[0m\u001b[31m                                                     ^\u001b[0m\n    at async \u001b[0m\u001b[2m\u001b[38;5;245mfile:///tmp/deno-package-profile-qfzkxbbp/True-esm-ambient/admitted/\u001b[0m\u001b[0m\u001b[36mdriver.ts\u001b[0m:\u001b[0m\u001b[33m1\u001b[0m:\u001b[0m\u001b[33m54\u001b[0m\n"}
{"outside_npm": true, "kind": "esm-transitive", "returncode": 1, "stdout": "", "stderr": "\u001b[0m\u001b[1m\u001b[31merror\u001b[0m: Uncaught (in promise) TypeError: Import \"child\" not a dependency and not in import map from \"file:///tmp/deno-package-profile-qfzkxbbp/True-esm-transitive/admitted/dependencies/package/index.js\"\n  \u001b[0m\u001b[36mhint:\u001b[0m If you want to use the npm package, try running `deno add npm:child`\n    at \u001b[0m\u001b[36mfile:///tmp/deno-package-profile-qfzkxbbp/True-esm-transitive/admitted/dependencies/package/index.js\u001b[0m:\u001b[0m\u001b[33m1\u001b[0m:\u001b[0m\u001b[33m19\u001b[0m\nimport {pathToFileURL} from \"node:url\"; const result=await import(pathToFileURL(Deno.args[0]).href); console.log(JSON.stringify(result.default));\n\u001b[0m\u001b[31m                                                     ^\u001b[0m\n    at async \u001b[0m\u001b[2m\u001b[38;5;245mfile:///tmp/deno-package-profile-qfzkxbbp/True-esm-transitive/admitted/\u001b[0m\u001b[0m\u001b[36mdriver.ts\u001b[0m:\u001b[0m\u001b[33m1\u001b[0m:\u001b[0m\u001b[33m54\u001b[0m\n"}


=== Tool artifact 971 ===
 Image gripsack-e2e Building 
#1 [internal] load local bake definitions
#1 reading from stdin 525B done
#1 DONE 0.0s

#2 [internal] load build definition from Dockerfile
#2 transferring dockerfile: 11.37kB done
#2 DONE 0.0s

#3 resolve image config for docker-image://docker.io/docker/dockerfile:1
#3 DONE 0.5s

#4 docker-image://docker.io/docker/dockerfile:1@sha256:ecfaec9ed6d810b56388c508f4121597bfbba70d41a6dfeee4d8cad5f295fc32
#4 resolve docker.io/docker/dockerfile:1@sha256:ecfaec9ed6d810b56388c508f4121597bfbba70d41a6dfeee4d8cad5f295fc32 0.0s done
#4 CACHED

#5 [internal] load metadata for docker.io/library/rust:alpine@sha256:a10e64dd139b7387337c7fbe8aca31b959b57b2fd4c8ae20a02cf1d6ea424dce
#5 DONE 0.0s

#6 [internal] load metadata for docker.io/library/python:3.13-slim@sha256:9d2e5553305c7c7b0097999bb17187c69b921ccd6bc9d40e4bb5ebe652c00285
#6 DONE 0.0s

#7 [internal] load .dockerignore
#7 transferring context: 139B done
#7 DONE 0.0s

#8 [builder  1/10] FROM docker.io/library/rust:alpine@sha256:a10e64dd139b7387337c7fbe8aca31b959b57b2fd4c8ae20a02cf1d6ea424dce
#8 resolve docker.io/library/rust:alpine@sha256:a10e64dd139b7387337c7fbe8aca31b959b57b2fd4c8ae20a02cf1d6ea424dce
#8 resolve docker.io/library/rust:alpine@sha256:a10e64dd139b7387337c7fbe8aca31b959b57b2fd4c8ae20a02cf1d6ea424dce 0.0s done
#8 DONE 0.0s

#9 [e2e  4/12] ADD --checksum=sha256:394f07f4da2bebe6ce6f1e7ce0fa16429b29b08c35e3fac3fe25972676dff4b2 https://github.com/denoland/deno/releases/download/v2.9.6/deno-x86_64-unknown-linux-gnu.zip /tmp/deno.zip
#9 DONE 0.0s

#10 [e2e  1/12] FROM docker.io/library/python:3.13-slim@sha256:9d2e5553305c7c7b0097999bb17187c69b921ccd6bc9d40e4bb5ebe652c00285
#10 resolve docker.io/library/python:3.13-slim@sha256:9d2e5553305c7c7b0097999bb17187c69b921ccd6bc9d40e4bb5ebe652c00285 0.0s done
#10 DONE 0.0s

#11 [internal] load build context
#11 transferring context: 236.40kB 0.1s done
#11 DONE 0.1s

#12 [builder  2/10] RUN apk add --no-cache musl-dev git curl xz     && rustup component add clippy rustfmt
#12 CACHED

#13 [builder  3/10] RUN set -e;     arch="$(uname -m)";     case "$arch" in       x86_64)  sha=3374daaf153e6f82028add5e4bf7cc2deab46537dee24f20be80df831193aeb4 ;;       aarch64) sha=35d90cee9648037eaa4c1a2649fdca9d1b9a9997b972d37be7f8629139ba1294 ;;       *) echo "unsupported arch: $arch" >&2; exit 1 ;;     esac;     curl -fsSL -o /tmp/ca.tar.xz "https://github.com/rust-secure-code/cargo-auditable/releases/download/v0.7.5/cargo-auditable-${arch}-unknown-linux-musl.tar.xz";     echo "$sha  /tmp/ca.tar.xz" | sha256sum -c -;     mkdir -p /tmp/ca && tar -xJf /tmp/ca.tar.xz -C /tmp/ca;     mv /tmp/ca/*/cargo-auditable /usr/local/bin/cargo-auditable;     rm -rf /tmp/ca /tmp/ca.tar.xz
#13 CACHED

#14 [builder  4/10] WORKDIR /app
#14 CACHED

#15 [builder  5/10] COPY Cargo.toml Cargo.lock ./
#15 CACHED

#16 [builder  6/10] COPY crates ./crates
#16 DONE 0.3s

#17 [builder  7/10] COPY fuzz ./fuzz
#17 DONE 0.1s

#18 [builder  8/10] COPY schema ./schema
#18 DONE 0.1s

#19 [builder  9/10] COPY typescript ./typescript
#19 DONE 0.1s

#20 [builder 10/10] COPY scripts ./scripts
#20 DONE 0.1s

#21 [bin 1/1] RUN cargo build --locked -p gripsack
#21 0.384     Updating crates.io index
#21 2.044  Downloading crates ...
#21 2.123   Downloaded adler2 v2.0.1
#21 2.135   Downloaded anstream v1.0.0
#21 2.153   Downloaded ambient-authority v0.0.2
#21 2.155   Downloaded cpufeatures v0.3.0
#21 2.158   Downloaded colorchoice v1.0.5
#21 2.160   Downloaded crypto-common v0.2.2
#21 2.162   Downloaded anstyle v1.0.14
#21 2.187   Downloaded equivalent v1.0.2
#21 2.197   Downloaded cfg-if v1.0.4
#21 2.201   Downloaded stable_deref_trait v1.2.1
#21 2.203   Downloaded form_urlencoded v1.2.2
#21 2.205   Downloaded httpdate v1.0.3
#21 2.208   Downloaded is_terminal_polyfill v1.70.2
#21 2.217   Downloaded anstyle-query v1.1.5
#21 2.224   Downloaded heck v0.5.0
#21 2.232   Downloaded itoa v1.0.18
#21 2.238   Downloaded thread_local v1.1.10
#21 2.242   Downloaded lazy_static v1.5.0
#21 2.246   Downloaded errno v0.3.14
#21 2.250   Downloaded matchers v0.2.0
#21 2.253   Downloaded potential_utf v0.1.6
#21 2.255   Downloaded subtle v2.6.1
#21 2.261   Downloaded block-buffer v0.12.1
#21 2.306   Downloaded fs-set-times v0.20.3
#21 2.314   Downloaded convert_case v0.4.0
#21 2.367   Downloaded openssl-probe v0.2.1
#21 2.388   Downloaded strsim v0.11.1
#21 2.403   Downloaded idna_adapter v1.2.2
#21 2.438   Downloaded scopeguard v1.2.0
#21 2.490   Downloaded clap_lex v1.1.0
#21 2.501   Downloaded percent-encoding v2.3.2
#21 2.506   Downloaded maybe-owned v0.3.4
#21 2.536   Downloaded serde_spanned v1.1.1
#21 2.539   Downloaded verus_builtin v0.0.0-2026-09-06-0133
#21 2.541   Downloaded fastrand v2.5.0
#21 2.554   Downloaded pin-project-lite v0.2.17
#21 2.579   Downloaded jobserver v0.1.35
#21 2.583   Downloaded shell-words v1.1.1
#21 2.597   Downloaded digest v0.11.3
#21 2.602   Downloaded pkg-config v0.3.34
#21 2.607   Downloaded crc32fast v1.5.1
#21 2.613   Downloaded xattr v1.6.1
#21 2.619   Downloaded filetime v0.2.29
#21 2.624   Downloaded dialoguer v0.12.0
#21 2.633   Downloaded displaydoc v0.2.7
#21 2.637   Downloaded nu-ansi-term v0.50.3
#21 2.644   Downloaded io-lifetimes v3.0.1
#21 2.650   Downloaded io-lifetimes v2.0.4
#21 2.657   Downloaded owo-colors v4.3.0
#21 2.671   Downloaded anstyle-parse v1.0.0
#21 2.676   Downloaded webpki-roots v0.26.11
#21 2.726   Downloaded rustix-linux-procfs v0.1.1
#21 2.728   Downloaded rustls-native-certs v0.8.4
#21 2.731   Downloaded zerofrom-derive v0.1.7
#21 2.750   Downloaded utf8_iter v1.0.4
#21 2.760   Downloaded lock_api v0.4.14
#21 2.764   Downloaded ipnet v2.12.1
#21 2.771   Downloaded quote v1.0.47
#21 2.789   Downloaded untrusted v0.9.0
#21 2.801   Downloaded tracing-serde v0.2.0
#21 2.805   Downloaded hybrid-array v0.4.14
#21 2.810   Downloaded bzip2 v0.6.1
#21 2.814   Downloaded cap-std v4.0.3
#21 2.822   Downloaded clap_derive v4.6.4
#21 2.827   Downloaded getrandom v0.4.3
#21 2.833   Downloaded once_cell v1.21.4
#21 2.841   Downloaded io-extras v0.19.0
#21 2.845   Downloaded rustls-pki-types v1.15.1
#21 2.849   Downloaded unit-prefix v0.5.2
#21 2.853   Downloaded zerofrom v0.1.8
#21 2.855   Downloaded console v0.16.4
#21 2.858   Downloaded parking_lot_core v0.9.12
#21 2.862   Downloaded find-msvc-tools v0.1.11
#21 2.872   Downloaded utf8parse v0.2.2
#21 2.884   Downloaded shlex v2.0.1
#21 2.887   Downloaded synstructure v0.13.2
#21 2.889   Downloaded clap v4.6.6
#21 2.905   Downloaded getrandom v0.2.17
#21 2.910   Downloaded parking_lot v0.12.5
#21 2.915   Downloaded litemap v0.8.3
#21 2.920   Downloaded serde_core v1.0.229
#21 2.924   Downloaded icu_provider v2.3.1
#21 2.930   Downloaded bitflags v2.13.1
#21 2.937   Downloaded log v0.4.34
#21 2.942   Downloaded ryu v1.0.23
#21 2.950   Downloaded indicatif v0.18.6
#21 2.956   Downloaded miniz_oxide v0.8.9
#21 2.960   Downloaded proc-macro2 v1.0.107
#21 2.966   Downloaded aho-corasick v1.1.5
#21 2.974   Downloaded base64 v0.22.1
#21 2.983   Downloaded thiserror v2.0.20
#21 2.993   Downloaded libbz2-rs-sys v0.2.5
#21 2.995   Downloaded icu_locale_core v2.3.0
#21 3.011   Downloaded yoke-derive v0.8.2
#21 3.013   Downloaded zeroize v1.9.0
#21 3.016   Downloaded flate2 v1.1.9
#21 3.025   Downloaded icu_normalizer_data v2.3.0
#21 3.028   Downloaded cap-primitives v4.0.3
#21 3.049   Downloaded icu_collections v2.3.0
#21 3.063   Downloaded zstd v0.13.3
#21 3.070   Downloaded rustls-webpki v0.103.15
#21 3.076   Downloaded serde v1.0.229
#21 3.083   Downloaded zmij v1.0.23
#21 3.087   Downloaded cc v1.4.4
#21 3.092   Downloaded indexmap v2.14.0
#21 3.100   Downloaded const-oid v0.10.2
#21 3.104   Downloaded zerovec-derive v0.11.6
#21 3.108   Downloaded icu_properties v2.3.0
#21 3.113   Downloaded memchr v2.8.3
#21 3.126   Downloaded toml_datetime v0.7.5+spec-1.1.0
#21 3.128   Downloaded bumpalo v3.20.3
#21 3.132   Downloaded toml_datetime v1.1.1+spec-1.1.0
#21 3.134   Downloaded idna v1.1.0
#21 3.139   Downloaded tinystr v0.8.4
#21 3.144   Downloaded tracing-log v0.2.0
#21 3.146   Downloaded toml_writer v1.1.2+spec-1.1.0
#21 3.149   Downloaded hashbrown v0.17.1
#21 3.157   Downloaded serde_json v1.0.151
#21 3.169   Downloaded tempfile v3.27.0
#21 3.175   Downloaded simd-adler32 v0.3.10
#21 3.179   Downloaded clap_builder v4.6.6
#21 3.190   Downloaded writeable v0.6.4
#21 3.194   Downloaded icu_properties_data v2.3.0
#21 3.208   Downloaded portable-atomic v1.15.0
#21 3.220   Downloaded smallvec v1.15.2
#21 3.224   Downloaded thiserror-impl v2.0.20
#21 3.227   Downloaded sha2 v0.11.0
#21 3.235   Downloaded xz2 v0.1.7
#21 3.240   Downloaded yoke v0.8.3
#21 3.243   Downloaded zstd-safe v7.2.4
#21 3.246   Downloaded toml_parser v1.1.3+spec-1.1.0
#21 3.263   Downloaded regex-syntax v0.8.11
#21 3.272   Downloaded tracing-core v0.1.36
#21 3.277   Downloaded rustls v0.23.45
#21 3.296   Downloaded toml v1.1.4+spec-1.1.0
#21 3.305   Downloaded rustix v1.1.4
#21 3.363   Downloaded serde_derive v1.0.229
#21 3.369   Downloaded tracing-attributes v0.1.31
#21 3.374   Downloaded toml v0.9.12+spec-1.1.0
#21 3.383   Downloaded unicode-ident v1.0.24
#21 3.390   Downloaded zopfli v0.8.3
#21 3.394   Downloaded icu_normalizer v2.3.0
#21 3.404   Downloaded serde_yaml v0.9.34+deprecated
#21 3.411   Downloaded sharded-slab v0.1.7
#21 3.418   Downloaded regex-automata v0.4.18
#21 3.443   Downloaded unsafe-libyaml v0.2.11
#21 3.450   Downloaded toml_edit v0.25.13+spec-1.1.0
#21 3.458   Downloaded tar v0.4.46
#21 3.474   Downloaded url v2.5.8
#21 3.478   Downloaded lzma-sys v0.1.20
#21 3.532   Downloaded verus_prettyplease v0.0.0-2026-09-06-0133
#21 3.540   Downloaded verus_state_machines_macros v0.0.0-2026-09-06-0133
#21 3.546   Downloaded libc v0.2.189
#21 3.699   Downloaded zerotrie v0.2.5
#21 3.709   Downloaded typenum v1.20.1
#21 3.715   Downloaded ureq v2.12.1
#21 3.724   Downloaded ring v0.17.14
#21 3.799   Downloaded typed-path v0.12.3
#21 3.817   Downloaded zerovec v0.11.8
#21 3.829   Downloaded verus_builtin_macros v0.0.0-2026-09-06-0133
#21 3.833   Downloaded zip v8.6.0
#21 3.840   Downloaded linux-raw-sys v0.12.1
#21 3.910   Downloaded winnow v0.7.15
#21 3.927   Downloaded winnow v1.0.4
#21 3.946   Downloaded tracing-subscriber v0.3.23
#21 3.960   Downloaded webpki-roots v1.0.9
#21 3.965   Downloaded zlib-rs v0.6.7
#21 3.974   Downloaded unicode-width v0.2.2
#21 3.982   Downloaded syn v2.0.119
#21 3.999   Downloaded syn v3.0.4
#21 4.014   Downloaded vstd v0.0.0-2026-09-06-0133
#21 4.030   Downloaded verus_syn v0.0.0-2026-09-06-0133
#21 4.047   Downloaded tracing v0.1.44
#21 4.065   Downloaded zstd-sys v2.0.16+zstd.1.5.7
#21 4.310    Compiling proc-macro2 v1.0.107
#21 4.310    Compiling unicode-ident v1.0.24
#21 4.310    Compiling quote v1.0.47
#21 4.311    Compiling libc v0.2.189
#21 4.314    Compiling cfg-if v1.0.4
#21 4.317    Compiling serde_core v1.0.229
#21 4.317    Compiling find-msvc-tools v0.1.11
#21 4.318    Compiling shlex v2.0.1
#21 4.318    Compiling stable_deref_trait v1.2.1
#21 4.318    Compiling hashbrown v0.17.1
#21 4.330    Compiling equivalent v1.0.2
#21 4.330    Compiling once_cell v1.21.4
#21 4.331    Compiling rustix v1.1.4
#21 4.335    Compiling linux-raw-sys v0.12.1
#21 4.338    Compiling bitflags v2.13.1
#21 4.350    Compiling serde v1.0.229
#21 4.351    Compiling verus_prettyplease v0.0.0-2026-09-06-0133
#21 4.351    Compiling pkg-config v0.3.34
#21 4.362    Compiling zmij v1.0.23
#21 4.362    Compiling litemap v0.8.3
#21 4.366    Compiling smallvec v1.15.2
#21 4.371    Compiling writeable v0.6.4
#21 4.371    Compiling icu_properties_data v2.3.0
#21 4.372    Compiling itoa v1.0.18
#21 4.372    Compiling serde_json v1.0.151
#21 4.382    Compiling icu_normalizer_data v2.3.0
#21 4.386    Compiling convert_case v0.4.0
#21 4.392    Compiling vstd v0.0.0-2026-09-06-0133
#21 4.393    Compiling memchr v2.8.3
#21 4.394    Compiling utf8_iter v1.0.4
#21 4.394    Compiling winnow v1.0.4
#21 4.394    Compiling io-lifetimes v2.0.4
#21 4.395    Compiling verus_builtin v0.0.0-2026-09-06-0133
#21 4.473    Compiling zeroize v1.9.0
#21 4.501    Compiling typenum v1.20.1
#21 4.501    Compiling io-lifetimes v3.0.1
#21 4.629    Compiling toml_writer v1.1.2+spec-1.1.0
#21 4.698    Compiling io-extras v0.19.0
#21 4.699    Compiling thiserror v2.0.20
#21 4.709    Compiling log v0.4.34
#21 4.748    Compiling rustls-pki-types v1.15.1
#21 4.776    Compiling cap-primitives v4.0.3
#21 4.794    Compiling getrandom v0.4.3
#21 4.806    Compiling tracing-core v0.1.36
#21 4.814    Compiling cap-std v4.0.3
#21 4.857    Compiling maybe-owned v0.3.4
#21 4.857    Compiling const-oid v0.10.2
#21 4.858    Compiling ipnet v2.12.1
#21 4.914    Compiling ambient-authority v0.0.2
#21 4.917    Compiling percent-encoding v2.3.2
#21 4.954    Compiling crc32fast v1.5.1
#21 4.963    Compiling untrusted v0.9.0
#21 4.993    Compiling fastrand v2.5.0
#21 5.008    Compiling cpufeatures v0.3.0
#21 5.088    Compiling winnow v0.7.15
#21 5.102    Compiling simd-adler32 v0.3.10
#21 5.105    Compiling zstd-safe v7.2.4
#21 5.119    Compiling rustls v0.23.45
#21 5.143    Compiling pin-project-lite v0.2.17
#21 5.148    Compiling adler2 v2.0.1
#21 5.167    Compiling parking_lot_core v0.9.12
#21 5.169    Compiling form_urlencoded v1.2.2
#21 5.220    Compiling bumpalo v3.20.3
#21 5.255    Compiling zlib-rs v0.6.7
#21 5.255    Compiling subtle v2.6.1
#21 5.281    Compiling scopeguard v1.2.0
#21 5.282    Compiling libbz2-rs-sys v0.2.5
#21 5.320    Compiling typed-path v0.12.3
#21 5.338    Compiling utf8parse v0.2.2
#21 5.416    Compiling lock_api v0.4.14
#21 5.427    Compiling openssl-probe v0.2.1
#21 5.428    Compiling base64 v0.22.1
#21 5.462    Compiling indexmap v2.14.0
#21 5.482    Compiling miniz_oxide v0.8.9
#21 5.509    Compiling regex-syntax v0.8.11
#21 5.518    Compiling webpki-roots v1.0.9
#21 5.536    Compiling anstyle-parse v1.0.0
#21 5.561    Compiling portable-atomic v1.15.0
#21 5.575    Compiling is_terminal_polyfill v1.70.2
#21 5.605    Compiling rustls-native-certs v0.8.4
#21 5.607    Compiling unicode-width v0.2.2
#21 5.642    Compiling colorchoice v1.0.5
#21 5.699    Compiling webpki-roots v0.26.11
#21 5.704    Compiling httpdate v1.0.3
#21 5.709    Compiling lazy_static v1.5.0
#21 5.710    Compiling anstyle v1.0.14
#21 5.714    Compiling unsafe-libyaml v0.2.11
#21 5.757    Compiling zopfli v0.8.3
#21 5.770    Compiling ryu v1.0.23
#21 5.778    Compiling anstyle-query v1.1.5
#21 5.800    Compiling sharded-slab v0.1.7
#21 5.852    Compiling tracing-log v0.2.0
#21 5.866    Compiling thread_local v1.1.10
#21 5.888    Compiling clap_lex v1.1.0
#21 5.908    Compiling owo-colors v4.3.0
#21 5.917    Compiling nu-ansi-term v0.50.3
#21 5.972    Compiling heck v0.5.0
#21 5.999    Compiling strsim v0.11.1
#21 6.013    Compiling shell-words v1.1.1
#21 6.056    Compiling unit-prefix v0.5.2
#21 6.074    Compiling bzip2 v0.6.1
#21 6.168    Compiling anstream v1.0.0
#21 6.230    Compiling hybrid-array v0.4.14
#21 6.433    Compiling syn v2.0.119
#21 6.434    Compiling syn v3.0.4
#21 6.451    Compiling verus_syn v0.0.0-2026-09-06-0133
#21 6.476    Compiling clap_builder v4.6.6
#21 6.809    Compiling jobserver v0.1.35
#21 6.810    Compiling getrandom v0.2.17
#21 6.810    Compiling filetime v0.2.29
#21 6.817    Compiling console v0.16.4
#21 6.967    Compiling block-buffer v0.12.1
#21 6.967    Compiling crypto-common v0.2.2
#21 7.022    Compiling toml_parser v1.1.3+spec-1.1.0
#21 7.192    Compiling parking_lot v0.12.5
#21 7.278    Compiling cc v1.4.4
#21 7.915    Compiling indicatif v0.18.6
#21 7.938    Compiling regex-automata v0.4.18
#21 8.719    Compiling digest v0.11.3
#21 8.968    Compiling sha2 v0.11.0
#21 10.37    Compiling serde_spanned v1.1.1
#21 10.37    Compiling toml_datetime v0.7.5+spec-1.1.0
#21 10.37    Compiling toml_datetime v1.1.1+spec-1.1.0
#21 10.59    Compiling zstd-sys v2.0.16+zstd.1.5.7
#21 10.59    Compiling ring v0.17.14
#21 10.59    Compiling lzma-sys v0.1.20
#21 10.74    Compiling toml v0.9.12+spec-1.1.0
#21 10.89    Compiling toml v1.1.4+spec-1.1.0
#21 10.89    Compiling toml_edit v0.25.13+spec-1.1.0
#21 11.44    Compiling flate2 v1.1.9
#21 12.16    Compiling fs-set-times v0.20.3
#21 12.16    Compiling rustix-linux-procfs v0.1.1
#21 12.17    Compiling tempfile v3.27.0
#21 12.20    Compiling xattr v1.6.1
#21 12.31    Compiling matchers v0.2.0
#21 12.84    Compiling dialoguer v0.12.0
#21 13.08    Compiling tar v0.4.46
#21 14.53    Compiling gripsack-fs v0.42.0 (/app/crates/gripsack-fs)
#21 15.03    Compiling xz2 v0.1.7
#21 15.71    Compiling synstructure v0.13.2
#21 16.38    Compiling zstd v0.13.3
#21 16.82    Compiling zip v8.6.0
#21 16.96    Compiling zerovec-derive v0.11.6
#21 16.96    Compiling displaydoc v0.2.7
#21 16.97    Compiling serde_derive v1.0.229
#21 16.97    Compiling thiserror-impl v2.0.20
#21 16.97    Compiling clap_derive v4.6.4
#21 17.98    Compiling rustls-webpki v0.103.15
#21 18.14    Compiling zerofrom-derive v0.1.7
#21 18.14    Compiling yoke-derive v0.8.2
#21 18.14    Compiling tracing-attributes v0.1.31
#21 19.40    Compiling verus_builtin_macros v0.0.0-2026-09-06-0133
#21 19.40    Compiling verus_state_machines_macros v0.0.0-2026-09-06-0133
#21 20.03    Compiling clap v4.6.6
#21 20.07    Compiling zerofrom v0.1.8
#21 20.21    Compiling yoke v0.8.3
#21 20.25    Compiling tracing v0.1.44
#21 20.45    Compiling zerovec v0.11.8
#21 20.45    Compiling zerotrie v0.2.5
#21 21.45    Compiling tinystr v0.8.4
#21 21.45    Compiling potential_utf v0.1.6
#21 21.55    Compiling icu_collections v2.3.0
#21 21.61    Compiling icu_locale_core v2.3.0
#21 22.21    Compiling tracing-serde v0.2.0
#21 22.21    Compiling serde_yaml v0.9.34+deprecated
#21 22.38    Compiling tracing-subscriber v0.3.23
#21 22.90    Compiling icu_provider v2.3.1
#21 23.20    Compiling icu_properties v2.3.0
#21 23.20    Compiling icu_normalizer v2.3.0
#21 24.89    Compiling idna_adapter v1.2.2
#21 24.96    Compiling idna v1.1.0
#21 25.36    Compiling url v2.5.8
#21 26.11    Compiling ureq v2.12.1
#21 30.71    Compiling gripsack-policy v0.42.0 (/app/crates/gripsack-policy)
#21 31.26    Compiling gripsack-ir v0.42.0 (/app/crates/gripsack-ir)
#21 31.26    Compiling gripsack-process v0.42.0 (/app/crates/gripsack-process)
#21 34.69    Compiling gripsack-store v0.42.0 (/app/crates/gripsack-store)
#21 34.69    Compiling gripsack-config v0.42.0 (/app/crates/gripsack-config)
#21 34.69    Compiling griplint v0.42.0 (/app/crates/griplint)
#21 38.10    Compiling gripsack-fetch v0.42.0 (/app/crates/gripsack-fetch)
#21 38.10    Compiling gripsack-trace v0.42.0 (/app/crates/gripsack-trace)
#21 40.12    Compiling gripsack-lint v0.42.0 (/app/crates/gripsack-lint)
#21 40.12    Compiling gripsack-exec v0.42.0 (/app/crates/gripsack-exec)
#21 46.87    Compiling gripsack v0.42.0 (/app/crates/gripsack)
#21 57.48     Finished `dev` profile [unoptimized + debuginfo] target(s) in 57.26s
#21 DONE 58.0s

#22 [e2e  5/12] RUN python3 -m zipfile -e /tmp/deno.zip /tmp/deno     && mkdir -p /root/.local/share/gripsack/tools/deno-2.9.6     && mv /tmp/deno/deno /root/.local/share/gripsack/tools/deno-2.9.6/deno     && chmod 755 /root/.local/share/gripsack/tools/deno-2.9.6/deno     && rm -rf /tmp/deno.zip /tmp/deno
#22 CACHED

#23 [e2e  2/12] WORKDIR /app
#23 CACHED

#24 [e2e  3/12] RUN apt-get update -qq && apt-get install -y -qq --no-install-recommends git     && rm -rf /var/lib/apt/lists/*
#24 CACHED

#25 [e2e  4/12] ADD --checksum=sha256:394f07f4da2bebe6ce6f1e7ce0fa16429b29b08c35e3fac3fe25972676dff4b2 https://github.com/denoland/deno/releases/download/v2.9.6/deno-x86_64-unknown-linux-gnu.zip /tmp/deno.zip
#25 CACHED

#26 [e2e  6/12] RUN printf 'uv==%s --hash=sha256:f7d6248ad9f2d282fea795f248da8fa666ab382df50d8385bd98e01049440a0c --hash=sha256:bd0afae6918795c6a61a649e64d735e339f3d62f8310235da6f19eb3f66f323b\n' "0.12.10" > /tmp/uv.req     && pip install --no-cache-dir --no-deps --require-hashes -r /tmp/uv.req     && uv --version     && rm -f /tmp/uv.req
#26 CACHED

#27 [e2e  7/12] COPY --from=bin /app/target/debug/grip /usr/local/bin/grip
#27 DONE 0.2s

#28 [e2e  8/12] COPY e2e/pyproject.toml e2e/uv.lock ./e2e/
#28 DONE 0.1s

#29 [e2e  9/12] RUN cd e2e && uv sync --locked
#29 0.342 Using CPython 3.13.15 interpreter at: /usr/local/bin/python3
#29 0.342 Creating virtual environment at: .venv
#29 0.348 Resolved 10 packages in 1ms
#29 0.427 Downloading pygments (1.2MiB)
#29 0.548  Downloaded pygments
#29 0.549 Prepared 5 packages in 199ms
#29 0.569 Installed 5 packages in 19ms
#29 0.569  + iniconfig==2.3.0
#29 0.569  + packaging==26.3
#29 0.569  + pluggy==1.6.0
#29 0.569  + pygments==2.21.0
#29 0.569  + pytest==9.1.1
#29 DONE 0.6s

#30 [e2e 10/12] COPY e2e ./e2e
#30 DONE 0.1s

#31 [e2e 11/12] COPY examples ./examples
#31 DONE 0.1s

#32 [e2e 12/12] WORKDIR /app/e2e
#32 DONE 0.1s

#33 exporting to image
#33 exporting layers
#33 exporting layers 3.5s done
#33 exporting manifest sha256:055138c8561332c09eaa577ef870eb3e8d8fead436ecd2794d762633f2586d20 0.0s done
#33 exporting config sha256:d31e85be4bc9f1b5798f1b48eb4130c86703ea374f978b282982bc474c5822c8 0.0s done
#33 exporting attestation manifest sha256:3bf8ac42be24230f65954fca9fe69f24730aee5d0d498f52b9d4f04123d6efdc 0.0s done
#33 exporting manifest list sha256:8c6d08cfda33d38085d0de65fcfa5faf4b60a3115ef3be4ff528362aca278a67 0.0s done
#33 naming to docker.io/library/gripsack-e2e:latest
#33 naming to docker.io/library/gripsack-e2e:latest done
#33 unpacking to docker.io/library/gripsack-e2e:latest
#33 unpacking to docker.io/library/gripsack-e2e:latest 1.0s done
#33 DONE 4.6s

#34 resolving provenance for metadata file
#34 DONE 0.0s
 Image gripsack-e2e Built 
07dcaf6ebc3b9d67ff87109b770f1990e89dfeef4fd60daa905ab868c8e1980c  /witness/grip
bceb5b6a6239b0b010418406d8c77a508f67cf4337d94288f1c19fe71304aab0  /witness/deno


=== Tool artifact 1004 ===
 M .agents/skills/gripsack-e2e/SKILL.md
 M .github/workflows/demo.yml
 M .github/workflows/examples.yml
 M CHANGELOG.md
 M Cargo.lock
 M README.md
 M crates/gripsack-config/src/lib.rs
 M crates/gripsack-exec/src/activate/effect.rs
 M crates/gripsack-exec/src/apply.rs
 M crates/gripsack-exec/src/ctx.rs
 M crates/gripsack-exec/src/deploy/entry.rs
 M crates/gripsack-exec/src/embedded_frontend.rs
 M crates/gripsack-exec/src/identity.rs
 M crates/gripsack-exec/src/lib.rs
 M crates/gripsack-exec/src/mode_model.rs
 M crates/gripsack-exec/src/module.rs
 M crates/gripsack-exec/src/ops/model.rs
 M crates/gripsack-exec/src/ops/preview.rs
 M crates/gripsack-exec/src/resolve.rs
 M crates/gripsack-exec/src/resolve/input.rs
 M crates/gripsack-exec/src/resolve/recipes.rs
 M crates/gripsack-exec/src/schedule.rs
 M crates/gripsack-exec/src/source/overlay.rs
 M crates/gripsack-exec/src/source/overlay/tests.rs
 M crates/gripsack-exec/src/source/preflight.rs
 M crates/gripsack-exec/src/update.rs
 M crates/gripsack-exec/src/update/prepare.rs
 M crates/gripsack-exec/src/update/tests.rs
 M crates/gripsack-exec/tests/workspace_execution_gate.rs
 M crates/gripsack-fs/src/fault.rs
 M crates/gripsack-fs/src/persistence_model.rs
 M crates/gripsack-process/src/environment.rs
 M crates/gripsack-process/src/exec_payload.rs
 M crates/gripsack-process/src/image.rs
 M crates/gripsack-process/src/invocation.rs
 M crates/gripsack-process/src/lib.rs
 M crates/gripsack-process/src/tests/lifecycle.rs
 M crates/gripsack-process/src/tests/native.rs
 M crates/gripsack-store/Cargo.toml
 M crates/gripsack-store/src/hash.rs
 M crates/gripsack-store/src/lib.rs
 M crates/gripsack-store/src/trust.rs
 M crates/gripsack/src/commands/adopt/mod.rs
 M crates/gripsack/src/commands/apply.rs
 M crates/gripsack/src/commands/check.rs
 M crates/gripsack/src/commands/eval.rs
 M crates/gripsack/src/commands/frontend.rs
 M crates/gripsack/src/commands/hooks/fixtures/mod.rs
 M crates/gripsack/src/commands/mod.rs
 M crates/gripsack/src/commands/plan.rs
 M crates/gripsack/src/commands/probe.rs
 M crates/gripsack/src/commands/repo.rs
 M crates/gripsack/src/commands/trust.rs
 M crates/gripsack/src/commands/update.rs
 M crates/gripsack/src/main.rs
 M crates/gripsack/src/render.rs
 M demos/adopt.tape
 M demos/check.tape
 M demos/demo.tape
 M demos/init.tape
 M demos/rollback.tape
 M e2e/conftest.py
 M e2e/test_adopt.py
 M e2e/test_apply_lifecycle.py
 M e2e/test_eval_gate.py
 M e2e/test_fetchers.py
 M e2e/test_generation_history.py
 M e2e/test_golden.py
 M e2e/test_hook_outcomes.py
 M e2e/test_persistence_matrix.py
 M e2e/test_recovery_durability.py
 M e2e/test_repeated_recovery.py
 M plan/0013-constrained-evaluation.md
 M plan/0048-review-response-0.42.0.md
 M plan/STATUS.md
 M scripts/check_update_survey.py
 M scripts/examples_check/evaluate.py
 M skills/gripsack-adopt/SKILL.md
 M typescript/README.md
 M typescript/src/cli.ts
 M verification/guarantees.md
 M verification/release-handoff.md
 M verification/reports/README.md
?? crates/gripsack-exec/src/repository.rs
?? crates/gripsack-store/schema-evaluation-v1.json
?? crates/gripsack-store/schema-source-bundle-v1.json
?? crates/gripsack-store/schema-trust-v2.json
?? crates/gripsack-store/src/source_bundle/
?? crates/gripsack-store/src/trust/
?? crates/gripsack/src/commands/prepared.rs
?? crates/gripsack/src/commands/prepared/
?? e2e/test_source_approval.py
?? schema/evaluation/
?? schema/source-bundle/
?? schema/trust/
?? verification/reports/2026-09-29-ci-8143443-qualification.log
?? verification/reports/2026-09-29-m-v6-constructor-local.log
?? verification/reports/2026-09-29-m-v7-cli-local.log
?? verification/reports/2026-09-29-m-v7-proof-local.log
?? verification/reports/2026-09-29-m-v7-runtime-local.log
?? verification/reports/2026-09-29-r1-development.log


=== Observed real CLI regression (bg_434) ===
Command: docker compose run --build --rm e2e uv run --locked --no-sync pytest -q test_source_approval.py -k 'hoisted_node_modules or round_file_grant or native_overlay_materializes'
Result: 4 passed, 1 failed, 23 deselected.
Failing case: test_hoisted_node_modules_never_become_ambient_evaluation_sources.
The unapproved ancestor npm package executed: check returned 0 with JSON modules=["admitted-package"]. The receipt reported completed. The three native alias cases and immutable-input-parent denial passed.

=== Native fixture correction (bg_438) ===
The repaired completed_cleanup_cannot_erase_an_expired_operation case passed on Linux through the actual Guard, with successful live-group termination before the original deadline expired. No production errno suppression was introduced. Native macOS requalification remains required.

=== Isolation capability query ===
Inside the e2e container, querying landlock_create_ruleset's version returned ABI 7, errno 0, uid 0. This did not install a ruleset or prove confinement.

=== Latest resolver probe source ===
import json, os, pathlib, subprocess, tempfile
root = pathlib.Path(tempfile.mkdtemp(prefix='deno-package-profile-'))
deno = os.environ['GRIPSACK_DENO']
for outside_npm in (False, True):
    for kind in ('esm-dir-map', 'cjs-ambient', 'esm-ambient', 'esm-transitive'):
        base = root / f'{outside_npm}-{kind}'; base.mkdir()
        admitted = base / 'admitted'; (admitted / 'hosts').mkdir(parents=True)
        directory = admitted / ('dependencies/package' if outside_npm else 'node_modules/package')
        directory.mkdir(parents=True)
        outside = base / 'outside'; outside.mkdir()
        (outside / 'secret.json').write_text('{"value":"unapproved"}')
        (outside / 'secret.js').write_text('export default "unapproved";')
        (admitted / 'package.json').write_text('{"type":"module","dependencies":{"package":"1.0.0"}}')
        cjs = kind.startswith('cjs')
        entry = directory / ('index.cjs' if cjs else 'index.js')
        (directory / 'package.json').write_text(json.dumps({'name':'package','version':'1.0.0','type':'commonjs' if cjs else 'module','main':entry.name,'dependencies':{'child':'1.0.0','ambient':'1.0.0'}}))
        if kind.endswith('ambient'):
            ambient = base / 'node_modules/ambient'; ambient.mkdir(parents=True)
            (ambient / 'package.json').write_text(json.dumps({'name':'ambient','version':'1.0.0','type':'commonjs' if cjs else 'module','main':'index.js'}))
            (ambient / 'index.js').write_text('module.exports="ambient";' if cjs else 'export default "ambient";')
            body = 'module.exports = require("ambient");' if cjs else 'import value from "ambient"; export default value;'
        elif kind == 'esm-transitive':
            child = directory / 'node_modules/child'; child.mkdir(parents=True)
            (child / 'package.json').write_text('{"name":"child","version":"1.0.0","type":"module","main":"index.js"}')
            (child / 'index.js').write_text('export default "local-transitive";')
            body = 'import value from "child"; export default value;'
        else: body = 'export default "local";'
        entry.write_text(body)
        (admitted / 'hosts/host.ts').write_text('import value from "package"; export default value;')
        (admitted / 'driver.ts').write_text('import {pathToFileURL} from "node:url"; const result=await import(pathToFileURL(Deno.args[0]).href); console.log(JSON.stringify(result.default));')
        imports=admitted / 'imports.json'; imports.write_text(json.dumps({'imports':{'package':directory.as_uri() if kind == 'esm-dir-map' else entry.as_uri()}}))
        args=[deno,'run','--no-remote','--cached-only','--no-lock','--no-config','--no-npm','--node-modules-dir=manual',f'--allow-read={admitted}',f'--import-map={imports}',str(admitted / 'driver.ts'),str(admitted / 'hosts/host.ts')]
        result=subprocess.run(args,cwd=admitted,env={'PATH':os.environ['PATH'],'HOME':str(base),'DENO_DIR':str(base / 'cache')},capture_output=True,text=True,timeout=20)
        print(json.dumps({'outside_npm':outside_npm,'kind':kind,'returncode':result.returncode,'stdout':result.stdout,'stderr':result.stderr[:2000]}),flush=True)

=== Real CLI flag probe source ===
import json, os, pathlib, shutil, subprocess, tempfile
base = pathlib.Path(tempfile.mkdtemp(prefix='npm-boundary-'))
real = os.environ['GRIPSACK_DENO']
for strategy in ('no-npm', 'deny-read', 'ignore-read', 'isolated', 'explicit-config'):
    for local in (False, True):
        root = base / f'{strategy}-{local}'; root.mkdir()
        home = root / 'home'; home.mkdir()
        repo = root / 'repo'; (repo / 'hosts').mkdir(parents=True); (repo / 'modules').mkdir()
        package = (repo if local else root) / 'node_modules/ambient-fixture'
        package.mkdir(parents=True)
        (package / 'package.json').write_text('{"name":"ambient-fixture","version":"1.0.0","type":"module","main":"index.js"}')
        (package / 'index.js').write_text('export default "loaded-package";\n')
        (repo / 'package.json').write_text('{"type":"module","dependencies":{"ambient-fixture":"1.0.0"}}')
        (repo / 'env.toml').write_text('[env]\nname="fixture"\n')
        (repo / 'hosts/testhost.ts').write_text('import {defineEnv} from "@gripsack/core"; import selected from "../modules/selected.ts"; export default defineEnv(() => ({modules:[selected]}));')
        (repo / 'modules/selected.ts').write_text('import {module} from "@gripsack/core"; import value from "ambient-fixture"; export default module(value,{install:[]});')
        flag = {'no-npm':'--no-npm', 'deny-read':f'--deny-read={root / "node_modules"}', 'ignore-read':f'--ignore-read={root / "node_modules"}', 'isolated':'--node-modules-linker=isolated'}.get(strategy)
        wrapper = root / 'deno-wrapper'
        if strategy == 'explicit-config':
            configure = '\nconfig = pathlib.Path.cwd().parent / "config.json"\nconfig.write_text(json.dumps({"nodeModulesDir":"manual"}))\nargs = [arg for arg in args if arg != "--no-config"]\nargs.insert(1, "--config=" + str(config))\n'
        else:
            configure = f'\nargs.insert(1, {flag!r})\n'
        wrapper.write_text('#!/usr/bin/env python3\nimport json,os,pathlib,sys\n' + f'real={real!r}\nargs=sys.argv[1:]\n' + 'if args == ["--version"]: os.execv(real,[real,*args])\n' + configure + 'os.execv(real,[real,*args])\n')
        wrapper.chmod(0o700)
        env = dict(os.environ, HOME=str(home), GRIPSACK_HOME=str(home / '.grip'), TMPDIR=str(root), GRIPSACK_DENO=str(wrapper))
        env.pop('GRIPSACK_TRUST_ALL',None)
        def run(*args): return subprocess.run([os.environ['GRIPSACK_BIN'],*args],cwd=repo,env=env,capture_output=True,text=True,timeout=30)
        inspected=run('trust','inspect','--json'); assert inspected.returncode==0,inspected.stderr
        s=json.loads(inspected.stdout)
        approval=run('trust','add','--bundle',s['bundle_digest'],'--policy',s['policy_digest']); assert approval.returncode==0,approval.stderr
        result=run('check','--host','testhost','--json')
        print(json.dumps({'strategy':strategy,'local':local,'returncode':result.returncode,'stdout':result.stdout,'stderr':result.stderr[-2000:]}),flush=True)
